1788155802: mosquitto version 2.0.11 starting
1788155802: Config loaded from artifacts/20260831T135630+0800-m6-mqtt-final/mosquitto.conf.
1788155802: Opening ipv4 listen socket on port 18884.
1788155802: mosquitto version 2.0.11 running
1788155814: New connection from 127.0.0.1:44102 on port 18884.
1788155814: New client connected from 127.0.0.1:44102 as auto-0C3A543C-2601-2003-4968-06C03657EB14 (p2, c1, k60).
1788155814: No will message specified.
1788155814: Sending CONNACK to auto-0C3A543C-2601-2003-4968-06C03657EB14 (0, 0)
1788155814: Received SUBSCRIBE from auto-0C3A543C-2601-2003-4968-06C03657EB14
1788155814: 	test/m6/final-20260831T135630 (QoS 1)
1788155814: auto-0C3A543C-2601-2003-4968-06C03657EB14 1 test/m6/final-20260831T135630
1788155814: Sending SUBACK to auto-0C3A543C-2601-2003-4968-06C03657EB14
1788155824: New connection from 127.0.0.1:48114 on port 18884.
1788155824: New client connected from 127.0.0.1:48114 as auto-B40B3948-ACF6-2B3B-DEA7-307BCA285B01 (p2, c1, k60).
1788155824: No will message specified.
1788155824: Sending CONNACK to auto-B40B3948-ACF6-2B3B-DEA7-307BCA285B01 (0, 0)
1788155824: Received SUBSCRIBE from auto-B40B3948-ACF6-2B3B-DEA7-307BCA285B01
1788155824: 	test/m6/timing-20260831T135630 (QoS 1)
1788155824: auto-B40B3948-ACF6-2B3B-DEA7-307BCA285B01 1 test/m6/timing-20260831T135630
1788155824: Sending SUBACK to auto-B40B3948-ACF6-2B3B-DEA7-307BCA285B01
1788155832: New connection from 127.0.0.1:49802 on port 18884.
1788155832: New client connected from 127.0.0.1:49802 as gatewayd-m6-timing-38395 (p2, c1, k60).
1788155832: No will message specified.
1788155832: Sending CONNACK to gatewayd-m6-timing-38395 (0, 0)
1788155832: Received PUBLISH from gatewayd-m6-timing-38395 (d0, q1, r0, m1, 'test/m6/timing-20260831T135630', ... (319 bytes))
1788155832: Sending PUBLISH to auto-B40B3948-ACF6-2B3B-DEA7-307BCA285B01 (d0, q1, r0, m1, 'test/m6/timing-20260831T135630', ... (319 bytes))
1788155832: Sending PUBACK to gatewayd-m6-timing-38395 (m1, rc0)
1788155832: Received PUBACK from auto-B40B3948-ACF6-2B3B-DEA7-307BCA285B01 (Mid: 1, RC:0)
1788155832: Received DISCONNECT from gatewayd-m6-timing-38395
1788155832: Client gatewayd-m6-timing-38395 disconnected.
1788155832: Received DISCONNECT from auto-B40B3948-ACF6-2B3B-DEA7-307BCA285B01
1788155832: Client auto-B40B3948-ACF6-2B3B-DEA7-307BCA285B01 disconnected.
1788155848: New connection from 127.0.0.1:38258 on port 18884.
1788155848: New client connected from 127.0.0.1:38258 as gatewayd-m6-final-38460 (p2, c1, k60).
1788155848: No will message specified.
1788155848: Sending CONNACK to gatewayd-m6-final-38460 (0, 0)
1788155848: Received PUBLISH from gatewayd-m6-final-38460 (d0, q1, r0, m1, 'test/m6/final-20260831T135630', ... (324 bytes))
1788155848: Sending PUBLISH to auto-0C3A543C-2601-2003-4968-06C03657EB14 (d0, q1, r0, m1, 'test/m6/final-20260831T135630', ... (324 bytes))
1788155848: Sending PUBACK to gatewayd-m6-final-38460 (m1, rc0)
1788155848: Received PUBLISH from gatewayd-m6-final-38460 (d0, q1, r0, m2, 'test/m6/final-20260831T135630', ... (324 bytes))
1788155848: Sending PUBLISH to auto-0C3A543C-2601-2003-4968-06C03657EB14 (d0, q1, r0, m2, 'test/m6/final-20260831T135630', ... (324 bytes))
1788155848: Sending PUBACK to gatewayd-m6-final-38460 (m2, rc0)
1788155848: Received PUBLISH from gatewayd-m6-final-38460 (d0, q1, r0, m3, 'test/m6/final-20260831T135630', ... (324 bytes))
1788155848: Sending PUBLISH to auto-0C3A543C-2601-2003-4968-06C03657EB14 (d0, q1, r0, m3, 'test/m6/final-20260831T135630', ... (324 bytes))
1788155848: Sending PUBACK to gatewayd-m6-final-38460 (m3, rc0)
1788155848: Received PUBLISH from gatewayd-m6-final-38460 (d0, q1, r0, m4, 'test/m6/final-20260831T135630', ... (324 bytes))
1788155848: Sending PUBLISH to auto-0C3A543C-2601-2003-4968-06C03657EB14 (d0, q1, r0, m4, 'test/m6/final-20260831T135630', ... (324 bytes))
1788155848: Sending PUBACK to gatewayd-m6-final-38460 (m4, rc0)
1788155848: Received PUBLISH from gatewayd-m6-final-38460 (d0, q1, r0, m5, 'test/m6/final-20260831T135630', ... (324 bytes))
1788155848: Sending PUBLISH to auto-0C3A543C-2601-2003-4968-06C03657EB14 (d0, q1, r0, m5, 'test/m6/final-20260831T135630', ... (324 bytes))
1788155848: Sending PUBACK to gatewayd-m6-final-38460 (m5, rc0)
1788155848: Received PUBLISH from gatewayd-m6-final-38460 (d0, q1, r0, m6, 'test/m6/final-20260831T135630', ... (324 bytes))
1788155848: Sending PUBLISH to auto-0C3A543C-2601-2003-4968-06C03657EB14 (d0, q1, r0, m6, 'test/m6/final-20260831T135630', ... (324 bytes))
1788155848: Sending PUBACK to gatewayd-m6-final-38460 (m6, rc0)
1788155848: Received PUBLISH from gatewayd-m6-final-38460 (d0, q1, r0, m7, 'test/m6/final-20260831T135630', ... (324 bytes))
1788155848: Sending PUBLISH to auto-0C3A543C-2601-2003-4968-06C03657EB14 (d0, q1, r0, m7, 'test/m6/final-20260831T135630', ... (324 bytes))
1788155848: Sending PUBACK to gatewayd-m6-final-38460 (m7, rc0)
1788155848: Received PUBLISH from gatewayd-m6-final-38460 (d0, q1, r0, m8, 'test/m6/final-20260831T135630', ... (324 bytes))
1788155848: Sending PUBLISH to auto-0C3A543C-2601-2003-4968-06C03657EB14 (d0, q1, r0, m8, 'test/m6/final-20260831T135630', ... (324 bytes))
1788155848: Sending PUBACK to gatewayd-m6-final-38460 (m8, rc0)
1788155848: Received PUBLISH from gatewayd-m6-final-38460 (d0, q1, r0, m9, 'test/m6/final-20260831T135630', ... (324 bytes))
1788155848: Sending PUBLISH to auto-0C3A543C-2601-2003-4968-06C03657EB14 (d0, q1, r0, m9, 'test/m6/final-20260831T135630', ... (324 bytes))
1788155848: Sending PUBACK to gatewayd-m6-final-38460 (m9, rc0)
1788155848: Received PUBACK from auto-0C3A543C-2601-2003-4968-06C03657EB14 (Mid: 1, RC:0)
1788155848: Received PUBACK from auto-0C3A543C-2601-2003-4968-06C03657EB14 (Mid: 2, RC:0)
1788155848: Received PUBLISH from gatewayd-m6-final-38460 (d0, q1, r0, m10, 'test/m6/final-20260831T135630', ... (330 bytes))
1788155848: Sending PUBLISH to auto-0C3A543C-2601-2003-4968-06C03657EB14 (d0, q1, r0, m10, 'test/m6/final-20260831T135630', ... (330 bytes))
1788155848: Sending PUBACK to gatewayd-m6-final-38460 (m10, rc0)
1788155848: Received PUBLISH from gatewayd-m6-final-38460 (d0, q1, r0, m11, 'test/m6/final-20260831T135630', ... (330 bytes))
1788155848: Sending PUBLISH to auto-0C3A543C-2601-2003-4968-06C03657EB14 (d0, q1, r0, m11, 'test/m6/final-20260831T135630', ... (330 bytes))
1788155848: Sending PUBACK to gatewayd-m6-final-38460 (m11, rc0)
1788155848: Received PUBACK from auto-0C3A543C-2601-2003-4968-06C03657EB14 (Mid: 3, RC:0)
1788155848: Received PUBLISH from gatewayd-m6-final-38460 (d0, q1, r0, m12, 'test/m6/final-20260831T135630', ... (330 bytes))
1788155848: Sending PUBLISH to auto-0C3A543C-2601-2003-4968-06C03657EB14 (d0, q1, r0, m12, 'test/m6/final-20260831T135630', ... (330 bytes))
1788155848: Sending PUBACK to gatewayd-m6-final-38460 (m12, rc0)
1788155848: Received PUBACK from auto-0C3A543C-2601-2003-4968-06C03657EB14 (Mid: 4, RC:0)
1788155848: Received PUBACK from auto-0C3A543C-2601-2003-4968-06C03657EB14 (Mid: 5, RC:0)
1788155848: Received PUBACK from auto-0C3A543C-2601-2003-4968-06C03657EB14 (Mid: 6, RC:0)
1788155848: Received PUBACK from auto-0C3A543C-2601-2003-4968-06C03657EB14 (Mid: 7, RC:0)
1788155848: Received PUBACK from auto-0C3A543C-2601-2003-4968-06C03657EB14 (Mid: 8, RC:0)
1788155848: Received PUBACK from auto-0C3A543C-2601-2003-4968-06C03657EB14 (Mid: 9, RC:0)
1788155848: Received PUBACK from auto-0C3A543C-2601-2003-4968-06C03657EB14 (Mid: 10, RC:0)
1788155848: Received PUBACK from auto-0C3A543C-2601-2003-4968-06C03657EB14 (Mid: 11, RC:0)
1788155848: Received PUBLISH from gatewayd-m6-final-38460 (d0, q1, r0, m13, 'test/m6/final-20260831T135630', ... (330 bytes))
1788155848: Sending PUBLISH to auto-0C3A543C-2601-2003-4968-06C03657EB14 (d0, q1, r0, m13, 'test/m6/final-20260831T135630', ... (330 bytes))
1788155848: Sending PUBACK to gatewayd-m6-final-38460 (m13, rc0)
1788155848: Received PUBACK from auto-0C3A543C-2601-2003-4968-06C03657EB14 (Mid: 12, RC:0)
1788155848: Received PUBLISH from gatewayd-m6-final-38460 (d0, q1, r0, m14, 'test/m6/final-20260831T135630', ... (330 bytes))
1788155848: Sending PUBLISH to auto-0C3A543C-2601-2003-4968-06C03657EB14 (d0, q1, r0, m14, 'test/m6/final-20260831T135630', ... (330 bytes))
1788155848: Sending PUBACK to gatewayd-m6-final-38460 (m14, rc0)
1788155848: Received PUBACK from auto-0C3A543C-2601-2003-4968-06C03657EB14 (Mid: 13, RC:0)
1788155848: Received PUBLISH from gatewayd-m6-final-38460 (d0, q1, r0, m15, 'test/m6/final-20260831T135630', ... (330 bytes))
1788155848: Sending PUBLISH to auto-0C3A543C-2601-2003-4968-06C03657EB14 (d0, q1, r0, m15, 'test/m6/final-20260831T135630', ... (330 bytes))
1788155848: Sending PUBACK to gatewayd-m6-final-38460 (m15, rc0)
1788155848: Received PUBACK from auto-0C3A543C-2601-2003-4968-06C03657EB14 (Mid: 14, RC:0)
1788155848: Received PUBLISH from gatewayd-m6-final-38460 (d0, q1, r0, m16, 'test/m6/final-20260831T135630', ... (330 bytes))
1788155848: Sending PUBLISH to auto-0C3A543C-2601-2003-4968-06C03657EB14 (d0, q1, r0, m16, 'test/m6/final-20260831T135630', ... (330 bytes))
1788155848: Sending PUBACK to gatewayd-m6-final-38460 (m16, rc0)
1788155848: Received PUBACK from auto-0C3A543C-2601-2003-4968-06C03657EB14 (Mid: 15, RC:0)
1788155848: Received PUBLISH from gatewayd-m6-final-38460 (d0, q1, r0, m17, 'test/m6/final-20260831T135630', ... (330 bytes))
1788155848: Sending PUBLISH to auto-0C3A543C-2601-2003-4968-06C03657EB14 (d0, q1, r0, m17, 'test/m6/final-20260831T135630', ... (330 bytes))
1788155848: Sending PUBACK to gatewayd-m6-final-38460 (m17, rc0)
1788155848: Received PUBLISH from gatewayd-m6-final-38460 (d0, q1, r0, m18, 'test/m6/final-20260831T135630', ... (330 bytes))
1788155848: Sending PUBLISH to auto-0C3A543C-2601-2003-4968-06C03657EB14 (d0, q1, r0, m18, 'test/m6/final-20260831T135630', ... (330 bytes))
1788155848: Sending PUBACK to gatewayd-m6-final-38460 (m18, rc0)
1788155848: Received PUBACK from auto-0C3A543C-2601-2003-4968-06C03657EB14 (Mid: 16, RC:0)
1788155848: Received PUBLISH from gatewayd-m6-final-38460 (d0, q1, r0, m19, 'test/m6/final-20260831T135630', ... (330 bytes))
1788155848: Sending PUBLISH to auto-0C3A543C-2601-2003-4968-06C03657EB14 (d0, q1, r0, m19, 'test/m6/final-20260831T135630', ... (330 bytes))
1788155848: Sending PUBACK to gatewayd-m6-final-38460 (m19, rc0)
1788155848: Received PUBACK from auto-0C3A543C-2601-2003-4968-06C03657EB14 (Mid: 17, RC:0)
1788155848: Received PUBACK from auto-0C3A543C-2601-2003-4968-06C03657EB14 (Mid: 18, RC:0)
1788155848: Received PUBLISH from gatewayd-m6-final-38460 (d0, q1, r0, m20, 'test/m6/final-20260831T135630', ... (330 bytes))
1788155848: Sending PUBLISH to auto-0C3A543C-2601-2003-4968-06C03657EB14 (d0, q1, r0, m20, 'test/m6/final-20260831T135630', ... (330 bytes))
1788155848: Sending PUBACK to gatewayd-m6-final-38460 (m20, rc0)
1788155848: Received PUBACK from auto-0C3A543C-2601-2003-4968-06C03657EB14 (Mid: 19, RC:0)
1788155848: Received PUBLISH from gatewayd-m6-final-38460 (d0, q1, r0, m21, 'test/m6/final-20260831T135630', ... (330 bytes))
1788155848: Sending PUBLISH to auto-0C3A543C-2601-2003-4968-06C03657EB14 (d0, q1, r0, m21, 'test/m6/final-20260831T135630', ... (330 bytes))
1788155848: Sending PUBACK to gatewayd-m6-final-38460 (m21, rc0)
1788155848: Received PUBACK from auto-0C3A543C-2601-2003-4968-06C03657EB14 (Mid: 20, RC:0)
1788155848: Received PUBLISH from gatewayd-m6-final-38460 (d0, q1, r0, m22, 'test/m6/final-20260831T135630', ... (330 bytes))
1788155848: Sending PUBLISH to auto-0C3A543C-2601-2003-4968-06C03657EB14 (d0, q1, r0, m22, 'test/m6/final-20260831T135630', ... (330 bytes))
1788155848: Sending PUBACK to gatewayd-m6-final-38460 (m22, rc0)
1788155848: Received PUBACK from auto-0C3A543C-2601-2003-4968-06C03657EB14 (Mid: 21, RC:0)
1788155848: Received PUBLISH from gatewayd-m6-final-38460 (d0, q1, r0, m23, 'test/m6/final-20260831T135630', ... (330 bytes))
1788155848: Sending PUBLISH to auto-0C3A543C-2601-2003-4968-06C03657EB14 (d0, q1, r0, m23, 'test/m6/final-20260831T135630', ... (330 bytes))
1788155848: Sending PUBACK to gatewayd-m6-final-38460 (m23, rc0)
1788155848: Received PUBACK from auto-0C3A543C-2601-2003-4968-06C03657EB14 (Mid: 22, RC:0)
1788155848: Received PUBLISH from gatewayd-m6-final-38460 (d0, q1, r0, m24, 'test/m6/final-20260831T135630', ... (330 bytes))
1788155848: Sending PUBLISH to auto-0C3A543C-2601-2003-4968-06C03657EB14 (d0, q1, r0, m24, 'test/m6/final-20260831T135630', ... (330 bytes))
1788155848: Sending PUBACK to gatewayd-m6-final-38460 (m24, rc0)
1788155848: Received PUBACK from auto-0C3A543C-2601-2003-4968-06C03657EB14 (Mid: 23, RC:0)
1788155848: Received PUBLISH from gatewayd-m6-final-38460 (d0, q1, r0, m25, 'test/m6/final-20260831T135630', ... (330 bytes))
1788155848: Sending PUBLISH to auto-0C3A543C-2601-2003-4968-06C03657EB14 (d0, q1, r0, m25, 'test/m6/final-20260831T135630', ... (330 bytes))
1788155848: Sending PUBACK to gatewayd-m6-final-38460 (m25, rc0)
1788155848: Received PUBACK from auto-0C3A543C-2601-2003-4968-06C03657EB14 (Mid: 24, RC:0)
1788155848: Received PUBLISH from gatewayd-m6-final-38460 (d0, q1, r0, m26, 'test/m6/final-20260831T135630', ... (330 bytes))
1788155848: Sending PUBLISH to auto-0C3A543C-2601-2003-4968-06C03657EB14 (d0, q1, r0, m26, 'test/m6/final-20260831T135630', ... (330 bytes))
1788155848: Sending PUBACK to gatewayd-m6-final-38460 (m26, rc0)
1788155848: Received PUBACK from auto-0C3A543C-2601-2003-4968-06C03657EB14 (Mid: 25, RC:0)
1788155848: Received PUBLISH from gatewayd-m6-final-38460 (d0, q1, r0, m27, 'test/m6/final-20260831T135630', ... (330 bytes))
1788155848: Sending PUBLISH to auto-0C3A543C-2601-2003-4968-06C03657EB14 (d0, q1, r0, m27, 'test/m6/final-20260831T135630', ... (330 bytes))
1788155848: Sending PUBACK to gatewayd-m6-final-38460 (m27, rc0)
1788155848: Received PUBACK from auto-0C3A543C-2601-2003-4968-06C03657EB14 (Mid: 26, RC:0)
1788155848: Received PUBLISH from gatewayd-m6-final-38460 (d0, q1, r0, m28, 'test/m6/final-20260831T135630', ... (330 bytes))
1788155848: Sending PUBLISH to auto-0C3A543C-2601-2003-4968-06C03657EB14 (d0, q1, r0, m28, 'test/m6/final-20260831T135630', ... (330 bytes))
1788155848: Sending PUBACK to gatewayd-m6-final-38460 (m28, rc0)
1788155848: Received PUBACK from auto-0C3A543C-2601-2003-4968-06C03657EB14 (Mid: 27, RC:0)
1788155848: Received PUBLISH from gatewayd-m6-final-38460 (d0, q1, r0, m29, 'test/m6/final-20260831T135630', ... (330 bytes))
1788155848: Sending PUBLISH to auto-0C3A543C-2601-2003-4968-06C03657EB14 (d0, q1, r0, m29, 'test/m6/final-20260831T135630', ... (330 bytes))
1788155848: Sending PUBACK to gatewayd-m6-final-38460 (m29, rc0)
1788155848: Received PUBACK from auto-0C3A543C-2601-2003-4968-06C03657EB14 (Mid: 28, RC:0)
1788155848: Received PUBLISH from gatewayd-m6-final-38460 (d0, q1, r0, m30, 'test/m6/final-20260831T135630', ... (330 bytes))
1788155848: Sending PUBLISH to auto-0C3A543C-2601-2003-4968-06C03657EB14 (d0, q1, r0, m30, 'test/m6/final-20260831T135630', ... (330 bytes))
1788155848: Sending PUBACK to gatewayd-m6-final-38460 (m30, rc0)
1788155848: Received PUBACK from auto-0C3A543C-2601-2003-4968-06C03657EB14 (Mid: 29, RC:0)
1788155848: Received PUBLISH from gatewayd-m6-final-38460 (d0, q1, r0, m31, 'test/m6/final-20260831T135630', ... (330 bytes))
1788155848: Sending PUBLISH to auto-0C3A543C-2601-2003-4968-06C03657EB14 (d0, q1, r0, m31, 'test/m6/final-20260831T135630', ... (330 bytes))
1788155848: Sending PUBACK to gatewayd-m6-final-38460 (m31, rc0)
1788155848: Received PUBACK from auto-0C3A543C-2601-2003-4968-06C03657EB14 (Mid: 30, RC:0)
1788155848: Received PUBLISH from gatewayd-m6-final-38460 (d0, q1, r0, m32, 'test/m6/final-20260831T135630', ... (330 bytes))
1788155848: Sending PUBLISH to auto-0C3A543C-2601-2003-4968-06C03657EB14 (d0, q1, r0, m32, 'test/m6/final-20260831T135630', ... (330 bytes))
1788155848: Sending PUBACK to gatewayd-m6-final-38460 (m32, rc0)
1788155848: Received PUBACK from auto-0C3A543C-2601-2003-4968-06C03657EB14 (Mid: 31, RC:0)
1788155848: Received PUBLISH from gatewayd-m6-final-38460 (d0, q1, r0, m33, 'test/m6/final-20260831T135630', ... (330 bytes))
1788155848: Sending PUBLISH to auto-0C3A543C-2601-2003-4968-06C03657EB14 (d0, q1, r0, m33, 'test/m6/final-20260831T135630', ... (330 bytes))
1788155848: Sending PUBACK to gatewayd-m6-final-38460 (m33, rc0)
1788155848: Received PUBACK from auto-0C3A543C-2601-2003-4968-06C03657EB14 (Mid: 32, RC:0)
1788155848: Received PUBLISH from gatewayd-m6-final-38460 (d0, q1, r0, m34, 'test/m6/final-20260831T135630', ... (330 bytes))
1788155848: Sending PUBLISH to auto-0C3A543C-2601-2003-4968-06C03657EB14 (d0, q1, r0, m34, 'test/m6/final-20260831T135630', ... (330 bytes))
1788155848: Sending PUBACK to gatewayd-m6-final-38460 (m34, rc0)
1788155848: Received PUBACK from auto-0C3A543C-2601-2003-4968-06C03657EB14 (Mid: 33, RC:0)
1788155848: Received PUBLISH from gatewayd-m6-final-38460 (d0, q1, r0, m35, 'test/m6/final-20260831T135630', ... (330 bytes))
1788155848: Sending PUBLISH to auto-0C3A543C-2601-2003-4968-06C03657EB14 (d0, q1, r0, m35, 'test/m6/final-20260831T135630', ... (330 bytes))
1788155848: Sending PUBACK to gatewayd-m6-final-38460 (m35, rc0)
1788155848: Received PUBACK from auto-0C3A543C-2601-2003-4968-06C03657EB14 (Mid: 34, RC:0)
1788155848: Received PUBLISH from gatewayd-m6-final-38460 (d0, q1, r0, m36, 'test/m6/final-20260831T135630', ... (330 bytes))
1788155848: Sending PUBLISH to auto-0C3A543C-2601-2003-4968-06C03657EB14 (d0, q1, r0, m36, 'test/m6/final-20260831T135630', ... (330 bytes))
1788155848: Sending PUBACK to gatewayd-m6-final-38460 (m36, rc0)
1788155848: Received PUBLISH from gatewayd-m6-final-38460 (d0, q1, r0, m37, 'test/m6/final-20260831T135630', ... (330 bytes))
1788155848: Sending PUBLISH to auto-0C3A543C-2601-2003-4968-06C03657EB14 (d0, q1, r0, m37, 'test/m6/final-20260831T135630', ... (330 bytes))
1788155848: Sending PUBACK to gatewayd-m6-final-38460 (m37, rc0)
1788155848: Received PUBLISH from gatewayd-m6-final-38460 (d0, q1, r0, m38, 'test/m6/final-20260831T135630', ... (330 bytes))
1788155848: Sending PUBLISH to auto-0C3A543C-2601-2003-4968-06C03657EB14 (d0, q1, r0, m38, 'test/m6/final-20260831T135630', ... (330 bytes))
1788155848: Sending PUBACK to gatewayd-m6-final-38460 (m38, rc0)
1788155848: Received PUBLISH from gatewayd-m6-final-38460 (d0, q1, r0, m39, 'test/m6/final-20260831T135630', ... (330 bytes))
1788155848: Sending PUBLISH to auto-0C3A543C-2601-2003-4968-06C03657EB14 (d0, q1, r0, m39, 'test/m6/final-20260831T135630', ... (330 bytes))
1788155848: Sending PUBACK to gatewayd-m6-final-38460 (m39, rc0)
1788155848: Received PUBACK from auto-0C3A543C-2601-2003-4968-06C03657EB14 (Mid: 35, RC:0)
1788155848: Received PUBLISH from gatewayd-m6-final-38460 (d0, q1, r0, m40, 'test/m6/final-20260831T135630', ... (330 bytes))
1788155848: Sending PUBLISH to auto-0C3A543C-2601-2003-4968-06C03657EB14 (d0, q1, r0, m40, 'test/m6/final-20260831T135630', ... (330 bytes))
1788155848: Sending PUBACK to gatewayd-m6-final-38460 (m40, rc0)
1788155848: Received PUBACK from auto-0C3A543C-2601-2003-4968-06C03657EB14 (Mid: 36, RC:0)
1788155848: Received PUBACK from auto-0C3A543C-2601-2003-4968-06C03657EB14 (Mid: 37, RC:0)
1788155848: Received PUBACK from auto-0C3A543C-2601-2003-4968-06C03657EB14 (Mid: 38, RC:0)
1788155848: Received PUBACK from auto-0C3A543C-2601-2003-4968-06C03657EB14 (Mid: 39, RC:0)
1788155848: Received PUBLISH from gatewayd-m6-final-38460 (d0, q1, r0, m41, 'test/m6/final-20260831T135630', ... (330 bytes))
1788155848: Sending PUBLISH to auto-0C3A543C-2601-2003-4968-06C03657EB14 (d0, q1, r0, m41, 'test/m6/final-20260831T135630', ... (330 bytes))
1788155848: Sending PUBACK to gatewayd-m6-final-38460 (m41, rc0)
1788155848: Received PUBACK from auto-0C3A543C-2601-2003-4968-06C03657EB14 (Mid: 40, RC:0)
1788155848: Received PUBLISH from gatewayd-m6-final-38460 (d0, q1, r0, m42, 'test/m6/final-20260831T135630', ... (330 bytes))
1788155848: Sending PUBLISH to auto-0C3A543C-2601-2003-4968-06C03657EB14 (d0, q1, r0, m42, 'test/m6/final-20260831T135630', ... (330 bytes))
1788155848: Sending PUBACK to gatewayd-m6-final-38460 (m42, rc0)
1788155848: Received PUBACK from auto-0C3A543C-2601-2003-4968-06C03657EB14 (Mid: 41, RC:0)
1788155848: Received PUBLISH from gatewayd-m6-final-38460 (d0, q1, r0, m43, 'test/m6/final-20260831T135630', ... (330 bytes))
1788155848: Sending PUBLISH to auto-0C3A543C-2601-2003-4968-06C03657EB14 (d0, q1, r0, m43, 'test/m6/final-20260831T135630', ... (330 bytes))
1788155848: Sending PUBACK to gatewayd-m6-final-38460 (m43, rc0)
1788155848: Received PUBACK from auto-0C3A543C-2601-2003-4968-06C03657EB14 (Mid: 42, RC:0)
1788155848: Received PUBLISH from gatewayd-m6-final-38460 (d0, q1, r0, m44, 'test/m6/final-20260831T135630', ... (330 bytes))
1788155848: Sending PUBLISH to auto-0C3A543C-2601-2003-4968-06C03657EB14 (d0, q1, r0, m44, 'test/m6/final-20260831T135630', ... (330 bytes))
1788155848: Sending PUBACK to gatewayd-m6-final-38460 (m44, rc0)
1788155848: Received PUBACK from auto-0C3A543C-2601-2003-4968-06C03657EB14 (Mid: 43, RC:0)
1788155848: Received PUBLISH from gatewayd-m6-final-38460 (d0, q1, r0, m45, 'test/m6/final-20260831T135630', ... (330 bytes))
1788155848: Sending PUBLISH to auto-0C3A543C-2601-2003-4968-06C03657EB14 (d0, q1, r0, m45, 'test/m6/final-20260831T135630', ... (330 bytes))
1788155848: Sending PUBACK to gatewayd-m6-final-38460 (m45, rc0)
1788155848: Received PUBLISH from gatewayd-m6-final-38460 (d0, q1, r0, m46, 'test/m6/final-20260831T135630', ... (330 bytes))
1788155848: Sending PUBLISH to auto-0C3A543C-2601-2003-4968-06C03657EB14 (d0, q1, r0, m46, 'test/m6/final-20260831T135630', ... (330 bytes))
1788155848: Sending PUBACK to gatewayd-m6-final-38460 (m46, rc0)
1788155848: Received PUBACK from auto-0C3A543C-2601-2003-4968-06C03657EB14 (Mid: 44, RC:0)
1788155848: Received PUBLISH from gatewayd-m6-final-38460 (d0, q1, r0, m47, 'test/m6/final-20260831T135630', ... (330 bytes))
1788155848: Sending PUBLISH to auto-0C3A543C-2601-2003-4968-06C03657EB14 (d0, q1, r0, m47, 'test/m6/final-20260831T135630', ... (330 bytes))
1788155848: Sending PUBACK to gatewayd-m6-final-38460 (m47, rc0)
1788155848: Received PUBACK from auto-0C3A543C-2601-2003-4968-06C03657EB14 (Mid: 45, RC:0)
1788155848: Received PUBLISH from gatewayd-m6-final-38460 (d0, q1, r0, m48, 'test/m6/final-20260831T135630', ... (330 bytes))
1788155848: Sending PUBLISH to auto-0C3A543C-2601-2003-4968-06C03657EB14 (d0, q1, r0, m48, 'test/m6/final-20260831T135630', ... (330 bytes))
1788155848: Sending PUBACK to gatewayd-m6-final-38460 (m48, rc0)
1788155848: Received PUBACK from auto-0C3A543C-2601-2003-4968-06C03657EB14 (Mid: 46, RC:0)
1788155848: Received PUBLISH from gatewayd-m6-final-38460 (d0, q1, r0, m49, 'test/m6/final-20260831T135630', ... (330 bytes))
1788155848: Sending PUBLISH to auto-0C3A543C-2601-2003-4968-06C03657EB14 (d0, q1, r0, m49, 'test/m6/final-20260831T135630', ... (330 bytes))
1788155848: Sending PUBACK to gatewayd-m6-final-38460 (m49, rc0)
1788155848: Received PUBACK from auto-0C3A543C-2601-2003-4968-06C03657EB14 (Mid: 47, RC:0)
1788155848: Received PUBLISH from gatewayd-m6-final-38460 (d0, q1, r0, m50, 'test/m6/final-20260831T135630', ... (330 bytes))
1788155848: Sending PUBLISH to auto-0C3A543C-2601-2003-4968-06C03657EB14 (d0, q1, r0, m50, 'test/m6/final-20260831T135630', ... (330 bytes))
1788155848: Sending PUBACK to gatewayd-m6-final-38460 (m50, rc0)
1788155848: Received PUBACK from auto-0C3A543C-2601-2003-4968-06C03657EB14 (Mid: 48, RC:0)
1788155848: Received PUBLISH from gatewayd-m6-final-38460 (d0, q1, r0, m51, 'test/m6/final-20260831T135630', ... (330 bytes))
1788155848: Sending PUBLISH to auto-0C3A543C-2601-2003-4968-06C03657EB14 (d0, q1, r0, m51, 'test/m6/final-20260831T135630', ... (330 bytes))
1788155848: Sending PUBACK to gatewayd-m6-final-38460 (m51, rc0)
1788155848: Received PUBACK from auto-0C3A543C-2601-2003-4968-06C03657EB14 (Mid: 49, RC:0)
1788155848: Received PUBLISH from gatewayd-m6-final-38460 (d0, q1, r0, m52, 'test/m6/final-20260831T135630', ... (330 bytes))
1788155848: Sending PUBLISH to auto-0C3A543C-2601-2003-4968-06C03657EB14 (d0, q1, r0, m52, 'test/m6/final-20260831T135630', ... (330 bytes))
1788155848: Sending PUBACK to gatewayd-m6-final-38460 (m52, rc0)
1788155848: Received PUBACK from auto-0C3A543C-2601-2003-4968-06C03657EB14 (Mid: 50, RC:0)
1788155848: Received PUBLISH from gatewayd-m6-final-38460 (d0, q1, r0, m53, 'test/m6/final-20260831T135630', ... (330 bytes))
1788155848: Sending PUBLISH to auto-0C3A543C-2601-2003-4968-06C03657EB14 (d0, q1, r0, m53, 'test/m6/final-20260831T135630', ... (330 bytes))
1788155848: Sending PUBACK to gatewayd-m6-final-38460 (m53, rc0)
1788155848: Received PUBACK from auto-0C3A543C-2601-2003-4968-06C03657EB14 (Mid: 51, RC:0)
1788155848: Received PUBACK from auto-0C3A543C-2601-2003-4968-06C03657EB14 (Mid: 52, RC:0)
1788155848: Received PUBLISH from gatewayd-m6-final-38460 (d0, q1, r0, m54, 'test/m6/final-20260831T135630', ... (330 bytes))
1788155848: Sending PUBLISH to auto-0C3A543C-2601-2003-4968-06C03657EB14 (d0, q1, r0, m54, 'test/m6/final-20260831T135630', ... (330 bytes))
1788155848: Sending PUBACK to gatewayd-m6-final-38460 (m54, rc0)
1788155848: Received PUBACK from auto-0C3A543C-2601-2003-4968-06C03657EB14 (Mid: 53, RC:0)
1788155848: Received PUBLISH from gatewayd-m6-final-38460 (d0, q1, r0, m55, 'test/m6/final-20260831T135630', ... (330 bytes))
1788155848: Sending PUBLISH to auto-0C3A543C-2601-2003-4968-06C03657EB14 (d0, q1, r0, m55, 'test/m6/final-20260831T135630', ... (330 bytes))
1788155848: Sending PUBACK to gatewayd-m6-final-38460 (m55, rc0)
1788155848: Received PUBACK from auto-0C3A543C-2601-2003-4968-06C03657EB14 (Mid: 54, RC:0)
1788155848: Received PUBLISH from gatewayd-m6-final-38460 (d0, q1, r0, m56, 'test/m6/final-20260831T135630', ... (330 bytes))
1788155848: Sending PUBLISH to auto-0C3A543C-2601-2003-4968-06C03657EB14 (d0, q1, r0, m56, 'test/m6/final-20260831T135630', ... (330 bytes))
1788155848: Sending PUBACK to gatewayd-m6-final-38460 (m56, rc0)
1788155848: Received PUBACK from auto-0C3A543C-2601-2003-4968-06C03657EB14 (Mid: 55, RC:0)
1788155848: Received PUBLISH from gatewayd-m6-final-38460 (d0, q1, r0, m57, 'test/m6/final-20260831T135630', ... (330 bytes))
1788155848: Sending PUBLISH to auto-0C3A543C-2601-2003-4968-06C03657EB14 (d0, q1, r0, m57, 'test/m6/final-20260831T135630', ... (330 bytes))
1788155848: Sending PUBACK to gatewayd-m6-final-38460 (m57, rc0)
1788155848: Received PUBACK from auto-0C3A543C-2601-2003-4968-06C03657EB14 (Mid: 56, RC:0)
1788155848: Received PUBLISH from gatewayd-m6-final-38460 (d0, q1, r0, m58, 'test/m6/final-20260831T135630', ... (330 bytes))
1788155848: Sending PUBLISH to auto-0C3A543C-2601-2003-4968-06C03657EB14 (d0, q1, r0, m58, 'test/m6/final-20260831T135630', ... (330 bytes))
1788155848: Sending PUBACK to gatewayd-m6-final-38460 (m58, rc0)
1788155848: Received PUBACK from auto-0C3A543C-2601-2003-4968-06C03657EB14 (Mid: 57, RC:0)
1788155848: Received PUBLISH from gatewayd-m6-final-38460 (d0, q1, r0, m59, 'test/m6/final-20260831T135630', ... (330 bytes))
1788155848: Sending PUBLISH to auto-0C3A543C-2601-2003-4968-06C03657EB14 (d0, q1, r0, m59, 'test/m6/final-20260831T135630', ... (330 bytes))
1788155848: Sending PUBACK to gatewayd-m6-final-38460 (m59, rc0)
1788155848: Received PUBACK from auto-0C3A543C-2601-2003-4968-06C03657EB14 (Mid: 58, RC:0)
1788155848: Received PUBLISH from gatewayd-m6-final-38460 (d0, q1, r0, m60, 'test/m6/final-20260831T135630', ... (330 bytes))
1788155848: Sending PUBLISH to auto-0C3A543C-2601-2003-4968-06C03657EB14 (d0, q1, r0, m60, 'test/m6/final-20260831T135630', ... (330 bytes))
1788155848: Sending PUBACK to gatewayd-m6-final-38460 (m60, rc0)
1788155848: Received PUBACK from auto-0C3A543C-2601-2003-4968-06C03657EB14 (Mid: 59, RC:0)
1788155848: Received PUBLISH from gatewayd-m6-final-38460 (d0, q1, r0, m61, 'test/m6/final-20260831T135630', ... (330 bytes))
1788155848: Sending PUBLISH to auto-0C3A543C-2601-2003-4968-06C03657EB14 (d0, q1, r0, m61, 'test/m6/final-20260831T135630', ... (330 bytes))
1788155848: Sending PUBACK to gatewayd-m6-final-38460 (m61, rc0)
1788155848: Received PUBLISH from gatewayd-m6-final-38460 (d0, q1, r0, m62, 'test/m6/final-20260831T135630', ... (330 bytes))
1788155848: Sending PUBLISH to auto-0C3A543C-2601-2003-4968-06C03657EB14 (d0, q1, r0, m62, 'test/m6/final-20260831T135630', ... (330 bytes))
1788155848: Sending PUBACK to gatewayd-m6-final-38460 (m62, rc0)
1788155848: Received PUBACK from auto-0C3A543C-2601-2003-4968-06C03657EB14 (Mid: 60, RC:0)
1788155848: Received PUBLISH from gatewayd-m6-final-38460 (d0, q1, r0, m63, 'test/m6/final-20260831T135630', ... (330 bytes))
1788155848: Sending PUBLISH to auto-0C3A543C-2601-2003-4968-06C03657EB14 (d0, q1, r0, m63, 'test/m6/final-20260831T135630', ... (330 bytes))
1788155848: Sending PUBACK to gatewayd-m6-final-38460 (m63, rc0)
1788155848: Received PUBACK from auto-0C3A543C-2601-2003-4968-06C03657EB14 (Mid: 61, RC:0)
1788155848: Received PUBACK from auto-0C3A543C-2601-2003-4968-06C03657EB14 (Mid: 62, RC:0)
1788155848: Received PUBLISH from gatewayd-m6-final-38460 (d0, q1, r0, m64, 'test/m6/final-20260831T135630', ... (330 bytes))
1788155848: Sending PUBLISH to auto-0C3A543C-2601-2003-4968-06C03657EB14 (d0, q1, r0, m64, 'test/m6/final-20260831T135630', ... (330 bytes))
1788155848: Sending PUBACK to gatewayd-m6-final-38460 (m64, rc0)
1788155848: Received PUBLISH from gatewayd-m6-final-38460 (d0, q1, r0, m65, 'test/m6/final-20260831T135630', ... (330 bytes))
1788155848: Sending PUBLISH to auto-0C3A543C-2601-2003-4968-06C03657EB14 (d0, q1, r0, m65, 'test/m6/final-20260831T135630', ... (330 bytes))
1788155848: Sending PUBACK to gatewayd-m6-final-38460 (m65, rc0)
1788155848: Received PUBACK from auto-0C3A543C-2601-2003-4968-06C03657EB14 (Mid: 63, RC:0)
1788155848: Received PUBACK from auto-0C3A543C-2601-2003-4968-06C03657EB14 (Mid: 64, RC:0)
1788155848: Received PUBLISH from gatewayd-m6-final-38460 (d0, q1, r0, m66, 'test/m6/final-20260831T135630', ... (330 bytes))
1788155848: Sending PUBLISH to auto-0C3A543C-2601-2003-4968-06C03657EB14 (d0, q1, r0, m66, 'test/m6/final-20260831T135630', ... (330 bytes))
1788155848: Sending PUBACK to gatewayd-m6-final-38460 (m66, rc0)
1788155848: Received PUBACK from auto-0C3A543C-2601-2003-4968-06C03657EB14 (Mid: 65, RC:0)
1788155848: Received PUBLISH from gatewayd-m6-final-38460 (d0, q1, r0, m67, 'test/m6/final-20260831T135630', ... (330 bytes))
1788155848: Sending PUBLISH to auto-0C3A543C-2601-2003-4968-06C03657EB14 (d0, q1, r0, m67, 'test/m6/final-20260831T135630', ... (330 bytes))
1788155848: Sending PUBACK to gatewayd-m6-final-38460 (m67, rc0)
1788155848: Received PUBACK from auto-0C3A543C-2601-2003-4968-06C03657EB14 (Mid: 66, RC:0)
1788155848: Received PUBLISH from gatewayd-m6-final-38460 (d0, q1, r0, m68, 'test/m6/final-20260831T135630', ... (330 bytes))
1788155848: Sending PUBLISH to auto-0C3A543C-2601-2003-4968-06C03657EB14 (d0, q1, r0, m68, 'test/m6/final-20260831T135630', ... (330 bytes))
1788155848: Sending PUBACK to gatewayd-m6-final-38460 (m68, rc0)
1788155848: Received PUBACK from auto-0C3A543C-2601-2003-4968-06C03657EB14 (Mid: 67, RC:0)
1788155848: Received PUBLISH from gatewayd-m6-final-38460 (d0, q1, r0, m69, 'test/m6/final-20260831T135630', ... (330 bytes))
1788155848: Sending PUBLISH to auto-0C3A543C-2601-2003-4968-06C03657EB14 (d0, q1, r0, m69, 'test/m6/final-20260831T135630', ... (330 bytes))
1788155848: Sending PUBACK to gatewayd-m6-final-38460 (m69, rc0)
1788155848: Received PUBLISH from gatewayd-m6-final-38460 (d0, q1, r0, m70, 'test/m6/final-20260831T135630', ... (330 bytes))
1788155848: Sending PUBLISH to auto-0C3A543C-2601-2003-4968-06C03657EB14 (d0, q1, r0, m70, 'test/m6/final-20260831T135630', ... (330 bytes))
1788155848: Sending PUBACK to gatewayd-m6-final-38460 (m70, rc0)
1788155848: Received PUBACK from auto-0C3A543C-2601-2003-4968-06C03657EB14 (Mid: 68, RC:0)
1788155848: Received PUBACK from auto-0C3A543C-2601-2003-4968-06C03657EB14 (Mid: 69, RC:0)
1788155848: Received PUBLISH from gatewayd-m6-final-38460 (d0, q1, r0, m71, 'test/m6/final-20260831T135630', ... (330 bytes))
1788155848: Sending PUBLISH to auto-0C3A543C-2601-2003-4968-06C03657EB14 (d0, q1, r0, m71, 'test/m6/final-20260831T135630', ... (330 bytes))
1788155848: Sending PUBACK to gatewayd-m6-final-38460 (m71, rc0)
1788155848: Received PUBLISH from gatewayd-m6-final-38460 (d0, q1, r0, m72, 'test/m6/final-20260831T135630', ... (330 bytes))
1788155848: Sending PUBLISH to auto-0C3A543C-2601-2003-4968-06C03657EB14 (d0, q1, r0, m72, 'test/m6/final-20260831T135630', ... (330 bytes))
1788155848: Sending PUBACK to gatewayd-m6-final-38460 (m72, rc0)
1788155848: Received PUBACK from auto-0C3A543C-2601-2003-4968-06C03657EB14 (Mid: 70, RC:0)
1788155848: Received PUBACK from auto-0C3A543C-2601-2003-4968-06C03657EB14 (Mid: 71, RC:0)
1788155848: Received PUBLISH from gatewayd-m6-final-38460 (d0, q1, r0, m73, 'test/m6/final-20260831T135630', ... (330 bytes))
1788155848: Sending PUBLISH to auto-0C3A543C-2601-2003-4968-06C03657EB14 (d0, q1, r0, m73, 'test/m6/final-20260831T135630', ... (330 bytes))
1788155848: Sending PUBACK to gatewayd-m6-final-38460 (m73, rc0)
1788155848: Received PUBACK from auto-0C3A543C-2601-2003-4968-06C03657EB14 (Mid: 72, RC:0)
1788155848: Received PUBLISH from gatewayd-m6-final-38460 (d0, q1, r0, m74, 'test/m6/final-20260831T135630', ... (330 bytes))
1788155848: Sending PUBLISH to auto-0C3A543C-2601-2003-4968-06C03657EB14 (d0, q1, r0, m74, 'test/m6/final-20260831T135630', ... (330 bytes))
1788155848: Sending PUBACK to gatewayd-m6-final-38460 (m74, rc0)
1788155848: Received PUBACK from auto-0C3A543C-2601-2003-4968-06C03657EB14 (Mid: 73, RC:0)
1788155848: Received PUBLISH from gatewayd-m6-final-38460 (d0, q1, r0, m75, 'test/m6/final-20260831T135630', ... (330 bytes))
1788155848: Sending PUBLISH to auto-0C3A543C-2601-2003-4968-06C03657EB14 (d0, q1, r0, m75, 'test/m6/final-20260831T135630', ... (330 bytes))
1788155848: Sending PUBACK to gatewayd-m6-final-38460 (m75, rc0)
1788155848: Received PUBACK from auto-0C3A543C-2601-2003-4968-06C03657EB14 (Mid: 74, RC:0)
1788155848: Received PUBLISH from gatewayd-m6-final-38460 (d0, q1, r0, m76, 'test/m6/final-20260831T135630', ... (330 bytes))
1788155848: Sending PUBLISH to auto-0C3A543C-2601-2003-4968-06C03657EB14 (d0, q1, r0, m76, 'test/m6/final-20260831T135630', ... (330 bytes))
1788155848: Sending PUBACK to gatewayd-m6-final-38460 (m76, rc0)
1788155848: Received PUBACK from auto-0C3A543C-2601-2003-4968-06C03657EB14 (Mid: 75, RC:0)
1788155848: Received PUBLISH from gatewayd-m6-final-38460 (d0, q1, r0, m77, 'test/m6/final-20260831T135630', ... (330 bytes))
1788155848: Sending PUBLISH to auto-0C3A543C-2601-2003-4968-06C03657EB14 (d0, q1, r0, m77, 'test/m6/final-20260831T135630', ... (330 bytes))
1788155848: Sending PUBACK to gatewayd-m6-final-38460 (m77, rc0)
1788155848: Received PUBLISH from gatewayd-m6-final-38460 (d0, q1, r0, m78, 'test/m6/final-20260831T135630', ... (330 bytes))
1788155848: Sending PUBLISH to auto-0C3A543C-2601-2003-4968-06C03657EB14 (d0, q1, r0, m78, 'test/m6/final-20260831T135630', ... (330 bytes))
1788155848: Sending PUBACK to gatewayd-m6-final-38460 (m78, rc0)
1788155848: Received PUBACK from auto-0C3A543C-2601-2003-4968-06C03657EB14 (Mid: 76, RC:0)
1788155848: Received PUBACK from auto-0C3A543C-2601-2003-4968-06C03657EB14 (Mid: 77, RC:0)
1788155848: Received PUBLISH from gatewayd-m6-final-38460 (d0, q1, r0, m79, 'test/m6/final-20260831T135630', ... (330 bytes))
1788155848: Sending PUBLISH to auto-0C3A543C-2601-2003-4968-06C03657EB14 (d0, q1, r0, m79, 'test/m6/final-20260831T135630', ... (330 bytes))
1788155848: Sending PUBACK to gatewayd-m6-final-38460 (m79, rc0)
1788155848: Received PUBACK from auto-0C3A543C-2601-2003-4968-06C03657EB14 (Mid: 78, RC:0)
1788155848: Received PUBLISH from gatewayd-m6-final-38460 (d0, q1, r0, m80, 'test/m6/final-20260831T135630', ... (330 bytes))
1788155848: Sending PUBLISH to auto-0C3A543C-2601-2003-4968-06C03657EB14 (d0, q1, r0, m80, 'test/m6/final-20260831T135630', ... (330 bytes))
1788155848: Sending PUBACK to gatewayd-m6-final-38460 (m80, rc0)
1788155848: Received PUBACK from auto-0C3A543C-2601-2003-4968-06C03657EB14 (Mid: 79, RC:0)
1788155848: Received PUBLISH from gatewayd-m6-final-38460 (d0, q1, r0, m81, 'test/m6/final-20260831T135630', ... (330 bytes))
1788155848: Sending PUBLISH to auto-0C3A543C-2601-2003-4968-06C03657EB14 (d0, q1, r0, m81, 'test/m6/final-20260831T135630', ... (330 bytes))
1788155848: Sending PUBACK to gatewayd-m6-final-38460 (m81, rc0)
1788155848: Received PUBACK from auto-0C3A543C-2601-2003-4968-06C03657EB14 (Mid: 80, RC:0)
1788155848: Received PUBLISH from gatewayd-m6-final-38460 (d0, q1, r0, m82, 'test/m6/final-20260831T135630', ... (330 bytes))
1788155848: Sending PUBLISH to auto-0C3A543C-2601-2003-4968-06C03657EB14 (d0, q1, r0, m82, 'test/m6/final-20260831T135630', ... (330 bytes))
1788155848: Sending PUBACK to gatewayd-m6-final-38460 (m82, rc0)
1788155848: Received PUBACK from auto-0C3A543C-2601-2003-4968-06C03657EB14 (Mid: 81, RC:0)
1788155848: Received PUBLISH from gatewayd-m6-final-38460 (d0, q1, r0, m83, 'test/m6/final-20260831T135630', ... (330 bytes))
1788155848: Sending PUBLISH to auto-0C3A543C-2601-2003-4968-06C03657EB14 (d0, q1, r0, m83, 'test/m6/final-20260831T135630', ... (330 bytes))
1788155848: Sending PUBACK to gatewayd-m6-final-38460 (m83, rc0)
1788155848: Received PUBLISH from gatewayd-m6-final-38460 (d0, q1, r0, m84, 'test/m6/final-20260831T135630', ... (330 bytes))
1788155848: Sending PUBLISH to auto-0C3A543C-2601-2003-4968-06C03657EB14 (d0, q1, r0, m84, 'test/m6/final-20260831T135630', ... (330 bytes))
1788155848: Sending PUBACK to gatewayd-m6-final-38460 (m84, rc0)
1788155848: Received PUBACK from auto-0C3A543C-2601-2003-4968-06C03657EB14 (Mid: 82, RC:0)
1788155848: Received PUBACK from auto-0C3A543C-2601-2003-4968-06C03657EB14 (Mid: 83, RC:0)
1788155848: Received PUBLISH from gatewayd-m6-final-38460 (d0, q1, r0, m85, 'test/m6/final-20260831T135630', ... (330 bytes))
1788155848: Sending PUBLISH to auto-0C3A543C-2601-2003-4968-06C03657EB14 (d0, q1, r0, m85, 'test/m6/final-20260831T135630', ... (330 bytes))
1788155848: Sending PUBACK to gatewayd-m6-final-38460 (m85, rc0)
1788155848: Received PUBLISH from gatewayd-m6-final-38460 (d0, q1, r0, m86, 'test/m6/final-20260831T135630', ... (330 bytes))
1788155848: Sending PUBLISH to auto-0C3A543C-2601-2003-4968-06C03657EB14 (d0, q1, r0, m86, 'test/m6/final-20260831T135630', ... (330 bytes))
1788155848: Sending PUBACK to gatewayd-m6-final-38460 (m86, rc0)
1788155848: Received PUBACK from auto-0C3A543C-2601-2003-4968-06C03657EB14 (Mid: 84, RC:0)
1788155848: Received PUBACK from auto-0C3A543C-2601-2003-4968-06C03657EB14 (Mid: 85, RC:0)
1788155848: Received PUBLISH from gatewayd-m6-final-38460 (d0, q1, r0, m87, 'test/m6/final-20260831T135630', ... (330 bytes))
1788155848: Sending PUBLISH to auto-0C3A543C-2601-2003-4968-06C03657EB14 (d0, q1, r0, m87, 'test/m6/final-20260831T135630', ... (330 bytes))
1788155848: Sending PUBACK to gatewayd-m6-final-38460 (m87, rc0)
1788155848: Received PUBLISH from gatewayd-m6-final-38460 (d0, q1, r0, m88, 'test/m6/final-20260831T135630', ... (330 bytes))
1788155848: Sending PUBLISH to auto-0C3A543C-2601-2003-4968-06C03657EB14 (d0, q1, r0, m88, 'test/m6/final-20260831T135630', ... (330 bytes))
1788155848: Sending PUBACK to gatewayd-m6-final-38460 (m88, rc0)
1788155848: Received PUBACK from auto-0C3A543C-2601-2003-4968-06C03657EB14 (Mid: 86, RC:0)
1788155848: Received PUBACK from auto-0C3A543C-2601-2003-4968-06C03657EB14 (Mid: 87, RC:0)
1788155848: Received PUBLISH from gatewayd-m6-final-38460 (d0, q1, r0, m89, 'test/m6/final-20260831T135630', ... (330 bytes))
1788155848: Sending PUBLISH to auto-0C3A543C-2601-2003-4968-06C03657EB14 (d0, q1, r0, m89, 'test/m6/final-20260831T135630', ... (330 bytes))
1788155848: Sending PUBACK to gatewayd-m6-final-38460 (m89, rc0)
1788155848: Received PUBACK from auto-0C3A543C-2601-2003-4968-06C03657EB14 (Mid: 88, RC:0)
1788155848: Received PUBLISH from gatewayd-m6-final-38460 (d0, q1, r0, m90, 'test/m6/final-20260831T135630', ... (330 bytes))
1788155848: Sending PUBLISH to auto-0C3A543C-2601-2003-4968-06C03657EB14 (d0, q1, r0, m90, 'test/m6/final-20260831T135630', ... (330 bytes))
1788155848: Sending PUBACK to gatewayd-m6-final-38460 (m90, rc0)
1788155848: Received PUBLISH from gatewayd-m6-final-38460 (d0, q1, r0, m91, 'test/m6/final-20260831T135630', ... (330 bytes))
1788155848: Sending PUBLISH to auto-0C3A543C-2601-2003-4968-06C03657EB14 (d0, q1, r0, m91, 'test/m6/final-20260831T135630', ... (330 bytes))
1788155848: Sending PUBACK to gatewayd-m6-final-38460 (m91, rc0)
1788155848: Received PUBACK from auto-0C3A543C-2601-2003-4968-06C03657EB14 (Mid: 89, RC:0)
1788155848: Received PUBACK from auto-0C3A543C-2601-2003-4968-06C03657EB14 (Mid: 90, RC:0)
1788155848: Received PUBLISH from gatewayd-m6-final-38460 (d0, q1, r0, m92, 'test/m6/final-20260831T135630', ... (330 bytes))
1788155848: Sending PUBLISH to auto-0C3A543C-2601-2003-4968-06C03657EB14 (d0, q1, r0, m92, 'test/m6/final-20260831T135630', ... (330 bytes))
1788155848: Sending PUBACK to gatewayd-m6-final-38460 (m92, rc0)
1788155848: Received PUBACK from auto-0C3A543C-2601-2003-4968-06C03657EB14 (Mid: 91, RC:0)
1788155848: Received PUBLISH from gatewayd-m6-final-38460 (d0, q1, r0, m93, 'test/m6/final-20260831T135630', ... (330 bytes))
1788155848: Sending PUBLISH to auto-0C3A543C-2601-2003-4968-06C03657EB14 (d0, q1, r0, m93, 'test/m6/final-20260831T135630', ... (330 bytes))
1788155848: Sending PUBACK to gatewayd-m6-final-38460 (m93, rc0)
1788155848: Received PUBACK from auto-0C3A543C-2601-2003-4968-06C03657EB14 (Mid: 92, RC:0)
1788155848: Received PUBLISH from gatewayd-m6-final-38460 (d0, q1, r0, m94, 'test/m6/final-20260831T135630', ... (330 bytes))
1788155848: Sending PUBLISH to auto-0C3A543C-2601-2003-4968-06C03657EB14 (d0, q1, r0, m94, 'test/m6/final-20260831T135630', ... (330 bytes))
1788155848: Sending PUBACK to gatewayd-m6-final-38460 (m94, rc0)
1788155848: Received PUBLISH from gatewayd-m6-final-38460 (d0, q1, r0, m95, 'test/m6/final-20260831T135630', ... (330 bytes))
1788155848: Sending PUBLISH to auto-0C3A543C-2601-2003-4968-06C03657EB14 (d0, q1, r0, m95, 'test/m6/final-20260831T135630', ... (330 bytes))
1788155848: Sending PUBACK to gatewayd-m6-final-38460 (m95, rc0)
1788155848: Received PUBACK from auto-0C3A543C-2601-2003-4968-06C03657EB14 (Mid: 93, RC:0)
1788155848: Received PUBACK from auto-0C3A543C-2601-2003-4968-06C03657EB14 (Mid: 94, RC:0)
1788155848: Received PUBLISH from gatewayd-m6-final-38460 (d0, q1, r0, m96, 'test/m6/final-20260831T135630', ... (330 bytes))
1788155848: Sending PUBLISH to auto-0C3A543C-2601-2003-4968-06C03657EB14 (d0, q1, r0, m96, 'test/m6/final-20260831T135630', ... (330 bytes))
1788155848: Sending PUBACK to gatewayd-m6-final-38460 (m96, rc0)
1788155848: Received PUBLISH from gatewayd-m6-final-38460 (d0, q1, r0, m97, 'test/m6/final-20260831T135630', ... (330 bytes))
1788155848: Sending PUBLISH to auto-0C3A543C-2601-2003-4968-06C03657EB14 (d0, q1, r0, m97, 'test/m6/final-20260831T135630', ... (330 bytes))
1788155848: Sending PUBACK to gatewayd-m6-final-38460 (m97, rc0)
1788155848: Received PUBACK from auto-0C3A543C-2601-2003-4968-06C03657EB14 (Mid: 95, RC:0)
1788155848: Received PUBACK from auto-0C3A543C-2601-2003-4968-06C03657EB14 (Mid: 96, RC:0)
1788155848: Received PUBLISH from gatewayd-m6-final-38460 (d0, q1, r0, m98, 'test/m6/final-20260831T135630', ... (330 bytes))
1788155848: Sending PUBLISH to auto-0C3A543C-2601-2003-4968-06C03657EB14 (d0, q1, r0, m98, 'test/m6/final-20260831T135630', ... (330 bytes))
1788155848: Sending PUBACK to gatewayd-m6-final-38460 (m98, rc0)
1788155848: Received PUBACK from auto-0C3A543C-2601-2003-4968-06C03657EB14 (Mid: 97, RC:0)
1788155848: Received PUBLISH from gatewayd-m6-final-38460 (d0, q1, r0, m99, 'test/m6/final-20260831T135630', ... (330 bytes))
1788155848: Sending PUBLISH to auto-0C3A543C-2601-2003-4968-06C03657EB14 (d0, q1, r0, m99, 'test/m6/final-20260831T135630', ... (330 bytes))
1788155848: Sending PUBACK to gatewayd-m6-final-38460 (m99, rc0)
1788155848: Received PUBACK from auto-0C3A543C-2601-2003-4968-06C03657EB14 (Mid: 98, RC:0)
1788155848: Received PUBLISH from gatewayd-m6-final-38460 (d0, q1, r0, m100, 'test/m6/final-20260831T135630', ... (336 bytes))
1788155848: Sending PUBLISH to auto-0C3A543C-2601-2003-4968-06C03657EB14 (d0, q1, r0, m100, 'test/m6/final-20260831T135630', ... (336 bytes))
1788155848: Sending PUBACK to gatewayd-m6-final-38460 (m100, rc0)
1788155848: Received PUBACK from auto-0C3A543C-2601-2003-4968-06C03657EB14 (Mid: 99, RC:0)
1788155848: Received PUBLISH from gatewayd-m6-final-38460 (d0, q1, r0, m101, 'test/m6/final-20260831T135630', ... (336 bytes))
1788155848: Sending PUBLISH to auto-0C3A543C-2601-2003-4968-06C03657EB14 (d0, q1, r0, m101, 'test/m6/final-20260831T135630', ... (336 bytes))
1788155848: Sending PUBACK to gatewayd-m6-final-38460 (m101, rc0)
1788155848: Received PUBLISH from gatewayd-m6-final-38460 (d0, q1, r0, m102, 'test/m6/final-20260831T135630', ... (336 bytes))
1788155848: Sending PUBLISH to auto-0C3A543C-2601-2003-4968-06C03657EB14 (d0, q1, r0, m102, 'test/m6/final-20260831T135630', ... (336 bytes))
1788155848: Sending PUBACK to gatewayd-m6-final-38460 (m102, rc0)
1788155848: Received PUBACK from auto-0C3A543C-2601-2003-4968-06C03657EB14 (Mid: 100, RC:0)
1788155848: Received PUBACK from auto-0C3A543C-2601-2003-4968-06C03657EB14 (Mid: 101, RC:0)
1788155848: Received PUBLISH from gatewayd-m6-final-38460 (d0, q1, r0, m103, 'test/m6/final-20260831T135630', ... (336 bytes))
1788155848: Sending PUBLISH to auto-0C3A543C-2601-2003-4968-06C03657EB14 (d0, q1, r0, m103, 'test/m6/final-20260831T135630', ... (336 bytes))
1788155848: Sending PUBACK to gatewayd-m6-final-38460 (m103, rc0)
1788155848: Received PUBACK from auto-0C3A543C-2601-2003-4968-06C03657EB14 (Mid: 102, RC:0)
1788155848: Received PUBLISH from gatewayd-m6-final-38460 (d0, q1, r0, m104, 'test/m6/final-20260831T135630', ... (336 bytes))
1788155848: Sending PUBLISH to auto-0C3A543C-2601-2003-4968-06C03657EB14 (d0, q1, r0, m104, 'test/m6/final-20260831T135630', ... (336 bytes))
1788155848: Sending PUBACK to gatewayd-m6-final-38460 (m104, rc0)
1788155848: Received PUBACK from auto-0C3A543C-2601-2003-4968-06C03657EB14 (Mid: 103, RC:0)
1788155848: Received PUBLISH from gatewayd-m6-final-38460 (d0, q1, r0, m105, 'test/m6/final-20260831T135630', ... (336 bytes))
1788155848: Sending PUBLISH to auto-0C3A543C-2601-2003-4968-06C03657EB14 (d0, q1, r0, m105, 'test/m6/final-20260831T135630', ... (336 bytes))
1788155848: Sending PUBACK to gatewayd-m6-final-38460 (m105, rc0)
1788155848: Received PUBLISH from gatewayd-m6-final-38460 (d0, q1, r0, m106, 'test/m6/final-20260831T135630', ... (336 bytes))
1788155848: Sending PUBLISH to auto-0C3A543C-2601-2003-4968-06C03657EB14 (d0, q1, r0, m106, 'test/m6/final-20260831T135630', ... (336 bytes))
1788155848: Sending PUBACK to gatewayd-m6-final-38460 (m106, rc0)
1788155848: Received PUBACK from auto-0C3A543C-2601-2003-4968-06C03657EB14 (Mid: 104, RC:0)
1788155848: Received PUBACK from auto-0C3A543C-2601-2003-4968-06C03657EB14 (Mid: 105, RC:0)
1788155848: Received PUBLISH from gatewayd-m6-final-38460 (d0, q1, r0, m107, 'test/m6/final-20260831T135630', ... (336 bytes))
1788155848: Sending PUBLISH to auto-0C3A543C-2601-2003-4968-06C03657EB14 (d0, q1, r0, m107, 'test/m6/final-20260831T135630', ... (336 bytes))
1788155848: Sending PUBACK to gatewayd-m6-final-38460 (m107, rc0)
1788155848: Received PUBACK from auto-0C3A543C-2601-2003-4968-06C03657EB14 (Mid: 106, RC:0)
1788155848: Received PUBLISH from gatewayd-m6-final-38460 (d0, q1, r0, m108, 'test/m6/final-20260831T135630', ... (336 bytes))
1788155848: Sending PUBLISH to auto-0C3A543C-2601-2003-4968-06C03657EB14 (d0, q1, r0, m108, 'test/m6/final-20260831T135630', ... (336 bytes))
1788155848: Sending PUBACK to gatewayd-m6-final-38460 (m108, rc0)
1788155848: Received PUBLISH from gatewayd-m6-final-38460 (d0, q1, r0, m109, 'test/m6/final-20260831T135630', ... (336 bytes))
1788155848: Sending PUBLISH to auto-0C3A543C-2601-2003-4968-06C03657EB14 (d0, q1, r0, m109, 'test/m6/final-20260831T135630', ... (336 bytes))
1788155848: Sending PUBACK to gatewayd-m6-final-38460 (m109, rc0)
1788155848: Received PUBACK from auto-0C3A543C-2601-2003-4968-06C03657EB14 (Mid: 107, RC:0)
1788155848: Received PUBACK from auto-0C3A543C-2601-2003-4968-06C03657EB14 (Mid: 108, RC:0)
1788155848: Received PUBLISH from gatewayd-m6-final-38460 (d0, q1, r0, m110, 'test/m6/final-20260831T135630', ... (336 bytes))
1788155848: Sending PUBLISH to auto-0C3A543C-2601-2003-4968-06C03657EB14 (d0, q1, r0, m110, 'test/m6/final-20260831T135630', ... (336 bytes))
1788155848: Sending PUBACK to gatewayd-m6-final-38460 (m110, rc0)
1788155848: Received PUBLISH from gatewayd-m6-final-38460 (d0, q1, r0, m111, 'test/m6/final-20260831T135630', ... (336 bytes))
1788155848: Sending PUBLISH to auto-0C3A543C-2601-2003-4968-06C03657EB14 (d0, q1, r0, m111, 'test/m6/final-20260831T135630', ... (336 bytes))
1788155848: Sending PUBACK to gatewayd-m6-final-38460 (m111, rc0)
1788155848: Received PUBACK from auto-0C3A543C-2601-2003-4968-06C03657EB14 (Mid: 109, RC:0)
1788155848: Received PUBACK from auto-0C3A543C-2601-2003-4968-06C03657EB14 (Mid: 110, RC:0)
1788155848: Received PUBLISH from gatewayd-m6-final-38460 (d0, q1, r0, m112, 'test/m6/final-20260831T135630', ... (336 bytes))
1788155848: Sending PUBLISH to auto-0C3A543C-2601-2003-4968-06C03657EB14 (d0, q1, r0, m112, 'test/m6/final-20260831T135630', ... (336 bytes))
1788155848: Sending PUBACK to gatewayd-m6-final-38460 (m112, rc0)
1788155848: Received PUBLISH from gatewayd-m6-final-38460 (d0, q1, r0, m113, 'test/m6/final-20260831T135630', ... (336 bytes))
1788155848: Sending PUBLISH to auto-0C3A543C-2601-2003-4968-06C03657EB14 (d0, q1, r0, m113, 'test/m6/final-20260831T135630', ... (336 bytes))
1788155848: Sending PUBACK to gatewayd-m6-final-38460 (m113, rc0)
1788155848: Received PUBACK from auto-0C3A543C-2601-2003-4968-06C03657EB14 (Mid: 111, RC:0)
1788155848: Received PUBACK from auto-0C3A543C-2601-2003-4968-06C03657EB14 (Mid: 112, RC:0)
1788155848: Received PUBLISH from gatewayd-m6-final-38460 (d0, q1, r0, m114, 'test/m6/final-20260831T135630', ... (336 bytes))
1788155848: Sending PUBLISH to auto-0C3A543C-2601-2003-4968-06C03657EB14 (d0, q1, r0, m114, 'test/m6/final-20260831T135630', ... (336 bytes))
1788155848: Sending PUBACK to gatewayd-m6-final-38460 (m114, rc0)
1788155848: Received PUBLISH from gatewayd-m6-final-38460 (d0, q1, r0, m115, 'test/m6/final-20260831T135630', ... (336 bytes))
1788155848: Sending PUBLISH to auto-0C3A543C-2601-2003-4968-06C03657EB14 (d0, q1, r0, m115, 'test/m6/final-20260831T135630', ... (336 bytes))
1788155848: Sending PUBACK to gatewayd-m6-final-38460 (m115, rc0)
1788155848: Received PUBACK from auto-0C3A543C-2601-2003-4968-06C03657EB14 (Mid: 113, RC:0)
1788155848: Received PUBACK from auto-0C3A543C-2601-2003-4968-06C03657EB14 (Mid: 114, RC:0)
1788155848: Received PUBLISH from gatewayd-m6-final-38460 (d0, q1, r0, m116, 'test/m6/final-20260831T135630', ... (336 bytes))
1788155848: Sending PUBLISH to auto-0C3A543C-2601-2003-4968-06C03657EB14 (d0, q1, r0, m116, 'test/m6/final-20260831T135630', ... (336 bytes))
1788155848: Sending PUBACK to gatewayd-m6-final-38460 (m116, rc0)
1788155848: Received PUBLISH from gatewayd-m6-final-38460 (d0, q1, r0, m117, 'test/m6/final-20260831T135630', ... (336 bytes))
1788155848: Sending PUBLISH to auto-0C3A543C-2601-2003-4968-06C03657EB14 (d0, q1, r0, m117, 'test/m6/final-20260831T135630', ... (336 bytes))
1788155848: Sending PUBACK to gatewayd-m6-final-38460 (m117, rc0)
1788155848: Received PUBACK from auto-0C3A543C-2601-2003-4968-06C03657EB14 (Mid: 115, RC:0)
1788155848: Received PUBACK from auto-0C3A543C-2601-2003-4968-06C03657EB14 (Mid: 116, RC:0)
1788155848: Received PUBLISH from gatewayd-m6-final-38460 (d0, q1, r0, m118, 'test/m6/final-20260831T135630', ... (336 bytes))
1788155848: Sending PUBLISH to auto-0C3A543C-2601-2003-4968-06C03657EB14 (d0, q1, r0, m118, 'test/m6/final-20260831T135630', ... (336 bytes))
1788155848: Sending PUBACK to gatewayd-m6-final-38460 (m118, rc0)
1788155848: Received PUBACK from auto-0C3A543C-2601-2003-4968-06C03657EB14 (Mid: 117, RC:0)
1788155848: Received PUBLISH from gatewayd-m6-final-38460 (d0, q1, r0, m119, 'test/m6/final-20260831T135630', ... (336 bytes))
1788155848: Sending PUBLISH to auto-0C3A543C-2601-2003-4968-06C03657EB14 (d0, q1, r0, m119, 'test/m6/final-20260831T135630', ... (336 bytes))
1788155848: Sending PUBACK to gatewayd-m6-final-38460 (m119, rc0)
1788155848: Received PUBLISH from gatewayd-m6-final-38460 (d0, q1, r0, m120, 'test/m6/final-20260831T135630', ... (336 bytes))
1788155848: Sending PUBLISH to auto-0C3A543C-2601-2003-4968-06C03657EB14 (d0, q1, r0, m120, 'test/m6/final-20260831T135630', ... (336 bytes))
1788155848: Sending PUBACK to gatewayd-m6-final-38460 (m120, rc0)
1788155848: Received PUBACK from auto-0C3A543C-2601-2003-4968-06C03657EB14 (Mid: 118, RC:0)
1788155848: Received PUBACK from auto-0C3A543C-2601-2003-4968-06C03657EB14 (Mid: 119, RC:0)
1788155848: Received PUBLISH from gatewayd-m6-final-38460 (d0, q1, r0, m121, 'test/m6/final-20260831T135630', ... (336 bytes))
1788155848: Sending PUBLISH to auto-0C3A543C-2601-2003-4968-06C03657EB14 (d0, q1, r0, m121, 'test/m6/final-20260831T135630', ... (336 bytes))
1788155848: Sending PUBACK to gatewayd-m6-final-38460 (m121, rc0)
1788155848: Received PUBACK from auto-0C3A543C-2601-2003-4968-06C03657EB14 (Mid: 120, RC:0)
1788155848: Received PUBLISH from gatewayd-m6-final-38460 (d0, q1, r0, m122, 'test/m6/final-20260831T135630', ... (336 bytes))
1788155848: Sending PUBLISH to auto-0C3A543C-2601-2003-4968-06C03657EB14 (d0, q1, r0, m122, 'test/m6/final-20260831T135630', ... (336 bytes))
1788155848: Sending PUBACK to gatewayd-m6-final-38460 (m122, rc0)
1788155848: Received PUBACK from auto-0C3A543C-2601-2003-4968-06C03657EB14 (Mid: 121, RC:0)
1788155848: Received PUBLISH from gatewayd-m6-final-38460 (d0, q1, r0, m123, 'test/m6/final-20260831T135630', ... (336 bytes))
1788155848: Sending PUBLISH to auto-0C3A543C-2601-2003-4968-06C03657EB14 (d0, q1, r0, m123, 'test/m6/final-20260831T135630', ... (336 bytes))
1788155848: Sending PUBACK to gatewayd-m6-final-38460 (m123, rc0)
1788155848: Received PUBACK from auto-0C3A543C-2601-2003-4968-06C03657EB14 (Mid: 122, RC:0)
1788155848: Received PUBLISH from gatewayd-m6-final-38460 (d0, q1, r0, m124, 'test/m6/final-20260831T135630', ... (336 bytes))
1788155848: Sending PUBLISH to auto-0C3A543C-2601-2003-4968-06C03657EB14 (d0, q1, r0, m124, 'test/m6/final-20260831T135630', ... (336 bytes))
1788155848: Sending PUBACK to gatewayd-m6-final-38460 (m124, rc0)
1788155848: Received PUBACK from auto-0C3A543C-2601-2003-4968-06C03657EB14 (Mid: 123, RC:0)
1788155848: Received PUBLISH from gatewayd-m6-final-38460 (d0, q1, r0, m125, 'test/m6/final-20260831T135630', ... (336 bytes))
1788155848: Sending PUBLISH to auto-0C3A543C-2601-2003-4968-06C03657EB14 (d0, q1, r0, m125, 'test/m6/final-20260831T135630', ... (336 bytes))
1788155848: Sending PUBACK to gatewayd-m6-final-38460 (m125, rc0)
1788155848: Received PUBLISH from gatewayd-m6-final-38460 (d0, q1, r0, m126, 'test/m6/final-20260831T135630', ... (336 bytes))
1788155848: Sending PUBLISH to auto-0C3A543C-2601-2003-4968-06C03657EB14 (d0, q1, r0, m126, 'test/m6/final-20260831T135630', ... (336 bytes))
1788155848: Sending PUBACK to gatewayd-m6-final-38460 (m126, rc0)
1788155848: Received PUBACK from auto-0C3A543C-2601-2003-4968-06C03657EB14 (Mid: 124, RC:0)
1788155848: Received PUBACK from auto-0C3A543C-2601-2003-4968-06C03657EB14 (Mid: 125, RC:0)
1788155848: Received PUBLISH from gatewayd-m6-final-38460 (d0, q1, r0, m127, 'test/m6/final-20260831T135630', ... (336 bytes))
1788155848: Sending PUBLISH to auto-0C3A543C-2601-2003-4968-06C03657EB14 (d0, q1, r0, m127, 'test/m6/final-20260831T135630', ... (336 bytes))
1788155848: Sending PUBACK to gatewayd-m6-final-38460 (m127, rc0)
1788155848: Received PUBACK from auto-0C3A543C-2601-2003-4968-06C03657EB14 (Mid: 126, RC:0)
1788155848: Received PUBLISH from gatewayd-m6-final-38460 (d0, q1, r0, m128, 'test/m6/final-20260831T135630', ... (336 bytes))
1788155848: Sending PUBLISH to auto-0C3A543C-2601-2003-4968-06C03657EB14 (d0, q1, r0, m128, 'test/m6/final-20260831T135630', ... (336 bytes))
1788155848: Sending PUBACK to gatewayd-m6-final-38460 (m128, rc0)
1788155848: Received PUBACK from auto-0C3A543C-2601-2003-4968-06C03657EB14 (Mid: 127, RC:0)
1788155848: Received PUBLISH from gatewayd-m6-final-38460 (d0, q1, r0, m129, 'test/m6/final-20260831T135630', ... (336 bytes))
1788155848: Sending PUBLISH to auto-0C3A543C-2601-2003-4968-06C03657EB14 (d0, q1, r0, m129, 'test/m6/final-20260831T135630', ... (336 bytes))
1788155848: Sending PUBACK to gatewayd-m6-final-38460 (m129, rc0)
1788155848: Received PUBACK from auto-0C3A543C-2601-2003-4968-06C03657EB14 (Mid: 128, RC:0)
1788155848: Received PUBLISH from gatewayd-m6-final-38460 (d0, q1, r0, m130, 'test/m6/final-20260831T135630', ... (336 bytes))
1788155848: Sending PUBLISH to auto-0C3A543C-2601-2003-4968-06C03657EB14 (d0, q1, r0, m130, 'test/m6/final-20260831T135630', ... (336 bytes))
1788155848: Sending PUBACK to gatewayd-m6-final-38460 (m130, rc0)
1788155848: Received PUBACK from auto-0C3A543C-2601-2003-4968-06C03657EB14 (Mid: 129, RC:0)
1788155848: Received PUBLISH from gatewayd-m6-final-38460 (d0, q1, r0, m131, 'test/m6/final-20260831T135630', ... (336 bytes))
1788155848: Sending PUBLISH to auto-0C3A543C-2601-2003-4968-06C03657EB14 (d0, q1, r0, m131, 'test/m6/final-20260831T135630', ... (336 bytes))
1788155848: Sending PUBACK to gatewayd-m6-final-38460 (m131, rc0)
1788155848: Received PUBACK from auto-0C3A543C-2601-2003-4968-06C03657EB14 (Mid: 130, RC:0)
1788155848: Received PUBLISH from gatewayd-m6-final-38460 (d0, q1, r0, m132, 'test/m6/final-20260831T135630', ... (336 bytes))
1788155848: Sending PUBLISH to auto-0C3A543C-2601-2003-4968-06C03657EB14 (d0, q1, r0, m132, 'test/m6/final-20260831T135630', ... (336 bytes))
1788155848: Sending PUBACK to gatewayd-m6-final-38460 (m132, rc0)
1788155848: Received PUBACK from auto-0C3A543C-2601-2003-4968-06C03657EB14 (Mid: 131, RC:0)
1788155848: Received PUBLISH from gatewayd-m6-final-38460 (d0, q1, r0, m133, 'test/m6/final-20260831T135630', ... (336 bytes))
1788155848: Sending PUBLISH to auto-0C3A543C-2601-2003-4968-06C03657EB14 (d0, q1, r0, m133, 'test/m6/final-20260831T135630', ... (336 bytes))
1788155848: Sending PUBACK to gatewayd-m6-final-38460 (m133, rc0)
1788155848: Received PUBACK from auto-0C3A543C-2601-2003-4968-06C03657EB14 (Mid: 132, RC:0)
1788155848: Received PUBLISH from gatewayd-m6-final-38460 (d0, q1, r0, m134, 'test/m6/final-20260831T135630', ... (336 bytes))
1788155848: Sending PUBLISH to auto-0C3A543C-2601-2003-4968-06C03657EB14 (d0, q1, r0, m134, 'test/m6/final-20260831T135630', ... (336 bytes))
1788155848: Sending PUBACK to gatewayd-m6-final-38460 (m134, rc0)
1788155848: Received PUBACK from auto-0C3A543C-2601-2003-4968-06C03657EB14 (Mid: 133, RC:0)
1788155848: Received PUBLISH from gatewayd-m6-final-38460 (d0, q1, r0, m135, 'test/m6/final-20260831T135630', ... (336 bytes))
1788155848: Sending PUBLISH to auto-0C3A543C-2601-2003-4968-06C03657EB14 (d0, q1, r0, m135, 'test/m6/final-20260831T135630', ... (336 bytes))
1788155848: Sending PUBACK to gatewayd-m6-final-38460 (m135, rc0)
1788155848: Received PUBACK from auto-0C3A543C-2601-2003-4968-06C03657EB14 (Mid: 134, RC:0)
1788155848: Received PUBLISH from gatewayd-m6-final-38460 (d0, q1, r0, m136, 'test/m6/final-20260831T135630', ... (336 bytes))
1788155848: Sending PUBLISH to auto-0C3A543C-2601-2003-4968-06C03657EB14 (d0, q1, r0, m136, 'test/m6/final-20260831T135630', ... (336 bytes))
1788155848: Sending PUBACK to gatewayd-m6-final-38460 (m136, rc0)
1788155848: Received PUBACK from auto-0C3A543C-2601-2003-4968-06C03657EB14 (Mid: 135, RC:0)
1788155848: Received PUBLISH from gatewayd-m6-final-38460 (d0, q1, r0, m137, 'test/m6/final-20260831T135630', ... (336 bytes))
1788155848: Sending PUBLISH to auto-0C3A543C-2601-2003-4968-06C03657EB14 (d0, q1, r0, m137, 'test/m6/final-20260831T135630', ... (336 bytes))
1788155848: Sending PUBACK to gatewayd-m6-final-38460 (m137, rc0)
1788155848: Received PUBACK from auto-0C3A543C-2601-2003-4968-06C03657EB14 (Mid: 136, RC:0)
1788155848: Received PUBLISH from gatewayd-m6-final-38460 (d0, q1, r0, m138, 'test/m6/final-20260831T135630', ... (336 bytes))
1788155848: Sending PUBLISH to auto-0C3A543C-2601-2003-4968-06C03657EB14 (d0, q1, r0, m138, 'test/m6/final-20260831T135630', ... (336 bytes))
1788155848: Sending PUBACK to gatewayd-m6-final-38460 (m138, rc0)
1788155848: Received PUBACK from auto-0C3A543C-2601-2003-4968-06C03657EB14 (Mid: 137, RC:0)
1788155848: Received PUBLISH from gatewayd-m6-final-38460 (d0, q1, r0, m139, 'test/m6/final-20260831T135630', ... (336 bytes))
1788155848: Sending PUBLISH to auto-0C3A543C-2601-2003-4968-06C03657EB14 (d0, q1, r0, m139, 'test/m6/final-20260831T135630', ... (336 bytes))
1788155848: Sending PUBACK to gatewayd-m6-final-38460 (m139, rc0)
1788155848: Received PUBACK from auto-0C3A543C-2601-2003-4968-06C03657EB14 (Mid: 138, RC:0)
1788155848: Received PUBLISH from gatewayd-m6-final-38460 (d0, q1, r0, m140, 'test/m6/final-20260831T135630', ... (336 bytes))
1788155848: Sending PUBLISH to auto-0C3A543C-2601-2003-4968-06C03657EB14 (d0, q1, r0, m140, 'test/m6/final-20260831T135630', ... (336 bytes))
1788155848: Sending PUBACK to gatewayd-m6-final-38460 (m140, rc0)
1788155848: Received PUBACK from auto-0C3A543C-2601-2003-4968-06C03657EB14 (Mid: 139, RC:0)
1788155848: Received PUBLISH from gatewayd-m6-final-38460 (d0, q1, r0, m141, 'test/m6/final-20260831T135630', ... (336 bytes))
1788155848: Sending PUBLISH to auto-0C3A543C-2601-2003-4968-06C03657EB14 (d0, q1, r0, m141, 'test/m6/final-20260831T135630', ... (336 bytes))
1788155848: Sending PUBACK to gatewayd-m6-final-38460 (m141, rc0)
1788155848: Received PUBACK from auto-0C3A543C-2601-2003-4968-06C03657EB14 (Mid: 140, RC:0)
1788155848: Received PUBLISH from gatewayd-m6-final-38460 (d0, q1, r0, m142, 'test/m6/final-20260831T135630', ... (336 bytes))
1788155848: Sending PUBLISH to auto-0C3A543C-2601-2003-4968-06C03657EB14 (d0, q1, r0, m142, 'test/m6/final-20260831T135630', ... (336 bytes))
1788155848: Sending PUBACK to gatewayd-m6-final-38460 (m142, rc0)
1788155848: Received PUBACK from auto-0C3A543C-2601-2003-4968-06C03657EB14 (Mid: 141, RC:0)
1788155848: Received PUBLISH from gatewayd-m6-final-38460 (d0, q1, r0, m143, 'test/m6/final-20260831T135630', ... (336 bytes))
1788155848: Sending PUBLISH to auto-0C3A543C-2601-2003-4968-06C03657EB14 (d0, q1, r0, m143, 'test/m6/final-20260831T135630', ... (336 bytes))
1788155848: Sending PUBACK to gatewayd-m6-final-38460 (m143, rc0)
1788155848: Received PUBACK from auto-0C3A543C-2601-2003-4968-06C03657EB14 (Mid: 142, RC:0)
1788155848: Received PUBLISH from gatewayd-m6-final-38460 (d0, q1, r0, m144, 'test/m6/final-20260831T135630', ... (336 bytes))
1788155848: Sending PUBLISH to auto-0C3A543C-2601-2003-4968-06C03657EB14 (d0, q1, r0, m144, 'test/m6/final-20260831T135630', ... (336 bytes))
1788155848: Sending PUBACK to gatewayd-m6-final-38460 (m144, rc0)
1788155848: Received PUBACK from auto-0C3A543C-2601-2003-4968-06C03657EB14 (Mid: 143, RC:0)
1788155848: Received PUBLISH from gatewayd-m6-final-38460 (d0, q1, r0, m145, 'test/m6/final-20260831T135630', ... (336 bytes))
1788155848: Sending PUBLISH to auto-0C3A543C-2601-2003-4968-06C03657EB14 (d0, q1, r0, m145, 'test/m6/final-20260831T135630', ... (336 bytes))
1788155848: Sending PUBACK to gatewayd-m6-final-38460 (m145, rc0)
1788155848: Received PUBACK from auto-0C3A543C-2601-2003-4968-06C03657EB14 (Mid: 144, RC:0)
1788155848: Received PUBLISH from gatewayd-m6-final-38460 (d0, q1, r0, m146, 'test/m6/final-20260831T135630', ... (336 bytes))
1788155848: Sending PUBLISH to auto-0C3A543C-2601-2003-4968-06C03657EB14 (d0, q1, r0, m146, 'test/m6/final-20260831T135630', ... (336 bytes))
1788155848: Sending PUBACK to gatewayd-m6-final-38460 (m146, rc0)
1788155848: Received PUBACK from auto-0C3A543C-2601-2003-4968-06C03657EB14 (Mid: 145, RC:0)
1788155848: Received PUBLISH from gatewayd-m6-final-38460 (d0, q1, r0, m147, 'test/m6/final-20260831T135630', ... (336 bytes))
1788155848: Sending PUBLISH to auto-0C3A543C-2601-2003-4968-06C03657EB14 (d0, q1, r0, m147, 'test/m6/final-20260831T135630', ... (336 bytes))
1788155848: Sending PUBACK to gatewayd-m6-final-38460 (m147, rc0)
1788155848: Received PUBACK from auto-0C3A543C-2601-2003-4968-06C03657EB14 (Mid: 146, RC:0)
1788155848: Received PUBLISH from gatewayd-m6-final-38460 (d0, q1, r0, m148, 'test/m6/final-20260831T135630', ... (336 bytes))
1788155848: Sending PUBLISH to auto-0C3A543C-2601-2003-4968-06C03657EB14 (d0, q1, r0, m148, 'test/m6/final-20260831T135630', ... (336 bytes))
1788155848: Sending PUBACK to gatewayd-m6-final-38460 (m148, rc0)
1788155848: Received PUBACK from auto-0C3A543C-2601-2003-4968-06C03657EB14 (Mid: 147, RC:0)
1788155848: Received PUBLISH from gatewayd-m6-final-38460 (d0, q1, r0, m149, 'test/m6/final-20260831T135630', ... (336 bytes))
1788155848: Sending PUBLISH to auto-0C3A543C-2601-2003-4968-06C03657EB14 (d0, q1, r0, m149, 'test/m6/final-20260831T135630', ... (336 bytes))
1788155848: Sending PUBACK to gatewayd-m6-final-38460 (m149, rc0)
1788155848: Received PUBACK from auto-0C3A543C-2601-2003-4968-06C03657EB14 (Mid: 148, RC:0)
1788155848: Received PUBLISH from gatewayd-m6-final-38460 (d0, q1, r0, m150, 'test/m6/final-20260831T135630', ... (336 bytes))
1788155848: Sending PUBLISH to auto-0C3A543C-2601-2003-4968-06C03657EB14 (d0, q1, r0, m150, 'test/m6/final-20260831T135630', ... (336 bytes))
1788155848: Sending PUBACK to gatewayd-m6-final-38460 (m150, rc0)
1788155848: Received PUBACK from auto-0C3A543C-2601-2003-4968-06C03657EB14 (Mid: 149, RC:0)
1788155848: Received PUBLISH from gatewayd-m6-final-38460 (d0, q1, r0, m151, 'test/m6/final-20260831T135630', ... (336 bytes))
1788155848: Sending PUBLISH to auto-0C3A543C-2601-2003-4968-06C03657EB14 (d0, q1, r0, m151, 'test/m6/final-20260831T135630', ... (336 bytes))
1788155848: Sending PUBACK to gatewayd-m6-final-38460 (m151, rc0)
1788155848: Received PUBACK from auto-0C3A543C-2601-2003-4968-06C03657EB14 (Mid: 150, RC:0)
1788155848: Received PUBLISH from gatewayd-m6-final-38460 (d0, q1, r0, m152, 'test/m6/final-20260831T135630', ... (336 bytes))
1788155848: Sending PUBLISH to auto-0C3A543C-2601-2003-4968-06C03657EB14 (d0, q1, r0, m152, 'test/m6/final-20260831T135630', ... (336 bytes))
1788155848: Sending PUBACK to gatewayd-m6-final-38460 (m152, rc0)
1788155848: Received PUBACK from auto-0C3A543C-2601-2003-4968-06C03657EB14 (Mid: 151, RC:0)
1788155848: Received PUBLISH from gatewayd-m6-final-38460 (d0, q1, r0, m153, 'test/m6/final-20260831T135630', ... (336 bytes))
1788155848: Sending PUBLISH to auto-0C3A543C-2601-2003-4968-06C03657EB14 (d0, q1, r0, m153, 'test/m6/final-20260831T135630', ... (336 bytes))
1788155848: Sending PUBACK to gatewayd-m6-final-38460 (m153, rc0)
1788155848: Received PUBACK from auto-0C3A543C-2601-2003-4968-06C03657EB14 (Mid: 152, RC:0)
1788155848: Received PUBLISH from gatewayd-m6-final-38460 (d0, q1, r0, m154, 'test/m6/final-20260831T135630', ... (336 bytes))
1788155848: Sending PUBLISH to auto-0C3A543C-2601-2003-4968-06C03657EB14 (d0, q1, r0, m154, 'test/m6/final-20260831T135630', ... (336 bytes))
1788155848: Sending PUBACK to gatewayd-m6-final-38460 (m154, rc0)
1788155848: Received PUBACK from auto-0C3A543C-2601-2003-4968-06C03657EB14 (Mid: 153, RC:0)
1788155848: Received PUBLISH from gatewayd-m6-final-38460 (d0, q1, r0, m155, 'test/m6/final-20260831T135630', ... (336 bytes))
1788155848: Sending PUBLISH to auto-0C3A543C-2601-2003-4968-06C03657EB14 (d0, q1, r0, m155, 'test/m6/final-20260831T135630', ... (336 bytes))
1788155848: Sending PUBACK to gatewayd-m6-final-38460 (m155, rc0)
1788155848: Received PUBACK from auto-0C3A543C-2601-2003-4968-06C03657EB14 (Mid: 154, RC:0)
1788155848: Received PUBLISH from gatewayd-m6-final-38460 (d0, q1, r0, m156, 'test/m6/final-20260831T135630', ... (336 bytes))
1788155848: Sending PUBLISH to auto-0C3A543C-2601-2003-4968-06C03657EB14 (d0, q1, r0, m156, 'test/m6/final-20260831T135630', ... (336 bytes))
1788155848: Sending PUBACK to gatewayd-m6-final-38460 (m156, rc0)
1788155848: Received PUBACK from auto-0C3A543C-2601-2003-4968-06C03657EB14 (Mid: 155, RC:0)
1788155848: Received PUBLISH from gatewayd-m6-final-38460 (d0, q1, r0, m157, 'test/m6/final-20260831T135630', ... (336 bytes))
1788155848: Sending PUBLISH to auto-0C3A543C-2601-2003-4968-06C03657EB14 (d0, q1, r0, m157, 'test/m6/final-20260831T135630', ... (336 bytes))
1788155848: Sending PUBACK to gatewayd-m6-final-38460 (m157, rc0)
1788155848: Received PUBACK from auto-0C3A543C-2601-2003-4968-06C03657EB14 (Mid: 156, RC:0)
1788155848: Received PUBLISH from gatewayd-m6-final-38460 (d0, q1, r0, m158, 'test/m6/final-20260831T135630', ... (336 bytes))
1788155848: Sending PUBLISH to auto-0C3A543C-2601-2003-4968-06C03657EB14 (d0, q1, r0, m158, 'test/m6/final-20260831T135630', ... (336 bytes))
1788155848: Sending PUBACK to gatewayd-m6-final-38460 (m158, rc0)
1788155848: Received PUBACK from auto-0C3A543C-2601-2003-4968-06C03657EB14 (Mid: 157, RC:0)
1788155848: Received PUBLISH from gatewayd-m6-final-38460 (d0, q1, r0, m159, 'test/m6/final-20260831T135630', ... (336 bytes))
1788155848: Sending PUBLISH to auto-0C3A543C-2601-2003-4968-06C03657EB14 (d0, q1, r0, m159, 'test/m6/final-20260831T135630', ... (336 bytes))
1788155848: Sending PUBACK to gatewayd-m6-final-38460 (m159, rc0)
1788155848: Received PUBACK from auto-0C3A543C-2601-2003-4968-06C03657EB14 (Mid: 158, RC:0)
1788155848: Received PUBLISH from gatewayd-m6-final-38460 (d0, q1, r0, m160, 'test/m6/final-20260831T135630', ... (336 bytes))
1788155848: Sending PUBLISH to auto-0C3A543C-2601-2003-4968-06C03657EB14 (d0, q1, r0, m160, 'test/m6/final-20260831T135630', ... (336 bytes))
1788155848: Sending PUBACK to gatewayd-m6-final-38460 (m160, rc0)
1788155848: Received PUBACK from auto-0C3A543C-2601-2003-4968-06C03657EB14 (Mid: 159, RC:0)
1788155848: Received PUBLISH from gatewayd-m6-final-38460 (d0, q1, r0, m161, 'test/m6/final-20260831T135630', ... (336 bytes))
1788155848: Sending PUBLISH to auto-0C3A543C-2601-2003-4968-06C03657EB14 (d0, q1, r0, m161, 'test/m6/final-20260831T135630', ... (336 bytes))
1788155848: Sending PUBACK to gatewayd-m6-final-38460 (m161, rc0)
1788155848: Received PUBACK from auto-0C3A543C-2601-2003-4968-06C03657EB14 (Mid: 160, RC:0)
1788155848: Received PUBLISH from gatewayd-m6-final-38460 (d0, q1, r0, m162, 'test/m6/final-20260831T135630', ... (336 bytes))
1788155848: Sending PUBLISH to auto-0C3A543C-2601-2003-4968-06C03657EB14 (d0, q1, r0, m162, 'test/m6/final-20260831T135630', ... (336 bytes))
1788155848: Sending PUBACK to gatewayd-m6-final-38460 (m162, rc0)
1788155848: Received PUBACK from auto-0C3A543C-2601-2003-4968-06C03657EB14 (Mid: 161, RC:0)
1788155848: Received PUBLISH from gatewayd-m6-final-38460 (d0, q1, r0, m163, 'test/m6/final-20260831T135630', ... (336 bytes))
1788155848: Sending PUBLISH to auto-0C3A543C-2601-2003-4968-06C03657EB14 (d0, q1, r0, m163, 'test/m6/final-20260831T135630', ... (336 bytes))
1788155848: Sending PUBACK to gatewayd-m6-final-38460 (m163, rc0)
1788155848: Received PUBACK from auto-0C3A543C-2601-2003-4968-06C03657EB14 (Mid: 162, RC:0)
1788155848: Received PUBLISH from gatewayd-m6-final-38460 (d0, q1, r0, m164, 'test/m6/final-20260831T135630', ... (336 bytes))
1788155848: Sending PUBLISH to auto-0C3A543C-2601-2003-4968-06C03657EB14 (d0, q1, r0, m164, 'test/m6/final-20260831T135630', ... (336 bytes))
1788155848: Sending PUBACK to gatewayd-m6-final-38460 (m164, rc0)
1788155848: Received PUBACK from auto-0C3A543C-2601-2003-4968-06C03657EB14 (Mid: 163, RC:0)
1788155848: Received PUBLISH from gatewayd-m6-final-38460 (d0, q1, r0, m165, 'test/m6/final-20260831T135630', ... (336 bytes))
1788155848: Sending PUBLISH to auto-0C3A543C-2601-2003-4968-06C03657EB14 (d0, q1, r0, m165, 'test/m6/final-20260831T135630', ... (336 bytes))
1788155848: Sending PUBACK to gatewayd-m6-final-38460 (m165, rc0)
1788155848: Received PUBACK from auto-0C3A543C-2601-2003-4968-06C03657EB14 (Mid: 164, RC:0)
1788155848: Received PUBLISH from gatewayd-m6-final-38460 (d0, q1, r0, m166, 'test/m6/final-20260831T135630', ... (336 bytes))
1788155848: Sending PUBLISH to auto-0C3A543C-2601-2003-4968-06C03657EB14 (d0, q1, r0, m166, 'test/m6/final-20260831T135630', ... (336 bytes))
1788155848: Sending PUBACK to gatewayd-m6-final-38460 (m166, rc0)
1788155848: Received PUBACK from auto-0C3A543C-2601-2003-4968-06C03657EB14 (Mid: 165, RC:0)
1788155848: Received PUBLISH from gatewayd-m6-final-38460 (d0, q1, r0, m167, 'test/m6/final-20260831T135630', ... (336 bytes))
1788155848: Sending PUBLISH to auto-0C3A543C-2601-2003-4968-06C03657EB14 (d0, q1, r0, m167, 'test/m6/final-20260831T135630', ... (336 bytes))
1788155848: Sending PUBACK to gatewayd-m6-final-38460 (m167, rc0)
1788155848: Received PUBACK from auto-0C3A543C-2601-2003-4968-06C03657EB14 (Mid: 166, RC:0)
1788155848: Received PUBLISH from gatewayd-m6-final-38460 (d0, q1, r0, m168, 'test/m6/final-20260831T135630', ... (336 bytes))
1788155848: Sending PUBLISH to auto-0C3A543C-2601-2003-4968-06C03657EB14 (d0, q1, r0, m168, 'test/m6/final-20260831T135630', ... (336 bytes))
1788155848: Sending PUBACK to gatewayd-m6-final-38460 (m168, rc0)
1788155848: Received PUBACK from auto-0C3A543C-2601-2003-4968-06C03657EB14 (Mid: 167, RC:0)
1788155848: Received PUBLISH from gatewayd-m6-final-38460 (d0, q1, r0, m169, 'test/m6/final-20260831T135630', ... (336 bytes))
1788155848: Sending PUBLISH to auto-0C3A543C-2601-2003-4968-06C03657EB14 (d0, q1, r0, m169, 'test/m6/final-20260831T135630', ... (336 bytes))
1788155848: Sending PUBACK to gatewayd-m6-final-38460 (m169, rc0)
1788155848: Received PUBACK from auto-0C3A543C-2601-2003-4968-06C03657EB14 (Mid: 168, RC:0)
1788155848: Received PUBLISH from gatewayd-m6-final-38460 (d0, q1, r0, m170, 'test/m6/final-20260831T135630', ... (336 bytes))
1788155848: Sending PUBLISH to auto-0C3A543C-2601-2003-4968-06C03657EB14 (d0, q1, r0, m170, 'test/m6/final-20260831T135630', ... (336 bytes))
1788155848: Sending PUBACK to gatewayd-m6-final-38460 (m170, rc0)
1788155848: Received PUBACK from auto-0C3A543C-2601-2003-4968-06C03657EB14 (Mid: 169, RC:0)
1788155848: Received PUBLISH from gatewayd-m6-final-38460 (d0, q1, r0, m171, 'test/m6/final-20260831T135630', ... (336 bytes))
1788155848: Sending PUBLISH to auto-0C3A543C-2601-2003-4968-06C03657EB14 (d0, q1, r0, m171, 'test/m6/final-20260831T135630', ... (336 bytes))
1788155848: Sending PUBACK to gatewayd-m6-final-38460 (m171, rc0)
1788155848: Received PUBACK from auto-0C3A543C-2601-2003-4968-06C03657EB14 (Mid: 170, RC:0)
1788155848: Received PUBLISH from gatewayd-m6-final-38460 (d0, q1, r0, m172, 'test/m6/final-20260831T135630', ... (336 bytes))
1788155848: Sending PUBLISH to auto-0C3A543C-2601-2003-4968-06C03657EB14 (d0, q1, r0, m172, 'test/m6/final-20260831T135630', ... (336 bytes))
1788155848: Sending PUBACK to gatewayd-m6-final-38460 (m172, rc0)
1788155848: Received PUBACK from auto-0C3A543C-2601-2003-4968-06C03657EB14 (Mid: 171, RC:0)
1788155848: Received PUBLISH from gatewayd-m6-final-38460 (d0, q1, r0, m173, 'test/m6/final-20260831T135630', ... (336 bytes))
1788155848: Sending PUBLISH to auto-0C3A543C-2601-2003-4968-06C03657EB14 (d0, q1, r0, m173, 'test/m6/final-20260831T135630', ... (336 bytes))
1788155848: Sending PUBACK to gatewayd-m6-final-38460 (m173, rc0)
1788155848: Received PUBACK from auto-0C3A543C-2601-2003-4968-06C03657EB14 (Mid: 172, RC:0)
1788155848: Received PUBLISH from gatewayd-m6-final-38460 (d0, q1, r0, m174, 'test/m6/final-20260831T135630', ... (336 bytes))
1788155848: Sending PUBLISH to auto-0C3A543C-2601-2003-4968-06C03657EB14 (d0, q1, r0, m174, 'test/m6/final-20260831T135630', ... (336 bytes))
1788155848: Sending PUBACK to gatewayd-m6-final-38460 (m174, rc0)
1788155848: Received PUBACK from auto-0C3A543C-2601-2003-4968-06C03657EB14 (Mid: 173, RC:0)
1788155848: Received PUBLISH from gatewayd-m6-final-38460 (d0, q1, r0, m175, 'test/m6/final-20260831T135630', ... (336 bytes))
1788155848: Sending PUBLISH to auto-0C3A543C-2601-2003-4968-06C03657EB14 (d0, q1, r0, m175, 'test/m6/final-20260831T135630', ... (336 bytes))
1788155848: Sending PUBACK to gatewayd-m6-final-38460 (m175, rc0)
1788155848: Received PUBACK from auto-0C3A543C-2601-2003-4968-06C03657EB14 (Mid: 174, RC:0)
1788155848: Received PUBLISH from gatewayd-m6-final-38460 (d0, q1, r0, m176, 'test/m6/final-20260831T135630', ... (336 bytes))
1788155848: Sending PUBLISH to auto-0C3A543C-2601-2003-4968-06C03657EB14 (d0, q1, r0, m176, 'test/m6/final-20260831T135630', ... (336 bytes))
1788155848: Sending PUBACK to gatewayd-m6-final-38460 (m176, rc0)
1788155848: Received PUBACK from auto-0C3A543C-2601-2003-4968-06C03657EB14 (Mid: 175, RC:0)
1788155848: Received PUBLISH from gatewayd-m6-final-38460 (d0, q1, r0, m177, 'test/m6/final-20260831T135630', ... (336 bytes))
1788155848: Sending PUBLISH to auto-0C3A543C-2601-2003-4968-06C03657EB14 (d0, q1, r0, m177, 'test/m6/final-20260831T135630', ... (336 bytes))
1788155848: Sending PUBACK to gatewayd-m6-final-38460 (m177, rc0)
1788155848: Received PUBACK from auto-0C3A543C-2601-2003-4968-06C03657EB14 (Mid: 176, RC:0)
1788155848: Received PUBLISH from gatewayd-m6-final-38460 (d0, q1, r0, m178, 'test/m6/final-20260831T135630', ... (336 bytes))
1788155848: Sending PUBLISH to auto-0C3A543C-2601-2003-4968-06C03657EB14 (d0, q1, r0, m178, 'test/m6/final-20260831T135630', ... (336 bytes))
1788155848: Sending PUBACK to gatewayd-m6-final-38460 (m178, rc0)
1788155848: Received PUBACK from auto-0C3A543C-2601-2003-4968-06C03657EB14 (Mid: 177, RC:0)
1788155848: Received PUBLISH from gatewayd-m6-final-38460 (d0, q1, r0, m179, 'test/m6/final-20260831T135630', ... (336 bytes))
1788155848: Sending PUBLISH to auto-0C3A543C-2601-2003-4968-06C03657EB14 (d0, q1, r0, m179, 'test/m6/final-20260831T135630', ... (336 bytes))
1788155848: Sending PUBACK to gatewayd-m6-final-38460 (m179, rc0)
1788155848: Received PUBACK from auto-0C3A543C-2601-2003-4968-06C03657EB14 (Mid: 178, RC:0)
1788155848: Received PUBLISH from gatewayd-m6-final-38460 (d0, q1, r0, m180, 'test/m6/final-20260831T135630', ... (336 bytes))
1788155848: Sending PUBLISH to auto-0C3A543C-2601-2003-4968-06C03657EB14 (d0, q1, r0, m180, 'test/m6/final-20260831T135630', ... (336 bytes))
1788155848: Sending PUBACK to gatewayd-m6-final-38460 (m180, rc0)
1788155848: Received PUBACK from auto-0C3A543C-2601-2003-4968-06C03657EB14 (Mid: 179, RC:0)
1788155848: Received PUBLISH from gatewayd-m6-final-38460 (d0, q1, r0, m181, 'test/m6/final-20260831T135630', ... (336 bytes))
1788155848: Sending PUBLISH to auto-0C3A543C-2601-2003-4968-06C03657EB14 (d0, q1, r0, m181, 'test/m6/final-20260831T135630', ... (336 bytes))
1788155848: Sending PUBACK to gatewayd-m6-final-38460 (m181, rc0)
1788155848: Received PUBACK from auto-0C3A543C-2601-2003-4968-06C03657EB14 (Mid: 180, RC:0)
1788155848: Received PUBLISH from gatewayd-m6-final-38460 (d0, q1, r0, m182, 'test/m6/final-20260831T135630', ... (336 bytes))
1788155848: Sending PUBLISH to auto-0C3A543C-2601-2003-4968-06C03657EB14 (d0, q1, r0, m182, 'test/m6/final-20260831T135630', ... (336 bytes))
1788155848: Sending PUBACK to gatewayd-m6-final-38460 (m182, rc0)
1788155848: Received PUBACK from auto-0C3A543C-2601-2003-4968-06C03657EB14 (Mid: 181, RC:0)
1788155848: Received PUBLISH from gatewayd-m6-final-38460 (d0, q1, r0, m183, 'test/m6/final-20260831T135630', ... (336 bytes))
1788155848: Sending PUBLISH to auto-0C3A543C-2601-2003-4968-06C03657EB14 (d0, q1, r0, m183, 'test/m6/final-20260831T135630', ... (336 bytes))
1788155848: Sending PUBACK to gatewayd-m6-final-38460 (m183, rc0)
1788155848: Received PUBACK from auto-0C3A543C-2601-2003-4968-06C03657EB14 (Mid: 182, RC:0)
1788155848: Received PUBLISH from gatewayd-m6-final-38460 (d0, q1, r0, m184, 'test/m6/final-20260831T135630', ... (336 bytes))
1788155848: Sending PUBLISH to auto-0C3A543C-2601-2003-4968-06C03657EB14 (d0, q1, r0, m184, 'test/m6/final-20260831T135630', ... (336 bytes))
1788155848: Sending PUBACK to gatewayd-m6-final-38460 (m184, rc0)
1788155848: Received PUBACK from auto-0C3A543C-2601-2003-4968-06C03657EB14 (Mid: 183, RC:0)
1788155848: Received PUBLISH from gatewayd-m6-final-38460 (d0, q1, r0, m185, 'test/m6/final-20260831T135630', ... (336 bytes))
1788155848: Sending PUBLISH to auto-0C3A543C-2601-2003-4968-06C03657EB14 (d0, q1, r0, m185, 'test/m6/final-20260831T135630', ... (336 bytes))
1788155848: Sending PUBACK to gatewayd-m6-final-38460 (m185, rc0)
1788155848: Received PUBACK from auto-0C3A543C-2601-2003-4968-06C03657EB14 (Mid: 184, RC:0)
1788155848: Received PUBLISH from gatewayd-m6-final-38460 (d0, q1, r0, m186, 'test/m6/final-20260831T135630', ... (336 bytes))
1788155848: Sending PUBLISH to auto-0C3A543C-2601-2003-4968-06C03657EB14 (d0, q1, r0, m186, 'test/m6/final-20260831T135630', ... (336 bytes))
1788155848: Sending PUBACK to gatewayd-m6-final-38460 (m186, rc0)
1788155848: Received PUBACK from auto-0C3A543C-2601-2003-4968-06C03657EB14 (Mid: 185, RC:0)
1788155848: Received PUBLISH from gatewayd-m6-final-38460 (d0, q1, r0, m187, 'test/m6/final-20260831T135630', ... (336 bytes))
1788155848: Sending PUBLISH to auto-0C3A543C-2601-2003-4968-06C03657EB14 (d0, q1, r0, m187, 'test/m6/final-20260831T135630', ... (336 bytes))
1788155848: Sending PUBACK to gatewayd-m6-final-38460 (m187, rc0)
1788155848: Received PUBACK from auto-0C3A543C-2601-2003-4968-06C03657EB14 (Mid: 186, RC:0)
1788155848: Received PUBLISH from gatewayd-m6-final-38460 (d0, q1, r0, m188, 'test/m6/final-20260831T135630', ... (336 bytes))
1788155848: Sending PUBLISH to auto-0C3A543C-2601-2003-4968-06C03657EB14 (d0, q1, r0, m188, 'test/m6/final-20260831T135630', ... (336 bytes))
1788155848: Sending PUBACK to gatewayd-m6-final-38460 (m188, rc0)
1788155848: Received PUBACK from auto-0C3A543C-2601-2003-4968-06C03657EB14 (Mid: 187, RC:0)
1788155848: Received PUBLISH from gatewayd-m6-final-38460 (d0, q1, r0, m189, 'test/m6/final-20260831T135630', ... (336 bytes))
1788155848: Sending PUBLISH to auto-0C3A543C-2601-2003-4968-06C03657EB14 (d0, q1, r0, m189, 'test/m6/final-20260831T135630', ... (336 bytes))
1788155848: Sending PUBACK to gatewayd-m6-final-38460 (m189, rc0)
1788155848: Received PUBACK from auto-0C3A543C-2601-2003-4968-06C03657EB14 (Mid: 188, RC:0)
1788155848: Received PUBLISH from gatewayd-m6-final-38460 (d0, q1, r0, m190, 'test/m6/final-20260831T135630', ... (336 bytes))
1788155848: Sending PUBLISH to auto-0C3A543C-2601-2003-4968-06C03657EB14 (d0, q1, r0, m190, 'test/m6/final-20260831T135630', ... (336 bytes))
1788155848: Sending PUBACK to gatewayd-m6-final-38460 (m190, rc0)
1788155848: Received PUBACK from auto-0C3A543C-2601-2003-4968-06C03657EB14 (Mid: 189, RC:0)
1788155848: Received PUBLISH from gatewayd-m6-final-38460 (d0, q1, r0, m191, 'test/m6/final-20260831T135630', ... (336 bytes))
1788155848: Sending PUBLISH to auto-0C3A543C-2601-2003-4968-06C03657EB14 (d0, q1, r0, m191, 'test/m6/final-20260831T135630', ... (336 bytes))
1788155848: Sending PUBACK to gatewayd-m6-final-38460 (m191, rc0)
1788155848: Received PUBACK from auto-0C3A543C-2601-2003-4968-06C03657EB14 (Mid: 190, RC:0)
1788155848: Received PUBLISH from gatewayd-m6-final-38460 (d0, q1, r0, m192, 'test/m6/final-20260831T135630', ... (336 bytes))
1788155848: Sending PUBLISH to auto-0C3A543C-2601-2003-4968-06C03657EB14 (d0, q1, r0, m192, 'test/m6/final-20260831T135630', ... (336 bytes))
1788155848: Sending PUBACK to gatewayd-m6-final-38460 (m192, rc0)
1788155848: Received PUBACK from auto-0C3A543C-2601-2003-4968-06C03657EB14 (Mid: 191, RC:0)
1788155848: Received PUBLISH from gatewayd-m6-final-38460 (d0, q1, r0, m193, 'test/m6/final-20260831T135630', ... (336 bytes))
1788155848: Sending PUBLISH to auto-0C3A543C-2601-2003-4968-06C03657EB14 (d0, q1, r0, m193, 'test/m6/final-20260831T135630', ... (336 bytes))
1788155848: Sending PUBACK to gatewayd-m6-final-38460 (m193, rc0)
1788155848: Received PUBACK from auto-0C3A543C-2601-2003-4968-06C03657EB14 (Mid: 192, RC:0)
1788155848: Received PUBLISH from gatewayd-m6-final-38460 (d0, q1, r0, m194, 'test/m6/final-20260831T135630', ... (336 bytes))
1788155848: Sending PUBLISH to auto-0C3A543C-2601-2003-4968-06C03657EB14 (d0, q1, r0, m194, 'test/m6/final-20260831T135630', ... (336 bytes))
1788155848: Sending PUBACK to gatewayd-m6-final-38460 (m194, rc0)
1788155848: Received PUBACK from auto-0C3A543C-2601-2003-4968-06C03657EB14 (Mid: 193, RC:0)
1788155848: Received PUBLISH from gatewayd-m6-final-38460 (d0, q1, r0, m195, 'test/m6/final-20260831T135630', ... (336 bytes))
1788155848: Sending PUBLISH to auto-0C3A543C-2601-2003-4968-06C03657EB14 (d0, q1, r0, m195, 'test/m6/final-20260831T135630', ... (336 bytes))
1788155848: Sending PUBACK to gatewayd-m6-final-38460 (m195, rc0)
1788155848: Received PUBACK from auto-0C3A543C-2601-2003-4968-06C03657EB14 (Mid: 194, RC:0)
1788155848: Received PUBLISH from gatewayd-m6-final-38460 (d0, q1, r0, m196, 'test/m6/final-20260831T135630', ... (336 bytes))
1788155848: Sending PUBLISH to auto-0C3A543C-2601-2003-4968-06C03657EB14 (d0, q1, r0, m196, 'test/m6/final-20260831T135630', ... (336 bytes))
1788155848: Sending PUBACK to gatewayd-m6-final-38460 (m196, rc0)
1788155848: Received PUBACK from auto-0C3A543C-2601-2003-4968-06C03657EB14 (Mid: 195, RC:0)
1788155848: Received PUBLISH from gatewayd-m6-final-38460 (d0, q1, r0, m197, 'test/m6/final-20260831T135630', ... (336 bytes))
1788155848: Sending PUBLISH to auto-0C3A543C-2601-2003-4968-06C03657EB14 (d0, q1, r0, m197, 'test/m6/final-20260831T135630', ... (336 bytes))
1788155848: Sending PUBACK to gatewayd-m6-final-38460 (m197, rc0)
1788155848: Received PUBACK from auto-0C3A543C-2601-2003-4968-06C03657EB14 (Mid: 196, RC:0)
1788155848: Received PUBLISH from gatewayd-m6-final-38460 (d0, q1, r0, m198, 'test/m6/final-20260831T135630', ... (336 bytes))
1788155848: Sending PUBLISH to auto-0C3A543C-2601-2003-4968-06C03657EB14 (d0, q1, r0, m198, 'test/m6/final-20260831T135630', ... (336 bytes))
1788155848: Sending PUBACK to gatewayd-m6-final-38460 (m198, rc0)
1788155848: Received PUBACK from auto-0C3A543C-2601-2003-4968-06C03657EB14 (Mid: 197, RC:0)
1788155848: Received PUBLISH from gatewayd-m6-final-38460 (d0, q1, r0, m199, 'test/m6/final-20260831T135630', ... (336 bytes))
1788155848: Sending PUBLISH to auto-0C3A543C-2601-2003-4968-06C03657EB14 (d0, q1, r0, m199, 'test/m6/final-20260831T135630', ... (336 bytes))
1788155848: Sending PUBACK to gatewayd-m6-final-38460 (m199, rc0)
1788155848: Received PUBACK from auto-0C3A543C-2601-2003-4968-06C03657EB14 (Mid: 198, RC:0)
1788155848: Received PUBLISH from gatewayd-m6-final-38460 (d0, q1, r0, m200, 'test/m6/final-20260831T135630', ... (336 bytes))
1788155848: Sending PUBLISH to auto-0C3A543C-2601-2003-4968-06C03657EB14 (d0, q1, r0, m200, 'test/m6/final-20260831T135630', ... (336 bytes))
1788155848: Sending PUBACK to gatewayd-m6-final-38460 (m200, rc0)
1788155848: Received PUBLISH from gatewayd-m6-final-38460 (d0, q1, r0, m201, 'test/m6/final-20260831T135630', ... (336 bytes))
1788155848: Sending PUBLISH to auto-0C3A543C-2601-2003-4968-06C03657EB14 (d0, q1, r0, m201, 'test/m6/final-20260831T135630', ... (336 bytes))
1788155848: Sending PUBACK to gatewayd-m6-final-38460 (m201, rc0)
1788155848: Received PUBACK from auto-0C3A543C-2601-2003-4968-06C03657EB14 (Mid: 199, RC:0)
1788155848: Received PUBACK from auto-0C3A543C-2601-2003-4968-06C03657EB14 (Mid: 200, RC:0)
1788155848: Received PUBLISH from gatewayd-m6-final-38460 (d0, q1, r0, m202, 'test/m6/final-20260831T135630', ... (336 bytes))
1788155848: Sending PUBLISH to auto-0C3A543C-2601-2003-4968-06C03657EB14 (d0, q1, r0, m202, 'test/m6/final-20260831T135630', ... (336 bytes))
1788155848: Sending PUBACK to gatewayd-m6-final-38460 (m202, rc0)
1788155848: Received PUBACK from auto-0C3A543C-2601-2003-4968-06C03657EB14 (Mid: 201, RC:0)
1788155848: Received PUBLISH from gatewayd-m6-final-38460 (d0, q1, r0, m203, 'test/m6/final-20260831T135630', ... (336 bytes))
1788155848: Sending PUBLISH to auto-0C3A543C-2601-2003-4968-06C03657EB14 (d0, q1, r0, m203, 'test/m6/final-20260831T135630', ... (336 bytes))
1788155848: Sending PUBACK to gatewayd-m6-final-38460 (m203, rc0)
1788155848: Received PUBACK from auto-0C3A543C-2601-2003-4968-06C03657EB14 (Mid: 202, RC:0)
1788155848: Received PUBLISH from gatewayd-m6-final-38460 (d0, q1, r0, m204, 'test/m6/final-20260831T135630', ... (336 bytes))
1788155848: Sending PUBLISH to auto-0C3A543C-2601-2003-4968-06C03657EB14 (d0, q1, r0, m204, 'test/m6/final-20260831T135630', ... (336 bytes))
1788155848: Sending PUBACK to gatewayd-m6-final-38460 (m204, rc0)
1788155848: Received PUBACK from auto-0C3A543C-2601-2003-4968-06C03657EB14 (Mid: 203, RC:0)
1788155848: Received PUBLISH from gatewayd-m6-final-38460 (d0, q1, r0, m205, 'test/m6/final-20260831T135630', ... (336 bytes))
1788155848: Sending PUBLISH to auto-0C3A543C-2601-2003-4968-06C03657EB14 (d0, q1, r0, m205, 'test/m6/final-20260831T135630', ... (336 bytes))
1788155848: Sending PUBACK to gatewayd-m6-final-38460 (m205, rc0)
1788155848: Received PUBACK from auto-0C3A543C-2601-2003-4968-06C03657EB14 (Mid: 204, RC:0)
1788155848: Received PUBLISH from gatewayd-m6-final-38460 (d0, q1, r0, m206, 'test/m6/final-20260831T135630', ... (336 bytes))
1788155848: Sending PUBLISH to auto-0C3A543C-2601-2003-4968-06C03657EB14 (d0, q1, r0, m206, 'test/m6/final-20260831T135630', ... (336 bytes))
1788155848: Sending PUBACK to gatewayd-m6-final-38460 (m206, rc0)
1788155848: Received PUBACK from auto-0C3A543C-2601-2003-4968-06C03657EB14 (Mid: 205, RC:0)
1788155848: Received PUBLISH from gatewayd-m6-final-38460 (d0, q1, r0, m207, 'test/m6/final-20260831T135630', ... (336 bytes))
1788155848: Sending PUBLISH to auto-0C3A543C-2601-2003-4968-06C03657EB14 (d0, q1, r0, m207, 'test/m6/final-20260831T135630', ... (336 bytes))
1788155848: Sending PUBACK to gatewayd-m6-final-38460 (m207, rc0)
1788155848: Received PUBACK from auto-0C3A543C-2601-2003-4968-06C03657EB14 (Mid: 206, RC:0)
1788155848: Received PUBLISH from gatewayd-m6-final-38460 (d0, q1, r0, m208, 'test/m6/final-20260831T135630', ... (336 bytes))
1788155848: Sending PUBLISH to auto-0C3A543C-2601-2003-4968-06C03657EB14 (d0, q1, r0, m208, 'test/m6/final-20260831T135630', ... (336 bytes))
1788155848: Sending PUBACK to gatewayd-m6-final-38460 (m208, rc0)
1788155848: Received PUBACK from auto-0C3A543C-2601-2003-4968-06C03657EB14 (Mid: 207, RC:0)
1788155848: Received PUBLISH from gatewayd-m6-final-38460 (d0, q1, r0, m209, 'test/m6/final-20260831T135630', ... (336 bytes))
1788155848: Sending PUBLISH to auto-0C3A543C-2601-2003-4968-06C03657EB14 (d0, q1, r0, m209, 'test/m6/final-20260831T135630', ... (336 bytes))
1788155848: Sending PUBACK to gatewayd-m6-final-38460 (m209, rc0)
1788155848: Received PUBACK from auto-0C3A543C-2601-2003-4968-06C03657EB14 (Mid: 208, RC:0)
1788155848: Received PUBLISH from gatewayd-m6-final-38460 (d0, q1, r0, m210, 'test/m6/final-20260831T135630', ... (336 bytes))
1788155848: Sending PUBLISH to auto-0C3A543C-2601-2003-4968-06C03657EB14 (d0, q1, r0, m210, 'test/m6/final-20260831T135630', ... (336 bytes))
1788155848: Sending PUBACK to gatewayd-m6-final-38460 (m210, rc0)
1788155848: Received PUBACK from auto-0C3A543C-2601-2003-4968-06C03657EB14 (Mid: 209, RC:0)
1788155848: Received PUBLISH from gatewayd-m6-final-38460 (d0, q1, r0, m211, 'test/m6/final-20260831T135630', ... (336 bytes))
1788155848: Sending PUBLISH to auto-0C3A543C-2601-2003-4968-06C03657EB14 (d0, q1, r0, m211, 'test/m6/final-20260831T135630', ... (336 bytes))
1788155848: Sending PUBACK to gatewayd-m6-final-38460 (m211, rc0)
1788155848: Received PUBACK from auto-0C3A543C-2601-2003-4968-06C03657EB14 (Mid: 210, RC:0)
1788155848: Received PUBLISH from gatewayd-m6-final-38460 (d0, q1, r0, m212, 'test/m6/final-20260831T135630', ... (336 bytes))
1788155848: Sending PUBLISH to auto-0C3A543C-2601-2003-4968-06C03657EB14 (d0, q1, r0, m212, 'test/m6/final-20260831T135630', ... (336 bytes))
1788155848: Sending PUBACK to gatewayd-m6-final-38460 (m212, rc0)
1788155848: Received PUBACK from auto-0C3A543C-2601-2003-4968-06C03657EB14 (Mid: 211, RC:0)
1788155848: Received PUBLISH from gatewayd-m6-final-38460 (d0, q1, r0, m213, 'test/m6/final-20260831T135630', ... (336 bytes))
1788155848: Sending PUBLISH to auto-0C3A543C-2601-2003-4968-06C03657EB14 (d0, q1, r0, m213, 'test/m6/final-20260831T135630', ... (336 bytes))
1788155848: Sending PUBACK to gatewayd-m6-final-38460 (m213, rc0)
1788155848: Received PUBACK from auto-0C3A543C-2601-2003-4968-06C03657EB14 (Mid: 212, RC:0)
1788155848: Received PUBLISH from gatewayd-m6-final-38460 (d0, q1, r0, m214, 'test/m6/final-20260831T135630', ... (336 bytes))
1788155848: Sending PUBLISH to auto-0C3A543C-2601-2003-4968-06C03657EB14 (d0, q1, r0, m214, 'test/m6/final-20260831T135630', ... (336 bytes))
1788155848: Sending PUBACK to gatewayd-m6-final-38460 (m214, rc0)
1788155848: Received PUBACK from auto-0C3A543C-2601-2003-4968-06C03657EB14 (Mid: 213, RC:0)
1788155848: Received PUBLISH from gatewayd-m6-final-38460 (d0, q1, r0, m215, 'test/m6/final-20260831T135630', ... (336 bytes))
1788155848: Sending PUBLISH to auto-0C3A543C-2601-2003-4968-06C03657EB14 (d0, q1, r0, m215, 'test/m6/final-20260831T135630', ... (336 bytes))
1788155848: Sending PUBACK to gatewayd-m6-final-38460 (m215, rc0)
1788155848: Received PUBACK from auto-0C3A543C-2601-2003-4968-06C03657EB14 (Mid: 214, RC:0)
1788155848: Received PUBLISH from gatewayd-m6-final-38460 (d0, q1, r0, m216, 'test/m6/final-20260831T135630', ... (336 bytes))
1788155848: Sending PUBLISH to auto-0C3A543C-2601-2003-4968-06C03657EB14 (d0, q1, r0, m216, 'test/m6/final-20260831T135630', ... (336 bytes))
1788155848: Sending PUBACK to gatewayd-m6-final-38460 (m216, rc0)
1788155848: Received PUBACK from auto-0C3A543C-2601-2003-4968-06C03657EB14 (Mid: 215, RC:0)
1788155848: Received PUBLISH from gatewayd-m6-final-38460 (d0, q1, r0, m217, 'test/m6/final-20260831T135630', ... (336 bytes))
1788155848: Sending PUBLISH to auto-0C3A543C-2601-2003-4968-06C03657EB14 (d0, q1, r0, m217, 'test/m6/final-20260831T135630', ... (336 bytes))
1788155848: Sending PUBACK to gatewayd-m6-final-38460 (m217, rc0)
1788155848: Received PUBACK from auto-0C3A543C-2601-2003-4968-06C03657EB14 (Mid: 216, RC:0)
1788155848: Received PUBLISH from gatewayd-m6-final-38460 (d0, q1, r0, m218, 'test/m6/final-20260831T135630', ... (336 bytes))
1788155848: Sending PUBLISH to auto-0C3A543C-2601-2003-4968-06C03657EB14 (d0, q1, r0, m218, 'test/m6/final-20260831T135630', ... (336 bytes))
1788155848: Sending PUBACK to gatewayd-m6-final-38460 (m218, rc0)
1788155848: Received PUBACK from auto-0C3A543C-2601-2003-4968-06C03657EB14 (Mid: 217, RC:0)
1788155848: Received PUBLISH from gatewayd-m6-final-38460 (d0, q1, r0, m219, 'test/m6/final-20260831T135630', ... (336 bytes))
1788155848: Sending PUBLISH to auto-0C3A543C-2601-2003-4968-06C03657EB14 (d0, q1, r0, m219, 'test/m6/final-20260831T135630', ... (336 bytes))
1788155848: Sending PUBACK to gatewayd-m6-final-38460 (m219, rc0)
1788155848: Received PUBACK from auto-0C3A543C-2601-2003-4968-06C03657EB14 (Mid: 218, RC:0)
1788155848: Received PUBLISH from gatewayd-m6-final-38460 (d0, q1, r0, m220, 'test/m6/final-20260831T135630', ... (336 bytes))
1788155848: Sending PUBLISH to auto-0C3A543C-2601-2003-4968-06C03657EB14 (d0, q1, r0, m220, 'test/m6/final-20260831T135630', ... (336 bytes))
1788155848: Sending PUBACK to gatewayd-m6-final-38460 (m220, rc0)
1788155848: Received PUBACK from auto-0C3A543C-2601-2003-4968-06C03657EB14 (Mid: 219, RC:0)
1788155848: Received PUBLISH from gatewayd-m6-final-38460 (d0, q1, r0, m221, 'test/m6/final-20260831T135630', ... (336 bytes))
1788155848: Sending PUBLISH to auto-0C3A543C-2601-2003-4968-06C03657EB14 (d0, q1, r0, m221, 'test/m6/final-20260831T135630', ... (336 bytes))
1788155848: Sending PUBACK to gatewayd-m6-final-38460 (m221, rc0)
1788155848: Received PUBACK from auto-0C3A543C-2601-2003-4968-06C03657EB14 (Mid: 220, RC:0)
1788155848: Received PUBLISH from gatewayd-m6-final-38460 (d0, q1, r0, m222, 'test/m6/final-20260831T135630', ... (336 bytes))
1788155848: Sending PUBLISH to auto-0C3A543C-2601-2003-4968-06C03657EB14 (d0, q1, r0, m222, 'test/m6/final-20260831T135630', ... (336 bytes))
1788155848: Sending PUBACK to gatewayd-m6-final-38460 (m222, rc0)
1788155848: Received PUBACK from auto-0C3A543C-2601-2003-4968-06C03657EB14 (Mid: 221, RC:0)
1788155848: Received PUBLISH from gatewayd-m6-final-38460 (d0, q1, r0, m223, 'test/m6/final-20260831T135630', ... (336 bytes))
1788155848: Sending PUBLISH to auto-0C3A543C-2601-2003-4968-06C03657EB14 (d0, q1, r0, m223, 'test/m6/final-20260831T135630', ... (336 bytes))
1788155848: Sending PUBACK to gatewayd-m6-final-38460 (m223, rc0)
1788155848: Received PUBACK from auto-0C3A543C-2601-2003-4968-06C03657EB14 (Mid: 222, RC:0)
1788155848: Received PUBLISH from gatewayd-m6-final-38460 (d0, q1, r0, m224, 'test/m6/final-20260831T135630', ... (336 bytes))
1788155848: Sending PUBLISH to auto-0C3A543C-2601-2003-4968-06C03657EB14 (d0, q1, r0, m224, 'test/m6/final-20260831T135630', ... (336 bytes))
1788155848: Sending PUBACK to gatewayd-m6-final-38460 (m224, rc0)
1788155848: Received PUBACK from auto-0C3A543C-2601-2003-4968-06C03657EB14 (Mid: 223, RC:0)
1788155848: Received PUBLISH from gatewayd-m6-final-38460 (d0, q1, r0, m225, 'test/m6/final-20260831T135630', ... (336 bytes))
1788155848: Sending PUBLISH to auto-0C3A543C-2601-2003-4968-06C03657EB14 (d0, q1, r0, m225, 'test/m6/final-20260831T135630', ... (336 bytes))
1788155848: Sending PUBACK to gatewayd-m6-final-38460 (m225, rc0)
1788155848: Received PUBACK from auto-0C3A543C-2601-2003-4968-06C03657EB14 (Mid: 224, RC:0)
1788155848: Received PUBLISH from gatewayd-m6-final-38460 (d0, q1, r0, m226, 'test/m6/final-20260831T135630', ... (336 bytes))
1788155848: Sending PUBLISH to auto-0C3A543C-2601-2003-4968-06C03657EB14 (d0, q1, r0, m226, 'test/m6/final-20260831T135630', ... (336 bytes))
1788155848: Sending PUBACK to gatewayd-m6-final-38460 (m226, rc0)
1788155848: Received PUBACK from auto-0C3A543C-2601-2003-4968-06C03657EB14 (Mid: 225, RC:0)
1788155848: Received PUBLISH from gatewayd-m6-final-38460 (d0, q1, r0, m227, 'test/m6/final-20260831T135630', ... (336 bytes))
1788155848: Sending PUBLISH to auto-0C3A543C-2601-2003-4968-06C03657EB14 (d0, q1, r0, m227, 'test/m6/final-20260831T135630', ... (336 bytes))
1788155848: Sending PUBACK to gatewayd-m6-final-38460 (m227, rc0)
1788155848: Received PUBACK from auto-0C3A543C-2601-2003-4968-06C03657EB14 (Mid: 226, RC:0)
1788155848: Received PUBLISH from gatewayd-m6-final-38460 (d0, q1, r0, m228, 'test/m6/final-20260831T135630', ... (336 bytes))
1788155848: Sending PUBLISH to auto-0C3A543C-2601-2003-4968-06C03657EB14 (d0, q1, r0, m228, 'test/m6/final-20260831T135630', ... (336 bytes))
1788155848: Sending PUBACK to gatewayd-m6-final-38460 (m228, rc0)
1788155848: Received PUBACK from auto-0C3A543C-2601-2003-4968-06C03657EB14 (Mid: 227, RC:0)
1788155848: Received PUBLISH from gatewayd-m6-final-38460 (d0, q1, r0, m229, 'test/m6/final-20260831T135630', ... (336 bytes))
1788155848: Sending PUBLISH to auto-0C3A543C-2601-2003-4968-06C03657EB14 (d0, q1, r0, m229, 'test/m6/final-20260831T135630', ... (336 bytes))
1788155848: Sending PUBACK to gatewayd-m6-final-38460 (m229, rc0)
1788155848: Received PUBACK from auto-0C3A543C-2601-2003-4968-06C03657EB14 (Mid: 228, RC:0)
1788155848: Received PUBLISH from gatewayd-m6-final-38460 (d0, q1, r0, m230, 'test/m6/final-20260831T135630', ... (336 bytes))
1788155848: Sending PUBLISH to auto-0C3A543C-2601-2003-4968-06C03657EB14 (d0, q1, r0, m230, 'test/m6/final-20260831T135630', ... (336 bytes))
1788155848: Sending PUBACK to gatewayd-m6-final-38460 (m230, rc0)
1788155848: Received PUBACK from auto-0C3A543C-2601-2003-4968-06C03657EB14 (Mid: 229, RC:0)
1788155848: Received PUBLISH from gatewayd-m6-final-38460 (d0, q1, r0, m231, 'test/m6/final-20260831T135630', ... (336 bytes))
1788155848: Sending PUBLISH to auto-0C3A543C-2601-2003-4968-06C03657EB14 (d0, q1, r0, m231, 'test/m6/final-20260831T135630', ... (336 bytes))
1788155848: Sending PUBACK to gatewayd-m6-final-38460 (m231, rc0)
1788155848: Received PUBACK from auto-0C3A543C-2601-2003-4968-06C03657EB14 (Mid: 230, RC:0)
1788155848: Received PUBLISH from gatewayd-m6-final-38460 (d0, q1, r0, m232, 'test/m6/final-20260831T135630', ... (336 bytes))
1788155848: Sending PUBLISH to auto-0C3A543C-2601-2003-4968-06C03657EB14 (d0, q1, r0, m232, 'test/m6/final-20260831T135630', ... (336 bytes))
1788155848: Sending PUBACK to gatewayd-m6-final-38460 (m232, rc0)
1788155848: Received PUBACK from auto-0C3A543C-2601-2003-4968-06C03657EB14 (Mid: 231, RC:0)
1788155848: Received PUBLISH from gatewayd-m6-final-38460 (d0, q1, r0, m233, 'test/m6/final-20260831T135630', ... (336 bytes))
1788155848: Sending PUBLISH to auto-0C3A543C-2601-2003-4968-06C03657EB14 (d0, q1, r0, m233, 'test/m6/final-20260831T135630', ... (336 bytes))
1788155848: Sending PUBACK to gatewayd-m6-final-38460 (m233, rc0)
1788155848: Received PUBACK from auto-0C3A543C-2601-2003-4968-06C03657EB14 (Mid: 232, RC:0)
1788155848: Received PUBLISH from gatewayd-m6-final-38460 (d0, q1, r0, m234, 'test/m6/final-20260831T135630', ... (336 bytes))
1788155848: Sending PUBLISH to auto-0C3A543C-2601-2003-4968-06C03657EB14 (d0, q1, r0, m234, 'test/m6/final-20260831T135630', ... (336 bytes))
1788155848: Sending PUBACK to gatewayd-m6-final-38460 (m234, rc0)
1788155848: Received PUBACK from auto-0C3A543C-2601-2003-4968-06C03657EB14 (Mid: 233, RC:0)
1788155848: Received PUBLISH from gatewayd-m6-final-38460 (d0, q1, r0, m235, 'test/m6/final-20260831T135630', ... (336 bytes))
1788155848: Sending PUBLISH to auto-0C3A543C-2601-2003-4968-06C03657EB14 (d0, q1, r0, m235, 'test/m6/final-20260831T135630', ... (336 bytes))
1788155848: Sending PUBACK to gatewayd-m6-final-38460 (m235, rc0)
1788155848: Received PUBACK from auto-0C3A543C-2601-2003-4968-06C03657EB14 (Mid: 234, RC:0)
1788155848: Received PUBLISH from gatewayd-m6-final-38460 (d0, q1, r0, m236, 'test/m6/final-20260831T135630', ... (336 bytes))
1788155848: Sending PUBLISH to auto-0C3A543C-2601-2003-4968-06C03657EB14 (d0, q1, r0, m236, 'test/m6/final-20260831T135630', ... (336 bytes))
1788155848: Sending PUBACK to gatewayd-m6-final-38460 (m236, rc0)
1788155848: Received PUBACK from auto-0C3A543C-2601-2003-4968-06C03657EB14 (Mid: 235, RC:0)
1788155848: Received PUBLISH from gatewayd-m6-final-38460 (d0, q1, r0, m237, 'test/m6/final-20260831T135630', ... (336 bytes))
1788155848: Sending PUBLISH to auto-0C3A543C-2601-2003-4968-06C03657EB14 (d0, q1, r0, m237, 'test/m6/final-20260831T135630', ... (336 bytes))
1788155848: Sending PUBACK to gatewayd-m6-final-38460 (m237, rc0)
1788155848: Received PUBACK from auto-0C3A543C-2601-2003-4968-06C03657EB14 (Mid: 236, RC:0)
1788155848: Received PUBLISH from gatewayd-m6-final-38460 (d0, q1, r0, m238, 'test/m6/final-20260831T135630', ... (336 bytes))
1788155848: Sending PUBLISH to auto-0C3A543C-2601-2003-4968-06C03657EB14 (d0, q1, r0, m238, 'test/m6/final-20260831T135630', ... (336 bytes))
1788155848: Sending PUBACK to gatewayd-m6-final-38460 (m238, rc0)
1788155848: Received PUBACK from auto-0C3A543C-2601-2003-4968-06C03657EB14 (Mid: 237, RC:0)
1788155848: Received PUBLISH from gatewayd-m6-final-38460 (d0, q1, r0, m239, 'test/m6/final-20260831T135630', ... (336 bytes))
1788155848: Sending PUBLISH to auto-0C3A543C-2601-2003-4968-06C03657EB14 (d0, q1, r0, m239, 'test/m6/final-20260831T135630', ... (336 bytes))
1788155848: Sending PUBACK to gatewayd-m6-final-38460 (m239, rc0)
1788155848: Received PUBACK from auto-0C3A543C-2601-2003-4968-06C03657EB14 (Mid: 238, RC:0)
1788155848: Received PUBLISH from gatewayd-m6-final-38460 (d0, q1, r0, m240, 'test/m6/final-20260831T135630', ... (336 bytes))
1788155848: Sending PUBLISH to auto-0C3A543C-2601-2003-4968-06C03657EB14 (d0, q1, r0, m240, 'test/m6/final-20260831T135630', ... (336 bytes))
1788155848: Sending PUBACK to gatewayd-m6-final-38460 (m240, rc0)
1788155848: Received PUBACK from auto-0C3A543C-2601-2003-4968-06C03657EB14 (Mid: 239, RC:0)
1788155848: Received PUBLISH from gatewayd-m6-final-38460 (d0, q1, r0, m241, 'test/m6/final-20260831T135630', ... (336 bytes))
1788155848: Sending PUBLISH to auto-0C3A543C-2601-2003-4968-06C03657EB14 (d0, q1, r0, m241, 'test/m6/final-20260831T135630', ... (336 bytes))
1788155848: Sending PUBACK to gatewayd-m6-final-38460 (m241, rc0)
1788155848: Received PUBACK from auto-0C3A543C-2601-2003-4968-06C03657EB14 (Mid: 240, RC:0)
1788155848: Received PUBLISH from gatewayd-m6-final-38460 (d0, q1, r0, m242, 'test/m6/final-20260831T135630', ... (336 bytes))
1788155848: Sending PUBLISH to auto-0C3A543C-2601-2003-4968-06C03657EB14 (d0, q1, r0, m242, 'test/m6/final-20260831T135630', ... (336 bytes))
1788155848: Sending PUBACK to gatewayd-m6-final-38460 (m242, rc0)
1788155848: Received PUBACK from auto-0C3A543C-2601-2003-4968-06C03657EB14 (Mid: 241, RC:0)
1788155848: Received PUBLISH from gatewayd-m6-final-38460 (d0, q1, r0, m243, 'test/m6/final-20260831T135630', ... (336 bytes))
1788155848: Sending PUBLISH to auto-0C3A543C-2601-2003-4968-06C03657EB14 (d0, q1, r0, m243, 'test/m6/final-20260831T135630', ... (336 bytes))
1788155848: Sending PUBACK to gatewayd-m6-final-38460 (m243, rc0)
1788155848: Received PUBLISH from gatewayd-m6-final-38460 (d0, q1, r0, m244, 'test/m6/final-20260831T135630', ... (336 bytes))
1788155848: Sending PUBLISH to auto-0C3A543C-2601-2003-4968-06C03657EB14 (d0, q1, r0, m244, 'test/m6/final-20260831T135630', ... (336 bytes))
1788155848: Sending PUBACK to gatewayd-m6-final-38460 (m244, rc0)
1788155848: Received PUBACK from auto-0C3A543C-2601-2003-4968-06C03657EB14 (Mid: 242, RC:0)
1788155848: Received PUBLISH from gatewayd-m6-final-38460 (d0, q1, r0, m245, 'test/m6/final-20260831T135630', ... (336 bytes))
1788155848: Sending PUBLISH to auto-0C3A543C-2601-2003-4968-06C03657EB14 (d0, q1, r0, m245, 'test/m6/final-20260831T135630', ... (336 bytes))
1788155848: Sending PUBACK to gatewayd-m6-final-38460 (m245, rc0)
1788155848: Received PUBACK from auto-0C3A543C-2601-2003-4968-06C03657EB14 (Mid: 243, RC:0)
1788155848: Received PUBACK from auto-0C3A543C-2601-2003-4968-06C03657EB14 (Mid: 244, RC:0)
1788155848: Received PUBLISH from gatewayd-m6-final-38460 (d0, q1, r0, m246, 'test/m6/final-20260831T135630', ... (336 bytes))
1788155848: Sending PUBLISH to auto-0C3A543C-2601-2003-4968-06C03657EB14 (d0, q1, r0, m246, 'test/m6/final-20260831T135630', ... (336 bytes))
1788155848: Sending PUBACK to gatewayd-m6-final-38460 (m246, rc0)
1788155848: Received PUBACK from auto-0C3A543C-2601-2003-4968-06C03657EB14 (Mid: 245, RC:0)
1788155848: Received PUBLISH from gatewayd-m6-final-38460 (d0, q1, r0, m247, 'test/m6/final-20260831T135630', ... (336 bytes))
1788155848: Sending PUBLISH to auto-0C3A543C-2601-2003-4968-06C03657EB14 (d0, q1, r0, m247, 'test/m6/final-20260831T135630', ... (336 bytes))
1788155848: Sending PUBACK to gatewayd-m6-final-38460 (m247, rc0)
1788155848: Received PUBACK from auto-0C3A543C-2601-2003-4968-06C03657EB14 (Mid: 246, RC:0)
1788155848: Received PUBLISH from gatewayd-m6-final-38460 (d0, q1, r0, m248, 'test/m6/final-20260831T135630', ... (336 bytes))
1788155848: Sending PUBLISH to auto-0C3A543C-2601-2003-4968-06C03657EB14 (d0, q1, r0, m248, 'test/m6/final-20260831T135630', ... (336 bytes))
1788155848: Sending PUBACK to gatewayd-m6-final-38460 (m248, rc0)
1788155848: Received PUBACK from auto-0C3A543C-2601-2003-4968-06C03657EB14 (Mid: 247, RC:0)
1788155848: Received PUBLISH from gatewayd-m6-final-38460 (d0, q1, r0, m249, 'test/m6/final-20260831T135630', ... (336 bytes))
1788155848: Sending PUBLISH to auto-0C3A543C-2601-2003-4968-06C03657EB14 (d0, q1, r0, m249, 'test/m6/final-20260831T135630', ... (336 bytes))
1788155848: Sending PUBACK to gatewayd-m6-final-38460 (m249, rc0)
1788155848: Received PUBACK from auto-0C3A543C-2601-2003-4968-06C03657EB14 (Mid: 248, RC:0)
1788155848: Received PUBLISH from gatewayd-m6-final-38460 (d0, q1, r0, m250, 'test/m6/final-20260831T135630', ... (336 bytes))
1788155848: Sending PUBLISH to auto-0C3A543C-2601-2003-4968-06C03657EB14 (d0, q1, r0, m250, 'test/m6/final-20260831T135630', ... (336 bytes))
1788155848: Sending PUBACK to gatewayd-m6-final-38460 (m250, rc0)
1788155848: Received PUBACK from auto-0C3A543C-2601-2003-4968-06C03657EB14 (Mid: 249, RC:0)
1788155848: Received PUBLISH from gatewayd-m6-final-38460 (d0, q1, r0, m251, 'test/m6/final-20260831T135630', ... (336 bytes))
1788155848: Sending PUBLISH to auto-0C3A543C-2601-2003-4968-06C03657EB14 (d0, q1, r0, m251, 'test/m6/final-20260831T135630', ... (336 bytes))
1788155848: Sending PUBACK to gatewayd-m6-final-38460 (m251, rc0)
1788155848: Received PUBACK from auto-0C3A543C-2601-2003-4968-06C03657EB14 (Mid: 250, RC:0)
1788155848: Received PUBLISH from gatewayd-m6-final-38460 (d0, q1, r0, m252, 'test/m6/final-20260831T135630', ... (336 bytes))
1788155848: Sending PUBLISH to auto-0C3A543C-2601-2003-4968-06C03657EB14 (d0, q1, r0, m252, 'test/m6/final-20260831T135630', ... (336 bytes))
1788155848: Sending PUBACK to gatewayd-m6-final-38460 (m252, rc0)
1788155848: Received PUBACK from auto-0C3A543C-2601-2003-4968-06C03657EB14 (Mid: 251, RC:0)
1788155848: Received PUBLISH from gatewayd-m6-final-38460 (d0, q1, r0, m253, 'test/m6/final-20260831T135630', ... (336 bytes))
1788155848: Sending PUBLISH to auto-0C3A543C-2601-2003-4968-06C03657EB14 (d0, q1, r0, m253, 'test/m6/final-20260831T135630', ... (336 bytes))
1788155848: Sending PUBACK to gatewayd-m6-final-38460 (m253, rc0)
1788155848: Received PUBACK from auto-0C3A543C-2601-2003-4968-06C03657EB14 (Mid: 252, RC:0)
1788155848: Received PUBLISH from gatewayd-m6-final-38460 (d0, q1, r0, m254, 'test/m6/final-20260831T135630', ... (336 bytes))
1788155848: Sending PUBLISH to auto-0C3A543C-2601-2003-4968-06C03657EB14 (d0, q1, r0, m254, 'test/m6/final-20260831T135630', ... (336 bytes))
1788155848: Sending PUBACK to gatewayd-m6-final-38460 (m254, rc0)
1788155848: Received PUBACK from auto-0C3A543C-2601-2003-4968-06C03657EB14 (Mid: 253, RC:0)
1788155848: Received PUBLISH from gatewayd-m6-final-38460 (d0, q1, r0, m255, 'test/m6/final-20260831T135630', ... (336 bytes))
1788155848: Sending PUBLISH to auto-0C3A543C-2601-2003-4968-06C03657EB14 (d0, q1, r0, m255, 'test/m6/final-20260831T135630', ... (336 bytes))
1788155848: Sending PUBACK to gatewayd-m6-final-38460 (m255, rc0)
1788155848: Received PUBACK from auto-0C3A543C-2601-2003-4968-06C03657EB14 (Mid: 254, RC:0)
1788155848: Received PUBLISH from gatewayd-m6-final-38460 (d0, q1, r0, m256, 'test/m6/final-20260831T135630', ... (334 bytes))
1788155848: Sending PUBLISH to auto-0C3A543C-2601-2003-4968-06C03657EB14 (d0, q1, r0, m256, 'test/m6/final-20260831T135630', ... (334 bytes))
1788155848: Sending PUBACK to gatewayd-m6-final-38460 (m256, rc0)
1788155848: Received PUBACK from auto-0C3A543C-2601-2003-4968-06C03657EB14 (Mid: 255, RC:0)
1788155848: Received PUBLISH from gatewayd-m6-final-38460 (d0, q1, r0, m257, 'test/m6/final-20260831T135630', ... (334 bytes))
1788155848: Sending PUBLISH to auto-0C3A543C-2601-2003-4968-06C03657EB14 (d0, q1, r0, m257, 'test/m6/final-20260831T135630', ... (334 bytes))
1788155848: Sending PUBACK to gatewayd-m6-final-38460 (m257, rc0)
1788155848: Received PUBACK from auto-0C3A543C-2601-2003-4968-06C03657EB14 (Mid: 256, RC:0)
1788155848: Received PUBLISH from gatewayd-m6-final-38460 (d0, q1, r0, m258, 'test/m6/final-20260831T135630', ... (334 bytes))
1788155848: Sending PUBLISH to auto-0C3A543C-2601-2003-4968-06C03657EB14 (d0, q1, r0, m258, 'test/m6/final-20260831T135630', ... (334 bytes))
1788155848: Sending PUBACK to gatewayd-m6-final-38460 (m258, rc0)
1788155848: Received PUBACK from auto-0C3A543C-2601-2003-4968-06C03657EB14 (Mid: 257, RC:0)
1788155848: Received PUBLISH from gatewayd-m6-final-38460 (d0, q1, r0, m259, 'test/m6/final-20260831T135630', ... (334 bytes))
1788155848: Sending PUBLISH to auto-0C3A543C-2601-2003-4968-06C03657EB14 (d0, q1, r0, m259, 'test/m6/final-20260831T135630', ... (334 bytes))
1788155848: Sending PUBACK to gatewayd-m6-final-38460 (m259, rc0)
1788155848: Received PUBACK from auto-0C3A543C-2601-2003-4968-06C03657EB14 (Mid: 258, RC:0)
1788155848: Received PUBLISH from gatewayd-m6-final-38460 (d0, q1, r0, m260, 'test/m6/final-20260831T135630', ... (334 bytes))
1788155848: Sending PUBLISH to auto-0C3A543C-2601-2003-4968-06C03657EB14 (d0, q1, r0, m260, 'test/m6/final-20260831T135630', ... (334 bytes))
1788155848: Sending PUBACK to gatewayd-m6-final-38460 (m260, rc0)
1788155848: Received PUBACK from auto-0C3A543C-2601-2003-4968-06C03657EB14 (Mid: 259, RC:0)
1788155848: Received PUBLISH from gatewayd-m6-final-38460 (d0, q1, r0, m261, 'test/m6/final-20260831T135630', ... (334 bytes))
1788155848: Sending PUBLISH to auto-0C3A543C-2601-2003-4968-06C03657EB14 (d0, q1, r0, m261, 'test/m6/final-20260831T135630', ... (334 bytes))
1788155848: Sending PUBACK to gatewayd-m6-final-38460 (m261, rc0)
1788155848: Received PUBACK from auto-0C3A543C-2601-2003-4968-06C03657EB14 (Mid: 260, RC:0)
1788155848: Received PUBLISH from gatewayd-m6-final-38460 (d0, q1, r0, m262, 'test/m6/final-20260831T135630', ... (334 bytes))
1788155848: Sending PUBLISH to auto-0C3A543C-2601-2003-4968-06C03657EB14 (d0, q1, r0, m262, 'test/m6/final-20260831T135630', ... (334 bytes))
1788155848: Sending PUBACK to gatewayd-m6-final-38460 (m262, rc0)
1788155848: Received PUBACK from auto-0C3A543C-2601-2003-4968-06C03657EB14 (Mid: 261, RC:0)
1788155848: Received PUBLISH from gatewayd-m6-final-38460 (d0, q1, r0, m263, 'test/m6/final-20260831T135630', ... (334 bytes))
1788155848: Sending PUBLISH to auto-0C3A543C-2601-2003-4968-06C03657EB14 (d0, q1, r0, m263, 'test/m6/final-20260831T135630', ... (334 bytes))
1788155848: Sending PUBACK to gatewayd-m6-final-38460 (m263, rc0)
1788155848: Received PUBACK from auto-0C3A543C-2601-2003-4968-06C03657EB14 (Mid: 262, RC:0)
1788155848: Received PUBLISH from gatewayd-m6-final-38460 (d0, q1, r0, m264, 'test/m6/final-20260831T135630', ... (334 bytes))
1788155848: Sending PUBLISH to auto-0C3A543C-2601-2003-4968-06C03657EB14 (d0, q1, r0, m264, 'test/m6/final-20260831T135630', ... (334 bytes))
1788155848: Sending PUBACK to gatewayd-m6-final-38460 (m264, rc0)
1788155848: Received PUBACK from auto-0C3A543C-2601-2003-4968-06C03657EB14 (Mid: 263, RC:0)
1788155848: Received PUBLISH from gatewayd-m6-final-38460 (d0, q1, r0, m265, 'test/m6/final-20260831T135630', ... (334 bytes))
1788155848: Sending PUBLISH to auto-0C3A543C-2601-2003-4968-06C03657EB14 (d0, q1, r0, m265, 'test/m6/final-20260831T135630', ... (334 bytes))
1788155848: Sending PUBACK to gatewayd-m6-final-38460 (m265, rc0)
1788155848: Received PUBACK from auto-0C3A543C-2601-2003-4968-06C03657EB14 (Mid: 264, RC:0)
1788155848: Received PUBLISH from gatewayd-m6-final-38460 (d0, q1, r0, m266, 'test/m6/final-20260831T135630', ... (335 bytes))
1788155848: Sending PUBLISH to auto-0C3A543C-2601-2003-4968-06C03657EB14 (d0, q1, r0, m266, 'test/m6/final-20260831T135630', ... (335 bytes))
1788155848: Sending PUBACK to gatewayd-m6-final-38460 (m266, rc0)
1788155848: Received PUBACK from auto-0C3A543C-2601-2003-4968-06C03657EB14 (Mid: 265, RC:0)
1788155848: Received PUBLISH from gatewayd-m6-final-38460 (d0, q1, r0, m267, 'test/m6/final-20260831T135630', ... (335 bytes))
1788155848: Sending PUBLISH to auto-0C3A543C-2601-2003-4968-06C03657EB14 (d0, q1, r0, m267, 'test/m6/final-20260831T135630', ... (335 bytes))
1788155848: Sending PUBACK to gatewayd-m6-final-38460 (m267, rc0)
1788155848: Received PUBACK from auto-0C3A543C-2601-2003-4968-06C03657EB14 (Mid: 266, RC:0)
1788155848: Received PUBLISH from gatewayd-m6-final-38460 (d0, q1, r0, m268, 'test/m6/final-20260831T135630', ... (335 bytes))
1788155848: Sending PUBLISH to auto-0C3A543C-2601-2003-4968-06C03657EB14 (d0, q1, r0, m268, 'test/m6/final-20260831T135630', ... (335 bytes))
1788155848: Sending PUBACK to gatewayd-m6-final-38460 (m268, rc0)
1788155848: Received PUBACK from auto-0C3A543C-2601-2003-4968-06C03657EB14 (Mid: 267, RC:0)
1788155848: Received PUBLISH from gatewayd-m6-final-38460 (d0, q1, r0, m269, 'test/m6/final-20260831T135630', ... (335 bytes))
1788155848: Sending PUBLISH to auto-0C3A543C-2601-2003-4968-06C03657EB14 (d0, q1, r0, m269, 'test/m6/final-20260831T135630', ... (335 bytes))
1788155848: Sending PUBACK to gatewayd-m6-final-38460 (m269, rc0)
1788155848: Received PUBACK from auto-0C3A543C-2601-2003-4968-06C03657EB14 (Mid: 268, RC:0)
1788155848: Received PUBLISH from gatewayd-m6-final-38460 (d0, q1, r0, m270, 'test/m6/final-20260831T135630', ... (335 bytes))
1788155848: Sending PUBLISH to auto-0C3A543C-2601-2003-4968-06C03657EB14 (d0, q1, r0, m270, 'test/m6/final-20260831T135630', ... (335 bytes))
1788155848: Sending PUBACK to gatewayd-m6-final-38460 (m270, rc0)
1788155848: Received PUBACK from auto-0C3A543C-2601-2003-4968-06C03657EB14 (Mid: 269, RC:0)
1788155848: Received PUBLISH from gatewayd-m6-final-38460 (d0, q1, r0, m271, 'test/m6/final-20260831T135630', ... (335 bytes))
1788155848: Sending PUBLISH to auto-0C3A543C-2601-2003-4968-06C03657EB14 (d0, q1, r0, m271, 'test/m6/final-20260831T135630', ... (335 bytes))
1788155848: Sending PUBACK to gatewayd-m6-final-38460 (m271, rc0)
1788155848: Received PUBACK from auto-0C3A543C-2601-2003-4968-06C03657EB14 (Mid: 270, RC:0)
1788155848: Received PUBLISH from gatewayd-m6-final-38460 (d0, q1, r0, m272, 'test/m6/final-20260831T135630', ... (335 bytes))
1788155848: Sending PUBLISH to auto-0C3A543C-2601-2003-4968-06C03657EB14 (d0, q1, r0, m272, 'test/m6/final-20260831T135630', ... (335 bytes))
1788155848: Sending PUBACK to gatewayd-m6-final-38460 (m272, rc0)
1788155848: Received PUBACK from auto-0C3A543C-2601-2003-4968-06C03657EB14 (Mid: 271, RC:0)
1788155848: Received PUBLISH from gatewayd-m6-final-38460 (d0, q1, r0, m273, 'test/m6/final-20260831T135630', ... (335 bytes))
1788155848: Sending PUBLISH to auto-0C3A543C-2601-2003-4968-06C03657EB14 (d0, q1, r0, m273, 'test/m6/final-20260831T135630', ... (335 bytes))
1788155848: Sending PUBACK to gatewayd-m6-final-38460 (m273, rc0)
1788155848: Received PUBACK from auto-0C3A543C-2601-2003-4968-06C03657EB14 (Mid: 272, RC:0)
1788155848: Received PUBLISH from gatewayd-m6-final-38460 (d0, q1, r0, m274, 'test/m6/final-20260831T135630', ... (335 bytes))
1788155848: Sending PUBLISH to auto-0C3A543C-2601-2003-4968-06C03657EB14 (d0, q1, r0, m274, 'test/m6/final-20260831T135630', ... (335 bytes))
1788155848: Sending PUBACK to gatewayd-m6-final-38460 (m274, rc0)
1788155848: Received PUBACK from auto-0C3A543C-2601-2003-4968-06C03657EB14 (Mid: 273, RC:0)
1788155848: Received PUBLISH from gatewayd-m6-final-38460 (d0, q1, r0, m275, 'test/m6/final-20260831T135630', ... (335 bytes))
1788155848: Sending PUBLISH to auto-0C3A543C-2601-2003-4968-06C03657EB14 (d0, q1, r0, m275, 'test/m6/final-20260831T135630', ... (335 bytes))
1788155848: Sending PUBACK to gatewayd-m6-final-38460 (m275, rc0)
1788155848: Received PUBACK from auto-0C3A543C-2601-2003-4968-06C03657EB14 (Mid: 274, RC:0)
1788155848: Received PUBLISH from gatewayd-m6-final-38460 (d0, q1, r0, m276, 'test/m6/final-20260831T135630', ... (335 bytes))
1788155848: Sending PUBLISH to auto-0C3A543C-2601-2003-4968-06C03657EB14 (d0, q1, r0, m276, 'test/m6/final-20260831T135630', ... (335 bytes))
1788155848: Sending PUBACK to gatewayd-m6-final-38460 (m276, rc0)
1788155848: Received PUBACK from auto-0C3A543C-2601-2003-4968-06C03657EB14 (Mid: 275, RC:0)
1788155848: Received PUBLISH from gatewayd-m6-final-38460 (d0, q1, r0, m277, 'test/m6/final-20260831T135630', ... (335 bytes))
1788155848: Sending PUBLISH to auto-0C3A543C-2601-2003-4968-06C03657EB14 (d0, q1, r0, m277, 'test/m6/final-20260831T135630', ... (335 bytes))
1788155848: Sending PUBACK to gatewayd-m6-final-38460 (m277, rc0)
1788155848: Received PUBACK from auto-0C3A543C-2601-2003-4968-06C03657EB14 (Mid: 276, RC:0)
1788155848: Received PUBLISH from gatewayd-m6-final-38460 (d0, q1, r0, m278, 'test/m6/final-20260831T135630', ... (335 bytes))
1788155848: Sending PUBLISH to auto-0C3A543C-2601-2003-4968-06C03657EB14 (d0, q1, r0, m278, 'test/m6/final-20260831T135630', ... (335 bytes))
1788155848: Sending PUBACK to gatewayd-m6-final-38460 (m278, rc0)
1788155848: Received PUBACK from auto-0C3A543C-2601-2003-4968-06C03657EB14 (Mid: 277, RC:0)
1788155848: Received PUBLISH from gatewayd-m6-final-38460 (d0, q1, r0, m279, 'test/m6/final-20260831T135630', ... (335 bytes))
1788155848: Sending PUBLISH to auto-0C3A543C-2601-2003-4968-06C03657EB14 (d0, q1, r0, m279, 'test/m6/final-20260831T135630', ... (335 bytes))
1788155848: Sending PUBACK to gatewayd-m6-final-38460 (m279, rc0)
1788155848: Received PUBACK from auto-0C3A543C-2601-2003-4968-06C03657EB14 (Mid: 278, RC:0)
1788155848: Received PUBLISH from gatewayd-m6-final-38460 (d0, q1, r0, m280, 'test/m6/final-20260831T135630', ... (335 bytes))
1788155848: Sending PUBLISH to auto-0C3A543C-2601-2003-4968-06C03657EB14 (d0, q1, r0, m280, 'test/m6/final-20260831T135630', ... (335 bytes))
1788155848: Sending PUBACK to gatewayd-m6-final-38460 (m280, rc0)
1788155848: Received PUBACK from auto-0C3A543C-2601-2003-4968-06C03657EB14 (Mid: 279, RC:0)
1788155848: Received PUBLISH from gatewayd-m6-final-38460 (d0, q1, r0, m281, 'test/m6/final-20260831T135630', ... (335 bytes))
1788155848: Sending PUBLISH to auto-0C3A543C-2601-2003-4968-06C03657EB14 (d0, q1, r0, m281, 'test/m6/final-20260831T135630', ... (335 bytes))
1788155848: Sending PUBACK to gatewayd-m6-final-38460 (m281, rc0)
1788155848: Received PUBACK from auto-0C3A543C-2601-2003-4968-06C03657EB14 (Mid: 280, RC:0)
1788155848: Received PUBLISH from gatewayd-m6-final-38460 (d0, q1, r0, m282, 'test/m6/final-20260831T135630', ... (335 bytes))
1788155848: Sending PUBLISH to auto-0C3A543C-2601-2003-4968-06C03657EB14 (d0, q1, r0, m282, 'test/m6/final-20260831T135630', ... (335 bytes))
1788155848: Sending PUBACK to gatewayd-m6-final-38460 (m282, rc0)
1788155848: Received PUBACK from auto-0C3A543C-2601-2003-4968-06C03657EB14 (Mid: 281, RC:0)
1788155848: Received PUBLISH from gatewayd-m6-final-38460 (d0, q1, r0, m283, 'test/m6/final-20260831T135630', ... (335 bytes))
1788155848: Sending PUBLISH to auto-0C3A543C-2601-2003-4968-06C03657EB14 (d0, q1, r0, m283, 'test/m6/final-20260831T135630', ... (335 bytes))
1788155848: Sending PUBACK to gatewayd-m6-final-38460 (m283, rc0)
1788155848: Received PUBACK from auto-0C3A543C-2601-2003-4968-06C03657EB14 (Mid: 282, RC:0)
1788155848: Received PUBLISH from gatewayd-m6-final-38460 (d0, q1, r0, m284, 'test/m6/final-20260831T135630', ... (335 bytes))
1788155848: Sending PUBLISH to auto-0C3A543C-2601-2003-4968-06C03657EB14 (d0, q1, r0, m284, 'test/m6/final-20260831T135630', ... (335 bytes))
1788155848: Sending PUBACK to gatewayd-m6-final-38460 (m284, rc0)
1788155848: Received PUBACK from auto-0C3A543C-2601-2003-4968-06C03657EB14 (Mid: 283, RC:0)
1788155848: Received PUBLISH from gatewayd-m6-final-38460 (d0, q1, r0, m285, 'test/m6/final-20260831T135630', ... (335 bytes))
1788155848: Sending PUBLISH to auto-0C3A543C-2601-2003-4968-06C03657EB14 (d0, q1, r0, m285, 'test/m6/final-20260831T135630', ... (335 bytes))
1788155848: Sending PUBACK to gatewayd-m6-final-38460 (m285, rc0)
1788155848: Received PUBACK from auto-0C3A543C-2601-2003-4968-06C03657EB14 (Mid: 284, RC:0)
1788155848: Received PUBLISH from gatewayd-m6-final-38460 (d0, q1, r0, m286, 'test/m6/final-20260831T135630', ... (335 bytes))
1788155848: Sending PUBLISH to auto-0C3A543C-2601-2003-4968-06C03657EB14 (d0, q1, r0, m286, 'test/m6/final-20260831T135630', ... (335 bytes))
1788155848: Sending PUBACK to gatewayd-m6-final-38460 (m286, rc0)
1788155848: Received PUBACK from auto-0C3A543C-2601-2003-4968-06C03657EB14 (Mid: 285, RC:0)
1788155848: Received PUBLISH from gatewayd-m6-final-38460 (d0, q1, r0, m287, 'test/m6/final-20260831T135630', ... (335 bytes))
1788155848: Sending PUBLISH to auto-0C3A543C-2601-2003-4968-06C03657EB14 (d0, q1, r0, m287, 'test/m6/final-20260831T135630', ... (335 bytes))
1788155848: Sending PUBACK to gatewayd-m6-final-38460 (m287, rc0)
1788155848: Received PUBACK from auto-0C3A543C-2601-2003-4968-06C03657EB14 (Mid: 286, RC:0)
1788155848: Received PUBLISH from gatewayd-m6-final-38460 (d0, q1, r0, m288, 'test/m6/final-20260831T135630', ... (335 bytes))
1788155848: Sending PUBLISH to auto-0C3A543C-2601-2003-4968-06C03657EB14 (d0, q1, r0, m288, 'test/m6/final-20260831T135630', ... (335 bytes))
1788155848: Sending PUBACK to gatewayd-m6-final-38460 (m288, rc0)
1788155848: Received PUBACK from auto-0C3A543C-2601-2003-4968-06C03657EB14 (Mid: 287, RC:0)
1788155848: Received PUBLISH from gatewayd-m6-final-38460 (d0, q1, r0, m289, 'test/m6/final-20260831T135630', ... (335 bytes))
1788155848: Sending PUBLISH to auto-0C3A543C-2601-2003-4968-06C03657EB14 (d0, q1, r0, m289, 'test/m6/final-20260831T135630', ... (335 bytes))
1788155848: Sending PUBACK to gatewayd-m6-final-38460 (m289, rc0)
1788155848: Received PUBACK from auto-0C3A543C-2601-2003-4968-06C03657EB14 (Mid: 288, RC:0)
1788155848: Received PUBLISH from gatewayd-m6-final-38460 (d0, q1, r0, m290, 'test/m6/final-20260831T135630', ... (335 bytes))
1788155848: Sending PUBLISH to auto-0C3A543C-2601-2003-4968-06C03657EB14 (d0, q1, r0, m290, 'test/m6/final-20260831T135630', ... (335 bytes))
1788155848: Sending PUBACK to gatewayd-m6-final-38460 (m290, rc0)
1788155848: Received PUBACK from auto-0C3A543C-2601-2003-4968-06C03657EB14 (Mid: 289, RC:0)
1788155848: Received PUBLISH from gatewayd-m6-final-38460 (d0, q1, r0, m291, 'test/m6/final-20260831T135630', ... (335 bytes))
1788155848: Sending PUBLISH to auto-0C3A543C-2601-2003-4968-06C03657EB14 (d0, q1, r0, m291, 'test/m6/final-20260831T135630', ... (335 bytes))
1788155848: Sending PUBACK to gatewayd-m6-final-38460 (m291, rc0)
1788155848: Received PUBACK from auto-0C3A543C-2601-2003-4968-06C03657EB14 (Mid: 290, RC:0)
1788155848: Received PUBLISH from gatewayd-m6-final-38460 (d0, q1, r0, m292, 'test/m6/final-20260831T135630', ... (335 bytes))
1788155848: Sending PUBLISH to auto-0C3A543C-2601-2003-4968-06C03657EB14 (d0, q1, r0, m292, 'test/m6/final-20260831T135630', ... (335 bytes))
1788155848: Sending PUBACK to gatewayd-m6-final-38460 (m292, rc0)
1788155848: Received PUBACK from auto-0C3A543C-2601-2003-4968-06C03657EB14 (Mid: 291, RC:0)
1788155848: Received PUBLISH from gatewayd-m6-final-38460 (d0, q1, r0, m293, 'test/m6/final-20260831T135630', ... (335 bytes))
1788155848: Sending PUBLISH to auto-0C3A543C-2601-2003-4968-06C03657EB14 (d0, q1, r0, m293, 'test/m6/final-20260831T135630', ... (335 bytes))
1788155848: Sending PUBACK to gatewayd-m6-final-38460 (m293, rc0)
1788155848: Received PUBACK from auto-0C3A543C-2601-2003-4968-06C03657EB14 (Mid: 292, RC:0)
1788155848: Received PUBLISH from gatewayd-m6-final-38460 (d0, q1, r0, m294, 'test/m6/final-20260831T135630', ... (335 bytes))
1788155848: Sending PUBLISH to auto-0C3A543C-2601-2003-4968-06C03657EB14 (d0, q1, r0, m294, 'test/m6/final-20260831T135630', ... (335 bytes))
1788155848: Sending PUBACK to gatewayd-m6-final-38460 (m294, rc0)
1788155848: Received PUBACK from auto-0C3A543C-2601-2003-4968-06C03657EB14 (Mid: 293, RC:0)
1788155848: Received PUBLISH from gatewayd-m6-final-38460 (d0, q1, r0, m295, 'test/m6/final-20260831T135630', ... (335 bytes))
1788155848: Sending PUBLISH to auto-0C3A543C-2601-2003-4968-06C03657EB14 (d0, q1, r0, m295, 'test/m6/final-20260831T135630', ... (335 bytes))
1788155848: Sending PUBACK to gatewayd-m6-final-38460 (m295, rc0)
1788155848: Received PUBACK from auto-0C3A543C-2601-2003-4968-06C03657EB14 (Mid: 294, RC:0)
1788155848: Received PUBLISH from gatewayd-m6-final-38460 (d0, q1, r0, m296, 'test/m6/final-20260831T135630', ... (335 bytes))
1788155848: Sending PUBLISH to auto-0C3A543C-2601-2003-4968-06C03657EB14 (d0, q1, r0, m296, 'test/m6/final-20260831T135630', ... (335 bytes))
1788155848: Sending PUBACK to gatewayd-m6-final-38460 (m296, rc0)
1788155848: Received PUBACK from auto-0C3A543C-2601-2003-4968-06C03657EB14 (Mid: 295, RC:0)
1788155848: Received PUBLISH from gatewayd-m6-final-38460 (d0, q1, r0, m297, 'test/m6/final-20260831T135630', ... (335 bytes))
1788155848: Sending PUBLISH to auto-0C3A543C-2601-2003-4968-06C03657EB14 (d0, q1, r0, m297, 'test/m6/final-20260831T135630', ... (335 bytes))
1788155848: Sending PUBACK to gatewayd-m6-final-38460 (m297, rc0)
1788155848: Received PUBACK from auto-0C3A543C-2601-2003-4968-06C03657EB14 (Mid: 296, RC:0)
1788155848: Received PUBLISH from gatewayd-m6-final-38460 (d0, q1, r0, m298, 'test/m6/final-20260831T135630', ... (335 bytes))
1788155848: Sending PUBLISH to auto-0C3A543C-2601-2003-4968-06C03657EB14 (d0, q1, r0, m298, 'test/m6/final-20260831T135630', ... (335 bytes))
1788155848: Sending PUBACK to gatewayd-m6-final-38460 (m298, rc0)
1788155848: Received PUBACK from auto-0C3A543C-2601-2003-4968-06C03657EB14 (Mid: 297, RC:0)
1788155848: Received PUBLISH from gatewayd-m6-final-38460 (d0, q1, r0, m299, 'test/m6/final-20260831T135630', ... (335 bytes))
1788155848: Sending PUBLISH to auto-0C3A543C-2601-2003-4968-06C03657EB14 (d0, q1, r0, m299, 'test/m6/final-20260831T135630', ... (335 bytes))
1788155848: Sending PUBACK to gatewayd-m6-final-38460 (m299, rc0)
1788155848: Received PUBACK from auto-0C3A543C-2601-2003-4968-06C03657EB14 (Mid: 298, RC:0)
1788155848: Received PUBLISH from gatewayd-m6-final-38460 (d0, q1, r0, m300, 'test/m6/final-20260831T135630', ... (335 bytes))
1788155848: Sending PUBLISH to auto-0C3A543C-2601-2003-4968-06C03657EB14 (d0, q1, r0, m300, 'test/m6/final-20260831T135630', ... (335 bytes))
1788155848: Sending PUBACK to gatewayd-m6-final-38460 (m300, rc0)
1788155848: Received PUBACK from auto-0C3A543C-2601-2003-4968-06C03657EB14 (Mid: 299, RC:0)
1788155848: Received PUBLISH from gatewayd-m6-final-38460 (d0, q1, r0, m301, 'test/m6/final-20260831T135630', ... (335 bytes))
1788155848: Sending PUBLISH to auto-0C3A543C-2601-2003-4968-06C03657EB14 (d0, q1, r0, m301, 'test/m6/final-20260831T135630', ... (335 bytes))
1788155848: Sending PUBACK to gatewayd-m6-final-38460 (m301, rc0)
1788155848: Received PUBACK from auto-0C3A543C-2601-2003-4968-06C03657EB14 (Mid: 300, RC:0)
1788155848: Received PUBLISH from gatewayd-m6-final-38460 (d0, q1, r0, m302, 'test/m6/final-20260831T135630', ... (335 bytes))
1788155848: Sending PUBLISH to auto-0C3A543C-2601-2003-4968-06C03657EB14 (d0, q1, r0, m302, 'test/m6/final-20260831T135630', ... (335 bytes))
1788155848: Sending PUBACK to gatewayd-m6-final-38460 (m302, rc0)
1788155848: Received PUBACK from auto-0C3A543C-2601-2003-4968-06C03657EB14 (Mid: 301, RC:0)
1788155848: Received PUBLISH from gatewayd-m6-final-38460 (d0, q1, r0, m303, 'test/m6/final-20260831T135630', ... (335 bytes))
1788155848: Sending PUBLISH to auto-0C3A543C-2601-2003-4968-06C03657EB14 (d0, q1, r0, m303, 'test/m6/final-20260831T135630', ... (335 bytes))
1788155848: Sending PUBACK to gatewayd-m6-final-38460 (m303, rc0)
1788155848: Received PUBACK from auto-0C3A543C-2601-2003-4968-06C03657EB14 (Mid: 302, RC:0)
1788155848: Received PUBLISH from gatewayd-m6-final-38460 (d0, q1, r0, m304, 'test/m6/final-20260831T135630', ... (335 bytes))
1788155848: Sending PUBLISH to auto-0C3A543C-2601-2003-4968-06C03657EB14 (d0, q1, r0, m304, 'test/m6/final-20260831T135630', ... (335 bytes))
1788155848: Sending PUBACK to gatewayd-m6-final-38460 (m304, rc0)
1788155848: Received PUBACK from auto-0C3A543C-2601-2003-4968-06C03657EB14 (Mid: 303, RC:0)
1788155848: Received PUBLISH from gatewayd-m6-final-38460 (d0, q1, r0, m305, 'test/m6/final-20260831T135630', ... (335 bytes))
1788155848: Sending PUBLISH to auto-0C3A543C-2601-2003-4968-06C03657EB14 (d0, q1, r0, m305, 'test/m6/final-20260831T135630', ... (335 bytes))
1788155848: Sending PUBACK to gatewayd-m6-final-38460 (m305, rc0)
1788155848: Received PUBACK from auto-0C3A543C-2601-2003-4968-06C03657EB14 (Mid: 304, RC:0)
1788155848: Received PUBLISH from gatewayd-m6-final-38460 (d0, q1, r0, m306, 'test/m6/final-20260831T135630', ... (335 bytes))
1788155848: Sending PUBLISH to auto-0C3A543C-2601-2003-4968-06C03657EB14 (d0, q1, r0, m306, 'test/m6/final-20260831T135630', ... (335 bytes))
1788155848: Sending PUBACK to gatewayd-m6-final-38460 (m306, rc0)
1788155848: Received PUBACK from auto-0C3A543C-2601-2003-4968-06C03657EB14 (Mid: 305, RC:0)
1788155848: Received PUBLISH from gatewayd-m6-final-38460 (d0, q1, r0, m307, 'test/m6/final-20260831T135630', ... (335 bytes))
1788155848: Sending PUBLISH to auto-0C3A543C-2601-2003-4968-06C03657EB14 (d0, q1, r0, m307, 'test/m6/final-20260831T135630', ... (335 bytes))
1788155848: Sending PUBACK to gatewayd-m6-final-38460 (m307, rc0)
1788155848: Received PUBACK from auto-0C3A543C-2601-2003-4968-06C03657EB14 (Mid: 306, RC:0)
1788155848: Received PUBLISH from gatewayd-m6-final-38460 (d0, q1, r0, m308, 'test/m6/final-20260831T135630', ... (335 bytes))
1788155848: Sending PUBLISH to auto-0C3A543C-2601-2003-4968-06C03657EB14 (d0, q1, r0, m308, 'test/m6/final-20260831T135630', ... (335 bytes))
1788155848: Sending PUBACK to gatewayd-m6-final-38460 (m308, rc0)
1788155848: Received PUBACK from auto-0C3A543C-2601-2003-4968-06C03657EB14 (Mid: 307, RC:0)
1788155848: Received PUBLISH from gatewayd-m6-final-38460 (d0, q1, r0, m309, 'test/m6/final-20260831T135630', ... (335 bytes))
1788155848: Sending PUBLISH to auto-0C3A543C-2601-2003-4968-06C03657EB14 (d0, q1, r0, m309, 'test/m6/final-20260831T135630', ... (335 bytes))
1788155848: Sending PUBACK to gatewayd-m6-final-38460 (m309, rc0)
1788155848: Received PUBACK from auto-0C3A543C-2601-2003-4968-06C03657EB14 (Mid: 308, RC:0)
1788155848: Received PUBLISH from gatewayd-m6-final-38460 (d0, q1, r0, m310, 'test/m6/final-20260831T135630', ... (335 bytes))
1788155848: Sending PUBLISH to auto-0C3A543C-2601-2003-4968-06C03657EB14 (d0, q1, r0, m310, 'test/m6/final-20260831T135630', ... (335 bytes))
1788155848: Sending PUBACK to gatewayd-m6-final-38460 (m310, rc0)
1788155848: Received PUBACK from auto-0C3A543C-2601-2003-4968-06C03657EB14 (Mid: 309, RC:0)
1788155848: Received PUBLISH from gatewayd-m6-final-38460 (d0, q1, r0, m311, 'test/m6/final-20260831T135630', ... (335 bytes))
1788155848: Sending PUBLISH to auto-0C3A543C-2601-2003-4968-06C03657EB14 (d0, q1, r0, m311, 'test/m6/final-20260831T135630', ... (335 bytes))
1788155848: Sending PUBACK to gatewayd-m6-final-38460 (m311, rc0)
1788155848: Received PUBACK from auto-0C3A543C-2601-2003-4968-06C03657EB14 (Mid: 310, RC:0)
1788155848: Received PUBLISH from gatewayd-m6-final-38460 (d0, q1, r0, m312, 'test/m6/final-20260831T135630', ... (335 bytes))
1788155848: Sending PUBLISH to auto-0C3A543C-2601-2003-4968-06C03657EB14 (d0, q1, r0, m312, 'test/m6/final-20260831T135630', ... (335 bytes))
1788155848: Sending PUBACK to gatewayd-m6-final-38460 (m312, rc0)
1788155848: Received PUBACK from auto-0C3A543C-2601-2003-4968-06C03657EB14 (Mid: 311, RC:0)
1788155848: Received PUBLISH from gatewayd-m6-final-38460 (d0, q1, r0, m313, 'test/m6/final-20260831T135630', ... (335 bytes))
1788155848: Sending PUBLISH to auto-0C3A543C-2601-2003-4968-06C03657EB14 (d0, q1, r0, m313, 'test/m6/final-20260831T135630', ... (335 bytes))
1788155848: Sending PUBACK to gatewayd-m6-final-38460 (m313, rc0)
1788155848: Received PUBACK from auto-0C3A543C-2601-2003-4968-06C03657EB14 (Mid: 312, RC:0)
1788155848: Received PUBLISH from gatewayd-m6-final-38460 (d0, q1, r0, m314, 'test/m6/final-20260831T135630', ... (335 bytes))
1788155848: Sending PUBLISH to auto-0C3A543C-2601-2003-4968-06C03657EB14 (d0, q1, r0, m314, 'test/m6/final-20260831T135630', ... (335 bytes))
1788155848: Sending PUBACK to gatewayd-m6-final-38460 (m314, rc0)
1788155848: Received PUBACK from auto-0C3A543C-2601-2003-4968-06C03657EB14 (Mid: 313, RC:0)
1788155848: Received PUBLISH from gatewayd-m6-final-38460 (d0, q1, r0, m315, 'test/m6/final-20260831T135630', ... (335 bytes))
1788155848: Sending PUBLISH to auto-0C3A543C-2601-2003-4968-06C03657EB14 (d0, q1, r0, m315, 'test/m6/final-20260831T135630', ... (335 bytes))
1788155848: Sending PUBACK to gatewayd-m6-final-38460 (m315, rc0)
1788155848: Received PUBACK from auto-0C3A543C-2601-2003-4968-06C03657EB14 (Mid: 314, RC:0)
1788155848: Received PUBLISH from gatewayd-m6-final-38460 (d0, q1, r0, m316, 'test/m6/final-20260831T135630', ... (335 bytes))
1788155848: Sending PUBLISH to auto-0C3A543C-2601-2003-4968-06C03657EB14 (d0, q1, r0, m316, 'test/m6/final-20260831T135630', ... (335 bytes))
1788155848: Sending PUBACK to gatewayd-m6-final-38460 (m316, rc0)
1788155848: Received PUBACK from auto-0C3A543C-2601-2003-4968-06C03657EB14 (Mid: 315, RC:0)
1788155848: Received PUBLISH from gatewayd-m6-final-38460 (d0, q1, r0, m317, 'test/m6/final-20260831T135630', ... (335 bytes))
1788155848: Sending PUBLISH to auto-0C3A543C-2601-2003-4968-06C03657EB14 (d0, q1, r0, m317, 'test/m6/final-20260831T135630', ... (335 bytes))
1788155848: Sending PUBACK to gatewayd-m6-final-38460 (m317, rc0)
1788155848: Received PUBACK from auto-0C3A543C-2601-2003-4968-06C03657EB14 (Mid: 316, RC:0)
1788155848: Received PUBLISH from gatewayd-m6-final-38460 (d0, q1, r0, m318, 'test/m6/final-20260831T135630', ... (335 bytes))
1788155848: Sending PUBLISH to auto-0C3A543C-2601-2003-4968-06C03657EB14 (d0, q1, r0, m318, 'test/m6/final-20260831T135630', ... (335 bytes))
1788155848: Sending PUBACK to gatewayd-m6-final-38460 (m318, rc0)
1788155848: Received PUBACK from auto-0C3A543C-2601-2003-4968-06C03657EB14 (Mid: 317, RC:0)
1788155848: Received PUBLISH from gatewayd-m6-final-38460 (d0, q1, r0, m319, 'test/m6/final-20260831T135630', ... (335 bytes))
1788155848: Sending PUBLISH to auto-0C3A543C-2601-2003-4968-06C03657EB14 (d0, q1, r0, m319, 'test/m6/final-20260831T135630', ... (335 bytes))
1788155848: Sending PUBACK to gatewayd-m6-final-38460 (m319, rc0)
1788155848: Received PUBACK from auto-0C3A543C-2601-2003-4968-06C03657EB14 (Mid: 318, RC:0)
1788155848: Received PUBLISH from gatewayd-m6-final-38460 (d0, q1, r0, m320, 'test/m6/final-20260831T135630', ... (335 bytes))
1788155848: Sending PUBLISH to auto-0C3A543C-2601-2003-4968-06C03657EB14 (d0, q1, r0, m320, 'test/m6/final-20260831T135630', ... (335 bytes))
1788155848: Sending PUBACK to gatewayd-m6-final-38460 (m320, rc0)
1788155848: Received PUBACK from auto-0C3A543C-2601-2003-4968-06C03657EB14 (Mid: 319, RC:0)
1788155848: Received PUBLISH from gatewayd-m6-final-38460 (d0, q1, r0, m321, 'test/m6/final-20260831T135630', ... (335 bytes))
1788155848: Sending PUBLISH to auto-0C3A543C-2601-2003-4968-06C03657EB14 (d0, q1, r0, m321, 'test/m6/final-20260831T135630', ... (335 bytes))
1788155848: Sending PUBACK to gatewayd-m6-final-38460 (m321, rc0)
1788155848: Received PUBACK from auto-0C3A543C-2601-2003-4968-06C03657EB14 (Mid: 320, RC:0)
1788155848: Received PUBLISH from gatewayd-m6-final-38460 (d0, q1, r0, m322, 'test/m6/final-20260831T135630', ... (335 bytes))
1788155848: Sending PUBLISH to auto-0C3A543C-2601-2003-4968-06C03657EB14 (d0, q1, r0, m322, 'test/m6/final-20260831T135630', ... (335 bytes))
1788155848: Sending PUBACK to gatewayd-m6-final-38460 (m322, rc0)
1788155848: Received PUBACK from auto-0C3A543C-2601-2003-4968-06C03657EB14 (Mid: 321, RC:0)
1788155848: Received PUBLISH from gatewayd-m6-final-38460 (d0, q1, r0, m323, 'test/m6/final-20260831T135630', ... (335 bytes))
1788155848: Sending PUBLISH to auto-0C3A543C-2601-2003-4968-06C03657EB14 (d0, q1, r0, m323, 'test/m6/final-20260831T135630', ... (335 bytes))
1788155848: Sending PUBACK to gatewayd-m6-final-38460 (m323, rc0)
1788155848: Received PUBACK from auto-0C3A543C-2601-2003-4968-06C03657EB14 (Mid: 322, RC:0)
1788155848: Received PUBLISH from gatewayd-m6-final-38460 (d0, q1, r0, m324, 'test/m6/final-20260831T135630', ... (335 bytes))
1788155848: Sending PUBLISH to auto-0C3A543C-2601-2003-4968-06C03657EB14 (d0, q1, r0, m324, 'test/m6/final-20260831T135630', ... (335 bytes))
1788155848: Sending PUBACK to gatewayd-m6-final-38460 (m324, rc0)
1788155848: Received PUBACK from auto-0C3A543C-2601-2003-4968-06C03657EB14 (Mid: 323, RC:0)
1788155848: Received PUBLISH from gatewayd-m6-final-38460 (d0, q1, r0, m325, 'test/m6/final-20260831T135630', ... (335 bytes))
1788155848: Sending PUBLISH to auto-0C3A543C-2601-2003-4968-06C03657EB14 (d0, q1, r0, m325, 'test/m6/final-20260831T135630', ... (335 bytes))
1788155848: Sending PUBACK to gatewayd-m6-final-38460 (m325, rc0)
1788155848: Received PUBACK from auto-0C3A543C-2601-2003-4968-06C03657EB14 (Mid: 324, RC:0)
1788155848: Received PUBLISH from gatewayd-m6-final-38460 (d0, q1, r0, m326, 'test/m6/final-20260831T135630', ... (335 bytes))
1788155848: Sending PUBLISH to auto-0C3A543C-2601-2003-4968-06C03657EB14 (d0, q1, r0, m326, 'test/m6/final-20260831T135630', ... (335 bytes))
1788155848: Sending PUBACK to gatewayd-m6-final-38460 (m326, rc0)
1788155848: Received PUBACK from auto-0C3A543C-2601-2003-4968-06C03657EB14 (Mid: 325, RC:0)
1788155848: Received PUBLISH from gatewayd-m6-final-38460 (d0, q1, r0, m327, 'test/m6/final-20260831T135630', ... (335 bytes))
1788155848: Sending PUBLISH to auto-0C3A543C-2601-2003-4968-06C03657EB14 (d0, q1, r0, m327, 'test/m6/final-20260831T135630', ... (335 bytes))
1788155848: Sending PUBACK to gatewayd-m6-final-38460 (m327, rc0)
1788155848: Received PUBACK from auto-0C3A543C-2601-2003-4968-06C03657EB14 (Mid: 326, RC:0)
1788155848: Received PUBLISH from gatewayd-m6-final-38460 (d0, q1, r0, m328, 'test/m6/final-20260831T135630', ... (335 bytes))
1788155848: Sending PUBLISH to auto-0C3A543C-2601-2003-4968-06C03657EB14 (d0, q1, r0, m328, 'test/m6/final-20260831T135630', ... (335 bytes))
1788155848: Sending PUBACK to gatewayd-m6-final-38460 (m328, rc0)
1788155848: Received PUBACK from auto-0C3A543C-2601-2003-4968-06C03657EB14 (Mid: 327, RC:0)
1788155848: Received PUBLISH from gatewayd-m6-final-38460 (d0, q1, r0, m329, 'test/m6/final-20260831T135630', ... (335 bytes))
1788155848: Sending PUBLISH to auto-0C3A543C-2601-2003-4968-06C03657EB14 (d0, q1, r0, m329, 'test/m6/final-20260831T135630', ... (335 bytes))
1788155848: Sending PUBACK to gatewayd-m6-final-38460 (m329, rc0)
1788155848: Received PUBACK from auto-0C3A543C-2601-2003-4968-06C03657EB14 (Mid: 328, RC:0)
1788155848: Received PUBLISH from gatewayd-m6-final-38460 (d0, q1, r0, m330, 'test/m6/final-20260831T135630', ... (335 bytes))
1788155848: Sending PUBLISH to auto-0C3A543C-2601-2003-4968-06C03657EB14 (d0, q1, r0, m330, 'test/m6/final-20260831T135630', ... (335 bytes))
1788155848: Sending PUBACK to gatewayd-m6-final-38460 (m330, rc0)
1788155848: Received PUBACK from auto-0C3A543C-2601-2003-4968-06C03657EB14 (Mid: 329, RC:0)
1788155848: Received PUBLISH from gatewayd-m6-final-38460 (d0, q1, r0, m331, 'test/m6/final-20260831T135630', ... (335 bytes))
1788155848: Sending PUBLISH to auto-0C3A543C-2601-2003-4968-06C03657EB14 (d0, q1, r0, m331, 'test/m6/final-20260831T135630', ... (335 bytes))
1788155848: Sending PUBACK to gatewayd-m6-final-38460 (m331, rc0)
1788155848: Received PUBACK from auto-0C3A543C-2601-2003-4968-06C03657EB14 (Mid: 330, RC:0)
1788155848: Received PUBLISH from gatewayd-m6-final-38460 (d0, q1, r0, m332, 'test/m6/final-20260831T135630', ... (335 bytes))
1788155848: Sending PUBLISH to auto-0C3A543C-2601-2003-4968-06C03657EB14 (d0, q1, r0, m332, 'test/m6/final-20260831T135630', ... (335 bytes))
1788155848: Sending PUBACK to gatewayd-m6-final-38460 (m332, rc0)
1788155848: Received PUBACK from auto-0C3A543C-2601-2003-4968-06C03657EB14 (Mid: 331, RC:0)
1788155848: Received PUBLISH from gatewayd-m6-final-38460 (d0, q1, r0, m333, 'test/m6/final-20260831T135630', ... (335 bytes))
1788155848: Sending PUBLISH to auto-0C3A543C-2601-2003-4968-06C03657EB14 (d0, q1, r0, m333, 'test/m6/final-20260831T135630', ... (335 bytes))
1788155848: Sending PUBACK to gatewayd-m6-final-38460 (m333, rc0)
1788155848: Received PUBACK from auto-0C3A543C-2601-2003-4968-06C03657EB14 (Mid: 332, RC:0)
1788155848: Received PUBLISH from gatewayd-m6-final-38460 (d0, q1, r0, m334, 'test/m6/final-20260831T135630', ... (335 bytes))
1788155848: Sending PUBLISH to auto-0C3A543C-2601-2003-4968-06C03657EB14 (d0, q1, r0, m334, 'test/m6/final-20260831T135630', ... (335 bytes))
1788155848: Sending PUBACK to gatewayd-m6-final-38460 (m334, rc0)
1788155848: Received PUBACK from auto-0C3A543C-2601-2003-4968-06C03657EB14 (Mid: 333, RC:0)
1788155848: Received PUBLISH from gatewayd-m6-final-38460 (d0, q1, r0, m335, 'test/m6/final-20260831T135630', ... (335 bytes))
1788155848: Sending PUBLISH to auto-0C3A543C-2601-2003-4968-06C03657EB14 (d0, q1, r0, m335, 'test/m6/final-20260831T135630', ... (335 bytes))
1788155848: Sending PUBACK to gatewayd-m6-final-38460 (m335, rc0)
1788155848: Received PUBACK from auto-0C3A543C-2601-2003-4968-06C03657EB14 (Mid: 334, RC:0)
1788155848: Received PUBLISH from gatewayd-m6-final-38460 (d0, q1, r0, m336, 'test/m6/final-20260831T135630', ... (335 bytes))
1788155848: Sending PUBLISH to auto-0C3A543C-2601-2003-4968-06C03657EB14 (d0, q1, r0, m336, 'test/m6/final-20260831T135630', ... (335 bytes))
1788155848: Sending PUBACK to gatewayd-m6-final-38460 (m336, rc0)
1788155848: Received PUBACK from auto-0C3A543C-2601-2003-4968-06C03657EB14 (Mid: 335, RC:0)
1788155848: Received PUBLISH from gatewayd-m6-final-38460 (d0, q1, r0, m337, 'test/m6/final-20260831T135630', ... (335 bytes))
1788155848: Sending PUBLISH to auto-0C3A543C-2601-2003-4968-06C03657EB14 (d0, q1, r0, m337, 'test/m6/final-20260831T135630', ... (335 bytes))
1788155848: Sending PUBACK to gatewayd-m6-final-38460 (m337, rc0)
1788155848: Received PUBACK from auto-0C3A543C-2601-2003-4968-06C03657EB14 (Mid: 336, RC:0)
1788155848: Received PUBLISH from gatewayd-m6-final-38460 (d0, q1, r0, m338, 'test/m6/final-20260831T135630', ... (335 bytes))
1788155848: Sending PUBLISH to auto-0C3A543C-2601-2003-4968-06C03657EB14 (d0, q1, r0, m338, 'test/m6/final-20260831T135630', ... (335 bytes))
1788155848: Sending PUBACK to gatewayd-m6-final-38460 (m338, rc0)
1788155848: Received PUBACK from auto-0C3A543C-2601-2003-4968-06C03657EB14 (Mid: 337, RC:0)
1788155848: Received PUBLISH from gatewayd-m6-final-38460 (d0, q1, r0, m339, 'test/m6/final-20260831T135630', ... (335 bytes))
1788155848: Sending PUBLISH to auto-0C3A543C-2601-2003-4968-06C03657EB14 (d0, q1, r0, m339, 'test/m6/final-20260831T135630', ... (335 bytes))
1788155848: Sending PUBACK to gatewayd-m6-final-38460 (m339, rc0)
1788155848: Received PUBACK from auto-0C3A543C-2601-2003-4968-06C03657EB14 (Mid: 338, RC:0)
1788155848: Received PUBLISH from gatewayd-m6-final-38460 (d0, q1, r0, m340, 'test/m6/final-20260831T135630', ... (335 bytes))
1788155848: Sending PUBLISH to auto-0C3A543C-2601-2003-4968-06C03657EB14 (d0, q1, r0, m340, 'test/m6/final-20260831T135630', ... (335 bytes))
1788155848: Sending PUBACK to gatewayd-m6-final-38460 (m340, rc0)
1788155848: Received PUBACK from auto-0C3A543C-2601-2003-4968-06C03657EB14 (Mid: 339, RC:0)
1788155848: Received PUBLISH from gatewayd-m6-final-38460 (d0, q1, r0, m341, 'test/m6/final-20260831T135630', ... (335 bytes))
1788155848: Sending PUBLISH to auto-0C3A543C-2601-2003-4968-06C03657EB14 (d0, q1, r0, m341, 'test/m6/final-20260831T135630', ... (335 bytes))
1788155848: Sending PUBACK to gatewayd-m6-final-38460 (m341, rc0)
1788155848: Received PUBACK from auto-0C3A543C-2601-2003-4968-06C03657EB14 (Mid: 340, RC:0)
1788155848: Received PUBLISH from gatewayd-m6-final-38460 (d0, q1, r0, m342, 'test/m6/final-20260831T135630', ... (335 bytes))
1788155848: Sending PUBLISH to auto-0C3A543C-2601-2003-4968-06C03657EB14 (d0, q1, r0, m342, 'test/m6/final-20260831T135630', ... (335 bytes))
1788155848: Sending PUBACK to gatewayd-m6-final-38460 (m342, rc0)
1788155848: Received PUBACK from auto-0C3A543C-2601-2003-4968-06C03657EB14 (Mid: 341, RC:0)
1788155848: Received PUBLISH from gatewayd-m6-final-38460 (d0, q1, r0, m343, 'test/m6/final-20260831T135630', ... (335 bytes))
1788155848: Sending PUBLISH to auto-0C3A543C-2601-2003-4968-06C03657EB14 (d0, q1, r0, m343, 'test/m6/final-20260831T135630', ... (335 bytes))
1788155848: Sending PUBACK to gatewayd-m6-final-38460 (m343, rc0)
1788155848: Received PUBACK from auto-0C3A543C-2601-2003-4968-06C03657EB14 (Mid: 342, RC:0)
1788155848: Received PUBLISH from gatewayd-m6-final-38460 (d0, q1, r0, m344, 'test/m6/final-20260831T135630', ... (335 bytes))
1788155848: Sending PUBLISH to auto-0C3A543C-2601-2003-4968-06C03657EB14 (d0, q1, r0, m344, 'test/m6/final-20260831T135630', ... (335 bytes))
1788155848: Sending PUBACK to gatewayd-m6-final-38460 (m344, rc0)
1788155848: Received PUBACK from auto-0C3A543C-2601-2003-4968-06C03657EB14 (Mid: 343, RC:0)
1788155848: Received PUBLISH from gatewayd-m6-final-38460 (d0, q1, r0, m345, 'test/m6/final-20260831T135630', ... (335 bytes))
1788155848: Sending PUBLISH to auto-0C3A543C-2601-2003-4968-06C03657EB14 (d0, q1, r0, m345, 'test/m6/final-20260831T135630', ... (335 bytes))
1788155848: Sending PUBACK to gatewayd-m6-final-38460 (m345, rc0)
1788155848: Received PUBACK from auto-0C3A543C-2601-2003-4968-06C03657EB14 (Mid: 344, RC:0)
1788155848: Received PUBLISH from gatewayd-m6-final-38460 (d0, q1, r0, m346, 'test/m6/final-20260831T135630', ... (335 bytes))
1788155848: Sending PUBLISH to auto-0C3A543C-2601-2003-4968-06C03657EB14 (d0, q1, r0, m346, 'test/m6/final-20260831T135630', ... (335 bytes))
1788155848: Sending PUBACK to gatewayd-m6-final-38460 (m346, rc0)
1788155848: Received PUBACK from auto-0C3A543C-2601-2003-4968-06C03657EB14 (Mid: 345, RC:0)
1788155848: Received PUBLISH from gatewayd-m6-final-38460 (d0, q1, r0, m347, 'test/m6/final-20260831T135630', ... (335 bytes))
1788155848: Sending PUBLISH to auto-0C3A543C-2601-2003-4968-06C03657EB14 (d0, q1, r0, m347, 'test/m6/final-20260831T135630', ... (335 bytes))
1788155848: Sending PUBACK to gatewayd-m6-final-38460 (m347, rc0)
1788155848: Received PUBACK from auto-0C3A543C-2601-2003-4968-06C03657EB14 (Mid: 346, RC:0)
1788155848: Received PUBLISH from gatewayd-m6-final-38460 (d0, q1, r0, m348, 'test/m6/final-20260831T135630', ... (335 bytes))
1788155848: Sending PUBLISH to auto-0C3A543C-2601-2003-4968-06C03657EB14 (d0, q1, r0, m348, 'test/m6/final-20260831T135630', ... (335 bytes))
1788155848: Sending PUBACK to gatewayd-m6-final-38460 (m348, rc0)
1788155848: Received PUBACK from auto-0C3A543C-2601-2003-4968-06C03657EB14 (Mid: 347, RC:0)
1788155848: Received PUBLISH from gatewayd-m6-final-38460 (d0, q1, r0, m349, 'test/m6/final-20260831T135630', ... (335 bytes))
1788155848: Sending PUBLISH to auto-0C3A543C-2601-2003-4968-06C03657EB14 (d0, q1, r0, m349, 'test/m6/final-20260831T135630', ... (335 bytes))
1788155848: Sending PUBACK to gatewayd-m6-final-38460 (m349, rc0)
1788155848: Received PUBACK from auto-0C3A543C-2601-2003-4968-06C03657EB14 (Mid: 348, RC:0)
1788155848: Received PUBLISH from gatewayd-m6-final-38460 (d0, q1, r0, m350, 'test/m6/final-20260831T135630', ... (335 bytes))
1788155848: Sending PUBLISH to auto-0C3A543C-2601-2003-4968-06C03657EB14 (d0, q1, r0, m350, 'test/m6/final-20260831T135630', ... (335 bytes))
1788155848: Sending PUBACK to gatewayd-m6-final-38460 (m350, rc0)
1788155848: Received PUBACK from auto-0C3A543C-2601-2003-4968-06C03657EB14 (Mid: 349, RC:0)
1788155848: Received PUBLISH from gatewayd-m6-final-38460 (d0, q1, r0, m351, 'test/m6/final-20260831T135630', ... (335 bytes))
1788155848: Sending PUBLISH to auto-0C3A543C-2601-2003-4968-06C03657EB14 (d0, q1, r0, m351, 'test/m6/final-20260831T135630', ... (335 bytes))
1788155848: Sending PUBACK to gatewayd-m6-final-38460 (m351, rc0)
1788155848: Received PUBACK from auto-0C3A543C-2601-2003-4968-06C03657EB14 (Mid: 350, RC:0)
1788155848: Received PUBLISH from gatewayd-m6-final-38460 (d0, q1, r0, m352, 'test/m6/final-20260831T135630', ... (335 bytes))
1788155848: Sending PUBLISH to auto-0C3A543C-2601-2003-4968-06C03657EB14 (d0, q1, r0, m352, 'test/m6/final-20260831T135630', ... (335 bytes))
1788155848: Sending PUBACK to gatewayd-m6-final-38460 (m352, rc0)
1788155848: Received PUBACK from auto-0C3A543C-2601-2003-4968-06C03657EB14 (Mid: 351, RC:0)
1788155848: Received PUBLISH from gatewayd-m6-final-38460 (d0, q1, r0, m353, 'test/m6/final-20260831T135630', ... (335 bytes))
1788155848: Sending PUBLISH to auto-0C3A543C-2601-2003-4968-06C03657EB14 (d0, q1, r0, m353, 'test/m6/final-20260831T135630', ... (335 bytes))
1788155848: Sending PUBACK to gatewayd-m6-final-38460 (m353, rc0)
1788155848: Received PUBACK from auto-0C3A543C-2601-2003-4968-06C03657EB14 (Mid: 352, RC:0)
1788155848: Received PUBLISH from gatewayd-m6-final-38460 (d0, q1, r0, m354, 'test/m6/final-20260831T135630', ... (335 bytes))
1788155848: Sending PUBLISH to auto-0C3A543C-2601-2003-4968-06C03657EB14 (d0, q1, r0, m354, 'test/m6/final-20260831T135630', ... (335 bytes))
1788155848: Sending PUBACK to gatewayd-m6-final-38460 (m354, rc0)
1788155848: Received PUBACK from auto-0C3A543C-2601-2003-4968-06C03657EB14 (Mid: 353, RC:0)
1788155848: Received PUBLISH from gatewayd-m6-final-38460 (d0, q1, r0, m355, 'test/m6/final-20260831T135630', ... (335 bytes))
1788155848: Sending PUBLISH to auto-0C3A543C-2601-2003-4968-06C03657EB14 (d0, q1, r0, m355, 'test/m6/final-20260831T135630', ... (335 bytes))
1788155848: Sending PUBACK to gatewayd-m6-final-38460 (m355, rc0)
1788155848: Received PUBACK from auto-0C3A543C-2601-2003-4968-06C03657EB14 (Mid: 354, RC:0)
1788155848: Received PUBLISH from gatewayd-m6-final-38460 (d0, q1, r0, m356, 'test/m6/final-20260831T135630', ... (336 bytes))
1788155848: Sending PUBLISH to auto-0C3A543C-2601-2003-4968-06C03657EB14 (d0, q1, r0, m356, 'test/m6/final-20260831T135630', ... (336 bytes))
1788155848: Sending PUBACK to gatewayd-m6-final-38460 (m356, rc0)
1788155848: Received PUBACK from auto-0C3A543C-2601-2003-4968-06C03657EB14 (Mid: 355, RC:0)
1788155848: Received PUBLISH from gatewayd-m6-final-38460 (d0, q1, r0, m357, 'test/m6/final-20260831T135630', ... (336 bytes))
1788155848: Sending PUBLISH to auto-0C3A543C-2601-2003-4968-06C03657EB14 (d0, q1, r0, m357, 'test/m6/final-20260831T135630', ... (336 bytes))
1788155848: Sending PUBACK to gatewayd-m6-final-38460 (m357, rc0)
1788155848: Received PUBACK from auto-0C3A543C-2601-2003-4968-06C03657EB14 (Mid: 356, RC:0)
1788155848: Received PUBLISH from gatewayd-m6-final-38460 (d0, q1, r0, m358, 'test/m6/final-20260831T135630', ... (336 bytes))
1788155848: Sending PUBLISH to auto-0C3A543C-2601-2003-4968-06C03657EB14 (d0, q1, r0, m358, 'test/m6/final-20260831T135630', ... (336 bytes))
1788155848: Sending PUBACK to gatewayd-m6-final-38460 (m358, rc0)
1788155848: Received PUBACK from auto-0C3A543C-2601-2003-4968-06C03657EB14 (Mid: 357, RC:0)
1788155848: Received PUBLISH from gatewayd-m6-final-38460 (d0, q1, r0, m359, 'test/m6/final-20260831T135630', ... (336 bytes))
1788155848: Sending PUBLISH to auto-0C3A543C-2601-2003-4968-06C03657EB14 (d0, q1, r0, m359, 'test/m6/final-20260831T135630', ... (336 bytes))
1788155848: Sending PUBACK to gatewayd-m6-final-38460 (m359, rc0)
1788155848: Received PUBACK from auto-0C3A543C-2601-2003-4968-06C03657EB14 (Mid: 358, RC:0)
1788155848: Received PUBLISH from gatewayd-m6-final-38460 (d0, q1, r0, m360, 'test/m6/final-20260831T135630', ... (336 bytes))
1788155848: Sending PUBLISH to auto-0C3A543C-2601-2003-4968-06C03657EB14 (d0, q1, r0, m360, 'test/m6/final-20260831T135630', ... (336 bytes))
1788155848: Sending PUBACK to gatewayd-m6-final-38460 (m360, rc0)
1788155848: Received PUBACK from auto-0C3A543C-2601-2003-4968-06C03657EB14 (Mid: 359, RC:0)
1788155848: Received PUBLISH from gatewayd-m6-final-38460 (d0, q1, r0, m361, 'test/m6/final-20260831T135630', ... (336 bytes))
1788155848: Sending PUBLISH to auto-0C3A543C-2601-2003-4968-06C03657EB14 (d0, q1, r0, m361, 'test/m6/final-20260831T135630', ... (336 bytes))
1788155848: Sending PUBACK to gatewayd-m6-final-38460 (m361, rc0)
1788155848: Received PUBACK from auto-0C3A543C-2601-2003-4968-06C03657EB14 (Mid: 360, RC:0)
1788155848: Received PUBLISH from gatewayd-m6-final-38460 (d0, q1, r0, m362, 'test/m6/final-20260831T135630', ... (336 bytes))
1788155848: Sending PUBLISH to auto-0C3A543C-2601-2003-4968-06C03657EB14 (d0, q1, r0, m362, 'test/m6/final-20260831T135630', ... (336 bytes))
1788155848: Sending PUBACK to gatewayd-m6-final-38460 (m362, rc0)
1788155848: Received PUBACK from auto-0C3A543C-2601-2003-4968-06C03657EB14 (Mid: 361, RC:0)
1788155848: Received PUBLISH from gatewayd-m6-final-38460 (d0, q1, r0, m363, 'test/m6/final-20260831T135630', ... (336 bytes))
1788155848: Sending PUBLISH to auto-0C3A543C-2601-2003-4968-06C03657EB14 (d0, q1, r0, m363, 'test/m6/final-20260831T135630', ... (336 bytes))
1788155848: Sending PUBACK to gatewayd-m6-final-38460 (m363, rc0)
1788155848: Received PUBACK from auto-0C3A543C-2601-2003-4968-06C03657EB14 (Mid: 362, RC:0)
1788155848: Received PUBLISH from gatewayd-m6-final-38460 (d0, q1, r0, m364, 'test/m6/final-20260831T135630', ... (336 bytes))
1788155848: Sending PUBLISH to auto-0C3A543C-2601-2003-4968-06C03657EB14 (d0, q1, r0, m364, 'test/m6/final-20260831T135630', ... (336 bytes))
1788155848: Sending PUBACK to gatewayd-m6-final-38460 (m364, rc0)
1788155848: Received PUBACK from auto-0C3A543C-2601-2003-4968-06C03657EB14 (Mid: 363, RC:0)
1788155848: Received PUBLISH from gatewayd-m6-final-38460 (d0, q1, r0, m365, 'test/m6/final-20260831T135630', ... (336 bytes))
1788155848: Sending PUBLISH to auto-0C3A543C-2601-2003-4968-06C03657EB14 (d0, q1, r0, m365, 'test/m6/final-20260831T135630', ... (336 bytes))
1788155848: Sending PUBACK to gatewayd-m6-final-38460 (m365, rc0)
1788155848: Received PUBACK from auto-0C3A543C-2601-2003-4968-06C03657EB14 (Mid: 364, RC:0)
1788155848: Received PUBLISH from gatewayd-m6-final-38460 (d0, q1, r0, m366, 'test/m6/final-20260831T135630', ... (336 bytes))
1788155848: Sending PUBLISH to auto-0C3A543C-2601-2003-4968-06C03657EB14 (d0, q1, r0, m366, 'test/m6/final-20260831T135630', ... (336 bytes))
1788155848: Sending PUBACK to gatewayd-m6-final-38460 (m366, rc0)
1788155848: Received PUBACK from auto-0C3A543C-2601-2003-4968-06C03657EB14 (Mid: 365, RC:0)
1788155848: Received PUBLISH from gatewayd-m6-final-38460 (d0, q1, r0, m367, 'test/m6/final-20260831T135630', ... (336 bytes))
1788155848: Sending PUBLISH to auto-0C3A543C-2601-2003-4968-06C03657EB14 (d0, q1, r0, m367, 'test/m6/final-20260831T135630', ... (336 bytes))
1788155848: Sending PUBACK to gatewayd-m6-final-38460 (m367, rc0)
1788155848: Received PUBACK from auto-0C3A543C-2601-2003-4968-06C03657EB14 (Mid: 366, RC:0)
1788155848: Received PUBLISH from gatewayd-m6-final-38460 (d0, q1, r0, m368, 'test/m6/final-20260831T135630', ... (336 bytes))
1788155848: Sending PUBLISH to auto-0C3A543C-2601-2003-4968-06C03657EB14 (d0, q1, r0, m368, 'test/m6/final-20260831T135630', ... (336 bytes))
1788155848: Sending PUBACK to gatewayd-m6-final-38460 (m368, rc0)
1788155848: Received PUBACK from auto-0C3A543C-2601-2003-4968-06C03657EB14 (Mid: 367, RC:0)
1788155848: Received PUBLISH from gatewayd-m6-final-38460 (d0, q1, r0, m369, 'test/m6/final-20260831T135630', ... (336 bytes))
1788155848: Sending PUBLISH to auto-0C3A543C-2601-2003-4968-06C03657EB14 (d0, q1, r0, m369, 'test/m6/final-20260831T135630', ... (336 bytes))
1788155848: Sending PUBACK to gatewayd-m6-final-38460 (m369, rc0)
1788155848: Received PUBACK from auto-0C3A543C-2601-2003-4968-06C03657EB14 (Mid: 368, RC:0)
1788155848: Received PUBLISH from gatewayd-m6-final-38460 (d0, q1, r0, m370, 'test/m6/final-20260831T135630', ... (336 bytes))
1788155848: Sending PUBLISH to auto-0C3A543C-2601-2003-4968-06C03657EB14 (d0, q1, r0, m370, 'test/m6/final-20260831T135630', ... (336 bytes))
1788155848: Sending PUBACK to gatewayd-m6-final-38460 (m370, rc0)
1788155848: Received PUBACK from auto-0C3A543C-2601-2003-4968-06C03657EB14 (Mid: 369, RC:0)
1788155848: Received PUBLISH from gatewayd-m6-final-38460 (d0, q1, r0, m371, 'test/m6/final-20260831T135630', ... (336 bytes))
1788155848: Sending PUBLISH to auto-0C3A543C-2601-2003-4968-06C03657EB14 (d0, q1, r0, m371, 'test/m6/final-20260831T135630', ... (336 bytes))
1788155848: Sending PUBACK to gatewayd-m6-final-38460 (m371, rc0)
1788155848: Received PUBACK from auto-0C3A543C-2601-2003-4968-06C03657EB14 (Mid: 370, RC:0)
1788155848: Received PUBLISH from gatewayd-m6-final-38460 (d0, q1, r0, m372, 'test/m6/final-20260831T135630', ... (336 bytes))
1788155848: Sending PUBLISH to auto-0C3A543C-2601-2003-4968-06C03657EB14 (d0, q1, r0, m372, 'test/m6/final-20260831T135630', ... (336 bytes))
1788155848: Sending PUBACK to gatewayd-m6-final-38460 (m372, rc0)
1788155848: Received PUBACK from auto-0C3A543C-2601-2003-4968-06C03657EB14 (Mid: 371, RC:0)
1788155848: Received PUBLISH from gatewayd-m6-final-38460 (d0, q1, r0, m373, 'test/m6/final-20260831T135630', ... (336 bytes))
1788155848: Sending PUBLISH to auto-0C3A543C-2601-2003-4968-06C03657EB14 (d0, q1, r0, m373, 'test/m6/final-20260831T135630', ... (336 bytes))
1788155848: Sending PUBACK to gatewayd-m6-final-38460 (m373, rc0)
1788155848: Received PUBACK from auto-0C3A543C-2601-2003-4968-06C03657EB14 (Mid: 372, RC:0)
1788155848: Received PUBLISH from gatewayd-m6-final-38460 (d0, q1, r0, m374, 'test/m6/final-20260831T135630', ... (336 bytes))
1788155848: Sending PUBLISH to auto-0C3A543C-2601-2003-4968-06C03657EB14 (d0, q1, r0, m374, 'test/m6/final-20260831T135630', ... (336 bytes))
1788155848: Sending PUBACK to gatewayd-m6-final-38460 (m374, rc0)
1788155848: Received PUBACK from auto-0C3A543C-2601-2003-4968-06C03657EB14 (Mid: 373, RC:0)
1788155848: Received PUBLISH from gatewayd-m6-final-38460 (d0, q1, r0, m375, 'test/m6/final-20260831T135630', ... (336 bytes))
1788155848: Sending PUBLISH to auto-0C3A543C-2601-2003-4968-06C03657EB14 (d0, q1, r0, m375, 'test/m6/final-20260831T135630', ... (336 bytes))
1788155848: Sending PUBACK to gatewayd-m6-final-38460 (m375, rc0)
1788155848: Received PUBACK from auto-0C3A543C-2601-2003-4968-06C03657EB14 (Mid: 374, RC:0)
1788155848: Received PUBLISH from gatewayd-m6-final-38460 (d0, q1, r0, m376, 'test/m6/final-20260831T135630', ... (336 bytes))
1788155848: Sending PUBLISH to auto-0C3A543C-2601-2003-4968-06C03657EB14 (d0, q1, r0, m376, 'test/m6/final-20260831T135630', ... (336 bytes))
1788155848: Sending PUBACK to gatewayd-m6-final-38460 (m376, rc0)
1788155848: Received PUBACK from auto-0C3A543C-2601-2003-4968-06C03657EB14 (Mid: 375, RC:0)
1788155848: Received PUBLISH from gatewayd-m6-final-38460 (d0, q1, r0, m377, 'test/m6/final-20260831T135630', ... (336 bytes))
1788155848: Sending PUBLISH to auto-0C3A543C-2601-2003-4968-06C03657EB14 (d0, q1, r0, m377, 'test/m6/final-20260831T135630', ... (336 bytes))
1788155848: Sending PUBACK to gatewayd-m6-final-38460 (m377, rc0)
1788155848: Received PUBACK from auto-0C3A543C-2601-2003-4968-06C03657EB14 (Mid: 376, RC:0)
1788155848: Received PUBLISH from gatewayd-m6-final-38460 (d0, q1, r0, m378, 'test/m6/final-20260831T135630', ... (336 bytes))
1788155848: Sending PUBLISH to auto-0C3A543C-2601-2003-4968-06C03657EB14 (d0, q1, r0, m378, 'test/m6/final-20260831T135630', ... (336 bytes))
1788155848: Sending PUBACK to gatewayd-m6-final-38460 (m378, rc0)
1788155848: Received PUBACK from auto-0C3A543C-2601-2003-4968-06C03657EB14 (Mid: 377, RC:0)
1788155848: Received PUBLISH from gatewayd-m6-final-38460 (d0, q1, r0, m379, 'test/m6/final-20260831T135630', ... (336 bytes))
1788155848: Sending PUBLISH to auto-0C3A543C-2601-2003-4968-06C03657EB14 (d0, q1, r0, m379, 'test/m6/final-20260831T135630', ... (336 bytes))
1788155848: Sending PUBACK to gatewayd-m6-final-38460 (m379, rc0)
1788155848: Received PUBACK from auto-0C3A543C-2601-2003-4968-06C03657EB14 (Mid: 378, RC:0)
1788155848: Received PUBLISH from gatewayd-m6-final-38460 (d0, q1, r0, m380, 'test/m6/final-20260831T135630', ... (336 bytes))
1788155848: Sending PUBLISH to auto-0C3A543C-2601-2003-4968-06C03657EB14 (d0, q1, r0, m380, 'test/m6/final-20260831T135630', ... (336 bytes))
1788155848: Sending PUBACK to gatewayd-m6-final-38460 (m380, rc0)
1788155848: Received PUBACK from auto-0C3A543C-2601-2003-4968-06C03657EB14 (Mid: 379, RC:0)
1788155848: Received PUBLISH from gatewayd-m6-final-38460 (d0, q1, r0, m381, 'test/m6/final-20260831T135630', ... (336 bytes))
1788155848: Sending PUBLISH to auto-0C3A543C-2601-2003-4968-06C03657EB14 (d0, q1, r0, m381, 'test/m6/final-20260831T135630', ... (336 bytes))
1788155848: Sending PUBACK to gatewayd-m6-final-38460 (m381, rc0)
1788155848: Received PUBACK from auto-0C3A543C-2601-2003-4968-06C03657EB14 (Mid: 380, RC:0)
1788155848: Received PUBLISH from gatewayd-m6-final-38460 (d0, q1, r0, m382, 'test/m6/final-20260831T135630', ... (336 bytes))
1788155848: Sending PUBLISH to auto-0C3A543C-2601-2003-4968-06C03657EB14 (d0, q1, r0, m382, 'test/m6/final-20260831T135630', ... (336 bytes))
1788155848: Sending PUBACK to gatewayd-m6-final-38460 (m382, rc0)
1788155848: Received PUBACK from auto-0C3A543C-2601-2003-4968-06C03657EB14 (Mid: 381, RC:0)
1788155848: Received PUBLISH from gatewayd-m6-final-38460 (d0, q1, r0, m383, 'test/m6/final-20260831T135630', ... (336 bytes))
1788155848: Sending PUBLISH to auto-0C3A543C-2601-2003-4968-06C03657EB14 (d0, q1, r0, m383, 'test/m6/final-20260831T135630', ... (336 bytes))
1788155848: Sending PUBACK to gatewayd-m6-final-38460 (m383, rc0)
1788155848: Received PUBACK from auto-0C3A543C-2601-2003-4968-06C03657EB14 (Mid: 382, RC:0)
1788155848: Received PUBLISH from gatewayd-m6-final-38460 (d0, q1, r0, m384, 'test/m6/final-20260831T135630', ... (336 bytes))
1788155848: Sending PUBLISH to auto-0C3A543C-2601-2003-4968-06C03657EB14 (d0, q1, r0, m384, 'test/m6/final-20260831T135630', ... (336 bytes))
1788155848: Sending PUBACK to gatewayd-m6-final-38460 (m384, rc0)
1788155848: Received PUBACK from auto-0C3A543C-2601-2003-4968-06C03657EB14 (Mid: 383, RC:0)
1788155848: Received PUBLISH from gatewayd-m6-final-38460 (d0, q1, r0, m385, 'test/m6/final-20260831T135630', ... (336 bytes))
1788155848: Sending PUBLISH to auto-0C3A543C-2601-2003-4968-06C03657EB14 (d0, q1, r0, m385, 'test/m6/final-20260831T135630', ... (336 bytes))
1788155848: Sending PUBACK to gatewayd-m6-final-38460 (m385, rc0)
1788155848: Received PUBACK from auto-0C3A543C-2601-2003-4968-06C03657EB14 (Mid: 384, RC:0)
1788155848: Received PUBLISH from gatewayd-m6-final-38460 (d0, q1, r0, m386, 'test/m6/final-20260831T135630', ... (336 bytes))
1788155848: Sending PUBLISH to auto-0C3A543C-2601-2003-4968-06C03657EB14 (d0, q1, r0, m386, 'test/m6/final-20260831T135630', ... (336 bytes))
1788155848: Sending PUBACK to gatewayd-m6-final-38460 (m386, rc0)
1788155848: Received PUBACK from auto-0C3A543C-2601-2003-4968-06C03657EB14 (Mid: 385, RC:0)
1788155848: Received PUBLISH from gatewayd-m6-final-38460 (d0, q1, r0, m387, 'test/m6/final-20260831T135630', ... (336 bytes))
1788155848: Sending PUBLISH to auto-0C3A543C-2601-2003-4968-06C03657EB14 (d0, q1, r0, m387, 'test/m6/final-20260831T135630', ... (336 bytes))
1788155848: Sending PUBACK to gatewayd-m6-final-38460 (m387, rc0)
1788155848: Received PUBACK from auto-0C3A543C-2601-2003-4968-06C03657EB14 (Mid: 386, RC:0)
1788155848: Received PUBLISH from gatewayd-m6-final-38460 (d0, q1, r0, m388, 'test/m6/final-20260831T135630', ... (336 bytes))
1788155848: Sending PUBLISH to auto-0C3A543C-2601-2003-4968-06C03657EB14 (d0, q1, r0, m388, 'test/m6/final-20260831T135630', ... (336 bytes))
1788155848: Sending PUBACK to gatewayd-m6-final-38460 (m388, rc0)
1788155848: Received PUBACK from auto-0C3A543C-2601-2003-4968-06C03657EB14 (Mid: 387, RC:0)
1788155848: Received PUBLISH from gatewayd-m6-final-38460 (d0, q1, r0, m389, 'test/m6/final-20260831T135630', ... (336 bytes))
1788155848: Sending PUBLISH to auto-0C3A543C-2601-2003-4968-06C03657EB14 (d0, q1, r0, m389, 'test/m6/final-20260831T135630', ... (336 bytes))
1788155848: Sending PUBACK to gatewayd-m6-final-38460 (m389, rc0)
1788155848: Received PUBACK from auto-0C3A543C-2601-2003-4968-06C03657EB14 (Mid: 388, RC:0)
1788155848: Received PUBLISH from gatewayd-m6-final-38460 (d0, q1, r0, m390, 'test/m6/final-20260831T135630', ... (336 bytes))
1788155848: Sending PUBLISH to auto-0C3A543C-2601-2003-4968-06C03657EB14 (d0, q1, r0, m390, 'test/m6/final-20260831T135630', ... (336 bytes))
1788155848: Sending PUBACK to gatewayd-m6-final-38460 (m390, rc0)
1788155848: Received PUBACK from auto-0C3A543C-2601-2003-4968-06C03657EB14 (Mid: 389, RC:0)
1788155848: Received PUBLISH from gatewayd-m6-final-38460 (d0, q1, r0, m391, 'test/m6/final-20260831T135630', ... (336 bytes))
1788155848: Sending PUBLISH to auto-0C3A543C-2601-2003-4968-06C03657EB14 (d0, q1, r0, m391, 'test/m6/final-20260831T135630', ... (336 bytes))
1788155848: Sending PUBACK to gatewayd-m6-final-38460 (m391, rc0)
1788155848: Received PUBACK from auto-0C3A543C-2601-2003-4968-06C03657EB14 (Mid: 390, RC:0)
1788155848: Received PUBLISH from gatewayd-m6-final-38460 (d0, q1, r0, m392, 'test/m6/final-20260831T135630', ... (336 bytes))
1788155848: Sending PUBLISH to auto-0C3A543C-2601-2003-4968-06C03657EB14 (d0, q1, r0, m392, 'test/m6/final-20260831T135630', ... (336 bytes))
1788155848: Sending PUBACK to gatewayd-m6-final-38460 (m392, rc0)
1788155848: Received PUBACK from auto-0C3A543C-2601-2003-4968-06C03657EB14 (Mid: 391, RC:0)
1788155848: Received PUBLISH from gatewayd-m6-final-38460 (d0, q1, r0, m393, 'test/m6/final-20260831T135630', ... (336 bytes))
1788155848: Sending PUBLISH to auto-0C3A543C-2601-2003-4968-06C03657EB14 (d0, q1, r0, m393, 'test/m6/final-20260831T135630', ... (336 bytes))
1788155848: Sending PUBACK to gatewayd-m6-final-38460 (m393, rc0)
1788155848: Received PUBACK from auto-0C3A543C-2601-2003-4968-06C03657EB14 (Mid: 392, RC:0)
1788155848: Received PUBLISH from gatewayd-m6-final-38460 (d0, q1, r0, m394, 'test/m6/final-20260831T135630', ... (336 bytes))
1788155848: Sending PUBLISH to auto-0C3A543C-2601-2003-4968-06C03657EB14 (d0, q1, r0, m394, 'test/m6/final-20260831T135630', ... (336 bytes))
1788155848: Sending PUBACK to gatewayd-m6-final-38460 (m394, rc0)
1788155848: Received PUBACK from auto-0C3A543C-2601-2003-4968-06C03657EB14 (Mid: 393, RC:0)
1788155848: Received PUBLISH from gatewayd-m6-final-38460 (d0, q1, r0, m395, 'test/m6/final-20260831T135630', ... (336 bytes))
1788155848: Sending PUBLISH to auto-0C3A543C-2601-2003-4968-06C03657EB14 (d0, q1, r0, m395, 'test/m6/final-20260831T135630', ... (336 bytes))
1788155848: Sending PUBACK to gatewayd-m6-final-38460 (m395, rc0)
1788155848: Received PUBACK from auto-0C3A543C-2601-2003-4968-06C03657EB14 (Mid: 394, RC:0)
1788155848: Received PUBLISH from gatewayd-m6-final-38460 (d0, q1, r0, m396, 'test/m6/final-20260831T135630', ... (336 bytes))
1788155848: Sending PUBLISH to auto-0C3A543C-2601-2003-4968-06C03657EB14 (d0, q1, r0, m396, 'test/m6/final-20260831T135630', ... (336 bytes))
1788155848: Sending PUBACK to gatewayd-m6-final-38460 (m396, rc0)
1788155848: Received PUBACK from auto-0C3A543C-2601-2003-4968-06C03657EB14 (Mid: 395, RC:0)
1788155848: Received PUBLISH from gatewayd-m6-final-38460 (d0, q1, r0, m397, 'test/m6/final-20260831T135630', ... (336 bytes))
1788155848: Sending PUBLISH to auto-0C3A543C-2601-2003-4968-06C03657EB14 (d0, q1, r0, m397, 'test/m6/final-20260831T135630', ... (336 bytes))
1788155848: Sending PUBACK to gatewayd-m6-final-38460 (m397, rc0)
1788155848: Received PUBACK from auto-0C3A543C-2601-2003-4968-06C03657EB14 (Mid: 396, RC:0)
1788155848: Received PUBLISH from gatewayd-m6-final-38460 (d0, q1, r0, m398, 'test/m6/final-20260831T135630', ... (336 bytes))
1788155848: Sending PUBLISH to auto-0C3A543C-2601-2003-4968-06C03657EB14 (d0, q1, r0, m398, 'test/m6/final-20260831T135630', ... (336 bytes))
1788155848: Sending PUBACK to gatewayd-m6-final-38460 (m398, rc0)
1788155848: Received PUBACK from auto-0C3A543C-2601-2003-4968-06C03657EB14 (Mid: 397, RC:0)
1788155848: Received PUBLISH from gatewayd-m6-final-38460 (d0, q1, r0, m399, 'test/m6/final-20260831T135630', ... (336 bytes))
1788155848: Sending PUBLISH to auto-0C3A543C-2601-2003-4968-06C03657EB14 (d0, q1, r0, m399, 'test/m6/final-20260831T135630', ... (336 bytes))
1788155848: Sending PUBACK to gatewayd-m6-final-38460 (m399, rc0)
1788155848: Received PUBACK from auto-0C3A543C-2601-2003-4968-06C03657EB14 (Mid: 398, RC:0)
1788155848: Received PUBLISH from gatewayd-m6-final-38460 (d0, q1, r0, m400, 'test/m6/final-20260831T135630', ... (336 bytes))
1788155848: Sending PUBLISH to auto-0C3A543C-2601-2003-4968-06C03657EB14 (d0, q1, r0, m400, 'test/m6/final-20260831T135630', ... (336 bytes))
1788155848: Sending PUBACK to gatewayd-m6-final-38460 (m400, rc0)
1788155848: Received PUBACK from auto-0C3A543C-2601-2003-4968-06C03657EB14 (Mid: 399, RC:0)
1788155848: Received PUBLISH from gatewayd-m6-final-38460 (d0, q1, r0, m401, 'test/m6/final-20260831T135630', ... (336 bytes))
1788155848: Sending PUBLISH to auto-0C3A543C-2601-2003-4968-06C03657EB14 (d0, q1, r0, m401, 'test/m6/final-20260831T135630', ... (336 bytes))
1788155848: Sending PUBACK to gatewayd-m6-final-38460 (m401, rc0)
1788155848: Received PUBACK from auto-0C3A543C-2601-2003-4968-06C03657EB14 (Mid: 400, RC:0)
1788155848: Received PUBLISH from gatewayd-m6-final-38460 (d0, q1, r0, m402, 'test/m6/final-20260831T135630', ... (336 bytes))
1788155848: Sending PUBLISH to auto-0C3A543C-2601-2003-4968-06C03657EB14 (d0, q1, r0, m402, 'test/m6/final-20260831T135630', ... (336 bytes))
1788155848: Sending PUBACK to gatewayd-m6-final-38460 (m402, rc0)
1788155848: Received PUBACK from auto-0C3A543C-2601-2003-4968-06C03657EB14 (Mid: 401, RC:0)
1788155848: Received PUBLISH from gatewayd-m6-final-38460 (d0, q1, r0, m403, 'test/m6/final-20260831T135630', ... (336 bytes))
1788155848: Sending PUBLISH to auto-0C3A543C-2601-2003-4968-06C03657EB14 (d0, q1, r0, m403, 'test/m6/final-20260831T135630', ... (336 bytes))
1788155848: Sending PUBACK to gatewayd-m6-final-38460 (m403, rc0)
1788155848: Received PUBACK from auto-0C3A543C-2601-2003-4968-06C03657EB14 (Mid: 402, RC:0)
1788155848: Received PUBLISH from gatewayd-m6-final-38460 (d0, q1, r0, m404, 'test/m6/final-20260831T135630', ... (336 bytes))
1788155848: Sending PUBLISH to auto-0C3A543C-2601-2003-4968-06C03657EB14 (d0, q1, r0, m404, 'test/m6/final-20260831T135630', ... (336 bytes))
1788155848: Sending PUBACK to gatewayd-m6-final-38460 (m404, rc0)
1788155848: Received PUBACK from auto-0C3A543C-2601-2003-4968-06C03657EB14 (Mid: 403, RC:0)
1788155848: Received PUBLISH from gatewayd-m6-final-38460 (d0, q1, r0, m405, 'test/m6/final-20260831T135630', ... (336 bytes))
1788155848: Sending PUBLISH to auto-0C3A543C-2601-2003-4968-06C03657EB14 (d0, q1, r0, m405, 'test/m6/final-20260831T135630', ... (336 bytes))
1788155848: Sending PUBACK to gatewayd-m6-final-38460 (m405, rc0)
1788155848: Received PUBACK from auto-0C3A543C-2601-2003-4968-06C03657EB14 (Mid: 404, RC:0)
1788155848: Received PUBLISH from gatewayd-m6-final-38460 (d0, q1, r0, m406, 'test/m6/final-20260831T135630', ... (336 bytes))
1788155848: Sending PUBLISH to auto-0C3A543C-2601-2003-4968-06C03657EB14 (d0, q1, r0, m406, 'test/m6/final-20260831T135630', ... (336 bytes))
1788155848: Sending PUBACK to gatewayd-m6-final-38460 (m406, rc0)
1788155848: Received PUBACK from auto-0C3A543C-2601-2003-4968-06C03657EB14 (Mid: 405, RC:0)
1788155848: Received PUBLISH from gatewayd-m6-final-38460 (d0, q1, r0, m407, 'test/m6/final-20260831T135630', ... (336 bytes))
1788155848: Sending PUBLISH to auto-0C3A543C-2601-2003-4968-06C03657EB14 (d0, q1, r0, m407, 'test/m6/final-20260831T135630', ... (336 bytes))
1788155848: Sending PUBACK to gatewayd-m6-final-38460 (m407, rc0)
1788155848: Received PUBACK from auto-0C3A543C-2601-2003-4968-06C03657EB14 (Mid: 406, RC:0)
1788155848: Received PUBLISH from gatewayd-m6-final-38460 (d0, q1, r0, m408, 'test/m6/final-20260831T135630', ... (336 bytes))
1788155848: Sending PUBLISH to auto-0C3A543C-2601-2003-4968-06C03657EB14 (d0, q1, r0, m408, 'test/m6/final-20260831T135630', ... (336 bytes))
1788155848: Sending PUBACK to gatewayd-m6-final-38460 (m408, rc0)
1788155848: Received PUBACK from auto-0C3A543C-2601-2003-4968-06C03657EB14 (Mid: 407, RC:0)
1788155848: Received PUBLISH from gatewayd-m6-final-38460 (d0, q1, r0, m409, 'test/m6/final-20260831T135630', ... (336 bytes))
1788155848: Sending PUBLISH to auto-0C3A543C-2601-2003-4968-06C03657EB14 (d0, q1, r0, m409, 'test/m6/final-20260831T135630', ... (336 bytes))
1788155848: Sending PUBACK to gatewayd-m6-final-38460 (m409, rc0)
1788155848: Received PUBACK from auto-0C3A543C-2601-2003-4968-06C03657EB14 (Mid: 408, RC:0)
1788155848: Received PUBLISH from gatewayd-m6-final-38460 (d0, q1, r0, m410, 'test/m6/final-20260831T135630', ... (336 bytes))
1788155848: Sending PUBLISH to auto-0C3A543C-2601-2003-4968-06C03657EB14 (d0, q1, r0, m410, 'test/m6/final-20260831T135630', ... (336 bytes))
1788155848: Sending PUBACK to gatewayd-m6-final-38460 (m410, rc0)
1788155848: Received PUBACK from auto-0C3A543C-2601-2003-4968-06C03657EB14 (Mid: 409, RC:0)
1788155848: Received PUBLISH from gatewayd-m6-final-38460 (d0, q1, r0, m411, 'test/m6/final-20260831T135630', ... (336 bytes))
1788155848: Sending PUBLISH to auto-0C3A543C-2601-2003-4968-06C03657EB14 (d0, q1, r0, m411, 'test/m6/final-20260831T135630', ... (336 bytes))
1788155848: Sending PUBACK to gatewayd-m6-final-38460 (m411, rc0)
1788155848: Received PUBACK from auto-0C3A543C-2601-2003-4968-06C03657EB14 (Mid: 410, RC:0)
1788155848: Received PUBLISH from gatewayd-m6-final-38460 (d0, q1, r0, m412, 'test/m6/final-20260831T135630', ... (336 bytes))
1788155848: Sending PUBLISH to auto-0C3A543C-2601-2003-4968-06C03657EB14 (d0, q1, r0, m412, 'test/m6/final-20260831T135630', ... (336 bytes))
1788155848: Sending PUBACK to gatewayd-m6-final-38460 (m412, rc0)
1788155848: Received PUBACK from auto-0C3A543C-2601-2003-4968-06C03657EB14 (Mid: 411, RC:0)
1788155848: Received PUBLISH from gatewayd-m6-final-38460 (d0, q1, r0, m413, 'test/m6/final-20260831T135630', ... (336 bytes))
1788155848: Sending PUBLISH to auto-0C3A543C-2601-2003-4968-06C03657EB14 (d0, q1, r0, m413, 'test/m6/final-20260831T135630', ... (336 bytes))
1788155848: Sending PUBACK to gatewayd-m6-final-38460 (m413, rc0)
1788155848: Received PUBACK from auto-0C3A543C-2601-2003-4968-06C03657EB14 (Mid: 412, RC:0)
1788155848: Received PUBLISH from gatewayd-m6-final-38460 (d0, q1, r0, m414, 'test/m6/final-20260831T135630', ... (336 bytes))
1788155848: Sending PUBLISH to auto-0C3A543C-2601-2003-4968-06C03657EB14 (d0, q1, r0, m414, 'test/m6/final-20260831T135630', ... (336 bytes))
1788155848: Sending PUBACK to gatewayd-m6-final-38460 (m414, rc0)
1788155848: Received PUBACK from auto-0C3A543C-2601-2003-4968-06C03657EB14 (Mid: 413, RC:0)
1788155848: Received PUBLISH from gatewayd-m6-final-38460 (d0, q1, r0, m415, 'test/m6/final-20260831T135630', ... (336 bytes))
1788155848: Sending PUBLISH to auto-0C3A543C-2601-2003-4968-06C03657EB14 (d0, q1, r0, m415, 'test/m6/final-20260831T135630', ... (336 bytes))
1788155848: Sending PUBACK to gatewayd-m6-final-38460 (m415, rc0)
1788155848: Received PUBACK from auto-0C3A543C-2601-2003-4968-06C03657EB14 (Mid: 414, RC:0)
1788155848: Received PUBLISH from gatewayd-m6-final-38460 (d0, q1, r0, m416, 'test/m6/final-20260831T135630', ... (336 bytes))
1788155848: Sending PUBLISH to auto-0C3A543C-2601-2003-4968-06C03657EB14 (d0, q1, r0, m416, 'test/m6/final-20260831T135630', ... (336 bytes))
1788155848: Sending PUBACK to gatewayd-m6-final-38460 (m416, rc0)
1788155848: Received PUBACK from auto-0C3A543C-2601-2003-4968-06C03657EB14 (Mid: 415, RC:0)
1788155848: Received PUBLISH from gatewayd-m6-final-38460 (d0, q1, r0, m417, 'test/m6/final-20260831T135630', ... (336 bytes))
1788155848: Sending PUBLISH to auto-0C3A543C-2601-2003-4968-06C03657EB14 (d0, q1, r0, m417, 'test/m6/final-20260831T135630', ... (336 bytes))
1788155848: Sending PUBACK to gatewayd-m6-final-38460 (m417, rc0)
1788155848: Received PUBACK from auto-0C3A543C-2601-2003-4968-06C03657EB14 (Mid: 416, RC:0)
1788155848: Received PUBLISH from gatewayd-m6-final-38460 (d0, q1, r0, m418, 'test/m6/final-20260831T135630', ... (336 bytes))
1788155848: Sending PUBLISH to auto-0C3A543C-2601-2003-4968-06C03657EB14 (d0, q1, r0, m418, 'test/m6/final-20260831T135630', ... (336 bytes))
1788155848: Sending PUBACK to gatewayd-m6-final-38460 (m418, rc0)
1788155848: Received PUBACK from auto-0C3A543C-2601-2003-4968-06C03657EB14 (Mid: 417, RC:0)
1788155848: Received PUBLISH from gatewayd-m6-final-38460 (d0, q1, r0, m419, 'test/m6/final-20260831T135630', ... (336 bytes))
1788155848: Sending PUBLISH to auto-0C3A543C-2601-2003-4968-06C03657EB14 (d0, q1, r0, m419, 'test/m6/final-20260831T135630', ... (336 bytes))
1788155848: Sending PUBACK to gatewayd-m6-final-38460 (m419, rc0)
1788155848: Received PUBACK from auto-0C3A543C-2601-2003-4968-06C03657EB14 (Mid: 418, RC:0)
1788155848: Received PUBLISH from gatewayd-m6-final-38460 (d0, q1, r0, m420, 'test/m6/final-20260831T135630', ... (336 bytes))
1788155848: Sending PUBLISH to auto-0C3A543C-2601-2003-4968-06C03657EB14 (d0, q1, r0, m420, 'test/m6/final-20260831T135630', ... (336 bytes))
1788155848: Sending PUBACK to gatewayd-m6-final-38460 (m420, rc0)
1788155848: Received PUBACK from auto-0C3A543C-2601-2003-4968-06C03657EB14 (Mid: 419, RC:0)
1788155848: Received PUBLISH from gatewayd-m6-final-38460 (d0, q1, r0, m421, 'test/m6/final-20260831T135630', ... (336 bytes))
1788155848: Sending PUBLISH to auto-0C3A543C-2601-2003-4968-06C03657EB14 (d0, q1, r0, m421, 'test/m6/final-20260831T135630', ... (336 bytes))
1788155848: Sending PUBACK to gatewayd-m6-final-38460 (m421, rc0)
1788155848: Received PUBACK from auto-0C3A543C-2601-2003-4968-06C03657EB14 (Mid: 420, RC:0)
1788155848: Received PUBLISH from gatewayd-m6-final-38460 (d0, q1, r0, m422, 'test/m6/final-20260831T135630', ... (336 bytes))
1788155848: Sending PUBLISH to auto-0C3A543C-2601-2003-4968-06C03657EB14 (d0, q1, r0, m422, 'test/m6/final-20260831T135630', ... (336 bytes))
1788155848: Sending PUBACK to gatewayd-m6-final-38460 (m422, rc0)
1788155848: Received PUBACK from auto-0C3A543C-2601-2003-4968-06C03657EB14 (Mid: 421, RC:0)
1788155848: Received PUBLISH from gatewayd-m6-final-38460 (d0, q1, r0, m423, 'test/m6/final-20260831T135630', ... (336 bytes))
1788155848: Sending PUBLISH to auto-0C3A543C-2601-2003-4968-06C03657EB14 (d0, q1, r0, m423, 'test/m6/final-20260831T135630', ... (336 bytes))
1788155848: Sending PUBACK to gatewayd-m6-final-38460 (m423, rc0)
1788155848: Received PUBACK from auto-0C3A543C-2601-2003-4968-06C03657EB14 (Mid: 422, RC:0)
1788155848: Received PUBLISH from gatewayd-m6-final-38460 (d0, q1, r0, m424, 'test/m6/final-20260831T135630', ... (336 bytes))
1788155848: Sending PUBLISH to auto-0C3A543C-2601-2003-4968-06C03657EB14 (d0, q1, r0, m424, 'test/m6/final-20260831T135630', ... (336 bytes))
1788155848: Sending PUBACK to gatewayd-m6-final-38460 (m424, rc0)
1788155848: Received PUBACK from auto-0C3A543C-2601-2003-4968-06C03657EB14 (Mid: 423, RC:0)
1788155848: Received PUBLISH from gatewayd-m6-final-38460 (d0, q1, r0, m425, 'test/m6/final-20260831T135630', ... (336 bytes))
1788155848: Sending PUBLISH to auto-0C3A543C-2601-2003-4968-06C03657EB14 (d0, q1, r0, m425, 'test/m6/final-20260831T135630', ... (336 bytes))
1788155848: Sending PUBACK to gatewayd-m6-final-38460 (m425, rc0)
1788155848: Received PUBACK from auto-0C3A543C-2601-2003-4968-06C03657EB14 (Mid: 424, RC:0)
1788155848: Received PUBLISH from gatewayd-m6-final-38460 (d0, q1, r0, m426, 'test/m6/final-20260831T135630', ... (336 bytes))
1788155848: Sending PUBLISH to auto-0C3A543C-2601-2003-4968-06C03657EB14 (d0, q1, r0, m426, 'test/m6/final-20260831T135630', ... (336 bytes))
1788155848: Sending PUBACK to gatewayd-m6-final-38460 (m426, rc0)
1788155848: Received PUBACK from auto-0C3A543C-2601-2003-4968-06C03657EB14 (Mid: 425, RC:0)
1788155848: Received PUBLISH from gatewayd-m6-final-38460 (d0, q1, r0, m427, 'test/m6/final-20260831T135630', ... (336 bytes))
1788155848: Sending PUBLISH to auto-0C3A543C-2601-2003-4968-06C03657EB14 (d0, q1, r0, m427, 'test/m6/final-20260831T135630', ... (336 bytes))
1788155848: Sending PUBACK to gatewayd-m6-final-38460 (m427, rc0)
1788155848: Received PUBACK from auto-0C3A543C-2601-2003-4968-06C03657EB14 (Mid: 426, RC:0)
1788155848: Received PUBLISH from gatewayd-m6-final-38460 (d0, q1, r0, m428, 'test/m6/final-20260831T135630', ... (336 bytes))
1788155848: Sending PUBLISH to auto-0C3A543C-2601-2003-4968-06C03657EB14 (d0, q1, r0, m428, 'test/m6/final-20260831T135630', ... (336 bytes))
1788155848: Sending PUBACK to gatewayd-m6-final-38460 (m428, rc0)
1788155848: Received PUBACK from auto-0C3A543C-2601-2003-4968-06C03657EB14 (Mid: 427, RC:0)
1788155848: Received PUBLISH from gatewayd-m6-final-38460 (d0, q1, r0, m429, 'test/m6/final-20260831T135630', ... (336 bytes))
1788155848: Sending PUBLISH to auto-0C3A543C-2601-2003-4968-06C03657EB14 (d0, q1, r0, m429, 'test/m6/final-20260831T135630', ... (336 bytes))
1788155848: Sending PUBACK to gatewayd-m6-final-38460 (m429, rc0)
1788155848: Received PUBACK from auto-0C3A543C-2601-2003-4968-06C03657EB14 (Mid: 428, RC:0)
1788155848: Received PUBLISH from gatewayd-m6-final-38460 (d0, q1, r0, m430, 'test/m6/final-20260831T135630', ... (336 bytes))
1788155848: Sending PUBLISH to auto-0C3A543C-2601-2003-4968-06C03657EB14 (d0, q1, r0, m430, 'test/m6/final-20260831T135630', ... (336 bytes))
1788155848: Sending PUBACK to gatewayd-m6-final-38460 (m430, rc0)
1788155848: Received PUBACK from auto-0C3A543C-2601-2003-4968-06C03657EB14 (Mid: 429, RC:0)
1788155848: Received PUBLISH from gatewayd-m6-final-38460 (d0, q1, r0, m431, 'test/m6/final-20260831T135630', ... (336 bytes))
1788155848: Sending PUBLISH to auto-0C3A543C-2601-2003-4968-06C03657EB14 (d0, q1, r0, m431, 'test/m6/final-20260831T135630', ... (336 bytes))
1788155848: Sending PUBACK to gatewayd-m6-final-38460 (m431, rc0)
1788155848: Received PUBACK from auto-0C3A543C-2601-2003-4968-06C03657EB14 (Mid: 430, RC:0)
1788155848: Received PUBLISH from gatewayd-m6-final-38460 (d0, q1, r0, m432, 'test/m6/final-20260831T135630', ... (336 bytes))
1788155848: Sending PUBLISH to auto-0C3A543C-2601-2003-4968-06C03657EB14 (d0, q1, r0, m432, 'test/m6/final-20260831T135630', ... (336 bytes))
1788155848: Sending PUBACK to gatewayd-m6-final-38460 (m432, rc0)
1788155848: Received PUBACK from auto-0C3A543C-2601-2003-4968-06C03657EB14 (Mid: 431, RC:0)
1788155848: Received PUBLISH from gatewayd-m6-final-38460 (d0, q1, r0, m433, 'test/m6/final-20260831T135630', ... (336 bytes))
1788155848: Sending PUBLISH to auto-0C3A543C-2601-2003-4968-06C03657EB14 (d0, q1, r0, m433, 'test/m6/final-20260831T135630', ... (336 bytes))
1788155848: Sending PUBACK to gatewayd-m6-final-38460 (m433, rc0)
1788155848: Received PUBACK from auto-0C3A543C-2601-2003-4968-06C03657EB14 (Mid: 432, RC:0)
1788155848: Received PUBLISH from gatewayd-m6-final-38460 (d0, q1, r0, m434, 'test/m6/final-20260831T135630', ... (336 bytes))
1788155848: Sending PUBLISH to auto-0C3A543C-2601-2003-4968-06C03657EB14 (d0, q1, r0, m434, 'test/m6/final-20260831T135630', ... (336 bytes))
1788155848: Sending PUBACK to gatewayd-m6-final-38460 (m434, rc0)
1788155848: Received PUBACK from auto-0C3A543C-2601-2003-4968-06C03657EB14 (Mid: 433, RC:0)
1788155848: Received PUBLISH from gatewayd-m6-final-38460 (d0, q1, r0, m435, 'test/m6/final-20260831T135630', ... (336 bytes))
1788155848: Sending PUBLISH to auto-0C3A543C-2601-2003-4968-06C03657EB14 (d0, q1, r0, m435, 'test/m6/final-20260831T135630', ... (336 bytes))
1788155848: Sending PUBACK to gatewayd-m6-final-38460 (m435, rc0)
1788155848: Received PUBACK from auto-0C3A543C-2601-2003-4968-06C03657EB14 (Mid: 434, RC:0)
1788155848: Received PUBLISH from gatewayd-m6-final-38460 (d0, q1, r0, m436, 'test/m6/final-20260831T135630', ... (336 bytes))
1788155848: Sending PUBLISH to auto-0C3A543C-2601-2003-4968-06C03657EB14 (d0, q1, r0, m436, 'test/m6/final-20260831T135630', ... (336 bytes))
1788155848: Sending PUBACK to gatewayd-m6-final-38460 (m436, rc0)
1788155848: Received PUBACK from auto-0C3A543C-2601-2003-4968-06C03657EB14 (Mid: 435, RC:0)
1788155848: Received PUBLISH from gatewayd-m6-final-38460 (d0, q1, r0, m437, 'test/m6/final-20260831T135630', ... (336 bytes))
1788155848: Sending PUBLISH to auto-0C3A543C-2601-2003-4968-06C03657EB14 (d0, q1, r0, m437, 'test/m6/final-20260831T135630', ... (336 bytes))
1788155848: Sending PUBACK to gatewayd-m6-final-38460 (m437, rc0)
1788155848: Received PUBACK from auto-0C3A543C-2601-2003-4968-06C03657EB14 (Mid: 436, RC:0)
1788155848: Received PUBLISH from gatewayd-m6-final-38460 (d0, q1, r0, m438, 'test/m6/final-20260831T135630', ... (336 bytes))
1788155848: Sending PUBLISH to auto-0C3A543C-2601-2003-4968-06C03657EB14 (d0, q1, r0, m438, 'test/m6/final-20260831T135630', ... (336 bytes))
1788155848: Sending PUBACK to gatewayd-m6-final-38460 (m438, rc0)
1788155848: Received PUBACK from auto-0C3A543C-2601-2003-4968-06C03657EB14 (Mid: 437, RC:0)
1788155848: Received PUBLISH from gatewayd-m6-final-38460 (d0, q1, r0, m439, 'test/m6/final-20260831T135630', ... (336 bytes))
1788155848: Sending PUBLISH to auto-0C3A543C-2601-2003-4968-06C03657EB14 (d0, q1, r0, m439, 'test/m6/final-20260831T135630', ... (336 bytes))
1788155848: Sending PUBACK to gatewayd-m6-final-38460 (m439, rc0)
1788155848: Received PUBACK from auto-0C3A543C-2601-2003-4968-06C03657EB14 (Mid: 438, RC:0)
1788155848: Received PUBLISH from gatewayd-m6-final-38460 (d0, q1, r0, m440, 'test/m6/final-20260831T135630', ... (336 bytes))
1788155848: Sending PUBLISH to auto-0C3A543C-2601-2003-4968-06C03657EB14 (d0, q1, r0, m440, 'test/m6/final-20260831T135630', ... (336 bytes))
1788155848: Sending PUBACK to gatewayd-m6-final-38460 (m440, rc0)
1788155848: Received PUBACK from auto-0C3A543C-2601-2003-4968-06C03657EB14 (Mid: 439, RC:0)
1788155848: Received PUBLISH from gatewayd-m6-final-38460 (d0, q1, r0, m441, 'test/m6/final-20260831T135630', ... (336 bytes))
1788155848: Sending PUBLISH to auto-0C3A543C-2601-2003-4968-06C03657EB14 (d0, q1, r0, m441, 'test/m6/final-20260831T135630', ... (336 bytes))
1788155848: Sending PUBACK to gatewayd-m6-final-38460 (m441, rc0)
1788155848: Received PUBACK from auto-0C3A543C-2601-2003-4968-06C03657EB14 (Mid: 440, RC:0)
1788155848: Received PUBLISH from gatewayd-m6-final-38460 (d0, q1, r0, m442, 'test/m6/final-20260831T135630', ... (336 bytes))
1788155848: Sending PUBLISH to auto-0C3A543C-2601-2003-4968-06C03657EB14 (d0, q1, r0, m442, 'test/m6/final-20260831T135630', ... (336 bytes))
1788155848: Sending PUBACK to gatewayd-m6-final-38460 (m442, rc0)
1788155848: Received PUBACK from auto-0C3A543C-2601-2003-4968-06C03657EB14 (Mid: 441, RC:0)
1788155848: Received PUBLISH from gatewayd-m6-final-38460 (d0, q1, r0, m443, 'test/m6/final-20260831T135630', ... (336 bytes))
1788155848: Sending PUBLISH to auto-0C3A543C-2601-2003-4968-06C03657EB14 (d0, q1, r0, m443, 'test/m6/final-20260831T135630', ... (336 bytes))
1788155848: Sending PUBACK to gatewayd-m6-final-38460 (m443, rc0)
1788155848: Received PUBACK from auto-0C3A543C-2601-2003-4968-06C03657EB14 (Mid: 442, RC:0)
1788155848: Received PUBLISH from gatewayd-m6-final-38460 (d0, q1, r0, m444, 'test/m6/final-20260831T135630', ... (336 bytes))
1788155848: Sending PUBLISH to auto-0C3A543C-2601-2003-4968-06C03657EB14 (d0, q1, r0, m444, 'test/m6/final-20260831T135630', ... (336 bytes))
1788155848: Sending PUBACK to gatewayd-m6-final-38460 (m444, rc0)
1788155848: Received PUBACK from auto-0C3A543C-2601-2003-4968-06C03657EB14 (Mid: 443, RC:0)
1788155848: Received PUBLISH from gatewayd-m6-final-38460 (d0, q1, r0, m445, 'test/m6/final-20260831T135630', ... (336 bytes))
1788155848: Sending PUBLISH to auto-0C3A543C-2601-2003-4968-06C03657EB14 (d0, q1, r0, m445, 'test/m6/final-20260831T135630', ... (336 bytes))
1788155848: Sending PUBACK to gatewayd-m6-final-38460 (m445, rc0)
1788155848: Received PUBACK from auto-0C3A543C-2601-2003-4968-06C03657EB14 (Mid: 444, RC:0)
1788155848: Received PUBLISH from gatewayd-m6-final-38460 (d0, q1, r0, m446, 'test/m6/final-20260831T135630', ... (336 bytes))
1788155848: Sending PUBLISH to auto-0C3A543C-2601-2003-4968-06C03657EB14 (d0, q1, r0, m446, 'test/m6/final-20260831T135630', ... (336 bytes))
1788155848: Sending PUBACK to gatewayd-m6-final-38460 (m446, rc0)
1788155848: Received PUBLISH from gatewayd-m6-final-38460 (d0, q1, r0, m447, 'test/m6/final-20260831T135630', ... (336 bytes))
1788155848: Sending PUBLISH to auto-0C3A543C-2601-2003-4968-06C03657EB14 (d0, q1, r0, m447, 'test/m6/final-20260831T135630', ... (336 bytes))
1788155848: Sending PUBACK to gatewayd-m6-final-38460 (m447, rc0)
1788155848: Received PUBACK from auto-0C3A543C-2601-2003-4968-06C03657EB14 (Mid: 445, RC:0)
1788155848: Received PUBACK from auto-0C3A543C-2601-2003-4968-06C03657EB14 (Mid: 446, RC:0)
1788155848: Received PUBLISH from gatewayd-m6-final-38460 (d0, q1, r0, m448, 'test/m6/final-20260831T135630', ... (336 bytes))
1788155848: Sending PUBLISH to auto-0C3A543C-2601-2003-4968-06C03657EB14 (d0, q1, r0, m448, 'test/m6/final-20260831T135630', ... (336 bytes))
1788155848: Sending PUBACK to gatewayd-m6-final-38460 (m448, rc0)
1788155848: Received PUBACK from auto-0C3A543C-2601-2003-4968-06C03657EB14 (Mid: 447, RC:0)
1788155848: Received PUBLISH from gatewayd-m6-final-38460 (d0, q1, r0, m449, 'test/m6/final-20260831T135630', ... (336 bytes))
1788155848: Sending PUBLISH to auto-0C3A543C-2601-2003-4968-06C03657EB14 (d0, q1, r0, m449, 'test/m6/final-20260831T135630', ... (336 bytes))
1788155848: Sending PUBACK to gatewayd-m6-final-38460 (m449, rc0)
1788155848: Received PUBACK from auto-0C3A543C-2601-2003-4968-06C03657EB14 (Mid: 448, RC:0)
1788155848: Received PUBLISH from gatewayd-m6-final-38460 (d0, q1, r0, m450, 'test/m6/final-20260831T135630', ... (336 bytes))
1788155848: Sending PUBLISH to auto-0C3A543C-2601-2003-4968-06C03657EB14 (d0, q1, r0, m450, 'test/m6/final-20260831T135630', ... (336 bytes))
1788155848: Sending PUBACK to gatewayd-m6-final-38460 (m450, rc0)
1788155848: Received PUBACK from auto-0C3A543C-2601-2003-4968-06C03657EB14 (Mid: 449, RC:0)
1788155848: Received PUBLISH from gatewayd-m6-final-38460 (d0, q1, r0, m451, 'test/m6/final-20260831T135630', ... (336 bytes))
1788155848: Sending PUBLISH to auto-0C3A543C-2601-2003-4968-06C03657EB14 (d0, q1, r0, m451, 'test/m6/final-20260831T135630', ... (336 bytes))
1788155848: Sending PUBACK to gatewayd-m6-final-38460 (m451, rc0)
1788155848: Received PUBACK from auto-0C3A543C-2601-2003-4968-06C03657EB14 (Mid: 450, RC:0)
1788155848: Received PUBLISH from gatewayd-m6-final-38460 (d0, q1, r0, m452, 'test/m6/final-20260831T135630', ... (336 bytes))
1788155848: Sending PUBLISH to auto-0C3A543C-2601-2003-4968-06C03657EB14 (d0, q1, r0, m452, 'test/m6/final-20260831T135630', ... (336 bytes))
1788155848: Sending PUBACK to gatewayd-m6-final-38460 (m452, rc0)
1788155848: Received PUBACK from auto-0C3A543C-2601-2003-4968-06C03657EB14 (Mid: 451, RC:0)
1788155848: Received PUBLISH from gatewayd-m6-final-38460 (d0, q1, r0, m453, 'test/m6/final-20260831T135630', ... (336 bytes))
1788155848: Sending PUBLISH to auto-0C3A543C-2601-2003-4968-06C03657EB14 (d0, q1, r0, m453, 'test/m6/final-20260831T135630', ... (336 bytes))
1788155848: Sending PUBACK to gatewayd-m6-final-38460 (m453, rc0)
1788155848: Received PUBLISH from gatewayd-m6-final-38460 (d0, q1, r0, m454, 'test/m6/final-20260831T135630', ... (336 bytes))
1788155848: Sending PUBLISH to auto-0C3A543C-2601-2003-4968-06C03657EB14 (d0, q1, r0, m454, 'test/m6/final-20260831T135630', ... (336 bytes))
1788155848: Sending PUBACK to gatewayd-m6-final-38460 (m454, rc0)
1788155848: Received PUBACK from auto-0C3A543C-2601-2003-4968-06C03657EB14 (Mid: 452, RC:0)
1788155848: Received PUBACK from auto-0C3A543C-2601-2003-4968-06C03657EB14 (Mid: 453, RC:0)
1788155848: Received PUBLISH from gatewayd-m6-final-38460 (d0, q1, r0, m455, 'test/m6/final-20260831T135630', ... (336 bytes))
1788155848: Sending PUBLISH to auto-0C3A543C-2601-2003-4968-06C03657EB14 (d0, q1, r0, m455, 'test/m6/final-20260831T135630', ... (336 bytes))
1788155848: Sending PUBACK to gatewayd-m6-final-38460 (m455, rc0)
1788155848: Received PUBACK from auto-0C3A543C-2601-2003-4968-06C03657EB14 (Mid: 454, RC:0)
1788155848: Received PUBLISH from gatewayd-m6-final-38460 (d0, q1, r0, m456, 'test/m6/final-20260831T135630', ... (336 bytes))
1788155848: Sending PUBLISH to auto-0C3A543C-2601-2003-4968-06C03657EB14 (d0, q1, r0, m456, 'test/m6/final-20260831T135630', ... (336 bytes))
1788155848: Sending PUBACK to gatewayd-m6-final-38460 (m456, rc0)
1788155848: Received PUBACK from auto-0C3A543C-2601-2003-4968-06C03657EB14 (Mid: 455, RC:0)
1788155848: Received PUBLISH from gatewayd-m6-final-38460 (d0, q1, r0, m457, 'test/m6/final-20260831T135630', ... (336 bytes))
1788155848: Sending PUBLISH to auto-0C3A543C-2601-2003-4968-06C03657EB14 (d0, q1, r0, m457, 'test/m6/final-20260831T135630', ... (336 bytes))
1788155848: Sending PUBACK to gatewayd-m6-final-38460 (m457, rc0)
1788155848: Received PUBACK from auto-0C3A543C-2601-2003-4968-06C03657EB14 (Mid: 456, RC:0)
1788155848: Received PUBLISH from gatewayd-m6-final-38460 (d0, q1, r0, m458, 'test/m6/final-20260831T135630', ... (336 bytes))
1788155848: Sending PUBLISH to auto-0C3A543C-2601-2003-4968-06C03657EB14 (d0, q1, r0, m458, 'test/m6/final-20260831T135630', ... (336 bytes))
1788155848: Sending PUBACK to gatewayd-m6-final-38460 (m458, rc0)
1788155848: Received PUBACK from auto-0C3A543C-2601-2003-4968-06C03657EB14 (Mid: 457, RC:0)
1788155848: Received PUBLISH from gatewayd-m6-final-38460 (d0, q1, r0, m459, 'test/m6/final-20260831T135630', ... (336 bytes))
1788155848: Sending PUBLISH to auto-0C3A543C-2601-2003-4968-06C03657EB14 (d0, q1, r0, m459, 'test/m6/final-20260831T135630', ... (336 bytes))
1788155848: Sending PUBACK to gatewayd-m6-final-38460 (m459, rc0)
1788155848: Received PUBACK from auto-0C3A543C-2601-2003-4968-06C03657EB14 (Mid: 458, RC:0)
1788155848: Received PUBLISH from gatewayd-m6-final-38460 (d0, q1, r0, m460, 'test/m6/final-20260831T135630', ... (336 bytes))
1788155848: Sending PUBLISH to auto-0C3A543C-2601-2003-4968-06C03657EB14 (d0, q1, r0, m460, 'test/m6/final-20260831T135630', ... (336 bytes))
1788155848: Sending PUBACK to gatewayd-m6-final-38460 (m460, rc0)
1788155848: Received PUBACK from auto-0C3A543C-2601-2003-4968-06C03657EB14 (Mid: 459, RC:0)
1788155848: Received PUBLISH from gatewayd-m6-final-38460 (d0, q1, r0, m461, 'test/m6/final-20260831T135630', ... (336 bytes))
1788155848: Sending PUBLISH to auto-0C3A543C-2601-2003-4968-06C03657EB14 (d0, q1, r0, m461, 'test/m6/final-20260831T135630', ... (336 bytes))
1788155848: Sending PUBACK to gatewayd-m6-final-38460 (m461, rc0)
1788155848: Received PUBACK from auto-0C3A543C-2601-2003-4968-06C03657EB14 (Mid: 460, RC:0)
1788155848: Received PUBLISH from gatewayd-m6-final-38460 (d0, q1, r0, m462, 'test/m6/final-20260831T135630', ... (336 bytes))
1788155848: Sending PUBLISH to auto-0C3A543C-2601-2003-4968-06C03657EB14 (d0, q1, r0, m462, 'test/m6/final-20260831T135630', ... (336 bytes))
1788155848: Sending PUBACK to gatewayd-m6-final-38460 (m462, rc0)
1788155848: Received PUBACK from auto-0C3A543C-2601-2003-4968-06C03657EB14 (Mid: 461, RC:0)
1788155848: Received PUBLISH from gatewayd-m6-final-38460 (d0, q1, r0, m463, 'test/m6/final-20260831T135630', ... (336 bytes))
1788155848: Sending PUBLISH to auto-0C3A543C-2601-2003-4968-06C03657EB14 (d0, q1, r0, m463, 'test/m6/final-20260831T135630', ... (336 bytes))
1788155848: Sending PUBACK to gatewayd-m6-final-38460 (m463, rc0)
1788155848: Received PUBACK from auto-0C3A543C-2601-2003-4968-06C03657EB14 (Mid: 462, RC:0)
1788155848: Received PUBLISH from gatewayd-m6-final-38460 (d0, q1, r0, m464, 'test/m6/final-20260831T135630', ... (336 bytes))
1788155848: Sending PUBLISH to auto-0C3A543C-2601-2003-4968-06C03657EB14 (d0, q1, r0, m464, 'test/m6/final-20260831T135630', ... (336 bytes))
1788155848: Sending PUBACK to gatewayd-m6-final-38460 (m464, rc0)
1788155848: Received PUBACK from auto-0C3A543C-2601-2003-4968-06C03657EB14 (Mid: 463, RC:0)
1788155848: Received PUBLISH from gatewayd-m6-final-38460 (d0, q1, r0, m465, 'test/m6/final-20260831T135630', ... (336 bytes))
1788155848: Sending PUBLISH to auto-0C3A543C-2601-2003-4968-06C03657EB14 (d0, q1, r0, m465, 'test/m6/final-20260831T135630', ... (336 bytes))
1788155848: Sending PUBACK to gatewayd-m6-final-38460 (m465, rc0)
1788155848: Received PUBACK from auto-0C3A543C-2601-2003-4968-06C03657EB14 (Mid: 464, RC:0)
1788155848: Received PUBLISH from gatewayd-m6-final-38460 (d0, q1, r0, m466, 'test/m6/final-20260831T135630', ... (336 bytes))
1788155848: Sending PUBLISH to auto-0C3A543C-2601-2003-4968-06C03657EB14 (d0, q1, r0, m466, 'test/m6/final-20260831T135630', ... (336 bytes))
1788155848: Sending PUBACK to gatewayd-m6-final-38460 (m466, rc0)
1788155848: Received PUBACK from auto-0C3A543C-2601-2003-4968-06C03657EB14 (Mid: 465, RC:0)
1788155848: Received PUBLISH from gatewayd-m6-final-38460 (d0, q1, r0, m467, 'test/m6/final-20260831T135630', ... (336 bytes))
1788155848: Sending PUBLISH to auto-0C3A543C-2601-2003-4968-06C03657EB14 (d0, q1, r0, m467, 'test/m6/final-20260831T135630', ... (336 bytes))
1788155848: Sending PUBACK to gatewayd-m6-final-38460 (m467, rc0)
1788155848: Received PUBACK from auto-0C3A543C-2601-2003-4968-06C03657EB14 (Mid: 466, RC:0)
1788155848: Received PUBLISH from gatewayd-m6-final-38460 (d0, q1, r0, m468, 'test/m6/final-20260831T135630', ... (336 bytes))
1788155848: Sending PUBLISH to auto-0C3A543C-2601-2003-4968-06C03657EB14 (d0, q1, r0, m468, 'test/m6/final-20260831T135630', ... (336 bytes))
1788155848: Sending PUBACK to gatewayd-m6-final-38460 (m468, rc0)
1788155848: Received PUBACK from auto-0C3A543C-2601-2003-4968-06C03657EB14 (Mid: 467, RC:0)
1788155848: Received PUBLISH from gatewayd-m6-final-38460 (d0, q1, r0, m469, 'test/m6/final-20260831T135630', ... (336 bytes))
1788155848: Sending PUBLISH to auto-0C3A543C-2601-2003-4968-06C03657EB14 (d0, q1, r0, m469, 'test/m6/final-20260831T135630', ... (336 bytes))
1788155848: Sending PUBACK to gatewayd-m6-final-38460 (m469, rc0)
1788155848: Received PUBACK from auto-0C3A543C-2601-2003-4968-06C03657EB14 (Mid: 468, RC:0)
1788155848: Received PUBLISH from gatewayd-m6-final-38460 (d0, q1, r0, m470, 'test/m6/final-20260831T135630', ... (336 bytes))
1788155848: Sending PUBLISH to auto-0C3A543C-2601-2003-4968-06C03657EB14 (d0, q1, r0, m470, 'test/m6/final-20260831T135630', ... (336 bytes))
1788155848: Sending PUBACK to gatewayd-m6-final-38460 (m470, rc0)
1788155848: Received PUBACK from auto-0C3A543C-2601-2003-4968-06C03657EB14 (Mid: 469, RC:0)
1788155848: Received PUBLISH from gatewayd-m6-final-38460 (d0, q1, r0, m471, 'test/m6/final-20260831T135630', ... (336 bytes))
1788155848: Sending PUBLISH to auto-0C3A543C-2601-2003-4968-06C03657EB14 (d0, q1, r0, m471, 'test/m6/final-20260831T135630', ... (336 bytes))
1788155848: Sending PUBACK to gatewayd-m6-final-38460 (m471, rc0)
1788155848: Received PUBACK from auto-0C3A543C-2601-2003-4968-06C03657EB14 (Mid: 470, RC:0)
1788155848: Received PUBLISH from gatewayd-m6-final-38460 (d0, q1, r0, m472, 'test/m6/final-20260831T135630', ... (336 bytes))
1788155848: Sending PUBLISH to auto-0C3A543C-2601-2003-4968-06C03657EB14 (d0, q1, r0, m472, 'test/m6/final-20260831T135630', ... (336 bytes))
1788155848: Sending PUBACK to gatewayd-m6-final-38460 (m472, rc0)
1788155848: Received PUBACK from auto-0C3A543C-2601-2003-4968-06C03657EB14 (Mid: 471, RC:0)
1788155848: Received PUBLISH from gatewayd-m6-final-38460 (d0, q1, r0, m473, 'test/m6/final-20260831T135630', ... (336 bytes))
1788155848: Sending PUBLISH to auto-0C3A543C-2601-2003-4968-06C03657EB14 (d0, q1, r0, m473, 'test/m6/final-20260831T135630', ... (336 bytes))
1788155848: Sending PUBACK to gatewayd-m6-final-38460 (m473, rc0)
1788155848: Received PUBACK from auto-0C3A543C-2601-2003-4968-06C03657EB14 (Mid: 472, RC:0)
1788155848: Received PUBLISH from gatewayd-m6-final-38460 (d0, q1, r0, m474, 'test/m6/final-20260831T135630', ... (336 bytes))
1788155848: Sending PUBLISH to auto-0C3A543C-2601-2003-4968-06C03657EB14 (d0, q1, r0, m474, 'test/m6/final-20260831T135630', ... (336 bytes))
1788155848: Sending PUBACK to gatewayd-m6-final-38460 (m474, rc0)
1788155848: Received PUBACK from auto-0C3A543C-2601-2003-4968-06C03657EB14 (Mid: 473, RC:0)
1788155848: Received PUBLISH from gatewayd-m6-final-38460 (d0, q1, r0, m475, 'test/m6/final-20260831T135630', ... (336 bytes))
1788155848: Sending PUBLISH to auto-0C3A543C-2601-2003-4968-06C03657EB14 (d0, q1, r0, m475, 'test/m6/final-20260831T135630', ... (336 bytes))
1788155848: Sending PUBACK to gatewayd-m6-final-38460 (m475, rc0)
1788155848: Received PUBACK from auto-0C3A543C-2601-2003-4968-06C03657EB14 (Mid: 474, RC:0)
1788155848: Received PUBLISH from gatewayd-m6-final-38460 (d0, q1, r0, m476, 'test/m6/final-20260831T135630', ... (336 bytes))
1788155848: Sending PUBLISH to auto-0C3A543C-2601-2003-4968-06C03657EB14 (d0, q1, r0, m476, 'test/m6/final-20260831T135630', ... (336 bytes))
1788155848: Sending PUBACK to gatewayd-m6-final-38460 (m476, rc0)
1788155848: Received PUBACK from auto-0C3A543C-2601-2003-4968-06C03657EB14 (Mid: 475, RC:0)
1788155848: Received PUBLISH from gatewayd-m6-final-38460 (d0, q1, r0, m477, 'test/m6/final-20260831T135630', ... (336 bytes))
1788155848: Sending PUBLISH to auto-0C3A543C-2601-2003-4968-06C03657EB14 (d0, q1, r0, m477, 'test/m6/final-20260831T135630', ... (336 bytes))
1788155848: Sending PUBACK to gatewayd-m6-final-38460 (m477, rc0)
1788155848: Received PUBACK from auto-0C3A543C-2601-2003-4968-06C03657EB14 (Mid: 476, RC:0)
1788155848: Received PUBLISH from gatewayd-m6-final-38460 (d0, q1, r0, m478, 'test/m6/final-20260831T135630', ... (336 bytes))
1788155848: Sending PUBLISH to auto-0C3A543C-2601-2003-4968-06C03657EB14 (d0, q1, r0, m478, 'test/m6/final-20260831T135630', ... (336 bytes))
1788155848: Sending PUBACK to gatewayd-m6-final-38460 (m478, rc0)
1788155848: Received PUBACK from auto-0C3A543C-2601-2003-4968-06C03657EB14 (Mid: 477, RC:0)
1788155848: Received PUBLISH from gatewayd-m6-final-38460 (d0, q1, r0, m479, 'test/m6/final-20260831T135630', ... (336 bytes))
1788155848: Sending PUBLISH to auto-0C3A543C-2601-2003-4968-06C03657EB14 (d0, q1, r0, m479, 'test/m6/final-20260831T135630', ... (336 bytes))
1788155848: Sending PUBACK to gatewayd-m6-final-38460 (m479, rc0)
1788155848: Received PUBACK from auto-0C3A543C-2601-2003-4968-06C03657EB14 (Mid: 478, RC:0)
1788155848: Received PUBLISH from gatewayd-m6-final-38460 (d0, q1, r0, m480, 'test/m6/final-20260831T135630', ... (336 bytes))
1788155848: Sending PUBLISH to auto-0C3A543C-2601-2003-4968-06C03657EB14 (d0, q1, r0, m480, 'test/m6/final-20260831T135630', ... (336 bytes))
1788155848: Sending PUBACK to gatewayd-m6-final-38460 (m480, rc0)
1788155848: Received PUBACK from auto-0C3A543C-2601-2003-4968-06C03657EB14 (Mid: 479, RC:0)
1788155848: Received PUBLISH from gatewayd-m6-final-38460 (d0, q1, r0, m481, 'test/m6/final-20260831T135630', ... (336 bytes))
1788155848: Sending PUBLISH to auto-0C3A543C-2601-2003-4968-06C03657EB14 (d0, q1, r0, m481, 'test/m6/final-20260831T135630', ... (336 bytes))
1788155848: Sending PUBACK to gatewayd-m6-final-38460 (m481, rc0)
1788155848: Received PUBACK from auto-0C3A543C-2601-2003-4968-06C03657EB14 (Mid: 480, RC:0)
1788155848: Received PUBLISH from gatewayd-m6-final-38460 (d0, q1, r0, m482, 'test/m6/final-20260831T135630', ... (336 bytes))
1788155848: Sending PUBLISH to auto-0C3A543C-2601-2003-4968-06C03657EB14 (d0, q1, r0, m482, 'test/m6/final-20260831T135630', ... (336 bytes))
1788155848: Sending PUBACK to gatewayd-m6-final-38460 (m482, rc0)
1788155848: Received PUBACK from auto-0C3A543C-2601-2003-4968-06C03657EB14 (Mid: 481, RC:0)
1788155848: Received PUBLISH from gatewayd-m6-final-38460 (d0, q1, r0, m483, 'test/m6/final-20260831T135630', ... (336 bytes))
1788155848: Sending PUBLISH to auto-0C3A543C-2601-2003-4968-06C03657EB14 (d0, q1, r0, m483, 'test/m6/final-20260831T135630', ... (336 bytes))
1788155848: Sending PUBACK to gatewayd-m6-final-38460 (m483, rc0)
1788155848: Received PUBACK from auto-0C3A543C-2601-2003-4968-06C03657EB14 (Mid: 482, RC:0)
1788155848: Received PUBLISH from gatewayd-m6-final-38460 (d0, q1, r0, m484, 'test/m6/final-20260831T135630', ... (336 bytes))
1788155848: Sending PUBLISH to auto-0C3A543C-2601-2003-4968-06C03657EB14 (d0, q1, r0, m484, 'test/m6/final-20260831T135630', ... (336 bytes))
1788155848: Sending PUBACK to gatewayd-m6-final-38460 (m484, rc0)
1788155848: Received PUBACK from auto-0C3A543C-2601-2003-4968-06C03657EB14 (Mid: 483, RC:0)
1788155848: Received PUBLISH from gatewayd-m6-final-38460 (d0, q1, r0, m485, 'test/m6/final-20260831T135630', ... (336 bytes))
1788155848: Sending PUBLISH to auto-0C3A543C-2601-2003-4968-06C03657EB14 (d0, q1, r0, m485, 'test/m6/final-20260831T135630', ... (336 bytes))
1788155848: Sending PUBACK to gatewayd-m6-final-38460 (m485, rc0)
1788155848: Received PUBACK from auto-0C3A543C-2601-2003-4968-06C03657EB14 (Mid: 484, RC:0)
1788155848: Received PUBLISH from gatewayd-m6-final-38460 (d0, q1, r0, m486, 'test/m6/final-20260831T135630', ... (336 bytes))
1788155848: Sending PUBLISH to auto-0C3A543C-2601-2003-4968-06C03657EB14 (d0, q1, r0, m486, 'test/m6/final-20260831T135630', ... (336 bytes))
1788155848: Sending PUBACK to gatewayd-m6-final-38460 (m486, rc0)
1788155848: Received PUBACK from auto-0C3A543C-2601-2003-4968-06C03657EB14 (Mid: 485, RC:0)
1788155848: Received PUBLISH from gatewayd-m6-final-38460 (d0, q1, r0, m487, 'test/m6/final-20260831T135630', ... (336 bytes))
1788155848: Sending PUBLISH to auto-0C3A543C-2601-2003-4968-06C03657EB14 (d0, q1, r0, m487, 'test/m6/final-20260831T135630', ... (336 bytes))
1788155848: Sending PUBACK to gatewayd-m6-final-38460 (m487, rc0)
1788155848: Received PUBACK from auto-0C3A543C-2601-2003-4968-06C03657EB14 (Mid: 486, RC:0)
1788155848: Received PUBLISH from gatewayd-m6-final-38460 (d0, q1, r0, m488, 'test/m6/final-20260831T135630', ... (336 bytes))
1788155848: Sending PUBLISH to auto-0C3A543C-2601-2003-4968-06C03657EB14 (d0, q1, r0, m488, 'test/m6/final-20260831T135630', ... (336 bytes))
1788155848: Sending PUBACK to gatewayd-m6-final-38460 (m488, rc0)
1788155848: Received PUBACK from auto-0C3A543C-2601-2003-4968-06C03657EB14 (Mid: 487, RC:0)
1788155848: Received PUBLISH from gatewayd-m6-final-38460 (d0, q1, r0, m489, 'test/m6/final-20260831T135630', ... (336 bytes))
1788155848: Sending PUBLISH to auto-0C3A543C-2601-2003-4968-06C03657EB14 (d0, q1, r0, m489, 'test/m6/final-20260831T135630', ... (336 bytes))
1788155848: Sending PUBACK to gatewayd-m6-final-38460 (m489, rc0)
1788155848: Received PUBACK from auto-0C3A543C-2601-2003-4968-06C03657EB14 (Mid: 488, RC:0)
1788155848: Received PUBLISH from gatewayd-m6-final-38460 (d0, q1, r0, m490, 'test/m6/final-20260831T135630', ... (336 bytes))
1788155848: Sending PUBLISH to auto-0C3A543C-2601-2003-4968-06C03657EB14 (d0, q1, r0, m490, 'test/m6/final-20260831T135630', ... (336 bytes))
1788155848: Sending PUBACK to gatewayd-m6-final-38460 (m490, rc0)
1788155848: Received PUBACK from auto-0C3A543C-2601-2003-4968-06C03657EB14 (Mid: 489, RC:0)
1788155848: Received PUBLISH from gatewayd-m6-final-38460 (d0, q1, r0, m491, 'test/m6/final-20260831T135630', ... (336 bytes))
1788155848: Sending PUBLISH to auto-0C3A543C-2601-2003-4968-06C03657EB14 (d0, q1, r0, m491, 'test/m6/final-20260831T135630', ... (336 bytes))
1788155848: Sending PUBACK to gatewayd-m6-final-38460 (m491, rc0)
1788155848: Received PUBACK from auto-0C3A543C-2601-2003-4968-06C03657EB14 (Mid: 490, RC:0)
1788155848: Received PUBLISH from gatewayd-m6-final-38460 (d0, q1, r0, m492, 'test/m6/final-20260831T135630', ... (336 bytes))
1788155848: Sending PUBLISH to auto-0C3A543C-2601-2003-4968-06C03657EB14 (d0, q1, r0, m492, 'test/m6/final-20260831T135630', ... (336 bytes))
1788155848: Sending PUBACK to gatewayd-m6-final-38460 (m492, rc0)
1788155848: Received PUBACK from auto-0C3A543C-2601-2003-4968-06C03657EB14 (Mid: 491, RC:0)
1788155848: Received PUBLISH from gatewayd-m6-final-38460 (d0, q1, r0, m493, 'test/m6/final-20260831T135630', ... (336 bytes))
1788155848: Sending PUBLISH to auto-0C3A543C-2601-2003-4968-06C03657EB14 (d0, q1, r0, m493, 'test/m6/final-20260831T135630', ... (336 bytes))
1788155848: Sending PUBACK to gatewayd-m6-final-38460 (m493, rc0)
1788155848: Received PUBACK from auto-0C3A543C-2601-2003-4968-06C03657EB14 (Mid: 492, RC:0)
1788155848: Received PUBLISH from gatewayd-m6-final-38460 (d0, q1, r0, m494, 'test/m6/final-20260831T135630', ... (336 bytes))
1788155848: Sending PUBLISH to auto-0C3A543C-2601-2003-4968-06C03657EB14 (d0, q1, r0, m494, 'test/m6/final-20260831T135630', ... (336 bytes))
1788155848: Sending PUBACK to gatewayd-m6-final-38460 (m494, rc0)
1788155848: Received PUBACK from auto-0C3A543C-2601-2003-4968-06C03657EB14 (Mid: 493, RC:0)
1788155848: Received PUBLISH from gatewayd-m6-final-38460 (d0, q1, r0, m495, 'test/m6/final-20260831T135630', ... (336 bytes))
1788155848: Sending PUBLISH to auto-0C3A543C-2601-2003-4968-06C03657EB14 (d0, q1, r0, m495, 'test/m6/final-20260831T135630', ... (336 bytes))
1788155848: Sending PUBACK to gatewayd-m6-final-38460 (m495, rc0)
1788155848: Received PUBACK from auto-0C3A543C-2601-2003-4968-06C03657EB14 (Mid: 494, RC:0)
1788155848: Received PUBLISH from gatewayd-m6-final-38460 (d0, q1, r0, m496, 'test/m6/final-20260831T135630', ... (336 bytes))
1788155848: Sending PUBLISH to auto-0C3A543C-2601-2003-4968-06C03657EB14 (d0, q1, r0, m496, 'test/m6/final-20260831T135630', ... (336 bytes))
1788155848: Sending PUBACK to gatewayd-m6-final-38460 (m496, rc0)
1788155848: Received PUBACK from auto-0C3A543C-2601-2003-4968-06C03657EB14 (Mid: 495, RC:0)
1788155848: Received PUBLISH from gatewayd-m6-final-38460 (d0, q1, r0, m497, 'test/m6/final-20260831T135630', ... (336 bytes))
1788155848: Sending PUBLISH to auto-0C3A543C-2601-2003-4968-06C03657EB14 (d0, q1, r0, m497, 'test/m6/final-20260831T135630', ... (336 bytes))
1788155848: Sending PUBACK to gatewayd-m6-final-38460 (m497, rc0)
1788155848: Received PUBACK from auto-0C3A543C-2601-2003-4968-06C03657EB14 (Mid: 496, RC:0)
1788155848: Received PUBLISH from gatewayd-m6-final-38460 (d0, q1, r0, m498, 'test/m6/final-20260831T135630', ... (336 bytes))
1788155848: Sending PUBLISH to auto-0C3A543C-2601-2003-4968-06C03657EB14 (d0, q1, r0, m498, 'test/m6/final-20260831T135630', ... (336 bytes))
1788155848: Sending PUBACK to gatewayd-m6-final-38460 (m498, rc0)
1788155848: Received PUBACK from auto-0C3A543C-2601-2003-4968-06C03657EB14 (Mid: 497, RC:0)
1788155848: Received PUBLISH from gatewayd-m6-final-38460 (d0, q1, r0, m499, 'test/m6/final-20260831T135630', ... (336 bytes))
1788155848: Sending PUBLISH to auto-0C3A543C-2601-2003-4968-06C03657EB14 (d0, q1, r0, m499, 'test/m6/final-20260831T135630', ... (336 bytes))
1788155848: Sending PUBACK to gatewayd-m6-final-38460 (m499, rc0)
1788155848: Received PUBACK from auto-0C3A543C-2601-2003-4968-06C03657EB14 (Mid: 498, RC:0)
1788155848: Received PUBLISH from gatewayd-m6-final-38460 (d0, q1, r0, m500, 'test/m6/final-20260831T135630', ... (336 bytes))
1788155848: Sending PUBLISH to auto-0C3A543C-2601-2003-4968-06C03657EB14 (d0, q1, r0, m500, 'test/m6/final-20260831T135630', ... (336 bytes))
1788155848: Sending PUBACK to gatewayd-m6-final-38460 (m500, rc0)
1788155848: Received PUBACK from auto-0C3A543C-2601-2003-4968-06C03657EB14 (Mid: 499, RC:0)
1788155848: Received PUBLISH from gatewayd-m6-final-38460 (d0, q1, r0, m501, 'test/m6/final-20260831T135630', ... (336 bytes))
1788155848: Sending PUBLISH to auto-0C3A543C-2601-2003-4968-06C03657EB14 (d0, q1, r0, m501, 'test/m6/final-20260831T135630', ... (336 bytes))
1788155848: Sending PUBACK to gatewayd-m6-final-38460 (m501, rc0)
1788155848: Received PUBACK from auto-0C3A543C-2601-2003-4968-06C03657EB14 (Mid: 500, RC:0)
1788155848: Received PUBLISH from gatewayd-m6-final-38460 (d0, q1, r0, m502, 'test/m6/final-20260831T135630', ... (336 bytes))
1788155848: Sending PUBLISH to auto-0C3A543C-2601-2003-4968-06C03657EB14 (d0, q1, r0, m502, 'test/m6/final-20260831T135630', ... (336 bytes))
1788155848: Sending PUBACK to gatewayd-m6-final-38460 (m502, rc0)
1788155848: Received PUBACK from auto-0C3A543C-2601-2003-4968-06C03657EB14 (Mid: 501, RC:0)
1788155848: Received PUBLISH from gatewayd-m6-final-38460 (d0, q1, r0, m503, 'test/m6/final-20260831T135630', ... (336 bytes))
1788155848: Sending PUBLISH to auto-0C3A543C-2601-2003-4968-06C03657EB14 (d0, q1, r0, m503, 'test/m6/final-20260831T135630', ... (336 bytes))
1788155848: Sending PUBACK to gatewayd-m6-final-38460 (m503, rc0)
1788155848: Received PUBACK from auto-0C3A543C-2601-2003-4968-06C03657EB14 (Mid: 502, RC:0)
1788155848: Received PUBLISH from gatewayd-m6-final-38460 (d0, q1, r0, m504, 'test/m6/final-20260831T135630', ... (336 bytes))
1788155848: Sending PUBLISH to auto-0C3A543C-2601-2003-4968-06C03657EB14 (d0, q1, r0, m504, 'test/m6/final-20260831T135630', ... (336 bytes))
1788155848: Sending PUBACK to gatewayd-m6-final-38460 (m504, rc0)
1788155848: Received PUBACK from auto-0C3A543C-2601-2003-4968-06C03657EB14 (Mid: 503, RC:0)
1788155848: Received PUBLISH from gatewayd-m6-final-38460 (d0, q1, r0, m505, 'test/m6/final-20260831T135630', ... (336 bytes))
1788155848: Sending PUBLISH to auto-0C3A543C-2601-2003-4968-06C03657EB14 (d0, q1, r0, m505, 'test/m6/final-20260831T135630', ... (336 bytes))
1788155848: Sending PUBACK to gatewayd-m6-final-38460 (m505, rc0)
1788155848: Received PUBACK from auto-0C3A543C-2601-2003-4968-06C03657EB14 (Mid: 504, RC:0)
1788155848: Received PUBLISH from gatewayd-m6-final-38460 (d0, q1, r0, m506, 'test/m6/final-20260831T135630', ... (336 bytes))
1788155848: Sending PUBLISH to auto-0C3A543C-2601-2003-4968-06C03657EB14 (d0, q1, r0, m506, 'test/m6/final-20260831T135630', ... (336 bytes))
1788155848: Sending PUBACK to gatewayd-m6-final-38460 (m506, rc0)
1788155848: Received PUBACK from auto-0C3A543C-2601-2003-4968-06C03657EB14 (Mid: 505, RC:0)
1788155848: Received PUBLISH from gatewayd-m6-final-38460 (d0, q1, r0, m507, 'test/m6/final-20260831T135630', ... (336 bytes))
1788155848: Sending PUBLISH to auto-0C3A543C-2601-2003-4968-06C03657EB14 (d0, q1, r0, m507, 'test/m6/final-20260831T135630', ... (336 bytes))
1788155848: Sending PUBACK to gatewayd-m6-final-38460 (m507, rc0)
1788155848: Received PUBACK from auto-0C3A543C-2601-2003-4968-06C03657EB14 (Mid: 506, RC:0)
1788155848: Received PUBLISH from gatewayd-m6-final-38460 (d0, q1, r0, m508, 'test/m6/final-20260831T135630', ... (336 bytes))
1788155848: Sending PUBLISH to auto-0C3A543C-2601-2003-4968-06C03657EB14 (d0, q1, r0, m508, 'test/m6/final-20260831T135630', ... (336 bytes))
1788155848: Sending PUBACK to gatewayd-m6-final-38460 (m508, rc0)
1788155848: Received PUBACK from auto-0C3A543C-2601-2003-4968-06C03657EB14 (Mid: 507, RC:0)
1788155848: Received PUBLISH from gatewayd-m6-final-38460 (d0, q1, r0, m509, 'test/m6/final-20260831T135630', ... (336 bytes))
1788155848: Sending PUBLISH to auto-0C3A543C-2601-2003-4968-06C03657EB14 (d0, q1, r0, m509, 'test/m6/final-20260831T135630', ... (336 bytes))
1788155848: Sending PUBACK to gatewayd-m6-final-38460 (m509, rc0)
1788155848: Received PUBACK from auto-0C3A543C-2601-2003-4968-06C03657EB14 (Mid: 508, RC:0)
1788155848: Received PUBLISH from gatewayd-m6-final-38460 (d0, q1, r0, m510, 'test/m6/final-20260831T135630', ... (336 bytes))
1788155848: Sending PUBLISH to auto-0C3A543C-2601-2003-4968-06C03657EB14 (d0, q1, r0, m510, 'test/m6/final-20260831T135630', ... (336 bytes))
1788155848: Sending PUBACK to gatewayd-m6-final-38460 (m510, rc0)
1788155848: Received PUBACK from auto-0C3A543C-2601-2003-4968-06C03657EB14 (Mid: 509, RC:0)
1788155848: Received PUBLISH from gatewayd-m6-final-38460 (d0, q1, r0, m511, 'test/m6/final-20260831T135630', ... (336 bytes))
1788155848: Sending PUBLISH to auto-0C3A543C-2601-2003-4968-06C03657EB14 (d0, q1, r0, m511, 'test/m6/final-20260831T135630', ... (336 bytes))
1788155848: Sending PUBACK to gatewayd-m6-final-38460 (m511, rc0)
1788155848: Received PUBACK from auto-0C3A543C-2601-2003-4968-06C03657EB14 (Mid: 510, RC:0)
1788155848: Received PUBLISH from gatewayd-m6-final-38460 (d0, q1, r0, m512, 'test/m6/final-20260831T135630', ... (334 bytes))
1788155848: Sending PUBLISH to auto-0C3A543C-2601-2003-4968-06C03657EB14 (d0, q1, r0, m512, 'test/m6/final-20260831T135630', ... (334 bytes))
1788155848: Sending PUBACK to gatewayd-m6-final-38460 (m512, rc0)
1788155848: Received PUBACK from auto-0C3A543C-2601-2003-4968-06C03657EB14 (Mid: 511, RC:0)
1788155848: Received PUBLISH from gatewayd-m6-final-38460 (d0, q1, r0, m513, 'test/m6/final-20260831T135630', ... (334 bytes))
1788155848: Sending PUBLISH to auto-0C3A543C-2601-2003-4968-06C03657EB14 (d0, q1, r0, m513, 'test/m6/final-20260831T135630', ... (334 bytes))
1788155848: Sending PUBACK to gatewayd-m6-final-38460 (m513, rc0)
1788155848: Received PUBACK from auto-0C3A543C-2601-2003-4968-06C03657EB14 (Mid: 512, RC:0)
1788155848: Received PUBLISH from gatewayd-m6-final-38460 (d0, q1, r0, m514, 'test/m6/final-20260831T135630', ... (334 bytes))
1788155848: Sending PUBLISH to auto-0C3A543C-2601-2003-4968-06C03657EB14 (d0, q1, r0, m514, 'test/m6/final-20260831T135630', ... (334 bytes))
1788155848: Sending PUBACK to gatewayd-m6-final-38460 (m514, rc0)
1788155848: Received PUBACK from auto-0C3A543C-2601-2003-4968-06C03657EB14 (Mid: 513, RC:0)
1788155848: Received PUBLISH from gatewayd-m6-final-38460 (d0, q1, r0, m515, 'test/m6/final-20260831T135630', ... (334 bytes))
1788155848: Sending PUBLISH to auto-0C3A543C-2601-2003-4968-06C03657EB14 (d0, q1, r0, m515, 'test/m6/final-20260831T135630', ... (334 bytes))
1788155848: Sending PUBACK to gatewayd-m6-final-38460 (m515, rc0)
1788155848: Received PUBACK from auto-0C3A543C-2601-2003-4968-06C03657EB14 (Mid: 514, RC:0)
1788155848: Received PUBLISH from gatewayd-m6-final-38460 (d0, q1, r0, m516, 'test/m6/final-20260831T135630', ... (334 bytes))
1788155848: Sending PUBLISH to auto-0C3A543C-2601-2003-4968-06C03657EB14 (d0, q1, r0, m516, 'test/m6/final-20260831T135630', ... (334 bytes))
1788155848: Sending PUBACK to gatewayd-m6-final-38460 (m516, rc0)
1788155848: Received PUBACK from auto-0C3A543C-2601-2003-4968-06C03657EB14 (Mid: 515, RC:0)
1788155848: Received PUBLISH from gatewayd-m6-final-38460 (d0, q1, r0, m517, 'test/m6/final-20260831T135630', ... (334 bytes))
1788155848: Sending PUBLISH to auto-0C3A543C-2601-2003-4968-06C03657EB14 (d0, q1, r0, m517, 'test/m6/final-20260831T135630', ... (334 bytes))
1788155848: Sending PUBACK to gatewayd-m6-final-38460 (m517, rc0)
1788155848: Received PUBACK from auto-0C3A543C-2601-2003-4968-06C03657EB14 (Mid: 516, RC:0)
1788155848: Received PUBLISH from gatewayd-m6-final-38460 (d0, q1, r0, m518, 'test/m6/final-20260831T135630', ... (334 bytes))
1788155848: Sending PUBLISH to auto-0C3A543C-2601-2003-4968-06C03657EB14 (d0, q1, r0, m518, 'test/m6/final-20260831T135630', ... (334 bytes))
1788155848: Sending PUBACK to gatewayd-m6-final-38460 (m518, rc0)
1788155848: Received PUBACK from auto-0C3A543C-2601-2003-4968-06C03657EB14 (Mid: 517, RC:0)
1788155848: Received PUBLISH from gatewayd-m6-final-38460 (d0, q1, r0, m519, 'test/m6/final-20260831T135630', ... (334 bytes))
1788155848: Sending PUBLISH to auto-0C3A543C-2601-2003-4968-06C03657EB14 (d0, q1, r0, m519, 'test/m6/final-20260831T135630', ... (334 bytes))
1788155848: Sending PUBACK to gatewayd-m6-final-38460 (m519, rc0)
1788155848: Received PUBACK from auto-0C3A543C-2601-2003-4968-06C03657EB14 (Mid: 518, RC:0)
1788155848: Received PUBLISH from gatewayd-m6-final-38460 (d0, q1, r0, m520, 'test/m6/final-20260831T135630', ... (334 bytes))
1788155848: Sending PUBLISH to auto-0C3A543C-2601-2003-4968-06C03657EB14 (d0, q1, r0, m520, 'test/m6/final-20260831T135630', ... (334 bytes))
1788155848: Sending PUBACK to gatewayd-m6-final-38460 (m520, rc0)
1788155848: Received PUBACK from auto-0C3A543C-2601-2003-4968-06C03657EB14 (Mid: 519, RC:0)
1788155848: Received PUBLISH from gatewayd-m6-final-38460 (d0, q1, r0, m521, 'test/m6/final-20260831T135630', ... (334 bytes))
1788155848: Sending PUBLISH to auto-0C3A543C-2601-2003-4968-06C03657EB14 (d0, q1, r0, m521, 'test/m6/final-20260831T135630', ... (334 bytes))
1788155848: Sending PUBACK to gatewayd-m6-final-38460 (m521, rc0)
1788155848: Received PUBACK from auto-0C3A543C-2601-2003-4968-06C03657EB14 (Mid: 520, RC:0)
1788155848: Received PUBLISH from gatewayd-m6-final-38460 (d0, q1, r0, m522, 'test/m6/final-20260831T135630', ... (335 bytes))
1788155848: Sending PUBLISH to auto-0C3A543C-2601-2003-4968-06C03657EB14 (d0, q1, r0, m522, 'test/m6/final-20260831T135630', ... (335 bytes))
1788155848: Sending PUBACK to gatewayd-m6-final-38460 (m522, rc0)
1788155848: Received PUBACK from auto-0C3A543C-2601-2003-4968-06C03657EB14 (Mid: 521, RC:0)
1788155848: Received PUBLISH from gatewayd-m6-final-38460 (d0, q1, r0, m523, 'test/m6/final-20260831T135630', ... (335 bytes))
1788155848: Sending PUBLISH to auto-0C3A543C-2601-2003-4968-06C03657EB14 (d0, q1, r0, m523, 'test/m6/final-20260831T135630', ... (335 bytes))
1788155848: Sending PUBACK to gatewayd-m6-final-38460 (m523, rc0)
1788155848: Received PUBACK from auto-0C3A543C-2601-2003-4968-06C03657EB14 (Mid: 522, RC:0)
1788155848: Received PUBLISH from gatewayd-m6-final-38460 (d0, q1, r0, m524, 'test/m6/final-20260831T135630', ... (335 bytes))
1788155848: Sending PUBLISH to auto-0C3A543C-2601-2003-4968-06C03657EB14 (d0, q1, r0, m524, 'test/m6/final-20260831T135630', ... (335 bytes))
1788155848: Sending PUBACK to gatewayd-m6-final-38460 (m524, rc0)
1788155848: Received PUBACK from auto-0C3A543C-2601-2003-4968-06C03657EB14 (Mid: 523, RC:0)
1788155848: Received PUBLISH from gatewayd-m6-final-38460 (d0, q1, r0, m525, 'test/m6/final-20260831T135630', ... (335 bytes))
1788155848: Sending PUBLISH to auto-0C3A543C-2601-2003-4968-06C03657EB14 (d0, q1, r0, m525, 'test/m6/final-20260831T135630', ... (335 bytes))
1788155848: Sending PUBACK to gatewayd-m6-final-38460 (m525, rc0)
1788155848: Received PUBACK from auto-0C3A543C-2601-2003-4968-06C03657EB14 (Mid: 524, RC:0)
1788155848: Received PUBLISH from gatewayd-m6-final-38460 (d0, q1, r0, m526, 'test/m6/final-20260831T135630', ... (335 bytes))
1788155848: Sending PUBLISH to auto-0C3A543C-2601-2003-4968-06C03657EB14 (d0, q1, r0, m526, 'test/m6/final-20260831T135630', ... (335 bytes))
1788155848: Sending PUBACK to gatewayd-m6-final-38460 (m526, rc0)
1788155848: Received PUBACK from auto-0C3A543C-2601-2003-4968-06C03657EB14 (Mid: 525, RC:0)
1788155848: Received PUBLISH from gatewayd-m6-final-38460 (d0, q1, r0, m527, 'test/m6/final-20260831T135630', ... (335 bytes))
1788155848: Sending PUBLISH to auto-0C3A543C-2601-2003-4968-06C03657EB14 (d0, q1, r0, m527, 'test/m6/final-20260831T135630', ... (335 bytes))
1788155848: Sending PUBACK to gatewayd-m6-final-38460 (m527, rc0)
1788155848: Received PUBACK from auto-0C3A543C-2601-2003-4968-06C03657EB14 (Mid: 526, RC:0)
1788155848: Received PUBLISH from gatewayd-m6-final-38460 (d0, q1, r0, m528, 'test/m6/final-20260831T135630', ... (335 bytes))
1788155848: Sending PUBLISH to auto-0C3A543C-2601-2003-4968-06C03657EB14 (d0, q1, r0, m528, 'test/m6/final-20260831T135630', ... (335 bytes))
1788155848: Sending PUBACK to gatewayd-m6-final-38460 (m528, rc0)
1788155848: Received PUBACK from auto-0C3A543C-2601-2003-4968-06C03657EB14 (Mid: 527, RC:0)
1788155848: Received PUBLISH from gatewayd-m6-final-38460 (d0, q1, r0, m529, 'test/m6/final-20260831T135630', ... (335 bytes))
1788155848: Sending PUBLISH to auto-0C3A543C-2601-2003-4968-06C03657EB14 (d0, q1, r0, m529, 'test/m6/final-20260831T135630', ... (335 bytes))
1788155848: Sending PUBACK to gatewayd-m6-final-38460 (m529, rc0)
1788155848: Received PUBACK from auto-0C3A543C-2601-2003-4968-06C03657EB14 (Mid: 528, RC:0)
1788155848: Received PUBLISH from gatewayd-m6-final-38460 (d0, q1, r0, m530, 'test/m6/final-20260831T135630', ... (335 bytes))
1788155848: Sending PUBLISH to auto-0C3A543C-2601-2003-4968-06C03657EB14 (d0, q1, r0, m530, 'test/m6/final-20260831T135630', ... (335 bytes))
1788155848: Sending PUBACK to gatewayd-m6-final-38460 (m530, rc0)
1788155848: Received PUBACK from auto-0C3A543C-2601-2003-4968-06C03657EB14 (Mid: 529, RC:0)
1788155848: Received PUBLISH from gatewayd-m6-final-38460 (d0, q1, r0, m531, 'test/m6/final-20260831T135630', ... (335 bytes))
1788155848: Sending PUBLISH to auto-0C3A543C-2601-2003-4968-06C03657EB14 (d0, q1, r0, m531, 'test/m6/final-20260831T135630', ... (335 bytes))
1788155848: Sending PUBACK to gatewayd-m6-final-38460 (m531, rc0)
1788155848: Received PUBACK from auto-0C3A543C-2601-2003-4968-06C03657EB14 (Mid: 530, RC:0)
1788155848: Received PUBLISH from gatewayd-m6-final-38460 (d0, q1, r0, m532, 'test/m6/final-20260831T135630', ... (335 bytes))
1788155848: Sending PUBLISH to auto-0C3A543C-2601-2003-4968-06C03657EB14 (d0, q1, r0, m532, 'test/m6/final-20260831T135630', ... (335 bytes))
1788155848: Sending PUBACK to gatewayd-m6-final-38460 (m532, rc0)
1788155848: Received PUBACK from auto-0C3A543C-2601-2003-4968-06C03657EB14 (Mid: 531, RC:0)
1788155848: Received PUBLISH from gatewayd-m6-final-38460 (d0, q1, r0, m533, 'test/m6/final-20260831T135630', ... (335 bytes))
1788155848: Sending PUBLISH to auto-0C3A543C-2601-2003-4968-06C03657EB14 (d0, q1, r0, m533, 'test/m6/final-20260831T135630', ... (335 bytes))
1788155848: Sending PUBACK to gatewayd-m6-final-38460 (m533, rc0)
1788155848: Received PUBACK from auto-0C3A543C-2601-2003-4968-06C03657EB14 (Mid: 532, RC:0)
1788155848: Received PUBLISH from gatewayd-m6-final-38460 (d0, q1, r0, m534, 'test/m6/final-20260831T135630', ... (335 bytes))
1788155848: Sending PUBLISH to auto-0C3A543C-2601-2003-4968-06C03657EB14 (d0, q1, r0, m534, 'test/m6/final-20260831T135630', ... (335 bytes))
1788155848: Sending PUBACK to gatewayd-m6-final-38460 (m534, rc0)
1788155848: Received PUBACK from auto-0C3A543C-2601-2003-4968-06C03657EB14 (Mid: 533, RC:0)
1788155848: Received PUBLISH from gatewayd-m6-final-38460 (d0, q1, r0, m535, 'test/m6/final-20260831T135630', ... (335 bytes))
1788155848: Sending PUBLISH to auto-0C3A543C-2601-2003-4968-06C03657EB14 (d0, q1, r0, m535, 'test/m6/final-20260831T135630', ... (335 bytes))
1788155848: Sending PUBACK to gatewayd-m6-final-38460 (m535, rc0)
1788155848: Received PUBACK from auto-0C3A543C-2601-2003-4968-06C03657EB14 (Mid: 534, RC:0)
1788155848: Received PUBLISH from gatewayd-m6-final-38460 (d0, q1, r0, m536, 'test/m6/final-20260831T135630', ... (335 bytes))
1788155848: Sending PUBLISH to auto-0C3A543C-2601-2003-4968-06C03657EB14 (d0, q1, r0, m536, 'test/m6/final-20260831T135630', ... (335 bytes))
1788155848: Sending PUBACK to gatewayd-m6-final-38460 (m536, rc0)
1788155848: Received PUBACK from auto-0C3A543C-2601-2003-4968-06C03657EB14 (Mid: 535, RC:0)
1788155848: Received PUBLISH from gatewayd-m6-final-38460 (d0, q1, r0, m537, 'test/m6/final-20260831T135630', ... (335 bytes))
1788155848: Sending PUBLISH to auto-0C3A543C-2601-2003-4968-06C03657EB14 (d0, q1, r0, m537, 'test/m6/final-20260831T135630', ... (335 bytes))
1788155848: Sending PUBACK to gatewayd-m6-final-38460 (m537, rc0)
1788155848: Received PUBACK from auto-0C3A543C-2601-2003-4968-06C03657EB14 (Mid: 536, RC:0)
1788155848: Received PUBLISH from gatewayd-m6-final-38460 (d0, q1, r0, m538, 'test/m6/final-20260831T135630', ... (335 bytes))
1788155848: Sending PUBLISH to auto-0C3A543C-2601-2003-4968-06C03657EB14 (d0, q1, r0, m538, 'test/m6/final-20260831T135630', ... (335 bytes))
1788155848: Sending PUBACK to gatewayd-m6-final-38460 (m538, rc0)
1788155848: Received PUBACK from auto-0C3A543C-2601-2003-4968-06C03657EB14 (Mid: 537, RC:0)
1788155848: Received PUBLISH from gatewayd-m6-final-38460 (d0, q1, r0, m539, 'test/m6/final-20260831T135630', ... (335 bytes))
1788155848: Sending PUBLISH to auto-0C3A543C-2601-2003-4968-06C03657EB14 (d0, q1, r0, m539, 'test/m6/final-20260831T135630', ... (335 bytes))
1788155848: Sending PUBACK to gatewayd-m6-final-38460 (m539, rc0)
1788155848: Received PUBACK from auto-0C3A543C-2601-2003-4968-06C03657EB14 (Mid: 538, RC:0)
1788155848: Received PUBLISH from gatewayd-m6-final-38460 (d0, q1, r0, m540, 'test/m6/final-20260831T135630', ... (335 bytes))
1788155848: Sending PUBLISH to auto-0C3A543C-2601-2003-4968-06C03657EB14 (d0, q1, r0, m540, 'test/m6/final-20260831T135630', ... (335 bytes))
1788155848: Sending PUBACK to gatewayd-m6-final-38460 (m540, rc0)
1788155848: Received PUBACK from auto-0C3A543C-2601-2003-4968-06C03657EB14 (Mid: 539, RC:0)
1788155848: Received PUBLISH from gatewayd-m6-final-38460 (d0, q1, r0, m541, 'test/m6/final-20260831T135630', ... (335 bytes))
1788155848: Sending PUBLISH to auto-0C3A543C-2601-2003-4968-06C03657EB14 (d0, q1, r0, m541, 'test/m6/final-20260831T135630', ... (335 bytes))
1788155848: Sending PUBACK to gatewayd-m6-final-38460 (m541, rc0)
1788155848: Received PUBACK from auto-0C3A543C-2601-2003-4968-06C03657EB14 (Mid: 540, RC:0)
1788155848: Received PUBLISH from gatewayd-m6-final-38460 (d0, q1, r0, m542, 'test/m6/final-20260831T135630', ... (335 bytes))
1788155848: Sending PUBLISH to auto-0C3A543C-2601-2003-4968-06C03657EB14 (d0, q1, r0, m542, 'test/m6/final-20260831T135630', ... (335 bytes))
1788155848: Sending PUBACK to gatewayd-m6-final-38460 (m542, rc0)
1788155848: Received PUBACK from auto-0C3A543C-2601-2003-4968-06C03657EB14 (Mid: 541, RC:0)
1788155848: Received PUBLISH from gatewayd-m6-final-38460 (d0, q1, r0, m543, 'test/m6/final-20260831T135630', ... (335 bytes))
1788155848: Sending PUBLISH to auto-0C3A543C-2601-2003-4968-06C03657EB14 (d0, q1, r0, m543, 'test/m6/final-20260831T135630', ... (335 bytes))
1788155848: Sending PUBACK to gatewayd-m6-final-38460 (m543, rc0)
1788155848: Received PUBACK from auto-0C3A543C-2601-2003-4968-06C03657EB14 (Mid: 542, RC:0)
1788155848: Received PUBLISH from gatewayd-m6-final-38460 (d0, q1, r0, m544, 'test/m6/final-20260831T135630', ... (335 bytes))
1788155848: Sending PUBLISH to auto-0C3A543C-2601-2003-4968-06C03657EB14 (d0, q1, r0, m544, 'test/m6/final-20260831T135630', ... (335 bytes))
1788155848: Sending PUBACK to gatewayd-m6-final-38460 (m544, rc0)
1788155848: Received PUBACK from auto-0C3A543C-2601-2003-4968-06C03657EB14 (Mid: 543, RC:0)
1788155848: Received PUBLISH from gatewayd-m6-final-38460 (d0, q1, r0, m545, 'test/m6/final-20260831T135630', ... (335 bytes))
1788155848: Sending PUBLISH to auto-0C3A543C-2601-2003-4968-06C03657EB14 (d0, q1, r0, m545, 'test/m6/final-20260831T135630', ... (335 bytes))
1788155848: Sending PUBACK to gatewayd-m6-final-38460 (m545, rc0)
1788155848: Received PUBACK from auto-0C3A543C-2601-2003-4968-06C03657EB14 (Mid: 544, RC:0)
1788155848: Received PUBLISH from gatewayd-m6-final-38460 (d0, q1, r0, m546, 'test/m6/final-20260831T135630', ... (335 bytes))
1788155848: Sending PUBLISH to auto-0C3A543C-2601-2003-4968-06C03657EB14 (d0, q1, r0, m546, 'test/m6/final-20260831T135630', ... (335 bytes))
1788155848: Sending PUBACK to gatewayd-m6-final-38460 (m546, rc0)
1788155848: Received PUBACK from auto-0C3A543C-2601-2003-4968-06C03657EB14 (Mid: 545, RC:0)
1788155848: Received PUBLISH from gatewayd-m6-final-38460 (d0, q1, r0, m547, 'test/m6/final-20260831T135630', ... (335 bytes))
1788155848: Sending PUBLISH to auto-0C3A543C-2601-2003-4968-06C03657EB14 (d0, q1, r0, m547, 'test/m6/final-20260831T135630', ... (335 bytes))
1788155848: Sending PUBACK to gatewayd-m6-final-38460 (m547, rc0)
1788155848: Received PUBACK from auto-0C3A543C-2601-2003-4968-06C03657EB14 (Mid: 546, RC:0)
1788155848: Received PUBLISH from gatewayd-m6-final-38460 (d0, q1, r0, m548, 'test/m6/final-20260831T135630', ... (335 bytes))
1788155848: Sending PUBLISH to auto-0C3A543C-2601-2003-4968-06C03657EB14 (d0, q1, r0, m548, 'test/m6/final-20260831T135630', ... (335 bytes))
1788155848: Sending PUBACK to gatewayd-m6-final-38460 (m548, rc0)
1788155848: Received PUBACK from auto-0C3A543C-2601-2003-4968-06C03657EB14 (Mid: 547, RC:0)
1788155848: Received PUBLISH from gatewayd-m6-final-38460 (d0, q1, r0, m549, 'test/m6/final-20260831T135630', ... (335 bytes))
1788155848: Sending PUBLISH to auto-0C3A543C-2601-2003-4968-06C03657EB14 (d0, q1, r0, m549, 'test/m6/final-20260831T135630', ... (335 bytes))
1788155848: Sending PUBACK to gatewayd-m6-final-38460 (m549, rc0)
1788155848: Received PUBACK from auto-0C3A543C-2601-2003-4968-06C03657EB14 (Mid: 548, RC:0)
1788155848: Received PUBLISH from gatewayd-m6-final-38460 (d0, q1, r0, m550, 'test/m6/final-20260831T135630', ... (335 bytes))
1788155848: Sending PUBLISH to auto-0C3A543C-2601-2003-4968-06C03657EB14 (d0, q1, r0, m550, 'test/m6/final-20260831T135630', ... (335 bytes))
1788155848: Sending PUBACK to gatewayd-m6-final-38460 (m550, rc0)
1788155848: Received PUBACK from auto-0C3A543C-2601-2003-4968-06C03657EB14 (Mid: 549, RC:0)
1788155848: Received PUBLISH from gatewayd-m6-final-38460 (d0, q1, r0, m551, 'test/m6/final-20260831T135630', ... (335 bytes))
1788155848: Sending PUBLISH to auto-0C3A543C-2601-2003-4968-06C03657EB14 (d0, q1, r0, m551, 'test/m6/final-20260831T135630', ... (335 bytes))
1788155848: Sending PUBACK to gatewayd-m6-final-38460 (m551, rc0)
1788155848: Received PUBACK from auto-0C3A543C-2601-2003-4968-06C03657EB14 (Mid: 550, RC:0)
1788155848: Received PUBLISH from gatewayd-m6-final-38460 (d0, q1, r0, m552, 'test/m6/final-20260831T135630', ... (335 bytes))
1788155848: Sending PUBLISH to auto-0C3A543C-2601-2003-4968-06C03657EB14 (d0, q1, r0, m552, 'test/m6/final-20260831T135630', ... (335 bytes))
1788155848: Sending PUBACK to gatewayd-m6-final-38460 (m552, rc0)
1788155848: Received PUBACK from auto-0C3A543C-2601-2003-4968-06C03657EB14 (Mid: 551, RC:0)
1788155848: Received PUBLISH from gatewayd-m6-final-38460 (d0, q1, r0, m553, 'test/m6/final-20260831T135630', ... (335 bytes))
1788155848: Sending PUBLISH to auto-0C3A543C-2601-2003-4968-06C03657EB14 (d0, q1, r0, m553, 'test/m6/final-20260831T135630', ... (335 bytes))
1788155848: Sending PUBACK to gatewayd-m6-final-38460 (m553, rc0)
1788155848: Received PUBACK from auto-0C3A543C-2601-2003-4968-06C03657EB14 (Mid: 552, RC:0)
1788155848: Received PUBLISH from gatewayd-m6-final-38460 (d0, q1, r0, m554, 'test/m6/final-20260831T135630', ... (335 bytes))
1788155848: Sending PUBLISH to auto-0C3A543C-2601-2003-4968-06C03657EB14 (d0, q1, r0, m554, 'test/m6/final-20260831T135630', ... (335 bytes))
1788155848: Sending PUBACK to gatewayd-m6-final-38460 (m554, rc0)
1788155848: Received PUBACK from auto-0C3A543C-2601-2003-4968-06C03657EB14 (Mid: 553, RC:0)
1788155848: Received PUBLISH from gatewayd-m6-final-38460 (d0, q1, r0, m555, 'test/m6/final-20260831T135630', ... (335 bytes))
1788155848: Sending PUBLISH to auto-0C3A543C-2601-2003-4968-06C03657EB14 (d0, q1, r0, m555, 'test/m6/final-20260831T135630', ... (335 bytes))
1788155848: Sending PUBACK to gatewayd-m6-final-38460 (m555, rc0)
1788155848: Received PUBACK from auto-0C3A543C-2601-2003-4968-06C03657EB14 (Mid: 554, RC:0)
1788155848: Received PUBLISH from gatewayd-m6-final-38460 (d0, q1, r0, m556, 'test/m6/final-20260831T135630', ... (335 bytes))
1788155848: Sending PUBLISH to auto-0C3A543C-2601-2003-4968-06C03657EB14 (d0, q1, r0, m556, 'test/m6/final-20260831T135630', ... (335 bytes))
1788155848: Sending PUBACK to gatewayd-m6-final-38460 (m556, rc0)
1788155848: Received PUBACK from auto-0C3A543C-2601-2003-4968-06C03657EB14 (Mid: 555, RC:0)
1788155848: Received PUBLISH from gatewayd-m6-final-38460 (d0, q1, r0, m557, 'test/m6/final-20260831T135630', ... (335 bytes))
1788155848: Sending PUBLISH to auto-0C3A543C-2601-2003-4968-06C03657EB14 (d0, q1, r0, m557, 'test/m6/final-20260831T135630', ... (335 bytes))
1788155848: Sending PUBACK to gatewayd-m6-final-38460 (m557, rc0)
1788155848: Received PUBACK from auto-0C3A543C-2601-2003-4968-06C03657EB14 (Mid: 556, RC:0)
1788155848: Received PUBLISH from gatewayd-m6-final-38460 (d0, q1, r0, m558, 'test/m6/final-20260831T135630', ... (335 bytes))
1788155848: Sending PUBLISH to auto-0C3A543C-2601-2003-4968-06C03657EB14 (d0, q1, r0, m558, 'test/m6/final-20260831T135630', ... (335 bytes))
1788155848: Sending PUBACK to gatewayd-m6-final-38460 (m558, rc0)
1788155848: Received PUBACK from auto-0C3A543C-2601-2003-4968-06C03657EB14 (Mid: 557, RC:0)
1788155848: Received PUBLISH from gatewayd-m6-final-38460 (d0, q1, r0, m559, 'test/m6/final-20260831T135630', ... (335 bytes))
1788155848: Sending PUBLISH to auto-0C3A543C-2601-2003-4968-06C03657EB14 (d0, q1, r0, m559, 'test/m6/final-20260831T135630', ... (335 bytes))
1788155848: Sending PUBACK to gatewayd-m6-final-38460 (m559, rc0)
1788155848: Received PUBACK from auto-0C3A543C-2601-2003-4968-06C03657EB14 (Mid: 558, RC:0)
1788155848: Received PUBLISH from gatewayd-m6-final-38460 (d0, q1, r0, m560, 'test/m6/final-20260831T135630', ... (335 bytes))
1788155848: Sending PUBLISH to auto-0C3A543C-2601-2003-4968-06C03657EB14 (d0, q1, r0, m560, 'test/m6/final-20260831T135630', ... (335 bytes))
1788155848: Sending PUBACK to gatewayd-m6-final-38460 (m560, rc0)
1788155848: Received PUBACK from auto-0C3A543C-2601-2003-4968-06C03657EB14 (Mid: 559, RC:0)
1788155848: Received PUBLISH from gatewayd-m6-final-38460 (d0, q1, r0, m561, 'test/m6/final-20260831T135630', ... (335 bytes))
1788155848: Sending PUBLISH to auto-0C3A543C-2601-2003-4968-06C03657EB14 (d0, q1, r0, m561, 'test/m6/final-20260831T135630', ... (335 bytes))
1788155848: Sending PUBACK to gatewayd-m6-final-38460 (m561, rc0)
1788155848: Received PUBACK from auto-0C3A543C-2601-2003-4968-06C03657EB14 (Mid: 560, RC:0)
1788155848: Received PUBLISH from gatewayd-m6-final-38460 (d0, q1, r0, m562, 'test/m6/final-20260831T135630', ... (335 bytes))
1788155848: Sending PUBLISH to auto-0C3A543C-2601-2003-4968-06C03657EB14 (d0, q1, r0, m562, 'test/m6/final-20260831T135630', ... (335 bytes))
1788155848: Sending PUBACK to gatewayd-m6-final-38460 (m562, rc0)
1788155848: Received PUBACK from auto-0C3A543C-2601-2003-4968-06C03657EB14 (Mid: 561, RC:0)
1788155848: Received PUBLISH from gatewayd-m6-final-38460 (d0, q1, r0, m563, 'test/m6/final-20260831T135630', ... (335 bytes))
1788155848: Sending PUBLISH to auto-0C3A543C-2601-2003-4968-06C03657EB14 (d0, q1, r0, m563, 'test/m6/final-20260831T135630', ... (335 bytes))
1788155848: Sending PUBACK to gatewayd-m6-final-38460 (m563, rc0)
1788155848: Received PUBACK from auto-0C3A543C-2601-2003-4968-06C03657EB14 (Mid: 562, RC:0)
1788155848: Received PUBLISH from gatewayd-m6-final-38460 (d0, q1, r0, m564, 'test/m6/final-20260831T135630', ... (335 bytes))
1788155848: Sending PUBLISH to auto-0C3A543C-2601-2003-4968-06C03657EB14 (d0, q1, r0, m564, 'test/m6/final-20260831T135630', ... (335 bytes))
1788155848: Sending PUBACK to gatewayd-m6-final-38460 (m564, rc0)
1788155848: Received PUBACK from auto-0C3A543C-2601-2003-4968-06C03657EB14 (Mid: 563, RC:0)
1788155848: Received PUBLISH from gatewayd-m6-final-38460 (d0, q1, r0, m565, 'test/m6/final-20260831T135630', ... (335 bytes))
1788155848: Sending PUBLISH to auto-0C3A543C-2601-2003-4968-06C03657EB14 (d0, q1, r0, m565, 'test/m6/final-20260831T135630', ... (335 bytes))
1788155848: Sending PUBACK to gatewayd-m6-final-38460 (m565, rc0)
1788155848: Received PUBACK from auto-0C3A543C-2601-2003-4968-06C03657EB14 (Mid: 564, RC:0)
1788155848: Received PUBLISH from gatewayd-m6-final-38460 (d0, q1, r0, m566, 'test/m6/final-20260831T135630', ... (335 bytes))
1788155848: Sending PUBLISH to auto-0C3A543C-2601-2003-4968-06C03657EB14 (d0, q1, r0, m566, 'test/m6/final-20260831T135630', ... (335 bytes))
1788155848: Sending PUBACK to gatewayd-m6-final-38460 (m566, rc0)
1788155848: Received PUBACK from auto-0C3A543C-2601-2003-4968-06C03657EB14 (Mid: 565, RC:0)
1788155848: Received PUBLISH from gatewayd-m6-final-38460 (d0, q1, r0, m567, 'test/m6/final-20260831T135630', ... (335 bytes))
1788155848: Sending PUBLISH to auto-0C3A543C-2601-2003-4968-06C03657EB14 (d0, q1, r0, m567, 'test/m6/final-20260831T135630', ... (335 bytes))
1788155848: Sending PUBACK to gatewayd-m6-final-38460 (m567, rc0)
1788155848: Received PUBACK from auto-0C3A543C-2601-2003-4968-06C03657EB14 (Mid: 566, RC:0)
1788155848: Received PUBLISH from gatewayd-m6-final-38460 (d0, q1, r0, m568, 'test/m6/final-20260831T135630', ... (335 bytes))
1788155848: Sending PUBLISH to auto-0C3A543C-2601-2003-4968-06C03657EB14 (d0, q1, r0, m568, 'test/m6/final-20260831T135630', ... (335 bytes))
1788155848: Sending PUBACK to gatewayd-m6-final-38460 (m568, rc0)
1788155848: Received PUBACK from auto-0C3A543C-2601-2003-4968-06C03657EB14 (Mid: 567, RC:0)
1788155848: Received PUBLISH from gatewayd-m6-final-38460 (d0, q1, r0, m569, 'test/m6/final-20260831T135630', ... (335 bytes))
1788155848: Sending PUBLISH to auto-0C3A543C-2601-2003-4968-06C03657EB14 (d0, q1, r0, m569, 'test/m6/final-20260831T135630', ... (335 bytes))
1788155848: Sending PUBACK to gatewayd-m6-final-38460 (m569, rc0)
1788155848: Received PUBACK from auto-0C3A543C-2601-2003-4968-06C03657EB14 (Mid: 568, RC:0)
1788155848: Received PUBLISH from gatewayd-m6-final-38460 (d0, q1, r0, m570, 'test/m6/final-20260831T135630', ... (335 bytes))
1788155848: Sending PUBLISH to auto-0C3A543C-2601-2003-4968-06C03657EB14 (d0, q1, r0, m570, 'test/m6/final-20260831T135630', ... (335 bytes))
1788155848: Sending PUBACK to gatewayd-m6-final-38460 (m570, rc0)
1788155848: Received PUBACK from auto-0C3A543C-2601-2003-4968-06C03657EB14 (Mid: 569, RC:0)
1788155848: Received PUBLISH from gatewayd-m6-final-38460 (d0, q1, r0, m571, 'test/m6/final-20260831T135630', ... (335 bytes))
1788155848: Sending PUBLISH to auto-0C3A543C-2601-2003-4968-06C03657EB14 (d0, q1, r0, m571, 'test/m6/final-20260831T135630', ... (335 bytes))
1788155848: Sending PUBACK to gatewayd-m6-final-38460 (m571, rc0)
1788155848: Received PUBACK from auto-0C3A543C-2601-2003-4968-06C03657EB14 (Mid: 570, RC:0)
1788155848: Received PUBLISH from gatewayd-m6-final-38460 (d0, q1, r0, m572, 'test/m6/final-20260831T135630', ... (335 bytes))
1788155848: Sending PUBLISH to auto-0C3A543C-2601-2003-4968-06C03657EB14 (d0, q1, r0, m572, 'test/m6/final-20260831T135630', ... (335 bytes))
1788155848: Sending PUBACK to gatewayd-m6-final-38460 (m572, rc0)
1788155848: Received PUBACK from auto-0C3A543C-2601-2003-4968-06C03657EB14 (Mid: 571, RC:0)
1788155848: Received PUBLISH from gatewayd-m6-final-38460 (d0, q1, r0, m573, 'test/m6/final-20260831T135630', ... (335 bytes))
1788155848: Sending PUBLISH to auto-0C3A543C-2601-2003-4968-06C03657EB14 (d0, q1, r0, m573, 'test/m6/final-20260831T135630', ... (335 bytes))
1788155848: Sending PUBACK to gatewayd-m6-final-38460 (m573, rc0)
1788155848: Received PUBACK from auto-0C3A543C-2601-2003-4968-06C03657EB14 (Mid: 572, RC:0)
1788155848: Received PUBLISH from gatewayd-m6-final-38460 (d0, q1, r0, m574, 'test/m6/final-20260831T135630', ... (335 bytes))
1788155848: Sending PUBLISH to auto-0C3A543C-2601-2003-4968-06C03657EB14 (d0, q1, r0, m574, 'test/m6/final-20260831T135630', ... (335 bytes))
1788155848: Sending PUBACK to gatewayd-m6-final-38460 (m574, rc0)
1788155848: Received PUBACK from auto-0C3A543C-2601-2003-4968-06C03657EB14 (Mid: 573, RC:0)
1788155848: Received PUBLISH from gatewayd-m6-final-38460 (d0, q1, r0, m575, 'test/m6/final-20260831T135630', ... (335 bytes))
1788155848: Sending PUBLISH to auto-0C3A543C-2601-2003-4968-06C03657EB14 (d0, q1, r0, m575, 'test/m6/final-20260831T135630', ... (335 bytes))
1788155848: Sending PUBACK to gatewayd-m6-final-38460 (m575, rc0)
1788155848: Received PUBACK from auto-0C3A543C-2601-2003-4968-06C03657EB14 (Mid: 574, RC:0)
1788155848: Received PUBLISH from gatewayd-m6-final-38460 (d0, q1, r0, m576, 'test/m6/final-20260831T135630', ... (335 bytes))
1788155848: Sending PUBLISH to auto-0C3A543C-2601-2003-4968-06C03657EB14 (d0, q1, r0, m576, 'test/m6/final-20260831T135630', ... (335 bytes))
1788155848: Sending PUBACK to gatewayd-m6-final-38460 (m576, rc0)
1788155848: Received PUBACK from auto-0C3A543C-2601-2003-4968-06C03657EB14 (Mid: 575, RC:0)
1788155848: Received PUBLISH from gatewayd-m6-final-38460 (d0, q1, r0, m577, 'test/m6/final-20260831T135630', ... (335 bytes))
1788155848: Sending PUBLISH to auto-0C3A543C-2601-2003-4968-06C03657EB14 (d0, q1, r0, m577, 'test/m6/final-20260831T135630', ... (335 bytes))
1788155848: Sending PUBACK to gatewayd-m6-final-38460 (m577, rc0)
1788155848: Received PUBACK from auto-0C3A543C-2601-2003-4968-06C03657EB14 (Mid: 576, RC:0)
1788155848: Received PUBLISH from gatewayd-m6-final-38460 (d0, q1, r0, m578, 'test/m6/final-20260831T135630', ... (335 bytes))
1788155848: Sending PUBLISH to auto-0C3A543C-2601-2003-4968-06C03657EB14 (d0, q1, r0, m578, 'test/m6/final-20260831T135630', ... (335 bytes))
1788155848: Sending PUBACK to gatewayd-m6-final-38460 (m578, rc0)
1788155848: Received PUBACK from auto-0C3A543C-2601-2003-4968-06C03657EB14 (Mid: 577, RC:0)
1788155848: Received PUBLISH from gatewayd-m6-final-38460 (d0, q1, r0, m579, 'test/m6/final-20260831T135630', ... (335 bytes))
1788155848: Sending PUBLISH to auto-0C3A543C-2601-2003-4968-06C03657EB14 (d0, q1, r0, m579, 'test/m6/final-20260831T135630', ... (335 bytes))
1788155848: Sending PUBACK to gatewayd-m6-final-38460 (m579, rc0)
1788155848: Received PUBACK from auto-0C3A543C-2601-2003-4968-06C03657EB14 (Mid: 578, RC:0)
1788155848: Received PUBLISH from gatewayd-m6-final-38460 (d0, q1, r0, m580, 'test/m6/final-20260831T135630', ... (335 bytes))
1788155848: Sending PUBLISH to auto-0C3A543C-2601-2003-4968-06C03657EB14 (d0, q1, r0, m580, 'test/m6/final-20260831T135630', ... (335 bytes))
1788155848: Sending PUBACK to gatewayd-m6-final-38460 (m580, rc0)
1788155848: Received PUBACK from auto-0C3A543C-2601-2003-4968-06C03657EB14 (Mid: 579, RC:0)
1788155848: Received PUBLISH from gatewayd-m6-final-38460 (d0, q1, r0, m581, 'test/m6/final-20260831T135630', ... (335 bytes))
1788155848: Sending PUBLISH to auto-0C3A543C-2601-2003-4968-06C03657EB14 (d0, q1, r0, m581, 'test/m6/final-20260831T135630', ... (335 bytes))
1788155848: Sending PUBACK to gatewayd-m6-final-38460 (m581, rc0)
1788155848: Received PUBACK from auto-0C3A543C-2601-2003-4968-06C03657EB14 (Mid: 580, RC:0)
1788155848: Received PUBLISH from gatewayd-m6-final-38460 (d0, q1, r0, m582, 'test/m6/final-20260831T135630', ... (335 bytes))
1788155848: Sending PUBLISH to auto-0C3A543C-2601-2003-4968-06C03657EB14 (d0, q1, r0, m582, 'test/m6/final-20260831T135630', ... (335 bytes))
1788155848: Sending PUBACK to gatewayd-m6-final-38460 (m582, rc0)
1788155848: Received PUBACK from auto-0C3A543C-2601-2003-4968-06C03657EB14 (Mid: 581, RC:0)
1788155848: Received PUBLISH from gatewayd-m6-final-38460 (d0, q1, r0, m583, 'test/m6/final-20260831T135630', ... (335 bytes))
1788155848: Sending PUBLISH to auto-0C3A543C-2601-2003-4968-06C03657EB14 (d0, q1, r0, m583, 'test/m6/final-20260831T135630', ... (335 bytes))
1788155848: Sending PUBACK to gatewayd-m6-final-38460 (m583, rc0)
1788155848: Received PUBACK from auto-0C3A543C-2601-2003-4968-06C03657EB14 (Mid: 582, RC:0)
1788155848: Received PUBLISH from gatewayd-m6-final-38460 (d0, q1, r0, m584, 'test/m6/final-20260831T135630', ... (335 bytes))
1788155848: Sending PUBLISH to auto-0C3A543C-2601-2003-4968-06C03657EB14 (d0, q1, r0, m584, 'test/m6/final-20260831T135630', ... (335 bytes))
1788155848: Sending PUBACK to gatewayd-m6-final-38460 (m584, rc0)
1788155848: Received PUBACK from auto-0C3A543C-2601-2003-4968-06C03657EB14 (Mid: 583, RC:0)
1788155848: Received PUBLISH from gatewayd-m6-final-38460 (d0, q1, r0, m585, 'test/m6/final-20260831T135630', ... (335 bytes))
1788155848: Sending PUBLISH to auto-0C3A543C-2601-2003-4968-06C03657EB14 (d0, q1, r0, m585, 'test/m6/final-20260831T135630', ... (335 bytes))
1788155848: Sending PUBACK to gatewayd-m6-final-38460 (m585, rc0)
1788155848: Received PUBACK from auto-0C3A543C-2601-2003-4968-06C03657EB14 (Mid: 584, RC:0)
1788155848: Received PUBLISH from gatewayd-m6-final-38460 (d0, q1, r0, m586, 'test/m6/final-20260831T135630', ... (335 bytes))
1788155848: Sending PUBLISH to auto-0C3A543C-2601-2003-4968-06C03657EB14 (d0, q1, r0, m586, 'test/m6/final-20260831T135630', ... (335 bytes))
1788155848: Sending PUBACK to gatewayd-m6-final-38460 (m586, rc0)
1788155848: Received PUBACK from auto-0C3A543C-2601-2003-4968-06C03657EB14 (Mid: 585, RC:0)
1788155848: Received PUBLISH from gatewayd-m6-final-38460 (d0, q1, r0, m587, 'test/m6/final-20260831T135630', ... (335 bytes))
1788155848: Sending PUBLISH to auto-0C3A543C-2601-2003-4968-06C03657EB14 (d0, q1, r0, m587, 'test/m6/final-20260831T135630', ... (335 bytes))
1788155848: Sending PUBACK to gatewayd-m6-final-38460 (m587, rc0)
1788155848: Received PUBACK from auto-0C3A543C-2601-2003-4968-06C03657EB14 (Mid: 586, RC:0)
1788155848: Received PUBLISH from gatewayd-m6-final-38460 (d0, q1, r0, m588, 'test/m6/final-20260831T135630', ... (335 bytes))
1788155848: Sending PUBLISH to auto-0C3A543C-2601-2003-4968-06C03657EB14 (d0, q1, r0, m588, 'test/m6/final-20260831T135630', ... (335 bytes))
1788155848: Sending PUBACK to gatewayd-m6-final-38460 (m588, rc0)
1788155848: Received PUBACK from auto-0C3A543C-2601-2003-4968-06C03657EB14 (Mid: 587, RC:0)
1788155848: Received PUBLISH from gatewayd-m6-final-38460 (d0, q1, r0, m589, 'test/m6/final-20260831T135630', ... (335 bytes))
1788155848: Sending PUBLISH to auto-0C3A543C-2601-2003-4968-06C03657EB14 (d0, q1, r0, m589, 'test/m6/final-20260831T135630', ... (335 bytes))
1788155848: Sending PUBACK to gatewayd-m6-final-38460 (m589, rc0)
1788155848: Received PUBACK from auto-0C3A543C-2601-2003-4968-06C03657EB14 (Mid: 588, RC:0)
1788155848: Received PUBLISH from gatewayd-m6-final-38460 (d0, q1, r0, m590, 'test/m6/final-20260831T135630', ... (335 bytes))
1788155848: Sending PUBLISH to auto-0C3A543C-2601-2003-4968-06C03657EB14 (d0, q1, r0, m590, 'test/m6/final-20260831T135630', ... (335 bytes))
1788155848: Sending PUBACK to gatewayd-m6-final-38460 (m590, rc0)
1788155848: Received PUBACK from auto-0C3A543C-2601-2003-4968-06C03657EB14 (Mid: 589, RC:0)
1788155848: Received PUBLISH from gatewayd-m6-final-38460 (d0, q1, r0, m591, 'test/m6/final-20260831T135630', ... (335 bytes))
1788155848: Sending PUBLISH to auto-0C3A543C-2601-2003-4968-06C03657EB14 (d0, q1, r0, m591, 'test/m6/final-20260831T135630', ... (335 bytes))
1788155848: Sending PUBACK to gatewayd-m6-final-38460 (m591, rc0)
1788155848: Received PUBACK from auto-0C3A543C-2601-2003-4968-06C03657EB14 (Mid: 590, RC:0)
1788155848: Received PUBLISH from gatewayd-m6-final-38460 (d0, q1, r0, m592, 'test/m6/final-20260831T135630', ... (335 bytes))
1788155848: Sending PUBLISH to auto-0C3A543C-2601-2003-4968-06C03657EB14 (d0, q1, r0, m592, 'test/m6/final-20260831T135630', ... (335 bytes))
1788155848: Sending PUBACK to gatewayd-m6-final-38460 (m592, rc0)
1788155848: Received PUBACK from auto-0C3A543C-2601-2003-4968-06C03657EB14 (Mid: 591, RC:0)
1788155848: Received PUBLISH from gatewayd-m6-final-38460 (d0, q1, r0, m593, 'test/m6/final-20260831T135630', ... (335 bytes))
1788155848: Sending PUBLISH to auto-0C3A543C-2601-2003-4968-06C03657EB14 (d0, q1, r0, m593, 'test/m6/final-20260831T135630', ... (335 bytes))
1788155848: Sending PUBACK to gatewayd-m6-final-38460 (m593, rc0)
1788155848: Received PUBACK from auto-0C3A543C-2601-2003-4968-06C03657EB14 (Mid: 592, RC:0)
1788155848: Received PUBLISH from gatewayd-m6-final-38460 (d0, q1, r0, m594, 'test/m6/final-20260831T135630', ... (335 bytes))
1788155848: Sending PUBLISH to auto-0C3A543C-2601-2003-4968-06C03657EB14 (d0, q1, r0, m594, 'test/m6/final-20260831T135630', ... (335 bytes))
1788155848: Sending PUBACK to gatewayd-m6-final-38460 (m594, rc0)
1788155848: Received PUBACK from auto-0C3A543C-2601-2003-4968-06C03657EB14 (Mid: 593, RC:0)
1788155848: Received PUBLISH from gatewayd-m6-final-38460 (d0, q1, r0, m595, 'test/m6/final-20260831T135630', ... (335 bytes))
1788155848: Sending PUBLISH to auto-0C3A543C-2601-2003-4968-06C03657EB14 (d0, q1, r0, m595, 'test/m6/final-20260831T135630', ... (335 bytes))
1788155848: Sending PUBACK to gatewayd-m6-final-38460 (m595, rc0)
1788155848: Received PUBACK from auto-0C3A543C-2601-2003-4968-06C03657EB14 (Mid: 594, RC:0)
1788155848: Received PUBLISH from gatewayd-m6-final-38460 (d0, q1, r0, m596, 'test/m6/final-20260831T135630', ... (335 bytes))
1788155848: Sending PUBLISH to auto-0C3A543C-2601-2003-4968-06C03657EB14 (d0, q1, r0, m596, 'test/m6/final-20260831T135630', ... (335 bytes))
1788155848: Sending PUBACK to gatewayd-m6-final-38460 (m596, rc0)
1788155848: Received PUBACK from auto-0C3A543C-2601-2003-4968-06C03657EB14 (Mid: 595, RC:0)
1788155848: Received PUBLISH from gatewayd-m6-final-38460 (d0, q1, r0, m597, 'test/m6/final-20260831T135630', ... (335 bytes))
1788155848: Sending PUBLISH to auto-0C3A543C-2601-2003-4968-06C03657EB14 (d0, q1, r0, m597, 'test/m6/final-20260831T135630', ... (335 bytes))
1788155848: Sending PUBACK to gatewayd-m6-final-38460 (m597, rc0)
1788155848: Received PUBACK from auto-0C3A543C-2601-2003-4968-06C03657EB14 (Mid: 596, RC:0)
1788155848: Received PUBLISH from gatewayd-m6-final-38460 (d0, q1, r0, m598, 'test/m6/final-20260831T135630', ... (335 bytes))
1788155848: Sending PUBLISH to auto-0C3A543C-2601-2003-4968-06C03657EB14 (d0, q1, r0, m598, 'test/m6/final-20260831T135630', ... (335 bytes))
1788155848: Sending PUBACK to gatewayd-m6-final-38460 (m598, rc0)
1788155848: Received PUBACK from auto-0C3A543C-2601-2003-4968-06C03657EB14 (Mid: 597, RC:0)
1788155848: Received PUBLISH from gatewayd-m6-final-38460 (d0, q1, r0, m599, 'test/m6/final-20260831T135630', ... (335 bytes))
1788155848: Sending PUBLISH to auto-0C3A543C-2601-2003-4968-06C03657EB14 (d0, q1, r0, m599, 'test/m6/final-20260831T135630', ... (335 bytes))
1788155848: Sending PUBACK to gatewayd-m6-final-38460 (m599, rc0)
1788155848: Received PUBACK from auto-0C3A543C-2601-2003-4968-06C03657EB14 (Mid: 598, RC:0)
1788155848: Received PUBLISH from gatewayd-m6-final-38460 (d0, q1, r0, m600, 'test/m6/final-20260831T135630', ... (335 bytes))
1788155848: Sending PUBLISH to auto-0C3A543C-2601-2003-4968-06C03657EB14 (d0, q1, r0, m600, 'test/m6/final-20260831T135630', ... (335 bytes))
1788155848: Sending PUBACK to gatewayd-m6-final-38460 (m600, rc0)
1788155848: Received PUBACK from auto-0C3A543C-2601-2003-4968-06C03657EB14 (Mid: 599, RC:0)
1788155848: Received PUBLISH from gatewayd-m6-final-38460 (d0, q1, r0, m601, 'test/m6/final-20260831T135630', ... (335 bytes))
1788155848: Sending PUBLISH to auto-0C3A543C-2601-2003-4968-06C03657EB14 (d0, q1, r0, m601, 'test/m6/final-20260831T135630', ... (335 bytes))
1788155848: Sending PUBACK to gatewayd-m6-final-38460 (m601, rc0)
1788155848: Received PUBACK from auto-0C3A543C-2601-2003-4968-06C03657EB14 (Mid: 600, RC:0)
1788155848: Received PUBLISH from gatewayd-m6-final-38460 (d0, q1, r0, m602, 'test/m6/final-20260831T135630', ... (335 bytes))
1788155848: Sending PUBLISH to auto-0C3A543C-2601-2003-4968-06C03657EB14 (d0, q1, r0, m602, 'test/m6/final-20260831T135630', ... (335 bytes))
1788155848: Sending PUBACK to gatewayd-m6-final-38460 (m602, rc0)
1788155848: Received PUBACK from auto-0C3A543C-2601-2003-4968-06C03657EB14 (Mid: 601, RC:0)
1788155848: Received PUBLISH from gatewayd-m6-final-38460 (d0, q1, r0, m603, 'test/m6/final-20260831T135630', ... (335 bytes))
1788155848: Sending PUBLISH to auto-0C3A543C-2601-2003-4968-06C03657EB14 (d0, q1, r0, m603, 'test/m6/final-20260831T135630', ... (335 bytes))
1788155848: Sending PUBACK to gatewayd-m6-final-38460 (m603, rc0)
1788155848: Received PUBACK from auto-0C3A543C-2601-2003-4968-06C03657EB14 (Mid: 602, RC:0)
1788155848: Received PUBLISH from gatewayd-m6-final-38460 (d0, q1, r0, m604, 'test/m6/final-20260831T135630', ... (335 bytes))
1788155848: Sending PUBLISH to auto-0C3A543C-2601-2003-4968-06C03657EB14 (d0, q1, r0, m604, 'test/m6/final-20260831T135630', ... (335 bytes))
1788155848: Sending PUBACK to gatewayd-m6-final-38460 (m604, rc0)
1788155848: Received PUBACK from auto-0C3A543C-2601-2003-4968-06C03657EB14 (Mid: 603, RC:0)
1788155848: Received PUBLISH from gatewayd-m6-final-38460 (d0, q1, r0, m605, 'test/m6/final-20260831T135630', ... (335 bytes))
1788155848: Sending PUBLISH to auto-0C3A543C-2601-2003-4968-06C03657EB14 (d0, q1, r0, m605, 'test/m6/final-20260831T135630', ... (335 bytes))
1788155848: Sending PUBACK to gatewayd-m6-final-38460 (m605, rc0)
1788155848: Received PUBACK from auto-0C3A543C-2601-2003-4968-06C03657EB14 (Mid: 604, RC:0)
1788155848: Received PUBLISH from gatewayd-m6-final-38460 (d0, q1, r0, m606, 'test/m6/final-20260831T135630', ... (335 bytes))
1788155848: Sending PUBLISH to auto-0C3A543C-2601-2003-4968-06C03657EB14 (d0, q1, r0, m606, 'test/m6/final-20260831T135630', ... (335 bytes))
1788155848: Sending PUBACK to gatewayd-m6-final-38460 (m606, rc0)
1788155848: Received PUBACK from auto-0C3A543C-2601-2003-4968-06C03657EB14 (Mid: 605, RC:0)
1788155848: Received PUBLISH from gatewayd-m6-final-38460 (d0, q1, r0, m607, 'test/m6/final-20260831T135630', ... (335 bytes))
1788155848: Sending PUBLISH to auto-0C3A543C-2601-2003-4968-06C03657EB14 (d0, q1, r0, m607, 'test/m6/final-20260831T135630', ... (335 bytes))
1788155848: Sending PUBACK to gatewayd-m6-final-38460 (m607, rc0)
1788155848: Received PUBACK from auto-0C3A543C-2601-2003-4968-06C03657EB14 (Mid: 606, RC:0)
1788155848: Received PUBLISH from gatewayd-m6-final-38460 (d0, q1, r0, m608, 'test/m6/final-20260831T135630', ... (335 bytes))
1788155848: Sending PUBLISH to auto-0C3A543C-2601-2003-4968-06C03657EB14 (d0, q1, r0, m608, 'test/m6/final-20260831T135630', ... (335 bytes))
1788155848: Sending PUBACK to gatewayd-m6-final-38460 (m608, rc0)
1788155848: Received PUBACK from auto-0C3A543C-2601-2003-4968-06C03657EB14 (Mid: 607, RC:0)
1788155848: Received PUBLISH from gatewayd-m6-final-38460 (d0, q1, r0, m609, 'test/m6/final-20260831T135630', ... (335 bytes))
1788155848: Sending PUBLISH to auto-0C3A543C-2601-2003-4968-06C03657EB14 (d0, q1, r0, m609, 'test/m6/final-20260831T135630', ... (335 bytes))
1788155848: Sending PUBACK to gatewayd-m6-final-38460 (m609, rc0)
1788155848: Received PUBACK from auto-0C3A543C-2601-2003-4968-06C03657EB14 (Mid: 608, RC:0)
1788155848: Received PUBLISH from gatewayd-m6-final-38460 (d0, q1, r0, m610, 'test/m6/final-20260831T135630', ... (335 bytes))
1788155848: Sending PUBLISH to auto-0C3A543C-2601-2003-4968-06C03657EB14 (d0, q1, r0, m610, 'test/m6/final-20260831T135630', ... (335 bytes))
1788155848: Sending PUBACK to gatewayd-m6-final-38460 (m610, rc0)
1788155848: Received PUBACK from auto-0C3A543C-2601-2003-4968-06C03657EB14 (Mid: 609, RC:0)
1788155848: Received PUBLISH from gatewayd-m6-final-38460 (d0, q1, r0, m611, 'test/m6/final-20260831T135630', ... (335 bytes))
1788155848: Sending PUBLISH to auto-0C3A543C-2601-2003-4968-06C03657EB14 (d0, q1, r0, m611, 'test/m6/final-20260831T135630', ... (335 bytes))
1788155848: Sending PUBACK to gatewayd-m6-final-38460 (m611, rc0)
1788155848: Received PUBACK from auto-0C3A543C-2601-2003-4968-06C03657EB14 (Mid: 610, RC:0)
1788155848: Received PUBLISH from gatewayd-m6-final-38460 (d0, q1, r0, m612, 'test/m6/final-20260831T135630', ... (336 bytes))
1788155848: Sending PUBLISH to auto-0C3A543C-2601-2003-4968-06C03657EB14 (d0, q1, r0, m612, 'test/m6/final-20260831T135630', ... (336 bytes))
1788155848: Sending PUBACK to gatewayd-m6-final-38460 (m612, rc0)
1788155848: Received PUBACK from auto-0C3A543C-2601-2003-4968-06C03657EB14 (Mid: 611, RC:0)
1788155848: Received PUBLISH from gatewayd-m6-final-38460 (d0, q1, r0, m613, 'test/m6/final-20260831T135630', ... (336 bytes))
1788155848: Sending PUBLISH to auto-0C3A543C-2601-2003-4968-06C03657EB14 (d0, q1, r0, m613, 'test/m6/final-20260831T135630', ... (336 bytes))
1788155848: Sending PUBACK to gatewayd-m6-final-38460 (m613, rc0)
1788155848: Received PUBACK from auto-0C3A543C-2601-2003-4968-06C03657EB14 (Mid: 612, RC:0)
1788155848: Received PUBLISH from gatewayd-m6-final-38460 (d0, q1, r0, m614, 'test/m6/final-20260831T135630', ... (336 bytes))
1788155848: Sending PUBLISH to auto-0C3A543C-2601-2003-4968-06C03657EB14 (d0, q1, r0, m614, 'test/m6/final-20260831T135630', ... (336 bytes))
1788155848: Sending PUBACK to gatewayd-m6-final-38460 (m614, rc0)
1788155848: Received PUBACK from auto-0C3A543C-2601-2003-4968-06C03657EB14 (Mid: 613, RC:0)
1788155848: Received PUBLISH from gatewayd-m6-final-38460 (d0, q1, r0, m615, 'test/m6/final-20260831T135630', ... (336 bytes))
1788155848: Sending PUBLISH to auto-0C3A543C-2601-2003-4968-06C03657EB14 (d0, q1, r0, m615, 'test/m6/final-20260831T135630', ... (336 bytes))
1788155848: Sending PUBACK to gatewayd-m6-final-38460 (m615, rc0)
1788155848: Received PUBACK from auto-0C3A543C-2601-2003-4968-06C03657EB14 (Mid: 614, RC:0)
1788155848: Received PUBLISH from gatewayd-m6-final-38460 (d0, q1, r0, m616, 'test/m6/final-20260831T135630', ... (336 bytes))
1788155848: Sending PUBLISH to auto-0C3A543C-2601-2003-4968-06C03657EB14 (d0, q1, r0, m616, 'test/m6/final-20260831T135630', ... (336 bytes))
1788155848: Sending PUBACK to gatewayd-m6-final-38460 (m616, rc0)
1788155848: Received PUBACK from auto-0C3A543C-2601-2003-4968-06C03657EB14 (Mid: 615, RC:0)
1788155848: Received PUBLISH from gatewayd-m6-final-38460 (d0, q1, r0, m617, 'test/m6/final-20260831T135630', ... (336 bytes))
1788155848: Sending PUBLISH to auto-0C3A543C-2601-2003-4968-06C03657EB14 (d0, q1, r0, m617, 'test/m6/final-20260831T135630', ... (336 bytes))
1788155848: Sending PUBACK to gatewayd-m6-final-38460 (m617, rc0)
1788155848: Received PUBACK from auto-0C3A543C-2601-2003-4968-06C03657EB14 (Mid: 616, RC:0)
1788155848: Received PUBLISH from gatewayd-m6-final-38460 (d0, q1, r0, m618, 'test/m6/final-20260831T135630', ... (336 bytes))
1788155848: Sending PUBLISH to auto-0C3A543C-2601-2003-4968-06C03657EB14 (d0, q1, r0, m618, 'test/m6/final-20260831T135630', ... (336 bytes))
1788155848: Sending PUBACK to gatewayd-m6-final-38460 (m618, rc0)
1788155848: Received PUBACK from auto-0C3A543C-2601-2003-4968-06C03657EB14 (Mid: 617, RC:0)
1788155848: Received PUBLISH from gatewayd-m6-final-38460 (d0, q1, r0, m619, 'test/m6/final-20260831T135630', ... (336 bytes))
1788155848: Sending PUBLISH to auto-0C3A543C-2601-2003-4968-06C03657EB14 (d0, q1, r0, m619, 'test/m6/final-20260831T135630', ... (336 bytes))
1788155848: Sending PUBACK to gatewayd-m6-final-38460 (m619, rc0)
1788155848: Received PUBACK from auto-0C3A543C-2601-2003-4968-06C03657EB14 (Mid: 618, RC:0)
1788155848: Received PUBLISH from gatewayd-m6-final-38460 (d0, q1, r0, m620, 'test/m6/final-20260831T135630', ... (336 bytes))
1788155848: Sending PUBLISH to auto-0C3A543C-2601-2003-4968-06C03657EB14 (d0, q1, r0, m620, 'test/m6/final-20260831T135630', ... (336 bytes))
1788155848: Sending PUBACK to gatewayd-m6-final-38460 (m620, rc0)
1788155848: Received PUBACK from auto-0C3A543C-2601-2003-4968-06C03657EB14 (Mid: 619, RC:0)
1788155848: Received PUBLISH from gatewayd-m6-final-38460 (d0, q1, r0, m621, 'test/m6/final-20260831T135630', ... (336 bytes))
1788155848: Sending PUBLISH to auto-0C3A543C-2601-2003-4968-06C03657EB14 (d0, q1, r0, m621, 'test/m6/final-20260831T135630', ... (336 bytes))
1788155848: Sending PUBACK to gatewayd-m6-final-38460 (m621, rc0)
1788155848: Received PUBACK from auto-0C3A543C-2601-2003-4968-06C03657EB14 (Mid: 620, RC:0)
1788155848: Received PUBLISH from gatewayd-m6-final-38460 (d0, q1, r0, m622, 'test/m6/final-20260831T135630', ... (336 bytes))
1788155848: Sending PUBLISH to auto-0C3A543C-2601-2003-4968-06C03657EB14 (d0, q1, r0, m622, 'test/m6/final-20260831T135630', ... (336 bytes))
1788155848: Sending PUBACK to gatewayd-m6-final-38460 (m622, rc0)
1788155848: Received PUBACK from auto-0C3A543C-2601-2003-4968-06C03657EB14 (Mid: 621, RC:0)
1788155848: Received PUBLISH from gatewayd-m6-final-38460 (d0, q1, r0, m623, 'test/m6/final-20260831T135630', ... (336 bytes))
1788155848: Sending PUBLISH to auto-0C3A543C-2601-2003-4968-06C03657EB14 (d0, q1, r0, m623, 'test/m6/final-20260831T135630', ... (336 bytes))
1788155848: Sending PUBACK to gatewayd-m6-final-38460 (m623, rc0)
1788155848: Received PUBACK from auto-0C3A543C-2601-2003-4968-06C03657EB14 (Mid: 622, RC:0)
1788155848: Received PUBLISH from gatewayd-m6-final-38460 (d0, q1, r0, m624, 'test/m6/final-20260831T135630', ... (336 bytes))
1788155848: Sending PUBLISH to auto-0C3A543C-2601-2003-4968-06C03657EB14 (d0, q1, r0, m624, 'test/m6/final-20260831T135630', ... (336 bytes))
1788155848: Sending PUBACK to gatewayd-m6-final-38460 (m624, rc0)
1788155848: Received PUBACK from auto-0C3A543C-2601-2003-4968-06C03657EB14 (Mid: 623, RC:0)
1788155848: Received PUBLISH from gatewayd-m6-final-38460 (d0, q1, r0, m625, 'test/m6/final-20260831T135630', ... (336 bytes))
1788155848: Sending PUBLISH to auto-0C3A543C-2601-2003-4968-06C03657EB14 (d0, q1, r0, m625, 'test/m6/final-20260831T135630', ... (336 bytes))
1788155848: Sending PUBACK to gatewayd-m6-final-38460 (m625, rc0)
1788155848: Received PUBACK from auto-0C3A543C-2601-2003-4968-06C03657EB14 (Mid: 624, RC:0)
1788155848: Received PUBLISH from gatewayd-m6-final-38460 (d0, q1, r0, m626, 'test/m6/final-20260831T135630', ... (336 bytes))
1788155848: Sending PUBLISH to auto-0C3A543C-2601-2003-4968-06C03657EB14 (d0, q1, r0, m626, 'test/m6/final-20260831T135630', ... (336 bytes))
1788155848: Sending PUBACK to gatewayd-m6-final-38460 (m626, rc0)
1788155848: Received PUBACK from auto-0C3A543C-2601-2003-4968-06C03657EB14 (Mid: 625, RC:0)
1788155848: Received PUBLISH from gatewayd-m6-final-38460 (d0, q1, r0, m627, 'test/m6/final-20260831T135630', ... (336 bytes))
1788155848: Sending PUBLISH to auto-0C3A543C-2601-2003-4968-06C03657EB14 (d0, q1, r0, m627, 'test/m6/final-20260831T135630', ... (336 bytes))
1788155848: Sending PUBACK to gatewayd-m6-final-38460 (m627, rc0)
1788155848: Received PUBACK from auto-0C3A543C-2601-2003-4968-06C03657EB14 (Mid: 626, RC:0)
1788155848: Received PUBLISH from gatewayd-m6-final-38460 (d0, q1, r0, m628, 'test/m6/final-20260831T135630', ... (336 bytes))
1788155848: Sending PUBLISH to auto-0C3A543C-2601-2003-4968-06C03657EB14 (d0, q1, r0, m628, 'test/m6/final-20260831T135630', ... (336 bytes))
1788155848: Sending PUBACK to gatewayd-m6-final-38460 (m628, rc0)
1788155848: Received PUBACK from auto-0C3A543C-2601-2003-4968-06C03657EB14 (Mid: 627, RC:0)
1788155848: Received PUBLISH from gatewayd-m6-final-38460 (d0, q1, r0, m629, 'test/m6/final-20260831T135630', ... (336 bytes))
1788155848: Sending PUBLISH to auto-0C3A543C-2601-2003-4968-06C03657EB14 (d0, q1, r0, m629, 'test/m6/final-20260831T135630', ... (336 bytes))
1788155848: Sending PUBACK to gatewayd-m6-final-38460 (m629, rc0)
1788155848: Received PUBACK from auto-0C3A543C-2601-2003-4968-06C03657EB14 (Mid: 628, RC:0)
1788155848: Received PUBLISH from gatewayd-m6-final-38460 (d0, q1, r0, m630, 'test/m6/final-20260831T135630', ... (336 bytes))
1788155848: Sending PUBLISH to auto-0C3A543C-2601-2003-4968-06C03657EB14 (d0, q1, r0, m630, 'test/m6/final-20260831T135630', ... (336 bytes))
1788155848: Sending PUBACK to gatewayd-m6-final-38460 (m630, rc0)
1788155848: Received PUBACK from auto-0C3A543C-2601-2003-4968-06C03657EB14 (Mid: 629, RC:0)
1788155848: Received PUBLISH from gatewayd-m6-final-38460 (d0, q1, r0, m631, 'test/m6/final-20260831T135630', ... (336 bytes))
1788155848: Sending PUBLISH to auto-0C3A543C-2601-2003-4968-06C03657EB14 (d0, q1, r0, m631, 'test/m6/final-20260831T135630', ... (336 bytes))
1788155848: Sending PUBACK to gatewayd-m6-final-38460 (m631, rc0)
1788155848: Received PUBACK from auto-0C3A543C-2601-2003-4968-06C03657EB14 (Mid: 630, RC:0)
1788155848: Received PUBLISH from gatewayd-m6-final-38460 (d0, q1, r0, m632, 'test/m6/final-20260831T135630', ... (336 bytes))
1788155848: Sending PUBLISH to auto-0C3A543C-2601-2003-4968-06C03657EB14 (d0, q1, r0, m632, 'test/m6/final-20260831T135630', ... (336 bytes))
1788155848: Sending PUBACK to gatewayd-m6-final-38460 (m632, rc0)
1788155848: Received PUBACK from auto-0C3A543C-2601-2003-4968-06C03657EB14 (Mid: 631, RC:0)
1788155848: Received PUBLISH from gatewayd-m6-final-38460 (d0, q1, r0, m633, 'test/m6/final-20260831T135630', ... (336 bytes))
1788155848: Sending PUBLISH to auto-0C3A543C-2601-2003-4968-06C03657EB14 (d0, q1, r0, m633, 'test/m6/final-20260831T135630', ... (336 bytes))
1788155848: Sending PUBACK to gatewayd-m6-final-38460 (m633, rc0)
1788155848: Received PUBACK from auto-0C3A543C-2601-2003-4968-06C03657EB14 (Mid: 632, RC:0)
1788155848: Received PUBLISH from gatewayd-m6-final-38460 (d0, q1, r0, m634, 'test/m6/final-20260831T135630', ... (336 bytes))
1788155848: Sending PUBLISH to auto-0C3A543C-2601-2003-4968-06C03657EB14 (d0, q1, r0, m634, 'test/m6/final-20260831T135630', ... (336 bytes))
1788155848: Sending PUBACK to gatewayd-m6-final-38460 (m634, rc0)
1788155848: Received PUBACK from auto-0C3A543C-2601-2003-4968-06C03657EB14 (Mid: 633, RC:0)
1788155848: Received PUBLISH from gatewayd-m6-final-38460 (d0, q1, r0, m635, 'test/m6/final-20260831T135630', ... (336 bytes))
1788155848: Sending PUBLISH to auto-0C3A543C-2601-2003-4968-06C03657EB14 (d0, q1, r0, m635, 'test/m6/final-20260831T135630', ... (336 bytes))
1788155848: Sending PUBACK to gatewayd-m6-final-38460 (m635, rc0)
1788155848: Received PUBACK from auto-0C3A543C-2601-2003-4968-06C03657EB14 (Mid: 634, RC:0)
1788155848: Received PUBLISH from gatewayd-m6-final-38460 (d0, q1, r0, m636, 'test/m6/final-20260831T135630', ... (336 bytes))
1788155848: Sending PUBLISH to auto-0C3A543C-2601-2003-4968-06C03657EB14 (d0, q1, r0, m636, 'test/m6/final-20260831T135630', ... (336 bytes))
1788155848: Sending PUBACK to gatewayd-m6-final-38460 (m636, rc0)
1788155848: Received PUBACK from auto-0C3A543C-2601-2003-4968-06C03657EB14 (Mid: 635, RC:0)
1788155848: Received PUBLISH from gatewayd-m6-final-38460 (d0, q1, r0, m637, 'test/m6/final-20260831T135630', ... (336 bytes))
1788155848: Sending PUBLISH to auto-0C3A543C-2601-2003-4968-06C03657EB14 (d0, q1, r0, m637, 'test/m6/final-20260831T135630', ... (336 bytes))
1788155848: Sending PUBACK to gatewayd-m6-final-38460 (m637, rc0)
1788155848: Received PUBACK from auto-0C3A543C-2601-2003-4968-06C03657EB14 (Mid: 636, RC:0)
1788155848: Received PUBLISH from gatewayd-m6-final-38460 (d0, q1, r0, m638, 'test/m6/final-20260831T135630', ... (336 bytes))
1788155848: Sending PUBLISH to auto-0C3A543C-2601-2003-4968-06C03657EB14 (d0, q1, r0, m638, 'test/m6/final-20260831T135630', ... (336 bytes))
1788155848: Sending PUBACK to gatewayd-m6-final-38460 (m638, rc0)
1788155848: Received PUBACK from auto-0C3A543C-2601-2003-4968-06C03657EB14 (Mid: 637, RC:0)
1788155848: Received PUBLISH from gatewayd-m6-final-38460 (d0, q1, r0, m639, 'test/m6/final-20260831T135630', ... (336 bytes))
1788155848: Sending PUBLISH to auto-0C3A543C-2601-2003-4968-06C03657EB14 (d0, q1, r0, m639, 'test/m6/final-20260831T135630', ... (336 bytes))
1788155848: Sending PUBACK to gatewayd-m6-final-38460 (m639, rc0)
1788155848: Received PUBACK from auto-0C3A543C-2601-2003-4968-06C03657EB14 (Mid: 638, RC:0)
1788155848: Received PUBLISH from gatewayd-m6-final-38460 (d0, q1, r0, m640, 'test/m6/final-20260831T135630', ... (336 bytes))
1788155848: Sending PUBLISH to auto-0C3A543C-2601-2003-4968-06C03657EB14 (d0, q1, r0, m640, 'test/m6/final-20260831T135630', ... (336 bytes))
1788155848: Sending PUBACK to gatewayd-m6-final-38460 (m640, rc0)
1788155848: Received PUBACK from auto-0C3A543C-2601-2003-4968-06C03657EB14 (Mid: 639, RC:0)
1788155848: Received PUBLISH from gatewayd-m6-final-38460 (d0, q1, r0, m641, 'test/m6/final-20260831T135630', ... (336 bytes))
1788155848: Sending PUBLISH to auto-0C3A543C-2601-2003-4968-06C03657EB14 (d0, q1, r0, m641, 'test/m6/final-20260831T135630', ... (336 bytes))
1788155848: Sending PUBACK to gatewayd-m6-final-38460 (m641, rc0)
1788155848: Received PUBACK from auto-0C3A543C-2601-2003-4968-06C03657EB14 (Mid: 640, RC:0)
1788155848: Received PUBLISH from gatewayd-m6-final-38460 (d0, q1, r0, m642, 'test/m6/final-20260831T135630', ... (336 bytes))
1788155848: Sending PUBLISH to auto-0C3A543C-2601-2003-4968-06C03657EB14 (d0, q1, r0, m642, 'test/m6/final-20260831T135630', ... (336 bytes))
1788155848: Sending PUBACK to gatewayd-m6-final-38460 (m642, rc0)
1788155848: Received PUBACK from auto-0C3A543C-2601-2003-4968-06C03657EB14 (Mid: 641, RC:0)
1788155848: Received PUBLISH from gatewayd-m6-final-38460 (d0, q1, r0, m643, 'test/m6/final-20260831T135630', ... (336 bytes))
1788155848: Sending PUBLISH to auto-0C3A543C-2601-2003-4968-06C03657EB14 (d0, q1, r0, m643, 'test/m6/final-20260831T135630', ... (336 bytes))
1788155848: Sending PUBACK to gatewayd-m6-final-38460 (m643, rc0)
1788155848: Received PUBACK from auto-0C3A543C-2601-2003-4968-06C03657EB14 (Mid: 642, RC:0)
1788155848: Received PUBLISH from gatewayd-m6-final-38460 (d0, q1, r0, m644, 'test/m6/final-20260831T135630', ... (336 bytes))
1788155848: Sending PUBLISH to auto-0C3A543C-2601-2003-4968-06C03657EB14 (d0, q1, r0, m644, 'test/m6/final-20260831T135630', ... (336 bytes))
1788155848: Sending PUBACK to gatewayd-m6-final-38460 (m644, rc0)
1788155848: Received PUBACK from auto-0C3A543C-2601-2003-4968-06C03657EB14 (Mid: 643, RC:0)
1788155848: Received PUBLISH from gatewayd-m6-final-38460 (d0, q1, r0, m645, 'test/m6/final-20260831T135630', ... (336 bytes))
1788155848: Sending PUBLISH to auto-0C3A543C-2601-2003-4968-06C03657EB14 (d0, q1, r0, m645, 'test/m6/final-20260831T135630', ... (336 bytes))
1788155848: Sending PUBACK to gatewayd-m6-final-38460 (m645, rc0)
1788155848: Received PUBACK from auto-0C3A543C-2601-2003-4968-06C03657EB14 (Mid: 644, RC:0)
1788155848: Received PUBLISH from gatewayd-m6-final-38460 (d0, q1, r0, m646, 'test/m6/final-20260831T135630', ... (336 bytes))
1788155848: Sending PUBLISH to auto-0C3A543C-2601-2003-4968-06C03657EB14 (d0, q1, r0, m646, 'test/m6/final-20260831T135630', ... (336 bytes))
1788155848: Sending PUBACK to gatewayd-m6-final-38460 (m646, rc0)
1788155848: Received PUBACK from auto-0C3A543C-2601-2003-4968-06C03657EB14 (Mid: 645, RC:0)
1788155848: Received PUBLISH from gatewayd-m6-final-38460 (d0, q1, r0, m647, 'test/m6/final-20260831T135630', ... (336 bytes))
1788155848: Sending PUBLISH to auto-0C3A543C-2601-2003-4968-06C03657EB14 (d0, q1, r0, m647, 'test/m6/final-20260831T135630', ... (336 bytes))
1788155848: Sending PUBACK to gatewayd-m6-final-38460 (m647, rc0)
1788155848: Received PUBACK from auto-0C3A543C-2601-2003-4968-06C03657EB14 (Mid: 646, RC:0)
1788155848: Received PUBLISH from gatewayd-m6-final-38460 (d0, q1, r0, m648, 'test/m6/final-20260831T135630', ... (336 bytes))
1788155848: Sending PUBLISH to auto-0C3A543C-2601-2003-4968-06C03657EB14 (d0, q1, r0, m648, 'test/m6/final-20260831T135630', ... (336 bytes))
1788155848: Sending PUBACK to gatewayd-m6-final-38460 (m648, rc0)
1788155848: Received PUBACK from auto-0C3A543C-2601-2003-4968-06C03657EB14 (Mid: 647, RC:0)
1788155848: Received PUBLISH from gatewayd-m6-final-38460 (d0, q1, r0, m649, 'test/m6/final-20260831T135630', ... (336 bytes))
1788155848: Sending PUBLISH to auto-0C3A543C-2601-2003-4968-06C03657EB14 (d0, q1, r0, m649, 'test/m6/final-20260831T135630', ... (336 bytes))
1788155848: Sending PUBACK to gatewayd-m6-final-38460 (m649, rc0)
1788155848: Received PUBACK from auto-0C3A543C-2601-2003-4968-06C03657EB14 (Mid: 648, RC:0)
1788155848: Received PUBLISH from gatewayd-m6-final-38460 (d0, q1, r0, m650, 'test/m6/final-20260831T135630', ... (336 bytes))
1788155848: Sending PUBLISH to auto-0C3A543C-2601-2003-4968-06C03657EB14 (d0, q1, r0, m650, 'test/m6/final-20260831T135630', ... (336 bytes))
1788155848: Sending PUBACK to gatewayd-m6-final-38460 (m650, rc0)
1788155848: Received PUBACK from auto-0C3A543C-2601-2003-4968-06C03657EB14 (Mid: 649, RC:0)
1788155848: Received PUBLISH from gatewayd-m6-final-38460 (d0, q1, r0, m651, 'test/m6/final-20260831T135630', ... (336 bytes))
1788155848: Sending PUBLISH to auto-0C3A543C-2601-2003-4968-06C03657EB14 (d0, q1, r0, m651, 'test/m6/final-20260831T135630', ... (336 bytes))
1788155848: Sending PUBACK to gatewayd-m6-final-38460 (m651, rc0)
1788155848: Received PUBACK from auto-0C3A543C-2601-2003-4968-06C03657EB14 (Mid: 650, RC:0)
1788155848: Received PUBLISH from gatewayd-m6-final-38460 (d0, q1, r0, m652, 'test/m6/final-20260831T135630', ... (336 bytes))
1788155848: Sending PUBLISH to auto-0C3A543C-2601-2003-4968-06C03657EB14 (d0, q1, r0, m652, 'test/m6/final-20260831T135630', ... (336 bytes))
1788155848: Sending PUBACK to gatewayd-m6-final-38460 (m652, rc0)
1788155848: Received PUBACK from auto-0C3A543C-2601-2003-4968-06C03657EB14 (Mid: 651, RC:0)
1788155848: Received PUBLISH from gatewayd-m6-final-38460 (d0, q1, r0, m653, 'test/m6/final-20260831T135630', ... (336 bytes))
1788155848: Sending PUBLISH to auto-0C3A543C-2601-2003-4968-06C03657EB14 (d0, q1, r0, m653, 'test/m6/final-20260831T135630', ... (336 bytes))
1788155848: Sending PUBACK to gatewayd-m6-final-38460 (m653, rc0)
1788155848: Received PUBACK from auto-0C3A543C-2601-2003-4968-06C03657EB14 (Mid: 652, RC:0)
1788155848: Received PUBLISH from gatewayd-m6-final-38460 (d0, q1, r0, m654, 'test/m6/final-20260831T135630', ... (336 bytes))
1788155848: Sending PUBLISH to auto-0C3A543C-2601-2003-4968-06C03657EB14 (d0, q1, r0, m654, 'test/m6/final-20260831T135630', ... (336 bytes))
1788155848: Sending PUBACK to gatewayd-m6-final-38460 (m654, rc0)
1788155848: Received PUBACK from auto-0C3A543C-2601-2003-4968-06C03657EB14 (Mid: 653, RC:0)
1788155848: Received PUBLISH from gatewayd-m6-final-38460 (d0, q1, r0, m655, 'test/m6/final-20260831T135630', ... (336 bytes))
1788155848: Sending PUBLISH to auto-0C3A543C-2601-2003-4968-06C03657EB14 (d0, q1, r0, m655, 'test/m6/final-20260831T135630', ... (336 bytes))
1788155848: Sending PUBACK to gatewayd-m6-final-38460 (m655, rc0)
1788155848: Received PUBACK from auto-0C3A543C-2601-2003-4968-06C03657EB14 (Mid: 654, RC:0)
1788155848: Received PUBLISH from gatewayd-m6-final-38460 (d0, q1, r0, m656, 'test/m6/final-20260831T135630', ... (336 bytes))
1788155848: Sending PUBLISH to auto-0C3A543C-2601-2003-4968-06C03657EB14 (d0, q1, r0, m656, 'test/m6/final-20260831T135630', ... (336 bytes))
1788155848: Sending PUBACK to gatewayd-m6-final-38460 (m656, rc0)
1788155848: Received PUBACK from auto-0C3A543C-2601-2003-4968-06C03657EB14 (Mid: 655, RC:0)
1788155848: Received PUBLISH from gatewayd-m6-final-38460 (d0, q1, r0, m657, 'test/m6/final-20260831T135630', ... (336 bytes))
1788155848: Sending PUBLISH to auto-0C3A543C-2601-2003-4968-06C03657EB14 (d0, q1, r0, m657, 'test/m6/final-20260831T135630', ... (336 bytes))
1788155848: Sending PUBACK to gatewayd-m6-final-38460 (m657, rc0)
1788155848: Received PUBACK from auto-0C3A543C-2601-2003-4968-06C03657EB14 (Mid: 656, RC:0)
1788155848: Received PUBLISH from gatewayd-m6-final-38460 (d0, q1, r0, m658, 'test/m6/final-20260831T135630', ... (336 bytes))
1788155848: Sending PUBLISH to auto-0C3A543C-2601-2003-4968-06C03657EB14 (d0, q1, r0, m658, 'test/m6/final-20260831T135630', ... (336 bytes))
1788155848: Sending PUBACK to gatewayd-m6-final-38460 (m658, rc0)
1788155848: Received PUBACK from auto-0C3A543C-2601-2003-4968-06C03657EB14 (Mid: 657, RC:0)
1788155848: Received PUBLISH from gatewayd-m6-final-38460 (d0, q1, r0, m659, 'test/m6/final-20260831T135630', ... (336 bytes))
1788155848: Sending PUBLISH to auto-0C3A543C-2601-2003-4968-06C03657EB14 (d0, q1, r0, m659, 'test/m6/final-20260831T135630', ... (336 bytes))
1788155848: Sending PUBACK to gatewayd-m6-final-38460 (m659, rc0)
1788155848: Received PUBACK from auto-0C3A543C-2601-2003-4968-06C03657EB14 (Mid: 658, RC:0)
1788155848: Received PUBLISH from gatewayd-m6-final-38460 (d0, q1, r0, m660, 'test/m6/final-20260831T135630', ... (336 bytes))
1788155848: Sending PUBLISH to auto-0C3A543C-2601-2003-4968-06C03657EB14 (d0, q1, r0, m660, 'test/m6/final-20260831T135630', ... (336 bytes))
1788155848: Sending PUBACK to gatewayd-m6-final-38460 (m660, rc0)
1788155848: Received PUBACK from auto-0C3A543C-2601-2003-4968-06C03657EB14 (Mid: 659, RC:0)
1788155848: Received PUBLISH from gatewayd-m6-final-38460 (d0, q1, r0, m661, 'test/m6/final-20260831T135630', ... (336 bytes))
1788155848: Sending PUBLISH to auto-0C3A543C-2601-2003-4968-06C03657EB14 (d0, q1, r0, m661, 'test/m6/final-20260831T135630', ... (336 bytes))
1788155848: Sending PUBACK to gatewayd-m6-final-38460 (m661, rc0)
1788155848: Received PUBACK from auto-0C3A543C-2601-2003-4968-06C03657EB14 (Mid: 660, RC:0)
1788155848: Received PUBLISH from gatewayd-m6-final-38460 (d0, q1, r0, m662, 'test/m6/final-20260831T135630', ... (336 bytes))
1788155848: Sending PUBLISH to auto-0C3A543C-2601-2003-4968-06C03657EB14 (d0, q1, r0, m662, 'test/m6/final-20260831T135630', ... (336 bytes))
1788155848: Sending PUBACK to gatewayd-m6-final-38460 (m662, rc0)
1788155848: Received PUBACK from auto-0C3A543C-2601-2003-4968-06C03657EB14 (Mid: 661, RC:0)
1788155848: Received PUBLISH from gatewayd-m6-final-38460 (d0, q1, r0, m663, 'test/m6/final-20260831T135630', ... (336 bytes))
1788155848: Sending PUBLISH to auto-0C3A543C-2601-2003-4968-06C03657EB14 (d0, q1, r0, m663, 'test/m6/final-20260831T135630', ... (336 bytes))
1788155848: Sending PUBACK to gatewayd-m6-final-38460 (m663, rc0)
1788155848: Received PUBACK from auto-0C3A543C-2601-2003-4968-06C03657EB14 (Mid: 662, RC:0)
1788155848: Received PUBLISH from gatewayd-m6-final-38460 (d0, q1, r0, m664, 'test/m6/final-20260831T135630', ... (336 bytes))
1788155848: Sending PUBLISH to auto-0C3A543C-2601-2003-4968-06C03657EB14 (d0, q1, r0, m664, 'test/m6/final-20260831T135630', ... (336 bytes))
1788155848: Sending PUBACK to gatewayd-m6-final-38460 (m664, rc0)
1788155848: Received PUBACK from auto-0C3A543C-2601-2003-4968-06C03657EB14 (Mid: 663, RC:0)
1788155848: Received PUBLISH from gatewayd-m6-final-38460 (d0, q1, r0, m665, 'test/m6/final-20260831T135630', ... (336 bytes))
1788155848: Sending PUBLISH to auto-0C3A543C-2601-2003-4968-06C03657EB14 (d0, q1, r0, m665, 'test/m6/final-20260831T135630', ... (336 bytes))
1788155848: Sending PUBACK to gatewayd-m6-final-38460 (m665, rc0)
1788155848: Received PUBACK from auto-0C3A543C-2601-2003-4968-06C03657EB14 (Mid: 664, RC:0)
1788155848: Received PUBLISH from gatewayd-m6-final-38460 (d0, q1, r0, m666, 'test/m6/final-20260831T135630', ... (336 bytes))
1788155848: Sending PUBLISH to auto-0C3A543C-2601-2003-4968-06C03657EB14 (d0, q1, r0, m666, 'test/m6/final-20260831T135630', ... (336 bytes))
1788155848: Sending PUBACK to gatewayd-m6-final-38460 (m666, rc0)
1788155848: Received PUBACK from auto-0C3A543C-2601-2003-4968-06C03657EB14 (Mid: 665, RC:0)
1788155848: Received PUBLISH from gatewayd-m6-final-38460 (d0, q1, r0, m667, 'test/m6/final-20260831T135630', ... (336 bytes))
1788155848: Sending PUBLISH to auto-0C3A543C-2601-2003-4968-06C03657EB14 (d0, q1, r0, m667, 'test/m6/final-20260831T135630', ... (336 bytes))
1788155848: Sending PUBACK to gatewayd-m6-final-38460 (m667, rc0)
1788155848: Received PUBACK from auto-0C3A543C-2601-2003-4968-06C03657EB14 (Mid: 666, RC:0)
1788155848: Received PUBLISH from gatewayd-m6-final-38460 (d0, q1, r0, m668, 'test/m6/final-20260831T135630', ... (336 bytes))
1788155848: Sending PUBLISH to auto-0C3A543C-2601-2003-4968-06C03657EB14 (d0, q1, r0, m668, 'test/m6/final-20260831T135630', ... (336 bytes))
1788155848: Sending PUBACK to gatewayd-m6-final-38460 (m668, rc0)
1788155848: Received PUBACK from auto-0C3A543C-2601-2003-4968-06C03657EB14 (Mid: 667, RC:0)
1788155848: Received PUBLISH from gatewayd-m6-final-38460 (d0, q1, r0, m669, 'test/m6/final-20260831T135630', ... (336 bytes))
1788155848: Sending PUBLISH to auto-0C3A543C-2601-2003-4968-06C03657EB14 (d0, q1, r0, m669, 'test/m6/final-20260831T135630', ... (336 bytes))
1788155848: Sending PUBACK to gatewayd-m6-final-38460 (m669, rc0)
1788155848: Received PUBACK from auto-0C3A543C-2601-2003-4968-06C03657EB14 (Mid: 668, RC:0)
1788155848: Received PUBLISH from gatewayd-m6-final-38460 (d0, q1, r0, m670, 'test/m6/final-20260831T135630', ... (336 bytes))
1788155848: Sending PUBLISH to auto-0C3A543C-2601-2003-4968-06C03657EB14 (d0, q1, r0, m670, 'test/m6/final-20260831T135630', ... (336 bytes))
1788155848: Sending PUBACK to gatewayd-m6-final-38460 (m670, rc0)
1788155848: Received PUBACK from auto-0C3A543C-2601-2003-4968-06C03657EB14 (Mid: 669, RC:0)
1788155848: Received PUBLISH from gatewayd-m6-final-38460 (d0, q1, r0, m671, 'test/m6/final-20260831T135630', ... (336 bytes))
1788155848: Sending PUBLISH to auto-0C3A543C-2601-2003-4968-06C03657EB14 (d0, q1, r0, m671, 'test/m6/final-20260831T135630', ... (336 bytes))
1788155848: Sending PUBACK to gatewayd-m6-final-38460 (m671, rc0)
1788155848: Received PUBACK from auto-0C3A543C-2601-2003-4968-06C03657EB14 (Mid: 670, RC:0)
1788155848: Received PUBLISH from gatewayd-m6-final-38460 (d0, q1, r0, m672, 'test/m6/final-20260831T135630', ... (336 bytes))
1788155848: Sending PUBLISH to auto-0C3A543C-2601-2003-4968-06C03657EB14 (d0, q1, r0, m672, 'test/m6/final-20260831T135630', ... (336 bytes))
1788155848: Sending PUBACK to gatewayd-m6-final-38460 (m672, rc0)
1788155848: Received PUBACK from auto-0C3A543C-2601-2003-4968-06C03657EB14 (Mid: 671, RC:0)
1788155848: Received PUBLISH from gatewayd-m6-final-38460 (d0, q1, r0, m673, 'test/m6/final-20260831T135630', ... (336 bytes))
1788155848: Sending PUBLISH to auto-0C3A543C-2601-2003-4968-06C03657EB14 (d0, q1, r0, m673, 'test/m6/final-20260831T135630', ... (336 bytes))
1788155848: Sending PUBACK to gatewayd-m6-final-38460 (m673, rc0)
1788155848: Received PUBACK from auto-0C3A543C-2601-2003-4968-06C03657EB14 (Mid: 672, RC:0)
1788155848: Received PUBLISH from gatewayd-m6-final-38460 (d0, q1, r0, m674, 'test/m6/final-20260831T135630', ... (336 bytes))
1788155848: Sending PUBLISH to auto-0C3A543C-2601-2003-4968-06C03657EB14 (d0, q1, r0, m674, 'test/m6/final-20260831T135630', ... (336 bytes))
1788155848: Sending PUBACK to gatewayd-m6-final-38460 (m674, rc0)
1788155848: Received PUBACK from auto-0C3A543C-2601-2003-4968-06C03657EB14 (Mid: 673, RC:0)
1788155848: Received PUBLISH from gatewayd-m6-final-38460 (d0, q1, r0, m675, 'test/m6/final-20260831T135630', ... (336 bytes))
1788155848: Sending PUBLISH to auto-0C3A543C-2601-2003-4968-06C03657EB14 (d0, q1, r0, m675, 'test/m6/final-20260831T135630', ... (336 bytes))
1788155848: Sending PUBACK to gatewayd-m6-final-38460 (m675, rc0)
1788155848: Received PUBACK from auto-0C3A543C-2601-2003-4968-06C03657EB14 (Mid: 674, RC:0)
1788155848: Received PUBLISH from gatewayd-m6-final-38460 (d0, q1, r0, m676, 'test/m6/final-20260831T135630', ... (336 bytes))
1788155848: Sending PUBLISH to auto-0C3A543C-2601-2003-4968-06C03657EB14 (d0, q1, r0, m676, 'test/m6/final-20260831T135630', ... (336 bytes))
1788155848: Sending PUBACK to gatewayd-m6-final-38460 (m676, rc0)
1788155848: Received PUBACK from auto-0C3A543C-2601-2003-4968-06C03657EB14 (Mid: 675, RC:0)
1788155848: Received PUBLISH from gatewayd-m6-final-38460 (d0, q1, r0, m677, 'test/m6/final-20260831T135630', ... (336 bytes))
1788155848: Sending PUBLISH to auto-0C3A543C-2601-2003-4968-06C03657EB14 (d0, q1, r0, m677, 'test/m6/final-20260831T135630', ... (336 bytes))
1788155848: Sending PUBACK to gatewayd-m6-final-38460 (m677, rc0)
1788155848: Received PUBACK from auto-0C3A543C-2601-2003-4968-06C03657EB14 (Mid: 676, RC:0)
1788155848: Received PUBLISH from gatewayd-m6-final-38460 (d0, q1, r0, m678, 'test/m6/final-20260831T135630', ... (336 bytes))
1788155848: Sending PUBLISH to auto-0C3A543C-2601-2003-4968-06C03657EB14 (d0, q1, r0, m678, 'test/m6/final-20260831T135630', ... (336 bytes))
1788155848: Sending PUBACK to gatewayd-m6-final-38460 (m678, rc0)
1788155848: Received PUBACK from auto-0C3A543C-2601-2003-4968-06C03657EB14 (Mid: 677, RC:0)
1788155848: Received PUBLISH from gatewayd-m6-final-38460 (d0, q1, r0, m679, 'test/m6/final-20260831T135630', ... (336 bytes))
1788155848: Sending PUBLISH to auto-0C3A543C-2601-2003-4968-06C03657EB14 (d0, q1, r0, m679, 'test/m6/final-20260831T135630', ... (336 bytes))
1788155848: Sending PUBACK to gatewayd-m6-final-38460 (m679, rc0)
1788155848: Received PUBACK from auto-0C3A543C-2601-2003-4968-06C03657EB14 (Mid: 678, RC:0)
1788155848: Received PUBLISH from gatewayd-m6-final-38460 (d0, q1, r0, m680, 'test/m6/final-20260831T135630', ... (336 bytes))
1788155848: Sending PUBLISH to auto-0C3A543C-2601-2003-4968-06C03657EB14 (d0, q1, r0, m680, 'test/m6/final-20260831T135630', ... (336 bytes))
1788155848: Sending PUBACK to gatewayd-m6-final-38460 (m680, rc0)
1788155848: Received PUBACK from auto-0C3A543C-2601-2003-4968-06C03657EB14 (Mid: 679, RC:0)
1788155848: Received PUBLISH from gatewayd-m6-final-38460 (d0, q1, r0, m681, 'test/m6/final-20260831T135630', ... (336 bytes))
1788155848: Sending PUBLISH to auto-0C3A543C-2601-2003-4968-06C03657EB14 (d0, q1, r0, m681, 'test/m6/final-20260831T135630', ... (336 bytes))
1788155848: Sending PUBACK to gatewayd-m6-final-38460 (m681, rc0)
1788155848: Received PUBACK from auto-0C3A543C-2601-2003-4968-06C03657EB14 (Mid: 680, RC:0)
1788155848: Received PUBLISH from gatewayd-m6-final-38460 (d0, q1, r0, m682, 'test/m6/final-20260831T135630', ... (336 bytes))
1788155848: Sending PUBLISH to auto-0C3A543C-2601-2003-4968-06C03657EB14 (d0, q1, r0, m682, 'test/m6/final-20260831T135630', ... (336 bytes))
1788155848: Sending PUBACK to gatewayd-m6-final-38460 (m682, rc0)
1788155848: Received PUBACK from auto-0C3A543C-2601-2003-4968-06C03657EB14 (Mid: 681, RC:0)
1788155848: Received PUBLISH from gatewayd-m6-final-38460 (d0, q1, r0, m683, 'test/m6/final-20260831T135630', ... (336 bytes))
1788155848: Sending PUBLISH to auto-0C3A543C-2601-2003-4968-06C03657EB14 (d0, q1, r0, m683, 'test/m6/final-20260831T135630', ... (336 bytes))
1788155848: Sending PUBACK to gatewayd-m6-final-38460 (m683, rc0)
1788155848: Received PUBACK from auto-0C3A543C-2601-2003-4968-06C03657EB14 (Mid: 682, RC:0)
1788155848: Received PUBLISH from gatewayd-m6-final-38460 (d0, q1, r0, m684, 'test/m6/final-20260831T135630', ... (336 bytes))
1788155848: Sending PUBLISH to auto-0C3A543C-2601-2003-4968-06C03657EB14 (d0, q1, r0, m684, 'test/m6/final-20260831T135630', ... (336 bytes))
1788155848: Sending PUBACK to gatewayd-m6-final-38460 (m684, rc0)
1788155848: Received PUBACK from auto-0C3A543C-2601-2003-4968-06C03657EB14 (Mid: 683, RC:0)
1788155848: Received PUBLISH from gatewayd-m6-final-38460 (d0, q1, r0, m685, 'test/m6/final-20260831T135630', ... (336 bytes))
1788155848: Sending PUBLISH to auto-0C3A543C-2601-2003-4968-06C03657EB14 (d0, q1, r0, m685, 'test/m6/final-20260831T135630', ... (336 bytes))
1788155848: Sending PUBACK to gatewayd-m6-final-38460 (m685, rc0)
1788155848: Received PUBACK from auto-0C3A543C-2601-2003-4968-06C03657EB14 (Mid: 684, RC:0)
1788155848: Received PUBLISH from gatewayd-m6-final-38460 (d0, q1, r0, m686, 'test/m6/final-20260831T135630', ... (336 bytes))
1788155848: Sending PUBLISH to auto-0C3A543C-2601-2003-4968-06C03657EB14 (d0, q1, r0, m686, 'test/m6/final-20260831T135630', ... (336 bytes))
1788155848: Sending PUBACK to gatewayd-m6-final-38460 (m686, rc0)
1788155848: Received PUBACK from auto-0C3A543C-2601-2003-4968-06C03657EB14 (Mid: 685, RC:0)
1788155848: Received PUBLISH from gatewayd-m6-final-38460 (d0, q1, r0, m687, 'test/m6/final-20260831T135630', ... (336 bytes))
1788155848: Sending PUBLISH to auto-0C3A543C-2601-2003-4968-06C03657EB14 (d0, q1, r0, m687, 'test/m6/final-20260831T135630', ... (336 bytes))
1788155848: Sending PUBACK to gatewayd-m6-final-38460 (m687, rc0)
1788155848: Received PUBACK from auto-0C3A543C-2601-2003-4968-06C03657EB14 (Mid: 686, RC:0)
1788155848: Received PUBLISH from gatewayd-m6-final-38460 (d0, q1, r0, m688, 'test/m6/final-20260831T135630', ... (336 bytes))
1788155848: Sending PUBLISH to auto-0C3A543C-2601-2003-4968-06C03657EB14 (d0, q1, r0, m688, 'test/m6/final-20260831T135630', ... (336 bytes))
1788155848: Sending PUBACK to gatewayd-m6-final-38460 (m688, rc0)
1788155848: Received PUBACK from auto-0C3A543C-2601-2003-4968-06C03657EB14 (Mid: 687, RC:0)
1788155848: Received PUBLISH from gatewayd-m6-final-38460 (d0, q1, r0, m689, 'test/m6/final-20260831T135630', ... (336 bytes))
1788155848: Sending PUBLISH to auto-0C3A543C-2601-2003-4968-06C03657EB14 (d0, q1, r0, m689, 'test/m6/final-20260831T135630', ... (336 bytes))
1788155848: Sending PUBACK to gatewayd-m6-final-38460 (m689, rc0)
1788155848: Received PUBACK from auto-0C3A543C-2601-2003-4968-06C03657EB14 (Mid: 688, RC:0)
1788155848: Received PUBLISH from gatewayd-m6-final-38460 (d0, q1, r0, m690, 'test/m6/final-20260831T135630', ... (336 bytes))
1788155848: Sending PUBLISH to auto-0C3A543C-2601-2003-4968-06C03657EB14 (d0, q1, r0, m690, 'test/m6/final-20260831T135630', ... (336 bytes))
1788155848: Sending PUBACK to gatewayd-m6-final-38460 (m690, rc0)
1788155848: Received PUBACK from auto-0C3A543C-2601-2003-4968-06C03657EB14 (Mid: 689, RC:0)
1788155848: Received PUBLISH from gatewayd-m6-final-38460 (d0, q1, r0, m691, 'test/m6/final-20260831T135630', ... (336 bytes))
1788155848: Sending PUBLISH to auto-0C3A543C-2601-2003-4968-06C03657EB14 (d0, q1, r0, m691, 'test/m6/final-20260831T135630', ... (336 bytes))
1788155848: Sending PUBACK to gatewayd-m6-final-38460 (m691, rc0)
1788155848: Received PUBACK from auto-0C3A543C-2601-2003-4968-06C03657EB14 (Mid: 690, RC:0)
1788155848: Received PUBLISH from gatewayd-m6-final-38460 (d0, q1, r0, m692, 'test/m6/final-20260831T135630', ... (336 bytes))
1788155848: Sending PUBLISH to auto-0C3A543C-2601-2003-4968-06C03657EB14 (d0, q1, r0, m692, 'test/m6/final-20260831T135630', ... (336 bytes))
1788155848: Sending PUBACK to gatewayd-m6-final-38460 (m692, rc0)
1788155848: Received PUBACK from auto-0C3A543C-2601-2003-4968-06C03657EB14 (Mid: 691, RC:0)
1788155848: Received PUBLISH from gatewayd-m6-final-38460 (d0, q1, r0, m693, 'test/m6/final-20260831T135630', ... (336 bytes))
1788155848: Sending PUBLISH to auto-0C3A543C-2601-2003-4968-06C03657EB14 (d0, q1, r0, m693, 'test/m6/final-20260831T135630', ... (336 bytes))
1788155848: Sending PUBACK to gatewayd-m6-final-38460 (m693, rc0)
1788155848: Received PUBACK from auto-0C3A543C-2601-2003-4968-06C03657EB14 (Mid: 692, RC:0)
1788155848: Received PUBLISH from gatewayd-m6-final-38460 (d0, q1, r0, m694, 'test/m6/final-20260831T135630', ... (336 bytes))
1788155848: Sending PUBLISH to auto-0C3A543C-2601-2003-4968-06C03657EB14 (d0, q1, r0, m694, 'test/m6/final-20260831T135630', ... (336 bytes))
1788155848: Sending PUBACK to gatewayd-m6-final-38460 (m694, rc0)
1788155848: Received PUBACK from auto-0C3A543C-2601-2003-4968-06C03657EB14 (Mid: 693, RC:0)
1788155848: Received PUBLISH from gatewayd-m6-final-38460 (d0, q1, r0, m695, 'test/m6/final-20260831T135630', ... (336 bytes))
1788155848: Sending PUBLISH to auto-0C3A543C-2601-2003-4968-06C03657EB14 (d0, q1, r0, m695, 'test/m6/final-20260831T135630', ... (336 bytes))
1788155848: Sending PUBACK to gatewayd-m6-final-38460 (m695, rc0)
1788155848: Received PUBACK from auto-0C3A543C-2601-2003-4968-06C03657EB14 (Mid: 694, RC:0)
1788155848: Received PUBLISH from gatewayd-m6-final-38460 (d0, q1, r0, m696, 'test/m6/final-20260831T135630', ... (336 bytes))
1788155848: Sending PUBLISH to auto-0C3A543C-2601-2003-4968-06C03657EB14 (d0, q1, r0, m696, 'test/m6/final-20260831T135630', ... (336 bytes))
1788155848: Sending PUBACK to gatewayd-m6-final-38460 (m696, rc0)
1788155848: Received PUBACK from auto-0C3A543C-2601-2003-4968-06C03657EB14 (Mid: 695, RC:0)
1788155848: Received PUBLISH from gatewayd-m6-final-38460 (d0, q1, r0, m697, 'test/m6/final-20260831T135630', ... (336 bytes))
1788155848: Sending PUBLISH to auto-0C3A543C-2601-2003-4968-06C03657EB14 (d0, q1, r0, m697, 'test/m6/final-20260831T135630', ... (336 bytes))
1788155848: Sending PUBACK to gatewayd-m6-final-38460 (m697, rc0)
1788155848: Received PUBACK from auto-0C3A543C-2601-2003-4968-06C03657EB14 (Mid: 696, RC:0)
1788155848: Received PUBLISH from gatewayd-m6-final-38460 (d0, q1, r0, m698, 'test/m6/final-20260831T135630', ... (336 bytes))
1788155848: Sending PUBLISH to auto-0C3A543C-2601-2003-4968-06C03657EB14 (d0, q1, r0, m698, 'test/m6/final-20260831T135630', ... (336 bytes))
1788155848: Sending PUBACK to gatewayd-m6-final-38460 (m698, rc0)
1788155848: Received PUBACK from auto-0C3A543C-2601-2003-4968-06C03657EB14 (Mid: 697, RC:0)
1788155848: Received PUBLISH from gatewayd-m6-final-38460 (d0, q1, r0, m699, 'test/m6/final-20260831T135630', ... (336 bytes))
1788155848: Sending PUBLISH to auto-0C3A543C-2601-2003-4968-06C03657EB14 (d0, q1, r0, m699, 'test/m6/final-20260831T135630', ... (336 bytes))
1788155848: Sending PUBACK to gatewayd-m6-final-38460 (m699, rc0)
1788155848: Received PUBACK from auto-0C3A543C-2601-2003-4968-06C03657EB14 (Mid: 698, RC:0)
1788155848: Received PUBLISH from gatewayd-m6-final-38460 (d0, q1, r0, m700, 'test/m6/final-20260831T135630', ... (336 bytes))
1788155848: Sending PUBLISH to auto-0C3A543C-2601-2003-4968-06C03657EB14 (d0, q1, r0, m700, 'test/m6/final-20260831T135630', ... (336 bytes))
1788155848: Sending PUBACK to gatewayd-m6-final-38460 (m700, rc0)
1788155848: Received PUBACK from auto-0C3A543C-2601-2003-4968-06C03657EB14 (Mid: 699, RC:0)
1788155848: Received PUBLISH from gatewayd-m6-final-38460 (d0, q1, r0, m701, 'test/m6/final-20260831T135630', ... (336 bytes))
1788155848: Sending PUBLISH to auto-0C3A543C-2601-2003-4968-06C03657EB14 (d0, q1, r0, m701, 'test/m6/final-20260831T135630', ... (336 bytes))
1788155848: Sending PUBACK to gatewayd-m6-final-38460 (m701, rc0)
1788155848: Received PUBACK from auto-0C3A543C-2601-2003-4968-06C03657EB14 (Mid: 700, RC:0)
1788155848: Received PUBLISH from gatewayd-m6-final-38460 (d0, q1, r0, m702, 'test/m6/final-20260831T135630', ... (336 bytes))
1788155848: Sending PUBLISH to auto-0C3A543C-2601-2003-4968-06C03657EB14 (d0, q1, r0, m702, 'test/m6/final-20260831T135630', ... (336 bytes))
1788155848: Sending PUBACK to gatewayd-m6-final-38460 (m702, rc0)
1788155848: Received PUBACK from auto-0C3A543C-2601-2003-4968-06C03657EB14 (Mid: 701, RC:0)
1788155848: Received PUBLISH from gatewayd-m6-final-38460 (d0, q1, r0, m703, 'test/m6/final-20260831T135630', ... (336 bytes))
1788155848: Sending PUBLISH to auto-0C3A543C-2601-2003-4968-06C03657EB14 (d0, q1, r0, m703, 'test/m6/final-20260831T135630', ... (336 bytes))
1788155848: Sending PUBACK to gatewayd-m6-final-38460 (m703, rc0)
1788155848: Received PUBACK from auto-0C3A543C-2601-2003-4968-06C03657EB14 (Mid: 702, RC:0)
1788155848: Received PUBLISH from gatewayd-m6-final-38460 (d0, q1, r0, m704, 'test/m6/final-20260831T135630', ... (336 bytes))
1788155848: Sending PUBLISH to auto-0C3A543C-2601-2003-4968-06C03657EB14 (d0, q1, r0, m704, 'test/m6/final-20260831T135630', ... (336 bytes))
1788155848: Sending PUBACK to gatewayd-m6-final-38460 (m704, rc0)
1788155848: Received PUBACK from auto-0C3A543C-2601-2003-4968-06C03657EB14 (Mid: 703, RC:0)
1788155848: Received PUBLISH from gatewayd-m6-final-38460 (d0, q1, r0, m705, 'test/m6/final-20260831T135630', ... (336 bytes))
1788155848: Sending PUBLISH to auto-0C3A543C-2601-2003-4968-06C03657EB14 (d0, q1, r0, m705, 'test/m6/final-20260831T135630', ... (336 bytes))
1788155848: Sending PUBACK to gatewayd-m6-final-38460 (m705, rc0)
1788155848: Received PUBACK from auto-0C3A543C-2601-2003-4968-06C03657EB14 (Mid: 704, RC:0)
1788155848: Received PUBLISH from gatewayd-m6-final-38460 (d0, q1, r0, m706, 'test/m6/final-20260831T135630', ... (336 bytes))
1788155848: Sending PUBLISH to auto-0C3A543C-2601-2003-4968-06C03657EB14 (d0, q1, r0, m706, 'test/m6/final-20260831T135630', ... (336 bytes))
1788155848: Sending PUBACK to gatewayd-m6-final-38460 (m706, rc0)
1788155848: Received PUBACK from auto-0C3A543C-2601-2003-4968-06C03657EB14 (Mid: 705, RC:0)
1788155848: Received PUBLISH from gatewayd-m6-final-38460 (d0, q1, r0, m707, 'test/m6/final-20260831T135630', ... (336 bytes))
1788155848: Sending PUBLISH to auto-0C3A543C-2601-2003-4968-06C03657EB14 (d0, q1, r0, m707, 'test/m6/final-20260831T135630', ... (336 bytes))
1788155848: Sending PUBACK to gatewayd-m6-final-38460 (m707, rc0)
1788155848: Received PUBACK from auto-0C3A543C-2601-2003-4968-06C03657EB14 (Mid: 706, RC:0)
1788155848: Received PUBLISH from gatewayd-m6-final-38460 (d0, q1, r0, m708, 'test/m6/final-20260831T135630', ... (336 bytes))
1788155848: Sending PUBLISH to auto-0C3A543C-2601-2003-4968-06C03657EB14 (d0, q1, r0, m708, 'test/m6/final-20260831T135630', ... (336 bytes))
1788155848: Sending PUBACK to gatewayd-m6-final-38460 (m708, rc0)
1788155848: Received PUBACK from auto-0C3A543C-2601-2003-4968-06C03657EB14 (Mid: 707, RC:0)
1788155848: Received PUBLISH from gatewayd-m6-final-38460 (d0, q1, r0, m709, 'test/m6/final-20260831T135630', ... (336 bytes))
1788155848: Sending PUBLISH to auto-0C3A543C-2601-2003-4968-06C03657EB14 (d0, q1, r0, m709, 'test/m6/final-20260831T135630', ... (336 bytes))
1788155848: Sending PUBACK to gatewayd-m6-final-38460 (m709, rc0)
1788155848: Received PUBACK from auto-0C3A543C-2601-2003-4968-06C03657EB14 (Mid: 708, RC:0)
1788155848: Received PUBLISH from gatewayd-m6-final-38460 (d0, q1, r0, m710, 'test/m6/final-20260831T135630', ... (336 bytes))
1788155848: Sending PUBLISH to auto-0C3A543C-2601-2003-4968-06C03657EB14 (d0, q1, r0, m710, 'test/m6/final-20260831T135630', ... (336 bytes))
1788155848: Sending PUBACK to gatewayd-m6-final-38460 (m710, rc0)
1788155848: Received PUBACK from auto-0C3A543C-2601-2003-4968-06C03657EB14 (Mid: 709, RC:0)
1788155848: Received PUBLISH from gatewayd-m6-final-38460 (d0, q1, r0, m711, 'test/m6/final-20260831T135630', ... (336 bytes))
1788155848: Sending PUBLISH to auto-0C3A543C-2601-2003-4968-06C03657EB14 (d0, q1, r0, m711, 'test/m6/final-20260831T135630', ... (336 bytes))
1788155848: Sending PUBACK to gatewayd-m6-final-38460 (m711, rc0)
1788155848: Received PUBACK from auto-0C3A543C-2601-2003-4968-06C03657EB14 (Mid: 710, RC:0)
1788155848: Received PUBLISH from gatewayd-m6-final-38460 (d0, q1, r0, m712, 'test/m6/final-20260831T135630', ... (336 bytes))
1788155848: Sending PUBLISH to auto-0C3A543C-2601-2003-4968-06C03657EB14 (d0, q1, r0, m712, 'test/m6/final-20260831T135630', ... (336 bytes))
1788155848: Sending PUBACK to gatewayd-m6-final-38460 (m712, rc0)
1788155848: Received PUBACK from auto-0C3A543C-2601-2003-4968-06C03657EB14 (Mid: 711, RC:0)
1788155848: Received PUBLISH from gatewayd-m6-final-38460 (d0, q1, r0, m713, 'test/m6/final-20260831T135630', ... (336 bytes))
1788155848: Sending PUBLISH to auto-0C3A543C-2601-2003-4968-06C03657EB14 (d0, q1, r0, m713, 'test/m6/final-20260831T135630', ... (336 bytes))
1788155848: Sending PUBACK to gatewayd-m6-final-38460 (m713, rc0)
1788155848: Received PUBACK from auto-0C3A543C-2601-2003-4968-06C03657EB14 (Mid: 712, RC:0)
1788155848: Received PUBLISH from gatewayd-m6-final-38460 (d0, q1, r0, m714, 'test/m6/final-20260831T135630', ... (336 bytes))
1788155848: Sending PUBLISH to auto-0C3A543C-2601-2003-4968-06C03657EB14 (d0, q1, r0, m714, 'test/m6/final-20260831T135630', ... (336 bytes))
1788155848: Sending PUBACK to gatewayd-m6-final-38460 (m714, rc0)
1788155848: Received PUBACK from auto-0C3A543C-2601-2003-4968-06C03657EB14 (Mid: 713, RC:0)
1788155848: Received PUBLISH from gatewayd-m6-final-38460 (d0, q1, r0, m715, 'test/m6/final-20260831T135630', ... (336 bytes))
1788155848: Sending PUBLISH to auto-0C3A543C-2601-2003-4968-06C03657EB14 (d0, q1, r0, m715, 'test/m6/final-20260831T135630', ... (336 bytes))
1788155848: Sending PUBACK to gatewayd-m6-final-38460 (m715, rc0)
1788155848: Received PUBACK from auto-0C3A543C-2601-2003-4968-06C03657EB14 (Mid: 714, RC:0)
1788155848: Received PUBLISH from gatewayd-m6-final-38460 (d0, q1, r0, m716, 'test/m6/final-20260831T135630', ... (336 bytes))
1788155848: Sending PUBLISH to auto-0C3A543C-2601-2003-4968-06C03657EB14 (d0, q1, r0, m716, 'test/m6/final-20260831T135630', ... (336 bytes))
1788155848: Sending PUBACK to gatewayd-m6-final-38460 (m716, rc0)
1788155848: Received PUBACK from auto-0C3A543C-2601-2003-4968-06C03657EB14 (Mid: 715, RC:0)
1788155848: Received PUBLISH from gatewayd-m6-final-38460 (d0, q1, r0, m717, 'test/m6/final-20260831T135630', ... (336 bytes))
1788155848: Sending PUBLISH to auto-0C3A543C-2601-2003-4968-06C03657EB14 (d0, q1, r0, m717, 'test/m6/final-20260831T135630', ... (336 bytes))
1788155848: Sending PUBACK to gatewayd-m6-final-38460 (m717, rc0)
1788155848: Received PUBACK from auto-0C3A543C-2601-2003-4968-06C03657EB14 (Mid: 716, RC:0)
1788155848: Received PUBLISH from gatewayd-m6-final-38460 (d0, q1, r0, m718, 'test/m6/final-20260831T135630', ... (336 bytes))
1788155848: Sending PUBLISH to auto-0C3A543C-2601-2003-4968-06C03657EB14 (d0, q1, r0, m718, 'test/m6/final-20260831T135630', ... (336 bytes))
1788155848: Sending PUBACK to gatewayd-m6-final-38460 (m718, rc0)
1788155848: Received PUBACK from auto-0C3A543C-2601-2003-4968-06C03657EB14 (Mid: 717, RC:0)
1788155848: Received PUBLISH from gatewayd-m6-final-38460 (d0, q1, r0, m719, 'test/m6/final-20260831T135630', ... (336 bytes))
1788155848: Sending PUBLISH to auto-0C3A543C-2601-2003-4968-06C03657EB14 (d0, q1, r0, m719, 'test/m6/final-20260831T135630', ... (336 bytes))
1788155848: Sending PUBACK to gatewayd-m6-final-38460 (m719, rc0)
1788155848: Received PUBACK from auto-0C3A543C-2601-2003-4968-06C03657EB14 (Mid: 718, RC:0)
1788155848: Received PUBLISH from gatewayd-m6-final-38460 (d0, q1, r0, m720, 'test/m6/final-20260831T135630', ... (336 bytes))
1788155848: Sending PUBLISH to auto-0C3A543C-2601-2003-4968-06C03657EB14 (d0, q1, r0, m720, 'test/m6/final-20260831T135630', ... (336 bytes))
1788155848: Sending PUBACK to gatewayd-m6-final-38460 (m720, rc0)
1788155848: Received PUBACK from auto-0C3A543C-2601-2003-4968-06C03657EB14 (Mid: 719, RC:0)
1788155848: Received PUBLISH from gatewayd-m6-final-38460 (d0, q1, r0, m721, 'test/m6/final-20260831T135630', ... (336 bytes))
1788155848: Sending PUBLISH to auto-0C3A543C-2601-2003-4968-06C03657EB14 (d0, q1, r0, m721, 'test/m6/final-20260831T135630', ... (336 bytes))
1788155848: Sending PUBACK to gatewayd-m6-final-38460 (m721, rc0)
1788155848: Received PUBACK from auto-0C3A543C-2601-2003-4968-06C03657EB14 (Mid: 720, RC:0)
1788155848: Received PUBLISH from gatewayd-m6-final-38460 (d0, q1, r0, m722, 'test/m6/final-20260831T135630', ... (336 bytes))
1788155848: Sending PUBLISH to auto-0C3A543C-2601-2003-4968-06C03657EB14 (d0, q1, r0, m722, 'test/m6/final-20260831T135630', ... (336 bytes))
1788155848: Sending PUBACK to gatewayd-m6-final-38460 (m722, rc0)
1788155848: Received PUBACK from auto-0C3A543C-2601-2003-4968-06C03657EB14 (Mid: 721, RC:0)
1788155848: Received PUBLISH from gatewayd-m6-final-38460 (d0, q1, r0, m723, 'test/m6/final-20260831T135630', ... (336 bytes))
1788155848: Sending PUBLISH to auto-0C3A543C-2601-2003-4968-06C03657EB14 (d0, q1, r0, m723, 'test/m6/final-20260831T135630', ... (336 bytes))
1788155848: Sending PUBACK to gatewayd-m6-final-38460 (m723, rc0)
1788155848: Received PUBACK from auto-0C3A543C-2601-2003-4968-06C03657EB14 (Mid: 722, RC:0)
1788155848: Received PUBLISH from gatewayd-m6-final-38460 (d0, q1, r0, m724, 'test/m6/final-20260831T135630', ... (336 bytes))
1788155848: Sending PUBLISH to auto-0C3A543C-2601-2003-4968-06C03657EB14 (d0, q1, r0, m724, 'test/m6/final-20260831T135630', ... (336 bytes))
1788155848: Sending PUBACK to gatewayd-m6-final-38460 (m724, rc0)
1788155848: Received PUBACK from auto-0C3A543C-2601-2003-4968-06C03657EB14 (Mid: 723, RC:0)
1788155848: Received PUBLISH from gatewayd-m6-final-38460 (d0, q1, r0, m725, 'test/m6/final-20260831T135630', ... (336 bytes))
1788155848: Sending PUBLISH to auto-0C3A543C-2601-2003-4968-06C03657EB14 (d0, q1, r0, m725, 'test/m6/final-20260831T135630', ... (336 bytes))
1788155848: Sending PUBACK to gatewayd-m6-final-38460 (m725, rc0)
1788155848: Received PUBACK from auto-0C3A543C-2601-2003-4968-06C03657EB14 (Mid: 724, RC:0)
1788155848: Received PUBLISH from gatewayd-m6-final-38460 (d0, q1, r0, m726, 'test/m6/final-20260831T135630', ... (336 bytes))
1788155848: Sending PUBLISH to auto-0C3A543C-2601-2003-4968-06C03657EB14 (d0, q1, r0, m726, 'test/m6/final-20260831T135630', ... (336 bytes))
1788155848: Sending PUBACK to gatewayd-m6-final-38460 (m726, rc0)
1788155848: Received PUBACK from auto-0C3A543C-2601-2003-4968-06C03657EB14 (Mid: 725, RC:0)
1788155848: Received PUBLISH from gatewayd-m6-final-38460 (d0, q1, r0, m727, 'test/m6/final-20260831T135630', ... (336 bytes))
1788155848: Sending PUBLISH to auto-0C3A543C-2601-2003-4968-06C03657EB14 (d0, q1, r0, m727, 'test/m6/final-20260831T135630', ... (336 bytes))
1788155848: Sending PUBACK to gatewayd-m6-final-38460 (m727, rc0)
1788155848: Received PUBACK from auto-0C3A543C-2601-2003-4968-06C03657EB14 (Mid: 726, RC:0)
1788155848: Received PUBLISH from gatewayd-m6-final-38460 (d0, q1, r0, m728, 'test/m6/final-20260831T135630', ... (336 bytes))
1788155848: Sending PUBLISH to auto-0C3A543C-2601-2003-4968-06C03657EB14 (d0, q1, r0, m728, 'test/m6/final-20260831T135630', ... (336 bytes))
1788155848: Sending PUBACK to gatewayd-m6-final-38460 (m728, rc0)
1788155848: Received PUBACK from auto-0C3A543C-2601-2003-4968-06C03657EB14 (Mid: 727, RC:0)
1788155848: Received PUBLISH from gatewayd-m6-final-38460 (d0, q1, r0, m729, 'test/m6/final-20260831T135630', ... (336 bytes))
1788155848: Sending PUBLISH to auto-0C3A543C-2601-2003-4968-06C03657EB14 (d0, q1, r0, m729, 'test/m6/final-20260831T135630', ... (336 bytes))
1788155848: Sending PUBACK to gatewayd-m6-final-38460 (m729, rc0)
1788155848: Received PUBACK from auto-0C3A543C-2601-2003-4968-06C03657EB14 (Mid: 728, RC:0)
1788155848: Received PUBLISH from gatewayd-m6-final-38460 (d0, q1, r0, m730, 'test/m6/final-20260831T135630', ... (336 bytes))
1788155848: Sending PUBLISH to auto-0C3A543C-2601-2003-4968-06C03657EB14 (d0, q1, r0, m730, 'test/m6/final-20260831T135630', ... (336 bytes))
1788155848: Sending PUBACK to gatewayd-m6-final-38460 (m730, rc0)
1788155848: Received PUBACK from auto-0C3A543C-2601-2003-4968-06C03657EB14 (Mid: 729, RC:0)
1788155848: Received PUBLISH from gatewayd-m6-final-38460 (d0, q1, r0, m731, 'test/m6/final-20260831T135630', ... (336 bytes))
1788155848: Sending PUBLISH to auto-0C3A543C-2601-2003-4968-06C03657EB14 (d0, q1, r0, m731, 'test/m6/final-20260831T135630', ... (336 bytes))
1788155848: Sending PUBACK to gatewayd-m6-final-38460 (m731, rc0)
1788155848: Received PUBACK from auto-0C3A543C-2601-2003-4968-06C03657EB14 (Mid: 730, RC:0)
1788155848: Received PUBLISH from gatewayd-m6-final-38460 (d0, q1, r0, m732, 'test/m6/final-20260831T135630', ... (336 bytes))
1788155848: Sending PUBLISH to auto-0C3A543C-2601-2003-4968-06C03657EB14 (d0, q1, r0, m732, 'test/m6/final-20260831T135630', ... (336 bytes))
1788155848: Sending PUBACK to gatewayd-m6-final-38460 (m732, rc0)
1788155848: Received PUBACK from auto-0C3A543C-2601-2003-4968-06C03657EB14 (Mid: 731, RC:0)
1788155848: Received PUBLISH from gatewayd-m6-final-38460 (d0, q1, r0, m733, 'test/m6/final-20260831T135630', ... (336 bytes))
1788155848: Sending PUBLISH to auto-0C3A543C-2601-2003-4968-06C03657EB14 (d0, q1, r0, m733, 'test/m6/final-20260831T135630', ... (336 bytes))
1788155848: Sending PUBACK to gatewayd-m6-final-38460 (m733, rc0)
1788155848: Received PUBACK from auto-0C3A543C-2601-2003-4968-06C03657EB14 (Mid: 732, RC:0)
1788155848: Received PUBLISH from gatewayd-m6-final-38460 (d0, q1, r0, m734, 'test/m6/final-20260831T135630', ... (336 bytes))
1788155848: Sending PUBLISH to auto-0C3A543C-2601-2003-4968-06C03657EB14 (d0, q1, r0, m734, 'test/m6/final-20260831T135630', ... (336 bytes))
1788155848: Sending PUBACK to gatewayd-m6-final-38460 (m734, rc0)
1788155848: Received PUBACK from auto-0C3A543C-2601-2003-4968-06C03657EB14 (Mid: 733, RC:0)
1788155848: Received PUBLISH from gatewayd-m6-final-38460 (d0, q1, r0, m735, 'test/m6/final-20260831T135630', ... (336 bytes))
1788155848: Sending PUBLISH to auto-0C3A543C-2601-2003-4968-06C03657EB14 (d0, q1, r0, m735, 'test/m6/final-20260831T135630', ... (336 bytes))
1788155848: Sending PUBACK to gatewayd-m6-final-38460 (m735, rc0)
1788155848: Received PUBACK from auto-0C3A543C-2601-2003-4968-06C03657EB14 (Mid: 734, RC:0)
1788155848: Received PUBLISH from gatewayd-m6-final-38460 (d0, q1, r0, m736, 'test/m6/final-20260831T135630', ... (336 bytes))
1788155848: Sending PUBLISH to auto-0C3A543C-2601-2003-4968-06C03657EB14 (d0, q1, r0, m736, 'test/m6/final-20260831T135630', ... (336 bytes))
1788155848: Sending PUBACK to gatewayd-m6-final-38460 (m736, rc0)
1788155848: Received PUBACK from auto-0C3A543C-2601-2003-4968-06C03657EB14 (Mid: 735, RC:0)
1788155848: Received PUBLISH from gatewayd-m6-final-38460 (d0, q1, r0, m737, 'test/m6/final-20260831T135630', ... (336 bytes))
1788155848: Sending PUBLISH to auto-0C3A543C-2601-2003-4968-06C03657EB14 (d0, q1, r0, m737, 'test/m6/final-20260831T135630', ... (336 bytes))
1788155848: Sending PUBACK to gatewayd-m6-final-38460 (m737, rc0)
1788155848: Received PUBACK from auto-0C3A543C-2601-2003-4968-06C03657EB14 (Mid: 736, RC:0)
1788155848: Received PUBLISH from gatewayd-m6-final-38460 (d0, q1, r0, m738, 'test/m6/final-20260831T135630', ... (336 bytes))
1788155848: Sending PUBLISH to auto-0C3A543C-2601-2003-4968-06C03657EB14 (d0, q1, r0, m738, 'test/m6/final-20260831T135630', ... (336 bytes))
1788155848: Sending PUBACK to gatewayd-m6-final-38460 (m738, rc0)
1788155848: Received PUBACK from auto-0C3A543C-2601-2003-4968-06C03657EB14 (Mid: 737, RC:0)
1788155848: Received PUBLISH from gatewayd-m6-final-38460 (d0, q1, r0, m739, 'test/m6/final-20260831T135630', ... (336 bytes))
1788155848: Sending PUBLISH to auto-0C3A543C-2601-2003-4968-06C03657EB14 (d0, q1, r0, m739, 'test/m6/final-20260831T135630', ... (336 bytes))
1788155848: Sending PUBACK to gatewayd-m6-final-38460 (m739, rc0)
1788155848: Received PUBACK from auto-0C3A543C-2601-2003-4968-06C03657EB14 (Mid: 738, RC:0)
1788155848: Received PUBLISH from gatewayd-m6-final-38460 (d0, q1, r0, m740, 'test/m6/final-20260831T135630', ... (336 bytes))
1788155848: Sending PUBLISH to auto-0C3A543C-2601-2003-4968-06C03657EB14 (d0, q1, r0, m740, 'test/m6/final-20260831T135630', ... (336 bytes))
1788155848: Sending PUBACK to gatewayd-m6-final-38460 (m740, rc0)
1788155848: Received PUBACK from auto-0C3A543C-2601-2003-4968-06C03657EB14 (Mid: 739, RC:0)
1788155848: Received PUBLISH from gatewayd-m6-final-38460 (d0, q1, r0, m741, 'test/m6/final-20260831T135630', ... (336 bytes))
1788155848: Sending PUBLISH to auto-0C3A543C-2601-2003-4968-06C03657EB14 (d0, q1, r0, m741, 'test/m6/final-20260831T135630', ... (336 bytes))
1788155848: Sending PUBACK to gatewayd-m6-final-38460 (m741, rc0)
1788155848: Received PUBACK from auto-0C3A543C-2601-2003-4968-06C03657EB14 (Mid: 740, RC:0)
1788155848: Received PUBLISH from gatewayd-m6-final-38460 (d0, q1, r0, m742, 'test/m6/final-20260831T135630', ... (336 bytes))
1788155848: Sending PUBLISH to auto-0C3A543C-2601-2003-4968-06C03657EB14 (d0, q1, r0, m742, 'test/m6/final-20260831T135630', ... (336 bytes))
1788155848: Sending PUBACK to gatewayd-m6-final-38460 (m742, rc0)
1788155848: Received PUBACK from auto-0C3A543C-2601-2003-4968-06C03657EB14 (Mid: 741, RC:0)
1788155848: Received PUBLISH from gatewayd-m6-final-38460 (d0, q1, r0, m743, 'test/m6/final-20260831T135630', ... (336 bytes))
1788155848: Sending PUBLISH to auto-0C3A543C-2601-2003-4968-06C03657EB14 (d0, q1, r0, m743, 'test/m6/final-20260831T135630', ... (336 bytes))
1788155848: Sending PUBACK to gatewayd-m6-final-38460 (m743, rc0)
1788155848: Received PUBACK from auto-0C3A543C-2601-2003-4968-06C03657EB14 (Mid: 742, RC:0)
1788155848: Received PUBLISH from gatewayd-m6-final-38460 (d0, q1, r0, m744, 'test/m6/final-20260831T135630', ... (336 bytes))
1788155848: Sending PUBLISH to auto-0C3A543C-2601-2003-4968-06C03657EB14 (d0, q1, r0, m744, 'test/m6/final-20260831T135630', ... (336 bytes))
1788155848: Sending PUBACK to gatewayd-m6-final-38460 (m744, rc0)
1788155848: Received PUBACK from auto-0C3A543C-2601-2003-4968-06C03657EB14 (Mid: 743, RC:0)
1788155848: Received PUBLISH from gatewayd-m6-final-38460 (d0, q1, r0, m745, 'test/m6/final-20260831T135630', ... (336 bytes))
1788155848: Sending PUBLISH to auto-0C3A543C-2601-2003-4968-06C03657EB14 (d0, q1, r0, m745, 'test/m6/final-20260831T135630', ... (336 bytes))
1788155848: Sending PUBACK to gatewayd-m6-final-38460 (m745, rc0)
1788155848: Received PUBACK from auto-0C3A543C-2601-2003-4968-06C03657EB14 (Mid: 744, RC:0)
1788155848: Received PUBLISH from gatewayd-m6-final-38460 (d0, q1, r0, m746, 'test/m6/final-20260831T135630', ... (336 bytes))
1788155848: Sending PUBLISH to auto-0C3A543C-2601-2003-4968-06C03657EB14 (d0, q1, r0, m746, 'test/m6/final-20260831T135630', ... (336 bytes))
1788155848: Sending PUBACK to gatewayd-m6-final-38460 (m746, rc0)
1788155848: Received PUBACK from auto-0C3A543C-2601-2003-4968-06C03657EB14 (Mid: 745, RC:0)
1788155848: Received PUBLISH from gatewayd-m6-final-38460 (d0, q1, r0, m747, 'test/m6/final-20260831T135630', ... (336 bytes))
1788155848: Sending PUBLISH to auto-0C3A543C-2601-2003-4968-06C03657EB14 (d0, q1, r0, m747, 'test/m6/final-20260831T135630', ... (336 bytes))
1788155848: Sending PUBACK to gatewayd-m6-final-38460 (m747, rc0)
1788155848: Received PUBACK from auto-0C3A543C-2601-2003-4968-06C03657EB14 (Mid: 746, RC:0)
1788155848: Received PUBLISH from gatewayd-m6-final-38460 (d0, q1, r0, m748, 'test/m6/final-20260831T135630', ... (336 bytes))
1788155848: Sending PUBLISH to auto-0C3A543C-2601-2003-4968-06C03657EB14 (d0, q1, r0, m748, 'test/m6/final-20260831T135630', ... (336 bytes))
1788155848: Sending PUBACK to gatewayd-m6-final-38460 (m748, rc0)
1788155848: Received PUBACK from auto-0C3A543C-2601-2003-4968-06C03657EB14 (Mid: 747, RC:0)
1788155848: Received PUBLISH from gatewayd-m6-final-38460 (d0, q1, r0, m749, 'test/m6/final-20260831T135630', ... (336 bytes))
1788155848: Sending PUBLISH to auto-0C3A543C-2601-2003-4968-06C03657EB14 (d0, q1, r0, m749, 'test/m6/final-20260831T135630', ... (336 bytes))
1788155848: Sending PUBACK to gatewayd-m6-final-38460 (m749, rc0)
1788155848: Received PUBACK from auto-0C3A543C-2601-2003-4968-06C03657EB14 (Mid: 748, RC:0)
1788155848: Received PUBLISH from gatewayd-m6-final-38460 (d0, q1, r0, m750, 'test/m6/final-20260831T135630', ... (336 bytes))
1788155848: Sending PUBLISH to auto-0C3A543C-2601-2003-4968-06C03657EB14 (d0, q1, r0, m750, 'test/m6/final-20260831T135630', ... (336 bytes))
1788155848: Sending PUBACK to gatewayd-m6-final-38460 (m750, rc0)
1788155848: Received PUBACK from auto-0C3A543C-2601-2003-4968-06C03657EB14 (Mid: 749, RC:0)
1788155848: Received PUBLISH from gatewayd-m6-final-38460 (d0, q1, r0, m751, 'test/m6/final-20260831T135630', ... (336 bytes))
1788155848: Sending PUBLISH to auto-0C3A543C-2601-2003-4968-06C03657EB14 (d0, q1, r0, m751, 'test/m6/final-20260831T135630', ... (336 bytes))
1788155848: Sending PUBACK to gatewayd-m6-final-38460 (m751, rc0)
1788155848: Received PUBACK from auto-0C3A543C-2601-2003-4968-06C03657EB14 (Mid: 750, RC:0)
1788155848: Received PUBLISH from gatewayd-m6-final-38460 (d0, q1, r0, m752, 'test/m6/final-20260831T135630', ... (336 bytes))
1788155848: Sending PUBLISH to auto-0C3A543C-2601-2003-4968-06C03657EB14 (d0, q1, r0, m752, 'test/m6/final-20260831T135630', ... (336 bytes))
1788155848: Sending PUBACK to gatewayd-m6-final-38460 (m752, rc0)
1788155848: Received PUBACK from auto-0C3A543C-2601-2003-4968-06C03657EB14 (Mid: 751, RC:0)
1788155848: Received PUBLISH from gatewayd-m6-final-38460 (d0, q1, r0, m753, 'test/m6/final-20260831T135630', ... (336 bytes))
1788155848: Sending PUBLISH to auto-0C3A543C-2601-2003-4968-06C03657EB14 (d0, q1, r0, m753, 'test/m6/final-20260831T135630', ... (336 bytes))
1788155848: Sending PUBACK to gatewayd-m6-final-38460 (m753, rc0)
1788155848: Received PUBACK from auto-0C3A543C-2601-2003-4968-06C03657EB14 (Mid: 752, RC:0)
1788155848: Received PUBLISH from gatewayd-m6-final-38460 (d0, q1, r0, m754, 'test/m6/final-20260831T135630', ... (336 bytes))
1788155848: Sending PUBLISH to auto-0C3A543C-2601-2003-4968-06C03657EB14 (d0, q1, r0, m754, 'test/m6/final-20260831T135630', ... (336 bytes))
1788155848: Sending PUBACK to gatewayd-m6-final-38460 (m754, rc0)
1788155848: Received PUBACK from auto-0C3A543C-2601-2003-4968-06C03657EB14 (Mid: 753, RC:0)
1788155848: Received PUBLISH from gatewayd-m6-final-38460 (d0, q1, r0, m755, 'test/m6/final-20260831T135630', ... (336 bytes))
1788155848: Sending PUBLISH to auto-0C3A543C-2601-2003-4968-06C03657EB14 (d0, q1, r0, m755, 'test/m6/final-20260831T135630', ... (336 bytes))
1788155848: Sending PUBACK to gatewayd-m6-final-38460 (m755, rc0)
1788155848: Received PUBACK from auto-0C3A543C-2601-2003-4968-06C03657EB14 (Mid: 754, RC:0)
1788155848: Received PUBLISH from gatewayd-m6-final-38460 (d0, q1, r0, m756, 'test/m6/final-20260831T135630', ... (336 bytes))
1788155848: Sending PUBLISH to auto-0C3A543C-2601-2003-4968-06C03657EB14 (d0, q1, r0, m756, 'test/m6/final-20260831T135630', ... (336 bytes))
1788155848: Sending PUBACK to gatewayd-m6-final-38460 (m756, rc0)
1788155848: Received PUBACK from auto-0C3A543C-2601-2003-4968-06C03657EB14 (Mid: 755, RC:0)
1788155848: Received PUBLISH from gatewayd-m6-final-38460 (d0, q1, r0, m757, 'test/m6/final-20260831T135630', ... (336 bytes))
1788155848: Sending PUBLISH to auto-0C3A543C-2601-2003-4968-06C03657EB14 (d0, q1, r0, m757, 'test/m6/final-20260831T135630', ... (336 bytes))
1788155848: Sending PUBACK to gatewayd-m6-final-38460 (m757, rc0)
1788155848: Received PUBACK from auto-0C3A543C-2601-2003-4968-06C03657EB14 (Mid: 756, RC:0)
1788155848: Received PUBLISH from gatewayd-m6-final-38460 (d0, q1, r0, m758, 'test/m6/final-20260831T135630', ... (336 bytes))
1788155848: Sending PUBLISH to auto-0C3A543C-2601-2003-4968-06C03657EB14 (d0, q1, r0, m758, 'test/m6/final-20260831T135630', ... (336 bytes))
1788155848: Sending PUBACK to gatewayd-m6-final-38460 (m758, rc0)
1788155848: Received PUBACK from auto-0C3A543C-2601-2003-4968-06C03657EB14 (Mid: 757, RC:0)
1788155848: Received PUBLISH from gatewayd-m6-final-38460 (d0, q1, r0, m759, 'test/m6/final-20260831T135630', ... (336 bytes))
1788155848: Sending PUBLISH to auto-0C3A543C-2601-2003-4968-06C03657EB14 (d0, q1, r0, m759, 'test/m6/final-20260831T135630', ... (336 bytes))
1788155848: Sending PUBACK to gatewayd-m6-final-38460 (m759, rc0)
1788155848: Received PUBACK from auto-0C3A543C-2601-2003-4968-06C03657EB14 (Mid: 758, RC:0)
1788155848: Received PUBLISH from gatewayd-m6-final-38460 (d0, q1, r0, m760, 'test/m6/final-20260831T135630', ... (336 bytes))
1788155848: Sending PUBLISH to auto-0C3A543C-2601-2003-4968-06C03657EB14 (d0, q1, r0, m760, 'test/m6/final-20260831T135630', ... (336 bytes))
1788155848: Sending PUBACK to gatewayd-m6-final-38460 (m760, rc0)
1788155848: Received PUBACK from auto-0C3A543C-2601-2003-4968-06C03657EB14 (Mid: 759, RC:0)
1788155848: Received PUBLISH from gatewayd-m6-final-38460 (d0, q1, r0, m761, 'test/m6/final-20260831T135630', ... (336 bytes))
1788155848: Sending PUBLISH to auto-0C3A543C-2601-2003-4968-06C03657EB14 (d0, q1, r0, m761, 'test/m6/final-20260831T135630', ... (336 bytes))
1788155848: Sending PUBACK to gatewayd-m6-final-38460 (m761, rc0)
1788155848: Received PUBACK from auto-0C3A543C-2601-2003-4968-06C03657EB14 (Mid: 760, RC:0)
1788155848: Received PUBLISH from gatewayd-m6-final-38460 (d0, q1, r0, m762, 'test/m6/final-20260831T135630', ... (336 bytes))
1788155848: Sending PUBLISH to auto-0C3A543C-2601-2003-4968-06C03657EB14 (d0, q1, r0, m762, 'test/m6/final-20260831T135630', ... (336 bytes))
1788155848: Sending PUBACK to gatewayd-m6-final-38460 (m762, rc0)
1788155848: Received PUBACK from auto-0C3A543C-2601-2003-4968-06C03657EB14 (Mid: 761, RC:0)
1788155848: Received PUBLISH from gatewayd-m6-final-38460 (d0, q1, r0, m763, 'test/m6/final-20260831T135630', ... (336 bytes))
1788155848: Sending PUBLISH to auto-0C3A543C-2601-2003-4968-06C03657EB14 (d0, q1, r0, m763, 'test/m6/final-20260831T135630', ... (336 bytes))
1788155848: Sending PUBACK to gatewayd-m6-final-38460 (m763, rc0)
1788155848: Received PUBACK from auto-0C3A543C-2601-2003-4968-06C03657EB14 (Mid: 762, RC:0)
1788155848: Received PUBLISH from gatewayd-m6-final-38460 (d0, q1, r0, m764, 'test/m6/final-20260831T135630', ... (336 bytes))
1788155848: Sending PUBLISH to auto-0C3A543C-2601-2003-4968-06C03657EB14 (d0, q1, r0, m764, 'test/m6/final-20260831T135630', ... (336 bytes))
1788155848: Sending PUBACK to gatewayd-m6-final-38460 (m764, rc0)
1788155848: Received PUBACK from auto-0C3A543C-2601-2003-4968-06C03657EB14 (Mid: 763, RC:0)
1788155848: Received PUBLISH from gatewayd-m6-final-38460 (d0, q1, r0, m765, 'test/m6/final-20260831T135630', ... (336 bytes))
1788155848: Sending PUBLISH to auto-0C3A543C-2601-2003-4968-06C03657EB14 (d0, q1, r0, m765, 'test/m6/final-20260831T135630', ... (336 bytes))
1788155848: Sending PUBACK to gatewayd-m6-final-38460 (m765, rc0)
1788155848: Received PUBACK from auto-0C3A543C-2601-2003-4968-06C03657EB14 (Mid: 764, RC:0)
1788155848: Received PUBLISH from gatewayd-m6-final-38460 (d0, q1, r0, m766, 'test/m6/final-20260831T135630', ... (336 bytes))
1788155848: Sending PUBLISH to auto-0C3A543C-2601-2003-4968-06C03657EB14 (d0, q1, r0, m766, 'test/m6/final-20260831T135630', ... (336 bytes))
1788155848: Sending PUBACK to gatewayd-m6-final-38460 (m766, rc0)
1788155848: Received PUBACK from auto-0C3A543C-2601-2003-4968-06C03657EB14 (Mid: 765, RC:0)
1788155848: Received PUBLISH from gatewayd-m6-final-38460 (d0, q1, r0, m767, 'test/m6/final-20260831T135630', ... (336 bytes))
1788155848: Sending PUBLISH to auto-0C3A543C-2601-2003-4968-06C03657EB14 (d0, q1, r0, m767, 'test/m6/final-20260831T135630', ... (336 bytes))
1788155848: Sending PUBACK to gatewayd-m6-final-38460 (m767, rc0)
1788155848: Received PUBACK from auto-0C3A543C-2601-2003-4968-06C03657EB14 (Mid: 766, RC:0)
1788155848: Received PUBLISH from gatewayd-m6-final-38460 (d0, q1, r0, m768, 'test/m6/final-20260831T135630', ... (334 bytes))
1788155848: Sending PUBLISH to auto-0C3A543C-2601-2003-4968-06C03657EB14 (d0, q1, r0, m768, 'test/m6/final-20260831T135630', ... (334 bytes))
1788155848: Sending PUBACK to gatewayd-m6-final-38460 (m768, rc0)
1788155848: Received PUBACK from auto-0C3A543C-2601-2003-4968-06C03657EB14 (Mid: 767, RC:0)
1788155848: Received PUBLISH from gatewayd-m6-final-38460 (d0, q1, r0, m769, 'test/m6/final-20260831T135630', ... (334 bytes))
1788155848: Sending PUBLISH to auto-0C3A543C-2601-2003-4968-06C03657EB14 (d0, q1, r0, m769, 'test/m6/final-20260831T135630', ... (334 bytes))
1788155848: Sending PUBACK to gatewayd-m6-final-38460 (m769, rc0)
1788155848: Received PUBACK from auto-0C3A543C-2601-2003-4968-06C03657EB14 (Mid: 768, RC:0)
1788155848: Received PUBLISH from gatewayd-m6-final-38460 (d0, q1, r0, m770, 'test/m6/final-20260831T135630', ... (334 bytes))
1788155848: Sending PUBLISH to auto-0C3A543C-2601-2003-4968-06C03657EB14 (d0, q1, r0, m770, 'test/m6/final-20260831T135630', ... (334 bytes))
1788155848: Sending PUBACK to gatewayd-m6-final-38460 (m770, rc0)
1788155848: Received PUBACK from auto-0C3A543C-2601-2003-4968-06C03657EB14 (Mid: 769, RC:0)
1788155848: Received PUBLISH from gatewayd-m6-final-38460 (d0, q1, r0, m771, 'test/m6/final-20260831T135630', ... (334 bytes))
1788155848: Sending PUBLISH to auto-0C3A543C-2601-2003-4968-06C03657EB14 (d0, q1, r0, m771, 'test/m6/final-20260831T135630', ... (334 bytes))
1788155848: Sending PUBACK to gatewayd-m6-final-38460 (m771, rc0)
1788155848: Received PUBACK from auto-0C3A543C-2601-2003-4968-06C03657EB14 (Mid: 770, RC:0)
1788155848: Received PUBLISH from gatewayd-m6-final-38460 (d0, q1, r0, m772, 'test/m6/final-20260831T135630', ... (334 bytes))
1788155848: Sending PUBLISH to auto-0C3A543C-2601-2003-4968-06C03657EB14 (d0, q1, r0, m772, 'test/m6/final-20260831T135630', ... (334 bytes))
1788155848: Sending PUBACK to gatewayd-m6-final-38460 (m772, rc0)
1788155848: Received PUBACK from auto-0C3A543C-2601-2003-4968-06C03657EB14 (Mid: 771, RC:0)
1788155848: Received PUBLISH from gatewayd-m6-final-38460 (d0, q1, r0, m773, 'test/m6/final-20260831T135630', ... (334 bytes))
1788155848: Sending PUBLISH to auto-0C3A543C-2601-2003-4968-06C03657EB14 (d0, q1, r0, m773, 'test/m6/final-20260831T135630', ... (334 bytes))
1788155848: Sending PUBACK to gatewayd-m6-final-38460 (m773, rc0)
1788155848: Received PUBACK from auto-0C3A543C-2601-2003-4968-06C03657EB14 (Mid: 772, RC:0)
1788155848: Received PUBLISH from gatewayd-m6-final-38460 (d0, q1, r0, m774, 'test/m6/final-20260831T135630', ... (334 bytes))
1788155848: Sending PUBLISH to auto-0C3A543C-2601-2003-4968-06C03657EB14 (d0, q1, r0, m774, 'test/m6/final-20260831T135630', ... (334 bytes))
1788155848: Sending PUBACK to gatewayd-m6-final-38460 (m774, rc0)
1788155848: Received PUBACK from auto-0C3A543C-2601-2003-4968-06C03657EB14 (Mid: 773, RC:0)
1788155848: Received PUBLISH from gatewayd-m6-final-38460 (d0, q1, r0, m775, 'test/m6/final-20260831T135630', ... (334 bytes))
1788155848: Sending PUBLISH to auto-0C3A543C-2601-2003-4968-06C03657EB14 (d0, q1, r0, m775, 'test/m6/final-20260831T135630', ... (334 bytes))
1788155848: Sending PUBACK to gatewayd-m6-final-38460 (m775, rc0)
1788155848: Received PUBACK from auto-0C3A543C-2601-2003-4968-06C03657EB14 (Mid: 774, RC:0)
1788155848: Received PUBLISH from gatewayd-m6-final-38460 (d0, q1, r0, m776, 'test/m6/final-20260831T135630', ... (334 bytes))
1788155848: Sending PUBLISH to auto-0C3A543C-2601-2003-4968-06C03657EB14 (d0, q1, r0, m776, 'test/m6/final-20260831T135630', ... (334 bytes))
1788155848: Sending PUBACK to gatewayd-m6-final-38460 (m776, rc0)
1788155848: Received PUBACK from auto-0C3A543C-2601-2003-4968-06C03657EB14 (Mid: 775, RC:0)
1788155848: Received PUBLISH from gatewayd-m6-final-38460 (d0, q1, r0, m777, 'test/m6/final-20260831T135630', ... (334 bytes))
1788155848: Sending PUBLISH to auto-0C3A543C-2601-2003-4968-06C03657EB14 (d0, q1, r0, m777, 'test/m6/final-20260831T135630', ... (334 bytes))
1788155848: Sending PUBACK to gatewayd-m6-final-38460 (m777, rc0)
1788155848: Received PUBACK from auto-0C3A543C-2601-2003-4968-06C03657EB14 (Mid: 776, RC:0)
1788155848: Received PUBLISH from gatewayd-m6-final-38460 (d0, q1, r0, m778, 'test/m6/final-20260831T135630', ... (335 bytes))
1788155848: Sending PUBLISH to auto-0C3A543C-2601-2003-4968-06C03657EB14 (d0, q1, r0, m778, 'test/m6/final-20260831T135630', ... (335 bytes))
1788155848: Sending PUBACK to gatewayd-m6-final-38460 (m778, rc0)
1788155848: Received PUBACK from auto-0C3A543C-2601-2003-4968-06C03657EB14 (Mid: 777, RC:0)
1788155848: Received PUBLISH from gatewayd-m6-final-38460 (d0, q1, r0, m779, 'test/m6/final-20260831T135630', ... (335 bytes))
1788155848: Sending PUBLISH to auto-0C3A543C-2601-2003-4968-06C03657EB14 (d0, q1, r0, m779, 'test/m6/final-20260831T135630', ... (335 bytes))
1788155848: Sending PUBACK to gatewayd-m6-final-38460 (m779, rc0)
1788155848: Received PUBACK from auto-0C3A543C-2601-2003-4968-06C03657EB14 (Mid: 778, RC:0)
1788155848: Received PUBLISH from gatewayd-m6-final-38460 (d0, q1, r0, m780, 'test/m6/final-20260831T135630', ... (335 bytes))
1788155848: Sending PUBLISH to auto-0C3A543C-2601-2003-4968-06C03657EB14 (d0, q1, r0, m780, 'test/m6/final-20260831T135630', ... (335 bytes))
1788155848: Sending PUBACK to gatewayd-m6-final-38460 (m780, rc0)
1788155848: Received PUBACK from auto-0C3A543C-2601-2003-4968-06C03657EB14 (Mid: 779, RC:0)
1788155848: Received PUBLISH from gatewayd-m6-final-38460 (d0, q1, r0, m781, 'test/m6/final-20260831T135630', ... (335 bytes))
1788155848: Sending PUBLISH to auto-0C3A543C-2601-2003-4968-06C03657EB14 (d0, q1, r0, m781, 'test/m6/final-20260831T135630', ... (335 bytes))
1788155848: Sending PUBACK to gatewayd-m6-final-38460 (m781, rc0)
1788155848: Received PUBACK from auto-0C3A543C-2601-2003-4968-06C03657EB14 (Mid: 780, RC:0)
1788155848: Received PUBLISH from gatewayd-m6-final-38460 (d0, q1, r0, m782, 'test/m6/final-20260831T135630', ... (335 bytes))
1788155848: Sending PUBLISH to auto-0C3A543C-2601-2003-4968-06C03657EB14 (d0, q1, r0, m782, 'test/m6/final-20260831T135630', ... (335 bytes))
1788155848: Sending PUBACK to gatewayd-m6-final-38460 (m782, rc0)
1788155848: Received PUBACK from auto-0C3A543C-2601-2003-4968-06C03657EB14 (Mid: 781, RC:0)
1788155848: Received PUBLISH from gatewayd-m6-final-38460 (d0, q1, r0, m783, 'test/m6/final-20260831T135630', ... (335 bytes))
1788155848: Sending PUBLISH to auto-0C3A543C-2601-2003-4968-06C03657EB14 (d0, q1, r0, m783, 'test/m6/final-20260831T135630', ... (335 bytes))
1788155848: Sending PUBACK to gatewayd-m6-final-38460 (m783, rc0)
1788155848: Received PUBACK from auto-0C3A543C-2601-2003-4968-06C03657EB14 (Mid: 782, RC:0)
1788155848: Received PUBLISH from gatewayd-m6-final-38460 (d0, q1, r0, m784, 'test/m6/final-20260831T135630', ... (335 bytes))
1788155848: Sending PUBLISH to auto-0C3A543C-2601-2003-4968-06C03657EB14 (d0, q1, r0, m784, 'test/m6/final-20260831T135630', ... (335 bytes))
1788155848: Sending PUBACK to gatewayd-m6-final-38460 (m784, rc0)
1788155848: Received PUBACK from auto-0C3A543C-2601-2003-4968-06C03657EB14 (Mid: 783, RC:0)
1788155848: Received PUBLISH from gatewayd-m6-final-38460 (d0, q1, r0, m785, 'test/m6/final-20260831T135630', ... (335 bytes))
1788155848: Sending PUBLISH to auto-0C3A543C-2601-2003-4968-06C03657EB14 (d0, q1, r0, m785, 'test/m6/final-20260831T135630', ... (335 bytes))
1788155848: Sending PUBACK to gatewayd-m6-final-38460 (m785, rc0)
1788155848: Received PUBACK from auto-0C3A543C-2601-2003-4968-06C03657EB14 (Mid: 784, RC:0)
1788155848: Received PUBLISH from gatewayd-m6-final-38460 (d0, q1, r0, m786, 'test/m6/final-20260831T135630', ... (335 bytes))
1788155848: Sending PUBLISH to auto-0C3A543C-2601-2003-4968-06C03657EB14 (d0, q1, r0, m786, 'test/m6/final-20260831T135630', ... (335 bytes))
1788155848: Sending PUBACK to gatewayd-m6-final-38460 (m786, rc0)
1788155848: Received PUBACK from auto-0C3A543C-2601-2003-4968-06C03657EB14 (Mid: 785, RC:0)
1788155848: Received PUBLISH from gatewayd-m6-final-38460 (d0, q1, r0, m787, 'test/m6/final-20260831T135630', ... (335 bytes))
1788155848: Sending PUBLISH to auto-0C3A543C-2601-2003-4968-06C03657EB14 (d0, q1, r0, m787, 'test/m6/final-20260831T135630', ... (335 bytes))
1788155848: Sending PUBACK to gatewayd-m6-final-38460 (m787, rc0)
1788155848: Received PUBACK from auto-0C3A543C-2601-2003-4968-06C03657EB14 (Mid: 786, RC:0)
1788155848: Received PUBLISH from gatewayd-m6-final-38460 (d0, q1, r0, m788, 'test/m6/final-20260831T135630', ... (335 bytes))
1788155848: Sending PUBLISH to auto-0C3A543C-2601-2003-4968-06C03657EB14 (d0, q1, r0, m788, 'test/m6/final-20260831T135630', ... (335 bytes))
1788155848: Sending PUBACK to gatewayd-m6-final-38460 (m788, rc0)
1788155848: Received PUBACK from auto-0C3A543C-2601-2003-4968-06C03657EB14 (Mid: 787, RC:0)
1788155848: Received PUBLISH from gatewayd-m6-final-38460 (d0, q1, r0, m789, 'test/m6/final-20260831T135630', ... (335 bytes))
1788155848: Sending PUBLISH to auto-0C3A543C-2601-2003-4968-06C03657EB14 (d0, q1, r0, m789, 'test/m6/final-20260831T135630', ... (335 bytes))
1788155848: Sending PUBACK to gatewayd-m6-final-38460 (m789, rc0)
1788155848: Received PUBACK from auto-0C3A543C-2601-2003-4968-06C03657EB14 (Mid: 788, RC:0)
1788155848: Received PUBLISH from gatewayd-m6-final-38460 (d0, q1, r0, m790, 'test/m6/final-20260831T135630', ... (335 bytes))
1788155848: Sending PUBLISH to auto-0C3A543C-2601-2003-4968-06C03657EB14 (d0, q1, r0, m790, 'test/m6/final-20260831T135630', ... (335 bytes))
1788155848: Sending PUBACK to gatewayd-m6-final-38460 (m790, rc0)
1788155848: Received PUBACK from auto-0C3A543C-2601-2003-4968-06C03657EB14 (Mid: 789, RC:0)
1788155848: Received PUBLISH from gatewayd-m6-final-38460 (d0, q1, r0, m791, 'test/m6/final-20260831T135630', ... (335 bytes))
1788155848: Sending PUBLISH to auto-0C3A543C-2601-2003-4968-06C03657EB14 (d0, q1, r0, m791, 'test/m6/final-20260831T135630', ... (335 bytes))
1788155848: Sending PUBACK to gatewayd-m6-final-38460 (m791, rc0)
1788155848: Received PUBACK from auto-0C3A543C-2601-2003-4968-06C03657EB14 (Mid: 790, RC:0)
1788155848: Received PUBLISH from gatewayd-m6-final-38460 (d0, q1, r0, m792, 'test/m6/final-20260831T135630', ... (335 bytes))
1788155848: Sending PUBLISH to auto-0C3A543C-2601-2003-4968-06C03657EB14 (d0, q1, r0, m792, 'test/m6/final-20260831T135630', ... (335 bytes))
1788155848: Sending PUBACK to gatewayd-m6-final-38460 (m792, rc0)
1788155848: Received PUBLISH from gatewayd-m6-final-38460 (d0, q1, r0, m793, 'test/m6/final-20260831T135630', ... (335 bytes))
1788155848: Sending PUBLISH to auto-0C3A543C-2601-2003-4968-06C03657EB14 (d0, q1, r0, m793, 'test/m6/final-20260831T135630', ... (335 bytes))
1788155848: Sending PUBACK to gatewayd-m6-final-38460 (m793, rc0)
1788155848: Received PUBACK from auto-0C3A543C-2601-2003-4968-06C03657EB14 (Mid: 791, RC:0)
1788155848: Received PUBACK from auto-0C3A543C-2601-2003-4968-06C03657EB14 (Mid: 792, RC:0)
1788155848: Received PUBLISH from gatewayd-m6-final-38460 (d0, q1, r0, m794, 'test/m6/final-20260831T135630', ... (335 bytes))
1788155848: Sending PUBLISH to auto-0C3A543C-2601-2003-4968-06C03657EB14 (d0, q1, r0, m794, 'test/m6/final-20260831T135630', ... (335 bytes))
1788155848: Sending PUBACK to gatewayd-m6-final-38460 (m794, rc0)
1788155848: Received PUBACK from auto-0C3A543C-2601-2003-4968-06C03657EB14 (Mid: 793, RC:0)
1788155848: Received PUBLISH from gatewayd-m6-final-38460 (d0, q1, r0, m795, 'test/m6/final-20260831T135630', ... (335 bytes))
1788155848: Sending PUBLISH to auto-0C3A543C-2601-2003-4968-06C03657EB14 (d0, q1, r0, m795, 'test/m6/final-20260831T135630', ... (335 bytes))
1788155848: Sending PUBACK to gatewayd-m6-final-38460 (m795, rc0)
1788155848: Received PUBACK from auto-0C3A543C-2601-2003-4968-06C03657EB14 (Mid: 794, RC:0)
1788155848: Received PUBLISH from gatewayd-m6-final-38460 (d0, q1, r0, m796, 'test/m6/final-20260831T135630', ... (335 bytes))
1788155848: Sending PUBLISH to auto-0C3A543C-2601-2003-4968-06C03657EB14 (d0, q1, r0, m796, 'test/m6/final-20260831T135630', ... (335 bytes))
1788155848: Sending PUBACK to gatewayd-m6-final-38460 (m796, rc0)
1788155848: Received PUBACK from auto-0C3A543C-2601-2003-4968-06C03657EB14 (Mid: 795, RC:0)
1788155848: Received PUBLISH from gatewayd-m6-final-38460 (d0, q1, r0, m797, 'test/m6/final-20260831T135630', ... (335 bytes))
1788155848: Sending PUBLISH to auto-0C3A543C-2601-2003-4968-06C03657EB14 (d0, q1, r0, m797, 'test/m6/final-20260831T135630', ... (335 bytes))
1788155848: Sending PUBACK to gatewayd-m6-final-38460 (m797, rc0)
1788155848: Received PUBACK from auto-0C3A543C-2601-2003-4968-06C03657EB14 (Mid: 796, RC:0)
1788155848: Received PUBLISH from gatewayd-m6-final-38460 (d0, q1, r0, m798, 'test/m6/final-20260831T135630', ... (335 bytes))
1788155848: Sending PUBLISH to auto-0C3A543C-2601-2003-4968-06C03657EB14 (d0, q1, r0, m798, 'test/m6/final-20260831T135630', ... (335 bytes))
1788155848: Sending PUBACK to gatewayd-m6-final-38460 (m798, rc0)
1788155848: Received PUBACK from auto-0C3A543C-2601-2003-4968-06C03657EB14 (Mid: 797, RC:0)
1788155848: Received PUBLISH from gatewayd-m6-final-38460 (d0, q1, r0, m799, 'test/m6/final-20260831T135630', ... (335 bytes))
1788155848: Sending PUBLISH to auto-0C3A543C-2601-2003-4968-06C03657EB14 (d0, q1, r0, m799, 'test/m6/final-20260831T135630', ... (335 bytes))
1788155848: Sending PUBACK to gatewayd-m6-final-38460 (m799, rc0)
1788155848: Received PUBACK from auto-0C3A543C-2601-2003-4968-06C03657EB14 (Mid: 798, RC:0)
1788155848: Received PUBLISH from gatewayd-m6-final-38460 (d0, q1, r0, m800, 'test/m6/final-20260831T135630', ... (335 bytes))
1788155848: Sending PUBLISH to auto-0C3A543C-2601-2003-4968-06C03657EB14 (d0, q1, r0, m800, 'test/m6/final-20260831T135630', ... (335 bytes))
1788155848: Sending PUBACK to gatewayd-m6-final-38460 (m800, rc0)
1788155848: Received PUBACK from auto-0C3A543C-2601-2003-4968-06C03657EB14 (Mid: 799, RC:0)
1788155848: Received PUBLISH from gatewayd-m6-final-38460 (d0, q1, r0, m801, 'test/m6/final-20260831T135630', ... (335 bytes))
1788155848: Sending PUBLISH to auto-0C3A543C-2601-2003-4968-06C03657EB14 (d0, q1, r0, m801, 'test/m6/final-20260831T135630', ... (335 bytes))
1788155848: Sending PUBACK to gatewayd-m6-final-38460 (m801, rc0)
1788155848: Received PUBACK from auto-0C3A543C-2601-2003-4968-06C03657EB14 (Mid: 800, RC:0)
1788155848: Received PUBLISH from gatewayd-m6-final-38460 (d0, q1, r0, m802, 'test/m6/final-20260831T135630', ... (335 bytes))
1788155848: Sending PUBLISH to auto-0C3A543C-2601-2003-4968-06C03657EB14 (d0, q1, r0, m802, 'test/m6/final-20260831T135630', ... (335 bytes))
1788155848: Sending PUBACK to gatewayd-m6-final-38460 (m802, rc0)
1788155848: Received PUBACK from auto-0C3A543C-2601-2003-4968-06C03657EB14 (Mid: 801, RC:0)
1788155848: Received PUBLISH from gatewayd-m6-final-38460 (d0, q1, r0, m803, 'test/m6/final-20260831T135630', ... (335 bytes))
1788155848: Sending PUBLISH to auto-0C3A543C-2601-2003-4968-06C03657EB14 (d0, q1, r0, m803, 'test/m6/final-20260831T135630', ... (335 bytes))
1788155848: Sending PUBACK to gatewayd-m6-final-38460 (m803, rc0)
1788155848: Received PUBACK from auto-0C3A543C-2601-2003-4968-06C03657EB14 (Mid: 802, RC:0)
1788155848: Received PUBLISH from gatewayd-m6-final-38460 (d0, q1, r0, m804, 'test/m6/final-20260831T135630', ... (335 bytes))
1788155848: Sending PUBLISH to auto-0C3A543C-2601-2003-4968-06C03657EB14 (d0, q1, r0, m804, 'test/m6/final-20260831T135630', ... (335 bytes))
1788155848: Sending PUBACK to gatewayd-m6-final-38460 (m804, rc0)
1788155848: Received PUBACK from auto-0C3A543C-2601-2003-4968-06C03657EB14 (Mid: 803, RC:0)
1788155848: Received PUBLISH from gatewayd-m6-final-38460 (d0, q1, r0, m805, 'test/m6/final-20260831T135630', ... (335 bytes))
1788155848: Sending PUBLISH to auto-0C3A543C-2601-2003-4968-06C03657EB14 (d0, q1, r0, m805, 'test/m6/final-20260831T135630', ... (335 bytes))
1788155848: Sending PUBACK to gatewayd-m6-final-38460 (m805, rc0)
1788155848: Received PUBACK from auto-0C3A543C-2601-2003-4968-06C03657EB14 (Mid: 804, RC:0)
1788155848: Received PUBLISH from gatewayd-m6-final-38460 (d0, q1, r0, m806, 'test/m6/final-20260831T135630', ... (335 bytes))
1788155848: Sending PUBLISH to auto-0C3A543C-2601-2003-4968-06C03657EB14 (d0, q1, r0, m806, 'test/m6/final-20260831T135630', ... (335 bytes))
1788155848: Sending PUBACK to gatewayd-m6-final-38460 (m806, rc0)
1788155848: Received PUBACK from auto-0C3A543C-2601-2003-4968-06C03657EB14 (Mid: 805, RC:0)
1788155848: Received PUBLISH from gatewayd-m6-final-38460 (d0, q1, r0, m807, 'test/m6/final-20260831T135630', ... (335 bytes))
1788155848: Sending PUBLISH to auto-0C3A543C-2601-2003-4968-06C03657EB14 (d0, q1, r0, m807, 'test/m6/final-20260831T135630', ... (335 bytes))
1788155848: Sending PUBACK to gatewayd-m6-final-38460 (m807, rc0)
1788155848: Received PUBACK from auto-0C3A543C-2601-2003-4968-06C03657EB14 (Mid: 806, RC:0)
1788155848: Received PUBLISH from gatewayd-m6-final-38460 (d0, q1, r0, m808, 'test/m6/final-20260831T135630', ... (335 bytes))
1788155848: Sending PUBLISH to auto-0C3A543C-2601-2003-4968-06C03657EB14 (d0, q1, r0, m808, 'test/m6/final-20260831T135630', ... (335 bytes))
1788155848: Sending PUBACK to gatewayd-m6-final-38460 (m808, rc0)
1788155848: Received PUBACK from auto-0C3A543C-2601-2003-4968-06C03657EB14 (Mid: 807, RC:0)
1788155848: Received PUBLISH from gatewayd-m6-final-38460 (d0, q1, r0, m809, 'test/m6/final-20260831T135630', ... (335 bytes))
1788155848: Sending PUBLISH to auto-0C3A543C-2601-2003-4968-06C03657EB14 (d0, q1, r0, m809, 'test/m6/final-20260831T135630', ... (335 bytes))
1788155848: Sending PUBACK to gatewayd-m6-final-38460 (m809, rc0)
1788155848: Received PUBACK from auto-0C3A543C-2601-2003-4968-06C03657EB14 (Mid: 808, RC:0)
1788155848: Received PUBLISH from gatewayd-m6-final-38460 (d0, q1, r0, m810, 'test/m6/final-20260831T135630', ... (335 bytes))
1788155848: Sending PUBLISH to auto-0C3A543C-2601-2003-4968-06C03657EB14 (d0, q1, r0, m810, 'test/m6/final-20260831T135630', ... (335 bytes))
1788155848: Sending PUBACK to gatewayd-m6-final-38460 (m810, rc0)
1788155848: Received PUBACK from auto-0C3A543C-2601-2003-4968-06C03657EB14 (Mid: 809, RC:0)
1788155848: Received PUBLISH from gatewayd-m6-final-38460 (d0, q1, r0, m811, 'test/m6/final-20260831T135630', ... (335 bytes))
1788155848: Sending PUBLISH to auto-0C3A543C-2601-2003-4968-06C03657EB14 (d0, q1, r0, m811, 'test/m6/final-20260831T135630', ... (335 bytes))
1788155848: Sending PUBACK to gatewayd-m6-final-38460 (m811, rc0)
1788155848: Received PUBACK from auto-0C3A543C-2601-2003-4968-06C03657EB14 (Mid: 810, RC:0)
1788155848: Received PUBLISH from gatewayd-m6-final-38460 (d0, q1, r0, m812, 'test/m6/final-20260831T135630', ... (335 bytes))
1788155848: Sending PUBLISH to auto-0C3A543C-2601-2003-4968-06C03657EB14 (d0, q1, r0, m812, 'test/m6/final-20260831T135630', ... (335 bytes))
1788155848: Sending PUBACK to gatewayd-m6-final-38460 (m812, rc0)
1788155848: Received PUBACK from auto-0C3A543C-2601-2003-4968-06C03657EB14 (Mid: 811, RC:0)
1788155848: Received PUBLISH from gatewayd-m6-final-38460 (d0, q1, r0, m813, 'test/m6/final-20260831T135630', ... (335 bytes))
1788155848: Sending PUBLISH to auto-0C3A543C-2601-2003-4968-06C03657EB14 (d0, q1, r0, m813, 'test/m6/final-20260831T135630', ... (335 bytes))
1788155848: Sending PUBACK to gatewayd-m6-final-38460 (m813, rc0)
1788155848: Received PUBACK from auto-0C3A543C-2601-2003-4968-06C03657EB14 (Mid: 812, RC:0)
1788155848: Received PUBLISH from gatewayd-m6-final-38460 (d0, q1, r0, m814, 'test/m6/final-20260831T135630', ... (335 bytes))
1788155848: Sending PUBLISH to auto-0C3A543C-2601-2003-4968-06C03657EB14 (d0, q1, r0, m814, 'test/m6/final-20260831T135630', ... (335 bytes))
1788155848: Sending PUBACK to gatewayd-m6-final-38460 (m814, rc0)
1788155848: Received PUBACK from auto-0C3A543C-2601-2003-4968-06C03657EB14 (Mid: 813, RC:0)
1788155848: Received PUBLISH from gatewayd-m6-final-38460 (d0, q1, r0, m815, 'test/m6/final-20260831T135630', ... (335 bytes))
1788155848: Sending PUBLISH to auto-0C3A543C-2601-2003-4968-06C03657EB14 (d0, q1, r0, m815, 'test/m6/final-20260831T135630', ... (335 bytes))
1788155848: Sending PUBACK to gatewayd-m6-final-38460 (m815, rc0)
1788155848: Received PUBACK from auto-0C3A543C-2601-2003-4968-06C03657EB14 (Mid: 814, RC:0)
1788155848: Received PUBLISH from gatewayd-m6-final-38460 (d0, q1, r0, m816, 'test/m6/final-20260831T135630', ... (335 bytes))
1788155848: Sending PUBLISH to auto-0C3A543C-2601-2003-4968-06C03657EB14 (d0, q1, r0, m816, 'test/m6/final-20260831T135630', ... (335 bytes))
1788155848: Sending PUBACK to gatewayd-m6-final-38460 (m816, rc0)
1788155848: Received PUBACK from auto-0C3A543C-2601-2003-4968-06C03657EB14 (Mid: 815, RC:0)
1788155848: Received PUBLISH from gatewayd-m6-final-38460 (d0, q1, r0, m817, 'test/m6/final-20260831T135630', ... (335 bytes))
1788155848: Sending PUBLISH to auto-0C3A543C-2601-2003-4968-06C03657EB14 (d0, q1, r0, m817, 'test/m6/final-20260831T135630', ... (335 bytes))
1788155848: Sending PUBACK to gatewayd-m6-final-38460 (m817, rc0)
1788155848: Received PUBACK from auto-0C3A543C-2601-2003-4968-06C03657EB14 (Mid: 816, RC:0)
1788155848: Received PUBLISH from gatewayd-m6-final-38460 (d0, q1, r0, m818, 'test/m6/final-20260831T135630', ... (335 bytes))
1788155848: Sending PUBLISH to auto-0C3A543C-2601-2003-4968-06C03657EB14 (d0, q1, r0, m818, 'test/m6/final-20260831T135630', ... (335 bytes))
1788155848: Sending PUBACK to gatewayd-m6-final-38460 (m818, rc0)
1788155848: Received PUBACK from auto-0C3A543C-2601-2003-4968-06C03657EB14 (Mid: 817, RC:0)
1788155848: Received PUBLISH from gatewayd-m6-final-38460 (d0, q1, r0, m819, 'test/m6/final-20260831T135630', ... (335 bytes))
1788155848: Sending PUBLISH to auto-0C3A543C-2601-2003-4968-06C03657EB14 (d0, q1, r0, m819, 'test/m6/final-20260831T135630', ... (335 bytes))
1788155848: Sending PUBACK to gatewayd-m6-final-38460 (m819, rc0)
1788155848: Received PUBACK from auto-0C3A543C-2601-2003-4968-06C03657EB14 (Mid: 818, RC:0)
1788155848: Received PUBLISH from gatewayd-m6-final-38460 (d0, q1, r0, m820, 'test/m6/final-20260831T135630', ... (335 bytes))
1788155848: Sending PUBLISH to auto-0C3A543C-2601-2003-4968-06C03657EB14 (d0, q1, r0, m820, 'test/m6/final-20260831T135630', ... (335 bytes))
1788155848: Sending PUBACK to gatewayd-m6-final-38460 (m820, rc0)
1788155848: Received PUBACK from auto-0C3A543C-2601-2003-4968-06C03657EB14 (Mid: 819, RC:0)
1788155848: Received PUBLISH from gatewayd-m6-final-38460 (d0, q1, r0, m821, 'test/m6/final-20260831T135630', ... (335 bytes))
1788155848: Sending PUBLISH to auto-0C3A543C-2601-2003-4968-06C03657EB14 (d0, q1, r0, m821, 'test/m6/final-20260831T135630', ... (335 bytes))
1788155848: Sending PUBACK to gatewayd-m6-final-38460 (m821, rc0)
1788155848: Received PUBACK from auto-0C3A543C-2601-2003-4968-06C03657EB14 (Mid: 820, RC:0)
1788155848: Received PUBLISH from gatewayd-m6-final-38460 (d0, q1, r0, m822, 'test/m6/final-20260831T135630', ... (335 bytes))
1788155848: Sending PUBLISH to auto-0C3A543C-2601-2003-4968-06C03657EB14 (d0, q1, r0, m822, 'test/m6/final-20260831T135630', ... (335 bytes))
1788155848: Sending PUBACK to gatewayd-m6-final-38460 (m822, rc0)
1788155848: Received PUBACK from auto-0C3A543C-2601-2003-4968-06C03657EB14 (Mid: 821, RC:0)
1788155848: Received PUBLISH from gatewayd-m6-final-38460 (d0, q1, r0, m823, 'test/m6/final-20260831T135630', ... (335 bytes))
1788155848: Sending PUBLISH to auto-0C3A543C-2601-2003-4968-06C03657EB14 (d0, q1, r0, m823, 'test/m6/final-20260831T135630', ... (335 bytes))
1788155848: Sending PUBACK to gatewayd-m6-final-38460 (m823, rc0)
1788155848: Received PUBACK from auto-0C3A543C-2601-2003-4968-06C03657EB14 (Mid: 822, RC:0)
1788155848: Received PUBLISH from gatewayd-m6-final-38460 (d0, q1, r0, m824, 'test/m6/final-20260831T135630', ... (335 bytes))
1788155848: Sending PUBLISH to auto-0C3A543C-2601-2003-4968-06C03657EB14 (d0, q1, r0, m824, 'test/m6/final-20260831T135630', ... (335 bytes))
1788155848: Sending PUBACK to gatewayd-m6-final-38460 (m824, rc0)
1788155848: Received PUBACK from auto-0C3A543C-2601-2003-4968-06C03657EB14 (Mid: 823, RC:0)
1788155848: Received PUBLISH from gatewayd-m6-final-38460 (d0, q1, r0, m825, 'test/m6/final-20260831T135630', ... (335 bytes))
1788155848: Sending PUBLISH to auto-0C3A543C-2601-2003-4968-06C03657EB14 (d0, q1, r0, m825, 'test/m6/final-20260831T135630', ... (335 bytes))
1788155848: Sending PUBACK to gatewayd-m6-final-38460 (m825, rc0)
1788155848: Received PUBACK from auto-0C3A543C-2601-2003-4968-06C03657EB14 (Mid: 824, RC:0)
1788155848: Received PUBLISH from gatewayd-m6-final-38460 (d0, q1, r0, m826, 'test/m6/final-20260831T135630', ... (335 bytes))
1788155848: Sending PUBLISH to auto-0C3A543C-2601-2003-4968-06C03657EB14 (d0, q1, r0, m826, 'test/m6/final-20260831T135630', ... (335 bytes))
1788155848: Sending PUBACK to gatewayd-m6-final-38460 (m826, rc0)
1788155848: Received PUBACK from auto-0C3A543C-2601-2003-4968-06C03657EB14 (Mid: 825, RC:0)
1788155848: Received PUBLISH from gatewayd-m6-final-38460 (d0, q1, r0, m827, 'test/m6/final-20260831T135630', ... (335 bytes))
1788155848: Sending PUBLISH to auto-0C3A543C-2601-2003-4968-06C03657EB14 (d0, q1, r0, m827, 'test/m6/final-20260831T135630', ... (335 bytes))
1788155848: Sending PUBACK to gatewayd-m6-final-38460 (m827, rc0)
1788155848: Received PUBACK from auto-0C3A543C-2601-2003-4968-06C03657EB14 (Mid: 826, RC:0)
1788155848: Received PUBLISH from gatewayd-m6-final-38460 (d0, q1, r0, m828, 'test/m6/final-20260831T135630', ... (335 bytes))
1788155848: Sending PUBLISH to auto-0C3A543C-2601-2003-4968-06C03657EB14 (d0, q1, r0, m828, 'test/m6/final-20260831T135630', ... (335 bytes))
1788155848: Sending PUBACK to gatewayd-m6-final-38460 (m828, rc0)
1788155848: Received PUBACK from auto-0C3A543C-2601-2003-4968-06C03657EB14 (Mid: 827, RC:0)
1788155848: Received PUBLISH from gatewayd-m6-final-38460 (d0, q1, r0, m829, 'test/m6/final-20260831T135630', ... (335 bytes))
1788155848: Sending PUBLISH to auto-0C3A543C-2601-2003-4968-06C03657EB14 (d0, q1, r0, m829, 'test/m6/final-20260831T135630', ... (335 bytes))
1788155848: Sending PUBACK to gatewayd-m6-final-38460 (m829, rc0)
1788155848: Received PUBACK from auto-0C3A543C-2601-2003-4968-06C03657EB14 (Mid: 828, RC:0)
1788155848: Received PUBLISH from gatewayd-m6-final-38460 (d0, q1, r0, m830, 'test/m6/final-20260831T135630', ... (335 bytes))
1788155848: Sending PUBLISH to auto-0C3A543C-2601-2003-4968-06C03657EB14 (d0, q1, r0, m830, 'test/m6/final-20260831T135630', ... (335 bytes))
1788155848: Sending PUBACK to gatewayd-m6-final-38460 (m830, rc0)
1788155848: Received PUBACK from auto-0C3A543C-2601-2003-4968-06C03657EB14 (Mid: 829, RC:0)
1788155848: Received PUBLISH from gatewayd-m6-final-38460 (d0, q1, r0, m831, 'test/m6/final-20260831T135630', ... (335 bytes))
1788155848: Sending PUBLISH to auto-0C3A543C-2601-2003-4968-06C03657EB14 (d0, q1, r0, m831, 'test/m6/final-20260831T135630', ... (335 bytes))
1788155848: Sending PUBACK to gatewayd-m6-final-38460 (m831, rc0)
1788155848: Received PUBACK from auto-0C3A543C-2601-2003-4968-06C03657EB14 (Mid: 830, RC:0)
1788155848: Received PUBLISH from gatewayd-m6-final-38460 (d0, q1, r0, m832, 'test/m6/final-20260831T135630', ... (335 bytes))
1788155848: Sending PUBLISH to auto-0C3A543C-2601-2003-4968-06C03657EB14 (d0, q1, r0, m832, 'test/m6/final-20260831T135630', ... (335 bytes))
1788155848: Sending PUBACK to gatewayd-m6-final-38460 (m832, rc0)
1788155848: Received PUBACK from auto-0C3A543C-2601-2003-4968-06C03657EB14 (Mid: 831, RC:0)
1788155848: Received PUBLISH from gatewayd-m6-final-38460 (d0, q1, r0, m833, 'test/m6/final-20260831T135630', ... (335 bytes))
1788155848: Sending PUBLISH to auto-0C3A543C-2601-2003-4968-06C03657EB14 (d0, q1, r0, m833, 'test/m6/final-20260831T135630', ... (335 bytes))
1788155848: Sending PUBACK to gatewayd-m6-final-38460 (m833, rc0)
1788155848: Received PUBACK from auto-0C3A543C-2601-2003-4968-06C03657EB14 (Mid: 832, RC:0)
1788155848: Received PUBLISH from gatewayd-m6-final-38460 (d0, q1, r0, m834, 'test/m6/final-20260831T135630', ... (335 bytes))
1788155848: Sending PUBLISH to auto-0C3A543C-2601-2003-4968-06C03657EB14 (d0, q1, r0, m834, 'test/m6/final-20260831T135630', ... (335 bytes))
1788155848: Sending PUBACK to gatewayd-m6-final-38460 (m834, rc0)
1788155848: Received PUBACK from auto-0C3A543C-2601-2003-4968-06C03657EB14 (Mid: 833, RC:0)
1788155848: Received PUBLISH from gatewayd-m6-final-38460 (d0, q1, r0, m835, 'test/m6/final-20260831T135630', ... (335 bytes))
1788155848: Sending PUBLISH to auto-0C3A543C-2601-2003-4968-06C03657EB14 (d0, q1, r0, m835, 'test/m6/final-20260831T135630', ... (335 bytes))
1788155848: Sending PUBACK to gatewayd-m6-final-38460 (m835, rc0)
1788155848: Received PUBACK from auto-0C3A543C-2601-2003-4968-06C03657EB14 (Mid: 834, RC:0)
1788155848: Received PUBLISH from gatewayd-m6-final-38460 (d0, q1, r0, m836, 'test/m6/final-20260831T135630', ... (335 bytes))
1788155848: Sending PUBLISH to auto-0C3A543C-2601-2003-4968-06C03657EB14 (d0, q1, r0, m836, 'test/m6/final-20260831T135630', ... (335 bytes))
1788155848: Sending PUBACK to gatewayd-m6-final-38460 (m836, rc0)
1788155848: Received PUBACK from auto-0C3A543C-2601-2003-4968-06C03657EB14 (Mid: 835, RC:0)
1788155848: Received PUBLISH from gatewayd-m6-final-38460 (d0, q1, r0, m837, 'test/m6/final-20260831T135630', ... (335 bytes))
1788155848: Sending PUBLISH to auto-0C3A543C-2601-2003-4968-06C03657EB14 (d0, q1, r0, m837, 'test/m6/final-20260831T135630', ... (335 bytes))
1788155848: Sending PUBACK to gatewayd-m6-final-38460 (m837, rc0)
1788155848: Received PUBACK from auto-0C3A543C-2601-2003-4968-06C03657EB14 (Mid: 836, RC:0)
1788155848: Received PUBLISH from gatewayd-m6-final-38460 (d0, q1, r0, m838, 'test/m6/final-20260831T135630', ... (335 bytes))
1788155848: Sending PUBLISH to auto-0C3A543C-2601-2003-4968-06C03657EB14 (d0, q1, r0, m838, 'test/m6/final-20260831T135630', ... (335 bytes))
1788155848: Sending PUBACK to gatewayd-m6-final-38460 (m838, rc0)
1788155848: Received PUBACK from auto-0C3A543C-2601-2003-4968-06C03657EB14 (Mid: 837, RC:0)
1788155848: Received PUBLISH from gatewayd-m6-final-38460 (d0, q1, r0, m839, 'test/m6/final-20260831T135630', ... (335 bytes))
1788155848: Sending PUBLISH to auto-0C3A543C-2601-2003-4968-06C03657EB14 (d0, q1, r0, m839, 'test/m6/final-20260831T135630', ... (335 bytes))
1788155848: Sending PUBACK to gatewayd-m6-final-38460 (m839, rc0)
1788155848: Received PUBACK from auto-0C3A543C-2601-2003-4968-06C03657EB14 (Mid: 838, RC:0)
1788155848: Received PUBLISH from gatewayd-m6-final-38460 (d0, q1, r0, m840, 'test/m6/final-20260831T135630', ... (335 bytes))
1788155848: Sending PUBLISH to auto-0C3A543C-2601-2003-4968-06C03657EB14 (d0, q1, r0, m840, 'test/m6/final-20260831T135630', ... (335 bytes))
1788155848: Sending PUBACK to gatewayd-m6-final-38460 (m840, rc0)
1788155848: Received PUBACK from auto-0C3A543C-2601-2003-4968-06C03657EB14 (Mid: 839, RC:0)
1788155848: Received PUBLISH from gatewayd-m6-final-38460 (d0, q1, r0, m841, 'test/m6/final-20260831T135630', ... (335 bytes))
1788155848: Sending PUBLISH to auto-0C3A543C-2601-2003-4968-06C03657EB14 (d0, q1, r0, m841, 'test/m6/final-20260831T135630', ... (335 bytes))
1788155848: Sending PUBACK to gatewayd-m6-final-38460 (m841, rc0)
1788155848: Received PUBACK from auto-0C3A543C-2601-2003-4968-06C03657EB14 (Mid: 840, RC:0)
1788155848: Received PUBLISH from gatewayd-m6-final-38460 (d0, q1, r0, m842, 'test/m6/final-20260831T135630', ... (335 bytes))
1788155848: Sending PUBLISH to auto-0C3A543C-2601-2003-4968-06C03657EB14 (d0, q1, r0, m842, 'test/m6/final-20260831T135630', ... (335 bytes))
1788155848: Sending PUBACK to gatewayd-m6-final-38460 (m842, rc0)
1788155848: Received PUBACK from auto-0C3A543C-2601-2003-4968-06C03657EB14 (Mid: 841, RC:0)
1788155848: Received PUBLISH from gatewayd-m6-final-38460 (d0, q1, r0, m843, 'test/m6/final-20260831T135630', ... (335 bytes))
1788155848: Sending PUBLISH to auto-0C3A543C-2601-2003-4968-06C03657EB14 (d0, q1, r0, m843, 'test/m6/final-20260831T135630', ... (335 bytes))
1788155848: Sending PUBACK to gatewayd-m6-final-38460 (m843, rc0)
1788155848: Received PUBACK from auto-0C3A543C-2601-2003-4968-06C03657EB14 (Mid: 842, RC:0)
1788155848: Received PUBLISH from gatewayd-m6-final-38460 (d0, q1, r0, m844, 'test/m6/final-20260831T135630', ... (335 bytes))
1788155848: Sending PUBLISH to auto-0C3A543C-2601-2003-4968-06C03657EB14 (d0, q1, r0, m844, 'test/m6/final-20260831T135630', ... (335 bytes))
1788155848: Sending PUBACK to gatewayd-m6-final-38460 (m844, rc0)
1788155848: Received PUBACK from auto-0C3A543C-2601-2003-4968-06C03657EB14 (Mid: 843, RC:0)
1788155848: Received PUBLISH from gatewayd-m6-final-38460 (d0, q1, r0, m845, 'test/m6/final-20260831T135630', ... (335 bytes))
1788155848: Sending PUBLISH to auto-0C3A543C-2601-2003-4968-06C03657EB14 (d0, q1, r0, m845, 'test/m6/final-20260831T135630', ... (335 bytes))
1788155848: Sending PUBACK to gatewayd-m6-final-38460 (m845, rc0)
1788155848: Received PUBACK from auto-0C3A543C-2601-2003-4968-06C03657EB14 (Mid: 844, RC:0)
1788155848: Received PUBLISH from gatewayd-m6-final-38460 (d0, q1, r0, m846, 'test/m6/final-20260831T135630', ... (335 bytes))
1788155848: Sending PUBLISH to auto-0C3A543C-2601-2003-4968-06C03657EB14 (d0, q1, r0, m846, 'test/m6/final-20260831T135630', ... (335 bytes))
1788155848: Sending PUBACK to gatewayd-m6-final-38460 (m846, rc0)
1788155848: Received PUBACK from auto-0C3A543C-2601-2003-4968-06C03657EB14 (Mid: 845, RC:0)
1788155848: Received PUBLISH from gatewayd-m6-final-38460 (d0, q1, r0, m847, 'test/m6/final-20260831T135630', ... (335 bytes))
1788155848: Sending PUBLISH to auto-0C3A543C-2601-2003-4968-06C03657EB14 (d0, q1, r0, m847, 'test/m6/final-20260831T135630', ... (335 bytes))
1788155848: Sending PUBACK to gatewayd-m6-final-38460 (m847, rc0)
1788155848: Received PUBACK from auto-0C3A543C-2601-2003-4968-06C03657EB14 (Mid: 846, RC:0)
1788155848: Received PUBLISH from gatewayd-m6-final-38460 (d0, q1, r0, m848, 'test/m6/final-20260831T135630', ... (335 bytes))
1788155848: Sending PUBLISH to auto-0C3A543C-2601-2003-4968-06C03657EB14 (d0, q1, r0, m848, 'test/m6/final-20260831T135630', ... (335 bytes))
1788155848: Sending PUBACK to gatewayd-m6-final-38460 (m848, rc0)
1788155848: Received PUBACK from auto-0C3A543C-2601-2003-4968-06C03657EB14 (Mid: 847, RC:0)
1788155848: Received PUBLISH from gatewayd-m6-final-38460 (d0, q1, r0, m849, 'test/m6/final-20260831T135630', ... (335 bytes))
1788155848: Sending PUBLISH to auto-0C3A543C-2601-2003-4968-06C03657EB14 (d0, q1, r0, m849, 'test/m6/final-20260831T135630', ... (335 bytes))
1788155848: Sending PUBACK to gatewayd-m6-final-38460 (m849, rc0)
1788155848: Received PUBACK from auto-0C3A543C-2601-2003-4968-06C03657EB14 (Mid: 848, RC:0)
1788155848: Received PUBLISH from gatewayd-m6-final-38460 (d0, q1, r0, m850, 'test/m6/final-20260831T135630', ... (335 bytes))
1788155848: Sending PUBLISH to auto-0C3A543C-2601-2003-4968-06C03657EB14 (d0, q1, r0, m850, 'test/m6/final-20260831T135630', ... (335 bytes))
1788155848: Sending PUBACK to gatewayd-m6-final-38460 (m850, rc0)
1788155848: Received PUBACK from auto-0C3A543C-2601-2003-4968-06C03657EB14 (Mid: 849, RC:0)
1788155848: Received PUBLISH from gatewayd-m6-final-38460 (d0, q1, r0, m851, 'test/m6/final-20260831T135630', ... (335 bytes))
1788155848: Sending PUBLISH to auto-0C3A543C-2601-2003-4968-06C03657EB14 (d0, q1, r0, m851, 'test/m6/final-20260831T135630', ... (335 bytes))
1788155848: Sending PUBACK to gatewayd-m6-final-38460 (m851, rc0)
1788155848: Received PUBACK from auto-0C3A543C-2601-2003-4968-06C03657EB14 (Mid: 850, RC:0)
1788155848: Received PUBLISH from gatewayd-m6-final-38460 (d0, q1, r0, m852, 'test/m6/final-20260831T135630', ... (335 bytes))
1788155848: Sending PUBLISH to auto-0C3A543C-2601-2003-4968-06C03657EB14 (d0, q1, r0, m852, 'test/m6/final-20260831T135630', ... (335 bytes))
1788155848: Sending PUBACK to gatewayd-m6-final-38460 (m852, rc0)
1788155848: Received PUBACK from auto-0C3A543C-2601-2003-4968-06C03657EB14 (Mid: 851, RC:0)
1788155848: Received PUBLISH from gatewayd-m6-final-38460 (d0, q1, r0, m853, 'test/m6/final-20260831T135630', ... (335 bytes))
1788155848: Sending PUBLISH to auto-0C3A543C-2601-2003-4968-06C03657EB14 (d0, q1, r0, m853, 'test/m6/final-20260831T135630', ... (335 bytes))
1788155848: Sending PUBACK to gatewayd-m6-final-38460 (m853, rc0)
1788155848: Received PUBACK from auto-0C3A543C-2601-2003-4968-06C03657EB14 (Mid: 852, RC:0)
1788155848: Received PUBLISH from gatewayd-m6-final-38460 (d0, q1, r0, m854, 'test/m6/final-20260831T135630', ... (335 bytes))
1788155848: Sending PUBLISH to auto-0C3A543C-2601-2003-4968-06C03657EB14 (d0, q1, r0, m854, 'test/m6/final-20260831T135630', ... (335 bytes))
1788155848: Sending PUBACK to gatewayd-m6-final-38460 (m854, rc0)
1788155848: Received PUBACK from auto-0C3A543C-2601-2003-4968-06C03657EB14 (Mid: 853, RC:0)
1788155848: Received PUBLISH from gatewayd-m6-final-38460 (d0, q1, r0, m855, 'test/m6/final-20260831T135630', ... (335 bytes))
1788155848: Sending PUBLISH to auto-0C3A543C-2601-2003-4968-06C03657EB14 (d0, q1, r0, m855, 'test/m6/final-20260831T135630', ... (335 bytes))
1788155848: Sending PUBACK to gatewayd-m6-final-38460 (m855, rc0)
1788155848: Received PUBACK from auto-0C3A543C-2601-2003-4968-06C03657EB14 (Mid: 854, RC:0)
1788155848: Received PUBLISH from gatewayd-m6-final-38460 (d0, q1, r0, m856, 'test/m6/final-20260831T135630', ... (335 bytes))
1788155848: Sending PUBLISH to auto-0C3A543C-2601-2003-4968-06C03657EB14 (d0, q1, r0, m856, 'test/m6/final-20260831T135630', ... (335 bytes))
1788155848: Sending PUBACK to gatewayd-m6-final-38460 (m856, rc0)
1788155848: Received PUBACK from auto-0C3A543C-2601-2003-4968-06C03657EB14 (Mid: 855, RC:0)
1788155848: Received PUBLISH from gatewayd-m6-final-38460 (d0, q1, r0, m857, 'test/m6/final-20260831T135630', ... (335 bytes))
1788155848: Sending PUBLISH to auto-0C3A543C-2601-2003-4968-06C03657EB14 (d0, q1, r0, m857, 'test/m6/final-20260831T135630', ... (335 bytes))
1788155848: Sending PUBACK to gatewayd-m6-final-38460 (m857, rc0)
1788155848: Received PUBACK from auto-0C3A543C-2601-2003-4968-06C03657EB14 (Mid: 856, RC:0)
1788155848: Received PUBLISH from gatewayd-m6-final-38460 (d0, q1, r0, m858, 'test/m6/final-20260831T135630', ... (335 bytes))
1788155848: Sending PUBLISH to auto-0C3A543C-2601-2003-4968-06C03657EB14 (d0, q1, r0, m858, 'test/m6/final-20260831T135630', ... (335 bytes))
1788155848: Sending PUBACK to gatewayd-m6-final-38460 (m858, rc0)
1788155848: Received PUBACK from auto-0C3A543C-2601-2003-4968-06C03657EB14 (Mid: 857, RC:0)
1788155848: Received PUBLISH from gatewayd-m6-final-38460 (d0, q1, r0, m859, 'test/m6/final-20260831T135630', ... (335 bytes))
1788155848: Sending PUBLISH to auto-0C3A543C-2601-2003-4968-06C03657EB14 (d0, q1, r0, m859, 'test/m6/final-20260831T135630', ... (335 bytes))
1788155848: Sending PUBACK to gatewayd-m6-final-38460 (m859, rc0)
1788155848: Received PUBACK from auto-0C3A543C-2601-2003-4968-06C03657EB14 (Mid: 858, RC:0)
1788155848: Received PUBLISH from gatewayd-m6-final-38460 (d0, q1, r0, m860, 'test/m6/final-20260831T135630', ... (335 bytes))
1788155848: Sending PUBLISH to auto-0C3A543C-2601-2003-4968-06C03657EB14 (d0, q1, r0, m860, 'test/m6/final-20260831T135630', ... (335 bytes))
1788155848: Sending PUBACK to gatewayd-m6-final-38460 (m860, rc0)
1788155848: Received PUBACK from auto-0C3A543C-2601-2003-4968-06C03657EB14 (Mid: 859, RC:0)
1788155848: Received PUBLISH from gatewayd-m6-final-38460 (d0, q1, r0, m861, 'test/m6/final-20260831T135630', ... (335 bytes))
1788155848: Sending PUBLISH to auto-0C3A543C-2601-2003-4968-06C03657EB14 (d0, q1, r0, m861, 'test/m6/final-20260831T135630', ... (335 bytes))
1788155848: Sending PUBACK to gatewayd-m6-final-38460 (m861, rc0)
1788155848: Received PUBACK from auto-0C3A543C-2601-2003-4968-06C03657EB14 (Mid: 860, RC:0)
1788155848: Received PUBLISH from gatewayd-m6-final-38460 (d0, q1, r0, m862, 'test/m6/final-20260831T135630', ... (335 bytes))
1788155848: Sending PUBLISH to auto-0C3A543C-2601-2003-4968-06C03657EB14 (d0, q1, r0, m862, 'test/m6/final-20260831T135630', ... (335 bytes))
1788155848: Sending PUBACK to gatewayd-m6-final-38460 (m862, rc0)
1788155848: Received PUBACK from auto-0C3A543C-2601-2003-4968-06C03657EB14 (Mid: 861, RC:0)
1788155848: Received PUBLISH from gatewayd-m6-final-38460 (d0, q1, r0, m863, 'test/m6/final-20260831T135630', ... (335 bytes))
1788155848: Sending PUBLISH to auto-0C3A543C-2601-2003-4968-06C03657EB14 (d0, q1, r0, m863, 'test/m6/final-20260831T135630', ... (335 bytes))
1788155848: Sending PUBACK to gatewayd-m6-final-38460 (m863, rc0)
1788155848: Received PUBACK from auto-0C3A543C-2601-2003-4968-06C03657EB14 (Mid: 862, RC:0)
1788155848: Received PUBLISH from gatewayd-m6-final-38460 (d0, q1, r0, m864, 'test/m6/final-20260831T135630', ... (335 bytes))
1788155848: Sending PUBLISH to auto-0C3A543C-2601-2003-4968-06C03657EB14 (d0, q1, r0, m864, 'test/m6/final-20260831T135630', ... (335 bytes))
1788155848: Sending PUBACK to gatewayd-m6-final-38460 (m864, rc0)
1788155848: Received PUBACK from auto-0C3A543C-2601-2003-4968-06C03657EB14 (Mid: 863, RC:0)
1788155848: Received PUBLISH from gatewayd-m6-final-38460 (d0, q1, r0, m865, 'test/m6/final-20260831T135630', ... (335 bytes))
1788155848: Sending PUBLISH to auto-0C3A543C-2601-2003-4968-06C03657EB14 (d0, q1, r0, m865, 'test/m6/final-20260831T135630', ... (335 bytes))
1788155848: Sending PUBACK to gatewayd-m6-final-38460 (m865, rc0)
1788155848: Received PUBACK from auto-0C3A543C-2601-2003-4968-06C03657EB14 (Mid: 864, RC:0)
1788155848: Received PUBLISH from gatewayd-m6-final-38460 (d0, q1, r0, m866, 'test/m6/final-20260831T135630', ... (335 bytes))
1788155848: Sending PUBLISH to auto-0C3A543C-2601-2003-4968-06C03657EB14 (d0, q1, r0, m866, 'test/m6/final-20260831T135630', ... (335 bytes))
1788155848: Sending PUBACK to gatewayd-m6-final-38460 (m866, rc0)
1788155848: Received PUBACK from auto-0C3A543C-2601-2003-4968-06C03657EB14 (Mid: 865, RC:0)
1788155848: Received PUBLISH from gatewayd-m6-final-38460 (d0, q1, r0, m867, 'test/m6/final-20260831T135630', ... (335 bytes))
1788155848: Sending PUBLISH to auto-0C3A543C-2601-2003-4968-06C03657EB14 (d0, q1, r0, m867, 'test/m6/final-20260831T135630', ... (335 bytes))
1788155848: Sending PUBACK to gatewayd-m6-final-38460 (m867, rc0)
1788155848: Received PUBACK from auto-0C3A543C-2601-2003-4968-06C03657EB14 (Mid: 866, RC:0)
1788155848: Received PUBLISH from gatewayd-m6-final-38460 (d0, q1, r0, m868, 'test/m6/final-20260831T135630', ... (336 bytes))
1788155848: Sending PUBLISH to auto-0C3A543C-2601-2003-4968-06C03657EB14 (d0, q1, r0, m868, 'test/m6/final-20260831T135630', ... (336 bytes))
1788155848: Sending PUBACK to gatewayd-m6-final-38460 (m868, rc0)
1788155848: Received PUBACK from auto-0C3A543C-2601-2003-4968-06C03657EB14 (Mid: 867, RC:0)
1788155848: Received PUBLISH from gatewayd-m6-final-38460 (d0, q1, r0, m869, 'test/m6/final-20260831T135630', ... (336 bytes))
1788155848: Sending PUBLISH to auto-0C3A543C-2601-2003-4968-06C03657EB14 (d0, q1, r0, m869, 'test/m6/final-20260831T135630', ... (336 bytes))
1788155848: Sending PUBACK to gatewayd-m6-final-38460 (m869, rc0)
1788155848: Received PUBACK from auto-0C3A543C-2601-2003-4968-06C03657EB14 (Mid: 868, RC:0)
1788155848: Received PUBLISH from gatewayd-m6-final-38460 (d0, q1, r0, m870, 'test/m6/final-20260831T135630', ... (336 bytes))
1788155848: Sending PUBLISH to auto-0C3A543C-2601-2003-4968-06C03657EB14 (d0, q1, r0, m870, 'test/m6/final-20260831T135630', ... (336 bytes))
1788155848: Sending PUBACK to gatewayd-m6-final-38460 (m870, rc0)
1788155848: Received PUBACK from auto-0C3A543C-2601-2003-4968-06C03657EB14 (Mid: 869, RC:0)
1788155848: Received PUBLISH from gatewayd-m6-final-38460 (d0, q1, r0, m871, 'test/m6/final-20260831T135630', ... (336 bytes))
1788155848: Sending PUBLISH to auto-0C3A543C-2601-2003-4968-06C03657EB14 (d0, q1, r0, m871, 'test/m6/final-20260831T135630', ... (336 bytes))
1788155848: Sending PUBACK to gatewayd-m6-final-38460 (m871, rc0)
1788155848: Received PUBACK from auto-0C3A543C-2601-2003-4968-06C03657EB14 (Mid: 870, RC:0)
1788155848: Received PUBLISH from gatewayd-m6-final-38460 (d0, q1, r0, m872, 'test/m6/final-20260831T135630', ... (336 bytes))
1788155848: Sending PUBLISH to auto-0C3A543C-2601-2003-4968-06C03657EB14 (d0, q1, r0, m872, 'test/m6/final-20260831T135630', ... (336 bytes))
1788155848: Sending PUBACK to gatewayd-m6-final-38460 (m872, rc0)
1788155848: Received PUBACK from auto-0C3A543C-2601-2003-4968-06C03657EB14 (Mid: 871, RC:0)
1788155848: Received PUBLISH from gatewayd-m6-final-38460 (d0, q1, r0, m873, 'test/m6/final-20260831T135630', ... (336 bytes))
1788155848: Sending PUBLISH to auto-0C3A543C-2601-2003-4968-06C03657EB14 (d0, q1, r0, m873, 'test/m6/final-20260831T135630', ... (336 bytes))
1788155848: Sending PUBACK to gatewayd-m6-final-38460 (m873, rc0)
1788155848: Received PUBLISH from gatewayd-m6-final-38460 (d0, q1, r0, m874, 'test/m6/final-20260831T135630', ... (336 bytes))
1788155848: Sending PUBLISH to auto-0C3A543C-2601-2003-4968-06C03657EB14 (d0, q1, r0, m874, 'test/m6/final-20260831T135630', ... (336 bytes))
1788155848: Sending PUBACK to gatewayd-m6-final-38460 (m874, rc0)
1788155848: Received PUBACK from auto-0C3A543C-2601-2003-4968-06C03657EB14 (Mid: 872, RC:0)
1788155848: Received PUBACK from auto-0C3A543C-2601-2003-4968-06C03657EB14 (Mid: 873, RC:0)
1788155848: Received PUBLISH from gatewayd-m6-final-38460 (d0, q1, r0, m875, 'test/m6/final-20260831T135630', ... (336 bytes))
1788155848: Sending PUBLISH to auto-0C3A543C-2601-2003-4968-06C03657EB14 (d0, q1, r0, m875, 'test/m6/final-20260831T135630', ... (336 bytes))
1788155848: Sending PUBACK to gatewayd-m6-final-38460 (m875, rc0)
1788155848: Received PUBACK from auto-0C3A543C-2601-2003-4968-06C03657EB14 (Mid: 874, RC:0)
1788155848: Received PUBLISH from gatewayd-m6-final-38460 (d0, q1, r0, m876, 'test/m6/final-20260831T135630', ... (336 bytes))
1788155848: Sending PUBLISH to auto-0C3A543C-2601-2003-4968-06C03657EB14 (d0, q1, r0, m876, 'test/m6/final-20260831T135630', ... (336 bytes))
1788155848: Sending PUBACK to gatewayd-m6-final-38460 (m876, rc0)
1788155848: Received PUBACK from auto-0C3A543C-2601-2003-4968-06C03657EB14 (Mid: 875, RC:0)
1788155848: Received PUBLISH from gatewayd-m6-final-38460 (d0, q1, r0, m877, 'test/m6/final-20260831T135630', ... (336 bytes))
1788155848: Sending PUBLISH to auto-0C3A543C-2601-2003-4968-06C03657EB14 (d0, q1, r0, m877, 'test/m6/final-20260831T135630', ... (336 bytes))
1788155848: Sending PUBACK to gatewayd-m6-final-38460 (m877, rc0)
1788155848: Received PUBACK from auto-0C3A543C-2601-2003-4968-06C03657EB14 (Mid: 876, RC:0)
1788155848: Received PUBLISH from gatewayd-m6-final-38460 (d0, q1, r0, m878, 'test/m6/final-20260831T135630', ... (336 bytes))
1788155848: Sending PUBLISH to auto-0C3A543C-2601-2003-4968-06C03657EB14 (d0, q1, r0, m878, 'test/m6/final-20260831T135630', ... (336 bytes))
1788155848: Sending PUBACK to gatewayd-m6-final-38460 (m878, rc0)
1788155848: Received PUBACK from auto-0C3A543C-2601-2003-4968-06C03657EB14 (Mid: 877, RC:0)
1788155848: Received PUBLISH from gatewayd-m6-final-38460 (d0, q1, r0, m879, 'test/m6/final-20260831T135630', ... (336 bytes))
1788155848: Sending PUBLISH to auto-0C3A543C-2601-2003-4968-06C03657EB14 (d0, q1, r0, m879, 'test/m6/final-20260831T135630', ... (336 bytes))
1788155848: Sending PUBACK to gatewayd-m6-final-38460 (m879, rc0)
1788155848: Received PUBACK from auto-0C3A543C-2601-2003-4968-06C03657EB14 (Mid: 878, RC:0)
1788155848: Received PUBLISH from gatewayd-m6-final-38460 (d0, q1, r0, m880, 'test/m6/final-20260831T135630', ... (336 bytes))
1788155848: Sending PUBLISH to auto-0C3A543C-2601-2003-4968-06C03657EB14 (d0, q1, r0, m880, 'test/m6/final-20260831T135630', ... (336 bytes))
1788155848: Sending PUBACK to gatewayd-m6-final-38460 (m880, rc0)
1788155848: Received PUBACK from auto-0C3A543C-2601-2003-4968-06C03657EB14 (Mid: 879, RC:0)
1788155848: Received PUBLISH from gatewayd-m6-final-38460 (d0, q1, r0, m881, 'test/m6/final-20260831T135630', ... (336 bytes))
1788155848: Sending PUBLISH to auto-0C3A543C-2601-2003-4968-06C03657EB14 (d0, q1, r0, m881, 'test/m6/final-20260831T135630', ... (336 bytes))
1788155848: Sending PUBACK to gatewayd-m6-final-38460 (m881, rc0)
1788155848: Received PUBACK from auto-0C3A543C-2601-2003-4968-06C03657EB14 (Mid: 880, RC:0)
1788155848: Received PUBLISH from gatewayd-m6-final-38460 (d0, q1, r0, m882, 'test/m6/final-20260831T135630', ... (336 bytes))
1788155848: Sending PUBLISH to auto-0C3A543C-2601-2003-4968-06C03657EB14 (d0, q1, r0, m882, 'test/m6/final-20260831T135630', ... (336 bytes))
1788155848: Sending PUBACK to gatewayd-m6-final-38460 (m882, rc0)
1788155848: Received PUBLISH from gatewayd-m6-final-38460 (d0, q1, r0, m883, 'test/m6/final-20260831T135630', ... (336 bytes))
1788155848: Sending PUBLISH to auto-0C3A543C-2601-2003-4968-06C03657EB14 (d0, q1, r0, m883, 'test/m6/final-20260831T135630', ... (336 bytes))
1788155848: Sending PUBACK to gatewayd-m6-final-38460 (m883, rc0)
1788155848: Received PUBACK from auto-0C3A543C-2601-2003-4968-06C03657EB14 (Mid: 881, RC:0)
1788155848: Received PUBACK from auto-0C3A543C-2601-2003-4968-06C03657EB14 (Mid: 882, RC:0)
1788155848: Received PUBLISH from gatewayd-m6-final-38460 (d0, q1, r0, m884, 'test/m6/final-20260831T135630', ... (336 bytes))
1788155848: Sending PUBLISH to auto-0C3A543C-2601-2003-4968-06C03657EB14 (d0, q1, r0, m884, 'test/m6/final-20260831T135630', ... (336 bytes))
1788155848: Sending PUBACK to gatewayd-m6-final-38460 (m884, rc0)
1788155848: Received PUBLISH from gatewayd-m6-final-38460 (d0, q1, r0, m885, 'test/m6/final-20260831T135630', ... (336 bytes))
1788155848: Sending PUBLISH to auto-0C3A543C-2601-2003-4968-06C03657EB14 (d0, q1, r0, m885, 'test/m6/final-20260831T135630', ... (336 bytes))
1788155848: Sending PUBACK to gatewayd-m6-final-38460 (m885, rc0)
1788155848: Received PUBACK from auto-0C3A543C-2601-2003-4968-06C03657EB14 (Mid: 883, RC:0)
1788155848: Received PUBLISH from gatewayd-m6-final-38460 (d0, q1, r0, m886, 'test/m6/final-20260831T135630', ... (336 bytes))
1788155848: Sending PUBLISH to auto-0C3A543C-2601-2003-4968-06C03657EB14 (d0, q1, r0, m886, 'test/m6/final-20260831T135630', ... (336 bytes))
1788155848: Sending PUBACK to gatewayd-m6-final-38460 (m886, rc0)
1788155848: Received PUBACK from auto-0C3A543C-2601-2003-4968-06C03657EB14 (Mid: 884, RC:0)
1788155848: Received PUBACK from auto-0C3A543C-2601-2003-4968-06C03657EB14 (Mid: 885, RC:0)
1788155848: Received PUBLISH from gatewayd-m6-final-38460 (d0, q1, r0, m887, 'test/m6/final-20260831T135630', ... (336 bytes))
1788155848: Sending PUBLISH to auto-0C3A543C-2601-2003-4968-06C03657EB14 (d0, q1, r0, m887, 'test/m6/final-20260831T135630', ... (336 bytes))
1788155848: Sending PUBACK to gatewayd-m6-final-38460 (m887, rc0)
1788155848: Received PUBLISH from gatewayd-m6-final-38460 (d0, q1, r0, m888, 'test/m6/final-20260831T135630', ... (336 bytes))
1788155848: Sending PUBLISH to auto-0C3A543C-2601-2003-4968-06C03657EB14 (d0, q1, r0, m888, 'test/m6/final-20260831T135630', ... (336 bytes))
1788155848: Sending PUBACK to gatewayd-m6-final-38460 (m888, rc0)
1788155848: Received PUBACK from auto-0C3A543C-2601-2003-4968-06C03657EB14 (Mid: 886, RC:0)
1788155848: Received PUBLISH from gatewayd-m6-final-38460 (d0, q1, r0, m889, 'test/m6/final-20260831T135630', ... (336 bytes))
1788155848: Sending PUBLISH to auto-0C3A543C-2601-2003-4968-06C03657EB14 (d0, q1, r0, m889, 'test/m6/final-20260831T135630', ... (336 bytes))
1788155848: Sending PUBACK to gatewayd-m6-final-38460 (m889, rc0)
1788155848: Received PUBACK from auto-0C3A543C-2601-2003-4968-06C03657EB14 (Mid: 887, RC:0)
1788155848: Received PUBLISH from gatewayd-m6-final-38460 (d0, q1, r0, m890, 'test/m6/final-20260831T135630', ... (336 bytes))
1788155848: Sending PUBLISH to auto-0C3A543C-2601-2003-4968-06C03657EB14 (d0, q1, r0, m890, 'test/m6/final-20260831T135630', ... (336 bytes))
1788155848: Sending PUBACK to gatewayd-m6-final-38460 (m890, rc0)
1788155848: Received PUBACK from auto-0C3A543C-2601-2003-4968-06C03657EB14 (Mid: 888, RC:0)
1788155848: Received PUBACK from auto-0C3A543C-2601-2003-4968-06C03657EB14 (Mid: 889, RC:0)
1788155848: Received PUBLISH from gatewayd-m6-final-38460 (d0, q1, r0, m891, 'test/m6/final-20260831T135630', ... (336 bytes))
1788155848: Sending PUBLISH to auto-0C3A543C-2601-2003-4968-06C03657EB14 (d0, q1, r0, m891, 'test/m6/final-20260831T135630', ... (336 bytes))
1788155848: Sending PUBACK to gatewayd-m6-final-38460 (m891, rc0)
1788155848: Received PUBACK from auto-0C3A543C-2601-2003-4968-06C03657EB14 (Mid: 890, RC:0)
1788155848: Received PUBLISH from gatewayd-m6-final-38460 (d0, q1, r0, m892, 'test/m6/final-20260831T135630', ... (336 bytes))
1788155848: Sending PUBLISH to auto-0C3A543C-2601-2003-4968-06C03657EB14 (d0, q1, r0, m892, 'test/m6/final-20260831T135630', ... (336 bytes))
1788155848: Sending PUBACK to gatewayd-m6-final-38460 (m892, rc0)
1788155848: Received PUBACK from auto-0C3A543C-2601-2003-4968-06C03657EB14 (Mid: 891, RC:0)
1788155848: Received PUBLISH from gatewayd-m6-final-38460 (d0, q1, r0, m893, 'test/m6/final-20260831T135630', ... (336 bytes))
1788155848: Sending PUBLISH to auto-0C3A543C-2601-2003-4968-06C03657EB14 (d0, q1, r0, m893, 'test/m6/final-20260831T135630', ... (336 bytes))
1788155848: Sending PUBACK to gatewayd-m6-final-38460 (m893, rc0)
1788155848: Received PUBACK from auto-0C3A543C-2601-2003-4968-06C03657EB14 (Mid: 892, RC:0)
1788155848: Received PUBLISH from gatewayd-m6-final-38460 (d0, q1, r0, m894, 'test/m6/final-20260831T135630', ... (336 bytes))
1788155848: Sending PUBLISH to auto-0C3A543C-2601-2003-4968-06C03657EB14 (d0, q1, r0, m894, 'test/m6/final-20260831T135630', ... (336 bytes))
1788155848: Sending PUBACK to gatewayd-m6-final-38460 (m894, rc0)
1788155848: Received PUBACK from auto-0C3A543C-2601-2003-4968-06C03657EB14 (Mid: 893, RC:0)
1788155848: Received PUBLISH from gatewayd-m6-final-38460 (d0, q1, r0, m895, 'test/m6/final-20260831T135630', ... (336 bytes))
1788155848: Sending PUBLISH to auto-0C3A543C-2601-2003-4968-06C03657EB14 (d0, q1, r0, m895, 'test/m6/final-20260831T135630', ... (336 bytes))
1788155848: Sending PUBACK to gatewayd-m6-final-38460 (m895, rc0)
1788155848: Received PUBACK from auto-0C3A543C-2601-2003-4968-06C03657EB14 (Mid: 894, RC:0)
1788155848: Received PUBLISH from gatewayd-m6-final-38460 (d0, q1, r0, m896, 'test/m6/final-20260831T135630', ... (336 bytes))
1788155848: Sending PUBLISH to auto-0C3A543C-2601-2003-4968-06C03657EB14 (d0, q1, r0, m896, 'test/m6/final-20260831T135630', ... (336 bytes))
1788155848: Sending PUBACK to gatewayd-m6-final-38460 (m896, rc0)
1788155848: Received PUBACK from auto-0C3A543C-2601-2003-4968-06C03657EB14 (Mid: 895, RC:0)
1788155848: Received PUBLISH from gatewayd-m6-final-38460 (d0, q1, r0, m897, 'test/m6/final-20260831T135630', ... (336 bytes))
1788155848: Sending PUBLISH to auto-0C3A543C-2601-2003-4968-06C03657EB14 (d0, q1, r0, m897, 'test/m6/final-20260831T135630', ... (336 bytes))
1788155848: Sending PUBACK to gatewayd-m6-final-38460 (m897, rc0)
1788155848: Received PUBACK from auto-0C3A543C-2601-2003-4968-06C03657EB14 (Mid: 896, RC:0)
1788155848: Received PUBLISH from gatewayd-m6-final-38460 (d0, q1, r0, m898, 'test/m6/final-20260831T135630', ... (336 bytes))
1788155848: Sending PUBLISH to auto-0C3A543C-2601-2003-4968-06C03657EB14 (d0, q1, r0, m898, 'test/m6/final-20260831T135630', ... (336 bytes))
1788155848: Sending PUBACK to gatewayd-m6-final-38460 (m898, rc0)
1788155848: Received PUBACK from auto-0C3A543C-2601-2003-4968-06C03657EB14 (Mid: 897, RC:0)
1788155848: Received PUBLISH from gatewayd-m6-final-38460 (d0, q1, r0, m899, 'test/m6/final-20260831T135630', ... (336 bytes))
1788155848: Sending PUBLISH to auto-0C3A543C-2601-2003-4968-06C03657EB14 (d0, q1, r0, m899, 'test/m6/final-20260831T135630', ... (336 bytes))
1788155848: Sending PUBACK to gatewayd-m6-final-38460 (m899, rc0)
1788155848: Received PUBACK from auto-0C3A543C-2601-2003-4968-06C03657EB14 (Mid: 898, RC:0)
1788155848: Received PUBLISH from gatewayd-m6-final-38460 (d0, q1, r0, m900, 'test/m6/final-20260831T135630', ... (336 bytes))
1788155848: Sending PUBLISH to auto-0C3A543C-2601-2003-4968-06C03657EB14 (d0, q1, r0, m900, 'test/m6/final-20260831T135630', ... (336 bytes))
1788155848: Sending PUBACK to gatewayd-m6-final-38460 (m900, rc0)
1788155848: Received PUBLISH from gatewayd-m6-final-38460 (d0, q1, r0, m901, 'test/m6/final-20260831T135630', ... (336 bytes))
1788155848: Sending PUBLISH to auto-0C3A543C-2601-2003-4968-06C03657EB14 (d0, q1, r0, m901, 'test/m6/final-20260831T135630', ... (336 bytes))
1788155848: Sending PUBACK to gatewayd-m6-final-38460 (m901, rc0)
1788155848: Received PUBACK from auto-0C3A543C-2601-2003-4968-06C03657EB14 (Mid: 899, RC:0)
1788155848: Received PUBLISH from gatewayd-m6-final-38460 (d0, q1, r0, m902, 'test/m6/final-20260831T135630', ... (336 bytes))
1788155848: Sending PUBLISH to auto-0C3A543C-2601-2003-4968-06C03657EB14 (d0, q1, r0, m902, 'test/m6/final-20260831T135630', ... (336 bytes))
1788155848: Sending PUBACK to gatewayd-m6-final-38460 (m902, rc0)
1788155848: Received PUBACK from auto-0C3A543C-2601-2003-4968-06C03657EB14 (Mid: 900, RC:0)
1788155848: Received PUBLISH from gatewayd-m6-final-38460 (d0, q1, r0, m903, 'test/m6/final-20260831T135630', ... (336 bytes))
1788155848: Sending PUBLISH to auto-0C3A543C-2601-2003-4968-06C03657EB14 (d0, q1, r0, m903, 'test/m6/final-20260831T135630', ... (336 bytes))
1788155848: Sending PUBACK to gatewayd-m6-final-38460 (m903, rc0)
1788155848: Received PUBACK from auto-0C3A543C-2601-2003-4968-06C03657EB14 (Mid: 901, RC:0)
1788155848: Received PUBLISH from gatewayd-m6-final-38460 (d0, q1, r0, m904, 'test/m6/final-20260831T135630', ... (336 bytes))
1788155848: Sending PUBLISH to auto-0C3A543C-2601-2003-4968-06C03657EB14 (d0, q1, r0, m904, 'test/m6/final-20260831T135630', ... (336 bytes))
1788155848: Sending PUBACK to gatewayd-m6-final-38460 (m904, rc0)
1788155848: Received PUBACK from auto-0C3A543C-2601-2003-4968-06C03657EB14 (Mid: 902, RC:0)
1788155848: Received PUBLISH from gatewayd-m6-final-38460 (d0, q1, r0, m905, 'test/m6/final-20260831T135630', ... (336 bytes))
1788155848: Sending PUBLISH to auto-0C3A543C-2601-2003-4968-06C03657EB14 (d0, q1, r0, m905, 'test/m6/final-20260831T135630', ... (336 bytes))
1788155848: Sending PUBACK to gatewayd-m6-final-38460 (m905, rc0)
1788155848: Received PUBACK from auto-0C3A543C-2601-2003-4968-06C03657EB14 (Mid: 903, RC:0)
1788155848: Received PUBLISH from gatewayd-m6-final-38460 (d0, q1, r0, m906, 'test/m6/final-20260831T135630', ... (336 bytes))
1788155848: Sending PUBLISH to auto-0C3A543C-2601-2003-4968-06C03657EB14 (d0, q1, r0, m906, 'test/m6/final-20260831T135630', ... (336 bytes))
1788155848: Sending PUBACK to gatewayd-m6-final-38460 (m906, rc0)
1788155848: Received PUBACK from auto-0C3A543C-2601-2003-4968-06C03657EB14 (Mid: 904, RC:0)
1788155848: Received PUBACK from auto-0C3A543C-2601-2003-4968-06C03657EB14 (Mid: 905, RC:0)
1788155848: Received PUBLISH from gatewayd-m6-final-38460 (d0, q1, r0, m907, 'test/m6/final-20260831T135630', ... (336 bytes))
1788155848: Sending PUBLISH to auto-0C3A543C-2601-2003-4968-06C03657EB14 (d0, q1, r0, m907, 'test/m6/final-20260831T135630', ... (336 bytes))
1788155848: Sending PUBACK to gatewayd-m6-final-38460 (m907, rc0)
1788155848: Received PUBLISH from gatewayd-m6-final-38460 (d0, q1, r0, m908, 'test/m6/final-20260831T135630', ... (336 bytes))
1788155848: Sending PUBLISH to auto-0C3A543C-2601-2003-4968-06C03657EB14 (d0, q1, r0, m908, 'test/m6/final-20260831T135630', ... (336 bytes))
1788155848: Sending PUBACK to gatewayd-m6-final-38460 (m908, rc0)
1788155848: Received PUBACK from auto-0C3A543C-2601-2003-4968-06C03657EB14 (Mid: 906, RC:0)
1788155848: Received PUBLISH from gatewayd-m6-final-38460 (d0, q1, r0, m909, 'test/m6/final-20260831T135630', ... (336 bytes))
1788155848: Sending PUBLISH to auto-0C3A543C-2601-2003-4968-06C03657EB14 (d0, q1, r0, m909, 'test/m6/final-20260831T135630', ... (336 bytes))
1788155848: Sending PUBACK to gatewayd-m6-final-38460 (m909, rc0)
1788155848: Received PUBACK from auto-0C3A543C-2601-2003-4968-06C03657EB14 (Mid: 907, RC:0)
1788155848: Received PUBLISH from gatewayd-m6-final-38460 (d0, q1, r0, m910, 'test/m6/final-20260831T135630', ... (336 bytes))
1788155848: Sending PUBLISH to auto-0C3A543C-2601-2003-4968-06C03657EB14 (d0, q1, r0, m910, 'test/m6/final-20260831T135630', ... (336 bytes))
1788155848: Sending PUBACK to gatewayd-m6-final-38460 (m910, rc0)
1788155848: Received PUBACK from auto-0C3A543C-2601-2003-4968-06C03657EB14 (Mid: 908, RC:0)
1788155848: Received PUBLISH from gatewayd-m6-final-38460 (d0, q1, r0, m911, 'test/m6/final-20260831T135630', ... (336 bytes))
1788155848: Sending PUBLISH to auto-0C3A543C-2601-2003-4968-06C03657EB14 (d0, q1, r0, m911, 'test/m6/final-20260831T135630', ... (336 bytes))
1788155848: Sending PUBACK to gatewayd-m6-final-38460 (m911, rc0)
1788155848: Received PUBACK from auto-0C3A543C-2601-2003-4968-06C03657EB14 (Mid: 909, RC:0)
1788155848: Received PUBLISH from gatewayd-m6-final-38460 (d0, q1, r0, m912, 'test/m6/final-20260831T135630', ... (336 bytes))
1788155848: Sending PUBLISH to auto-0C3A543C-2601-2003-4968-06C03657EB14 (d0, q1, r0, m912, 'test/m6/final-20260831T135630', ... (336 bytes))
1788155848: Sending PUBACK to gatewayd-m6-final-38460 (m912, rc0)
1788155848: Received PUBACK from auto-0C3A543C-2601-2003-4968-06C03657EB14 (Mid: 910, RC:0)
1788155848: Received PUBLISH from gatewayd-m6-final-38460 (d0, q1, r0, m913, 'test/m6/final-20260831T135630', ... (336 bytes))
1788155848: Sending PUBLISH to auto-0C3A543C-2601-2003-4968-06C03657EB14 (d0, q1, r0, m913, 'test/m6/final-20260831T135630', ... (336 bytes))
1788155848: Sending PUBACK to gatewayd-m6-final-38460 (m913, rc0)
1788155848: Received PUBACK from auto-0C3A543C-2601-2003-4968-06C03657EB14 (Mid: 911, RC:0)
1788155848: Received PUBLISH from gatewayd-m6-final-38460 (d0, q1, r0, m914, 'test/m6/final-20260831T135630', ... (336 bytes))
1788155848: Sending PUBLISH to auto-0C3A543C-2601-2003-4968-06C03657EB14 (d0, q1, r0, m914, 'test/m6/final-20260831T135630', ... (336 bytes))
1788155848: Sending PUBACK to gatewayd-m6-final-38460 (m914, rc0)
1788155848: Received PUBACK from auto-0C3A543C-2601-2003-4968-06C03657EB14 (Mid: 912, RC:0)
1788155848: Received PUBACK from auto-0C3A543C-2601-2003-4968-06C03657EB14 (Mid: 913, RC:0)
1788155848: Received PUBLISH from gatewayd-m6-final-38460 (d0, q1, r0, m915, 'test/m6/final-20260831T135630', ... (336 bytes))
1788155848: Sending PUBLISH to auto-0C3A543C-2601-2003-4968-06C03657EB14 (d0, q1, r0, m915, 'test/m6/final-20260831T135630', ... (336 bytes))
1788155848: Sending PUBACK to gatewayd-m6-final-38460 (m915, rc0)
1788155848: Received PUBLISH from gatewayd-m6-final-38460 (d0, q1, r0, m916, 'test/m6/final-20260831T135630', ... (336 bytes))
1788155848: Sending PUBLISH to auto-0C3A543C-2601-2003-4968-06C03657EB14 (d0, q1, r0, m916, 'test/m6/final-20260831T135630', ... (336 bytes))
1788155848: Sending PUBACK to gatewayd-m6-final-38460 (m916, rc0)
1788155848: Received PUBACK from auto-0C3A543C-2601-2003-4968-06C03657EB14 (Mid: 914, RC:0)
1788155848: Received PUBLISH from gatewayd-m6-final-38460 (d0, q1, r0, m917, 'test/m6/final-20260831T135630', ... (336 bytes))
1788155848: Sending PUBLISH to auto-0C3A543C-2601-2003-4968-06C03657EB14 (d0, q1, r0, m917, 'test/m6/final-20260831T135630', ... (336 bytes))
1788155848: Sending PUBACK to gatewayd-m6-final-38460 (m917, rc0)
1788155848: Received PUBACK from auto-0C3A543C-2601-2003-4968-06C03657EB14 (Mid: 915, RC:0)
1788155848: Received PUBLISH from gatewayd-m6-final-38460 (d0, q1, r0, m918, 'test/m6/final-20260831T135630', ... (336 bytes))
1788155848: Sending PUBLISH to auto-0C3A543C-2601-2003-4968-06C03657EB14 (d0, q1, r0, m918, 'test/m6/final-20260831T135630', ... (336 bytes))
1788155848: Sending PUBACK to gatewayd-m6-final-38460 (m918, rc0)
1788155848: Received PUBACK from auto-0C3A543C-2601-2003-4968-06C03657EB14 (Mid: 916, RC:0)
1788155848: Received PUBLISH from gatewayd-m6-final-38460 (d0, q1, r0, m919, 'test/m6/final-20260831T135630', ... (336 bytes))
1788155848: Sending PUBLISH to auto-0C3A543C-2601-2003-4968-06C03657EB14 (d0, q1, r0, m919, 'test/m6/final-20260831T135630', ... (336 bytes))
1788155848: Sending PUBACK to gatewayd-m6-final-38460 (m919, rc0)
1788155848: Received PUBACK from auto-0C3A543C-2601-2003-4968-06C03657EB14 (Mid: 917, RC:0)
1788155848: Received PUBLISH from gatewayd-m6-final-38460 (d0, q1, r0, m920, 'test/m6/final-20260831T135630', ... (336 bytes))
1788155848: Sending PUBLISH to auto-0C3A543C-2601-2003-4968-06C03657EB14 (d0, q1, r0, m920, 'test/m6/final-20260831T135630', ... (336 bytes))
1788155848: Sending PUBACK to gatewayd-m6-final-38460 (m920, rc0)
1788155848: Received PUBACK from auto-0C3A543C-2601-2003-4968-06C03657EB14 (Mid: 918, RC:0)
1788155848: Received PUBACK from auto-0C3A543C-2601-2003-4968-06C03657EB14 (Mid: 919, RC:0)
1788155848: Received PUBLISH from gatewayd-m6-final-38460 (d0, q1, r0, m921, 'test/m6/final-20260831T135630', ... (336 bytes))
1788155848: Sending PUBLISH to auto-0C3A543C-2601-2003-4968-06C03657EB14 (d0, q1, r0, m921, 'test/m6/final-20260831T135630', ... (336 bytes))
1788155848: Sending PUBACK to gatewayd-m6-final-38460 (m921, rc0)
1788155848: Received PUBLISH from gatewayd-m6-final-38460 (d0, q1, r0, m922, 'test/m6/final-20260831T135630', ... (336 bytes))
1788155848: Sending PUBLISH to auto-0C3A543C-2601-2003-4968-06C03657EB14 (d0, q1, r0, m922, 'test/m6/final-20260831T135630', ... (336 bytes))
1788155848: Sending PUBACK to gatewayd-m6-final-38460 (m922, rc0)
1788155848: Received PUBACK from auto-0C3A543C-2601-2003-4968-06C03657EB14 (Mid: 920, RC:0)
1788155848: Received PUBLISH from gatewayd-m6-final-38460 (d0, q1, r0, m923, 'test/m6/final-20260831T135630', ... (336 bytes))
1788155848: Sending PUBLISH to auto-0C3A543C-2601-2003-4968-06C03657EB14 (d0, q1, r0, m923, 'test/m6/final-20260831T135630', ... (336 bytes))
1788155848: Sending PUBACK to gatewayd-m6-final-38460 (m923, rc0)
1788155848: Received PUBACK from auto-0C3A543C-2601-2003-4968-06C03657EB14 (Mid: 921, RC:0)
1788155848: Received PUBLISH from gatewayd-m6-final-38460 (d0, q1, r0, m924, 'test/m6/final-20260831T135630', ... (336 bytes))
1788155848: Sending PUBLISH to auto-0C3A543C-2601-2003-4968-06C03657EB14 (d0, q1, r0, m924, 'test/m6/final-20260831T135630', ... (336 bytes))
1788155848: Sending PUBACK to gatewayd-m6-final-38460 (m924, rc0)
1788155848: Received PUBACK from auto-0C3A543C-2601-2003-4968-06C03657EB14 (Mid: 922, RC:0)
1788155848: Received PUBLISH from gatewayd-m6-final-38460 (d0, q1, r0, m925, 'test/m6/final-20260831T135630', ... (336 bytes))
1788155848: Sending PUBLISH to auto-0C3A543C-2601-2003-4968-06C03657EB14 (d0, q1, r0, m925, 'test/m6/final-20260831T135630', ... (336 bytes))
1788155848: Sending PUBACK to gatewayd-m6-final-38460 (m925, rc0)
1788155848: Received PUBACK from auto-0C3A543C-2601-2003-4968-06C03657EB14 (Mid: 923, RC:0)
1788155848: Received PUBLISH from gatewayd-m6-final-38460 (d0, q1, r0, m926, 'test/m6/final-20260831T135630', ... (336 bytes))
1788155848: Sending PUBLISH to auto-0C3A543C-2601-2003-4968-06C03657EB14 (d0, q1, r0, m926, 'test/m6/final-20260831T135630', ... (336 bytes))
1788155848: Sending PUBACK to gatewayd-m6-final-38460 (m926, rc0)
1788155848: Received PUBACK from auto-0C3A543C-2601-2003-4968-06C03657EB14 (Mid: 924, RC:0)
1788155848: Received PUBLISH from gatewayd-m6-final-38460 (d0, q1, r0, m927, 'test/m6/final-20260831T135630', ... (336 bytes))
1788155848: Sending PUBLISH to auto-0C3A543C-2601-2003-4968-06C03657EB14 (d0, q1, r0, m927, 'test/m6/final-20260831T135630', ... (336 bytes))
1788155848: Sending PUBACK to gatewayd-m6-final-38460 (m927, rc0)
1788155848: Received PUBACK from auto-0C3A543C-2601-2003-4968-06C03657EB14 (Mid: 925, RC:0)
1788155848: Received PUBLISH from gatewayd-m6-final-38460 (d0, q1, r0, m928, 'test/m6/final-20260831T135630', ... (336 bytes))
1788155848: Sending PUBLISH to auto-0C3A543C-2601-2003-4968-06C03657EB14 (d0, q1, r0, m928, 'test/m6/final-20260831T135630', ... (336 bytes))
1788155848: Sending PUBACK to gatewayd-m6-final-38460 (m928, rc0)
1788155848: Received PUBACK from auto-0C3A543C-2601-2003-4968-06C03657EB14 (Mid: 926, RC:0)
1788155848: Received PUBACK from auto-0C3A543C-2601-2003-4968-06C03657EB14 (Mid: 927, RC:0)
1788155848: Received PUBLISH from gatewayd-m6-final-38460 (d0, q1, r0, m929, 'test/m6/final-20260831T135630', ... (336 bytes))
1788155848: Sending PUBLISH to auto-0C3A543C-2601-2003-4968-06C03657EB14 (d0, q1, r0, m929, 'test/m6/final-20260831T135630', ... (336 bytes))
1788155848: Sending PUBACK to gatewayd-m6-final-38460 (m929, rc0)
1788155848: Received PUBACK from auto-0C3A543C-2601-2003-4968-06C03657EB14 (Mid: 928, RC:0)
1788155848: Received PUBLISH from gatewayd-m6-final-38460 (d0, q1, r0, m930, 'test/m6/final-20260831T135630', ... (336 bytes))
1788155848: Sending PUBLISH to auto-0C3A543C-2601-2003-4968-06C03657EB14 (d0, q1, r0, m930, 'test/m6/final-20260831T135630', ... (336 bytes))
1788155848: Sending PUBACK to gatewayd-m6-final-38460 (m930, rc0)
1788155848: Received PUBLISH from gatewayd-m6-final-38460 (d0, q1, r0, m931, 'test/m6/final-20260831T135630', ... (336 bytes))
1788155848: Sending PUBLISH to auto-0C3A543C-2601-2003-4968-06C03657EB14 (d0, q1, r0, m931, 'test/m6/final-20260831T135630', ... (336 bytes))
1788155848: Sending PUBACK to gatewayd-m6-final-38460 (m931, rc0)
1788155848: Received PUBACK from auto-0C3A543C-2601-2003-4968-06C03657EB14 (Mid: 929, RC:0)
1788155848: Received PUBACK from auto-0C3A543C-2601-2003-4968-06C03657EB14 (Mid: 930, RC:0)
1788155848: Received PUBLISH from gatewayd-m6-final-38460 (d0, q1, r0, m932, 'test/m6/final-20260831T135630', ... (336 bytes))
1788155848: Sending PUBLISH to auto-0C3A543C-2601-2003-4968-06C03657EB14 (d0, q1, r0, m932, 'test/m6/final-20260831T135630', ... (336 bytes))
1788155848: Sending PUBACK to gatewayd-m6-final-38460 (m932, rc0)
1788155848: Received PUBLISH from gatewayd-m6-final-38460 (d0, q1, r0, m933, 'test/m6/final-20260831T135630', ... (336 bytes))
1788155848: Sending PUBLISH to auto-0C3A543C-2601-2003-4968-06C03657EB14 (d0, q1, r0, m933, 'test/m6/final-20260831T135630', ... (336 bytes))
1788155848: Sending PUBACK to gatewayd-m6-final-38460 (m933, rc0)
1788155848: Received PUBACK from auto-0C3A543C-2601-2003-4968-06C03657EB14 (Mid: 931, RC:0)
1788155848: Received PUBLISH from gatewayd-m6-final-38460 (d0, q1, r0, m934, 'test/m6/final-20260831T135630', ... (336 bytes))
1788155848: Sending PUBLISH to auto-0C3A543C-2601-2003-4968-06C03657EB14 (d0, q1, r0, m934, 'test/m6/final-20260831T135630', ... (336 bytes))
1788155848: Sending PUBACK to gatewayd-m6-final-38460 (m934, rc0)
1788155848: Received PUBACK from auto-0C3A543C-2601-2003-4968-06C03657EB14 (Mid: 932, RC:0)
1788155848: Received PUBLISH from gatewayd-m6-final-38460 (d0, q1, r0, m935, 'test/m6/final-20260831T135630', ... (336 bytes))
1788155848: Sending PUBLISH to auto-0C3A543C-2601-2003-4968-06C03657EB14 (d0, q1, r0, m935, 'test/m6/final-20260831T135630', ... (336 bytes))
1788155848: Sending PUBACK to gatewayd-m6-final-38460 (m935, rc0)
1788155848: Received PUBACK from auto-0C3A543C-2601-2003-4968-06C03657EB14 (Mid: 933, RC:0)
1788155848: Received PUBLISH from gatewayd-m6-final-38460 (d0, q1, r0, m936, 'test/m6/final-20260831T135630', ... (336 bytes))
1788155848: Sending PUBLISH to auto-0C3A543C-2601-2003-4968-06C03657EB14 (d0, q1, r0, m936, 'test/m6/final-20260831T135630', ... (336 bytes))
1788155848: Sending PUBACK to gatewayd-m6-final-38460 (m936, rc0)
1788155848: Received PUBACK from auto-0C3A543C-2601-2003-4968-06C03657EB14 (Mid: 934, RC:0)
1788155848: Received PUBLISH from gatewayd-m6-final-38460 (d0, q1, r0, m937, 'test/m6/final-20260831T135630', ... (336 bytes))
1788155848: Sending PUBLISH to auto-0C3A543C-2601-2003-4968-06C03657EB14 (d0, q1, r0, m937, 'test/m6/final-20260831T135630', ... (336 bytes))
1788155848: Sending PUBACK to gatewayd-m6-final-38460 (m937, rc0)
1788155848: Received PUBACK from auto-0C3A543C-2601-2003-4968-06C03657EB14 (Mid: 935, RC:0)
1788155848: Received PUBLISH from gatewayd-m6-final-38460 (d0, q1, r0, m938, 'test/m6/final-20260831T135630', ... (336 bytes))
1788155848: Sending PUBLISH to auto-0C3A543C-2601-2003-4968-06C03657EB14 (d0, q1, r0, m938, 'test/m6/final-20260831T135630', ... (336 bytes))
1788155848: Sending PUBACK to gatewayd-m6-final-38460 (m938, rc0)
1788155848: Received PUBACK from auto-0C3A543C-2601-2003-4968-06C03657EB14 (Mid: 936, RC:0)
1788155848: Received PUBLISH from gatewayd-m6-final-38460 (d0, q1, r0, m939, 'test/m6/final-20260831T135630', ... (336 bytes))
1788155848: Sending PUBLISH to auto-0C3A543C-2601-2003-4968-06C03657EB14 (d0, q1, r0, m939, 'test/m6/final-20260831T135630', ... (336 bytes))
1788155848: Sending PUBACK to gatewayd-m6-final-38460 (m939, rc0)
1788155848: Received PUBACK from auto-0C3A543C-2601-2003-4968-06C03657EB14 (Mid: 937, RC:0)
1788155848: Received PUBACK from auto-0C3A543C-2601-2003-4968-06C03657EB14 (Mid: 938, RC:0)
1788155848: Received PUBLISH from gatewayd-m6-final-38460 (d0, q1, r0, m940, 'test/m6/final-20260831T135630', ... (336 bytes))
1788155848: Sending PUBLISH to auto-0C3A543C-2601-2003-4968-06C03657EB14 (d0, q1, r0, m940, 'test/m6/final-20260831T135630', ... (336 bytes))
1788155848: Sending PUBACK to gatewayd-m6-final-38460 (m940, rc0)
1788155848: Received PUBLISH from gatewayd-m6-final-38460 (d0, q1, r0, m941, 'test/m6/final-20260831T135630', ... (336 bytes))
1788155848: Sending PUBLISH to auto-0C3A543C-2601-2003-4968-06C03657EB14 (d0, q1, r0, m941, 'test/m6/final-20260831T135630', ... (336 bytes))
1788155848: Sending PUBACK to gatewayd-m6-final-38460 (m941, rc0)
1788155848: Received PUBACK from auto-0C3A543C-2601-2003-4968-06C03657EB14 (Mid: 939, RC:0)
1788155848: Received PUBLISH from gatewayd-m6-final-38460 (d0, q1, r0, m942, 'test/m6/final-20260831T135630', ... (336 bytes))
1788155848: Sending PUBLISH to auto-0C3A543C-2601-2003-4968-06C03657EB14 (d0, q1, r0, m942, 'test/m6/final-20260831T135630', ... (336 bytes))
1788155848: Sending PUBACK to gatewayd-m6-final-38460 (m942, rc0)
1788155848: Received PUBACK from auto-0C3A543C-2601-2003-4968-06C03657EB14 (Mid: 940, RC:0)
1788155848: Received PUBACK from auto-0C3A543C-2601-2003-4968-06C03657EB14 (Mid: 941, RC:0)
1788155848: Received PUBLISH from gatewayd-m6-final-38460 (d0, q1, r0, m943, 'test/m6/final-20260831T135630', ... (336 bytes))
1788155848: Sending PUBLISH to auto-0C3A543C-2601-2003-4968-06C03657EB14 (d0, q1, r0, m943, 'test/m6/final-20260831T135630', ... (336 bytes))
1788155848: Sending PUBACK to gatewayd-m6-final-38460 (m943, rc0)
1788155848: Received PUBLISH from gatewayd-m6-final-38460 (d0, q1, r0, m944, 'test/m6/final-20260831T135630', ... (336 bytes))
1788155848: Sending PUBLISH to auto-0C3A543C-2601-2003-4968-06C03657EB14 (d0, q1, r0, m944, 'test/m6/final-20260831T135630', ... (336 bytes))
1788155848: Sending PUBACK to gatewayd-m6-final-38460 (m944, rc0)
1788155848: Received PUBACK from auto-0C3A543C-2601-2003-4968-06C03657EB14 (Mid: 942, RC:0)
1788155848: Received PUBACK from auto-0C3A543C-2601-2003-4968-06C03657EB14 (Mid: 943, RC:0)
1788155848: Received PUBLISH from gatewayd-m6-final-38460 (d0, q1, r0, m945, 'test/m6/final-20260831T135630', ... (336 bytes))
1788155848: Sending PUBLISH to auto-0C3A543C-2601-2003-4968-06C03657EB14 (d0, q1, r0, m945, 'test/m6/final-20260831T135630', ... (336 bytes))
1788155848: Sending PUBACK to gatewayd-m6-final-38460 (m945, rc0)
1788155848: Received PUBLISH from gatewayd-m6-final-38460 (d0, q1, r0, m946, 'test/m6/final-20260831T135630', ... (336 bytes))
1788155848: Sending PUBLISH to auto-0C3A543C-2601-2003-4968-06C03657EB14 (d0, q1, r0, m946, 'test/m6/final-20260831T135630', ... (336 bytes))
1788155848: Sending PUBACK to gatewayd-m6-final-38460 (m946, rc0)
1788155848: Received PUBACK from auto-0C3A543C-2601-2003-4968-06C03657EB14 (Mid: 944, RC:0)
1788155848: Received PUBACK from auto-0C3A543C-2601-2003-4968-06C03657EB14 (Mid: 945, RC:0)
1788155848: Received PUBLISH from gatewayd-m6-final-38460 (d0, q1, r0, m947, 'test/m6/final-20260831T135630', ... (336 bytes))
1788155848: Sending PUBLISH to auto-0C3A543C-2601-2003-4968-06C03657EB14 (d0, q1, r0, m947, 'test/m6/final-20260831T135630', ... (336 bytes))
1788155848: Sending PUBACK to gatewayd-m6-final-38460 (m947, rc0)
1788155848: Received PUBLISH from gatewayd-m6-final-38460 (d0, q1, r0, m948, 'test/m6/final-20260831T135630', ... (336 bytes))
1788155848: Sending PUBLISH to auto-0C3A543C-2601-2003-4968-06C03657EB14 (d0, q1, r0, m948, 'test/m6/final-20260831T135630', ... (336 bytes))
1788155848: Sending PUBACK to gatewayd-m6-final-38460 (m948, rc0)
1788155848: Received PUBACK from auto-0C3A543C-2601-2003-4968-06C03657EB14 (Mid: 946, RC:0)
1788155848: Received PUBACK from auto-0C3A543C-2601-2003-4968-06C03657EB14 (Mid: 947, RC:0)
1788155848: Received PUBLISH from gatewayd-m6-final-38460 (d0, q1, r0, m949, 'test/m6/final-20260831T135630', ... (336 bytes))
1788155848: Sending PUBLISH to auto-0C3A543C-2601-2003-4968-06C03657EB14 (d0, q1, r0, m949, 'test/m6/final-20260831T135630', ... (336 bytes))
1788155848: Sending PUBACK to gatewayd-m6-final-38460 (m949, rc0)
1788155848: Received PUBLISH from gatewayd-m6-final-38460 (d0, q1, r0, m950, 'test/m6/final-20260831T135630', ... (336 bytes))
1788155848: Sending PUBLISH to auto-0C3A543C-2601-2003-4968-06C03657EB14 (d0, q1, r0, m950, 'test/m6/final-20260831T135630', ... (336 bytes))
1788155848: Sending PUBACK to gatewayd-m6-final-38460 (m950, rc0)
1788155848: Received PUBACK from auto-0C3A543C-2601-2003-4968-06C03657EB14 (Mid: 948, RC:0)
1788155848: Received PUBACK from auto-0C3A543C-2601-2003-4968-06C03657EB14 (Mid: 949, RC:0)
1788155848: Received PUBLISH from gatewayd-m6-final-38460 (d0, q1, r0, m951, 'test/m6/final-20260831T135630', ... (336 bytes))
1788155848: Sending PUBLISH to auto-0C3A543C-2601-2003-4968-06C03657EB14 (d0, q1, r0, m951, 'test/m6/final-20260831T135630', ... (336 bytes))
1788155848: Sending PUBACK to gatewayd-m6-final-38460 (m951, rc0)
1788155848: Received PUBLISH from gatewayd-m6-final-38460 (d0, q1, r0, m952, 'test/m6/final-20260831T135630', ... (336 bytes))
1788155848: Sending PUBLISH to auto-0C3A543C-2601-2003-4968-06C03657EB14 (d0, q1, r0, m952, 'test/m6/final-20260831T135630', ... (336 bytes))
1788155848: Sending PUBACK to gatewayd-m6-final-38460 (m952, rc0)
1788155848: Received PUBACK from auto-0C3A543C-2601-2003-4968-06C03657EB14 (Mid: 950, RC:0)
1788155848: Received PUBACK from auto-0C3A543C-2601-2003-4968-06C03657EB14 (Mid: 951, RC:0)
1788155848: Received PUBLISH from gatewayd-m6-final-38460 (d0, q1, r0, m953, 'test/m6/final-20260831T135630', ... (336 bytes))
1788155848: Sending PUBLISH to auto-0C3A543C-2601-2003-4968-06C03657EB14 (d0, q1, r0, m953, 'test/m6/final-20260831T135630', ... (336 bytes))
1788155848: Sending PUBACK to gatewayd-m6-final-38460 (m953, rc0)
1788155848: Received PUBLISH from gatewayd-m6-final-38460 (d0, q1, r0, m954, 'test/m6/final-20260831T135630', ... (336 bytes))
1788155848: Sending PUBLISH to auto-0C3A543C-2601-2003-4968-06C03657EB14 (d0, q1, r0, m954, 'test/m6/final-20260831T135630', ... (336 bytes))
1788155848: Sending PUBACK to gatewayd-m6-final-38460 (m954, rc0)
1788155848: Received PUBACK from auto-0C3A543C-2601-2003-4968-06C03657EB14 (Mid: 952, RC:0)
1788155848: Received PUBACK from auto-0C3A543C-2601-2003-4968-06C03657EB14 (Mid: 953, RC:0)
1788155848: Received PUBLISH from gatewayd-m6-final-38460 (d0, q1, r0, m955, 'test/m6/final-20260831T135630', ... (336 bytes))
1788155848: Sending PUBLISH to auto-0C3A543C-2601-2003-4968-06C03657EB14 (d0, q1, r0, m955, 'test/m6/final-20260831T135630', ... (336 bytes))
1788155848: Sending PUBACK to gatewayd-m6-final-38460 (m955, rc0)
1788155848: Received PUBLISH from gatewayd-m6-final-38460 (d0, q1, r0, m956, 'test/m6/final-20260831T135630', ... (336 bytes))
1788155848: Sending PUBLISH to auto-0C3A543C-2601-2003-4968-06C03657EB14 (d0, q1, r0, m956, 'test/m6/final-20260831T135630', ... (336 bytes))
1788155848: Sending PUBACK to gatewayd-m6-final-38460 (m956, rc0)
1788155848: Received PUBACK from auto-0C3A543C-2601-2003-4968-06C03657EB14 (Mid: 954, RC:0)
1788155848: Received PUBACK from auto-0C3A543C-2601-2003-4968-06C03657EB14 (Mid: 955, RC:0)
1788155848: Received PUBLISH from gatewayd-m6-final-38460 (d0, q1, r0, m957, 'test/m6/final-20260831T135630', ... (336 bytes))
1788155848: Sending PUBLISH to auto-0C3A543C-2601-2003-4968-06C03657EB14 (d0, q1, r0, m957, 'test/m6/final-20260831T135630', ... (336 bytes))
1788155848: Sending PUBACK to gatewayd-m6-final-38460 (m957, rc0)
1788155848: Received PUBLISH from gatewayd-m6-final-38460 (d0, q1, r0, m958, 'test/m6/final-20260831T135630', ... (336 bytes))
1788155848: Sending PUBLISH to auto-0C3A543C-2601-2003-4968-06C03657EB14 (d0, q1, r0, m958, 'test/m6/final-20260831T135630', ... (336 bytes))
1788155848: Sending PUBACK to gatewayd-m6-final-38460 (m958, rc0)
1788155848: Received PUBACK from auto-0C3A543C-2601-2003-4968-06C03657EB14 (Mid: 956, RC:0)
1788155848: Received PUBLISH from gatewayd-m6-final-38460 (d0, q1, r0, m959, 'test/m6/final-20260831T135630', ... (336 bytes))
1788155848: Sending PUBLISH to auto-0C3A543C-2601-2003-4968-06C03657EB14 (d0, q1, r0, m959, 'test/m6/final-20260831T135630', ... (336 bytes))
1788155848: Sending PUBACK to gatewayd-m6-final-38460 (m959, rc0)
1788155848: Received PUBACK from auto-0C3A543C-2601-2003-4968-06C03657EB14 (Mid: 957, RC:0)
1788155848: Received PUBLISH from gatewayd-m6-final-38460 (d0, q1, r0, m960, 'test/m6/final-20260831T135630', ... (336 bytes))
1788155848: Sending PUBLISH to auto-0C3A543C-2601-2003-4968-06C03657EB14 (d0, q1, r0, m960, 'test/m6/final-20260831T135630', ... (336 bytes))
1788155848: Sending PUBACK to gatewayd-m6-final-38460 (m960, rc0)
1788155848: Received PUBACK from auto-0C3A543C-2601-2003-4968-06C03657EB14 (Mid: 958, RC:0)
1788155848: Received PUBACK from auto-0C3A543C-2601-2003-4968-06C03657EB14 (Mid: 959, RC:0)
1788155848: Received PUBLISH from gatewayd-m6-final-38460 (d0, q1, r0, m961, 'test/m6/final-20260831T135630', ... (336 bytes))
1788155848: Sending PUBLISH to auto-0C3A543C-2601-2003-4968-06C03657EB14 (d0, q1, r0, m961, 'test/m6/final-20260831T135630', ... (336 bytes))
1788155848: Sending PUBACK to gatewayd-m6-final-38460 (m961, rc0)
1788155848: Received PUBLISH from gatewayd-m6-final-38460 (d0, q1, r0, m962, 'test/m6/final-20260831T135630', ... (336 bytes))
1788155848: Sending PUBLISH to auto-0C3A543C-2601-2003-4968-06C03657EB14 (d0, q1, r0, m962, 'test/m6/final-20260831T135630', ... (336 bytes))
1788155848: Sending PUBACK to gatewayd-m6-final-38460 (m962, rc0)
1788155848: Received PUBACK from auto-0C3A543C-2601-2003-4968-06C03657EB14 (Mid: 960, RC:0)
1788155848: Received PUBACK from auto-0C3A543C-2601-2003-4968-06C03657EB14 (Mid: 961, RC:0)
1788155848: Received PUBLISH from gatewayd-m6-final-38460 (d0, q1, r0, m963, 'test/m6/final-20260831T135630', ... (336 bytes))
1788155848: Sending PUBLISH to auto-0C3A543C-2601-2003-4968-06C03657EB14 (d0, q1, r0, m963, 'test/m6/final-20260831T135630', ... (336 bytes))
1788155848: Sending PUBACK to gatewayd-m6-final-38460 (m963, rc0)
1788155848: Received PUBACK from auto-0C3A543C-2601-2003-4968-06C03657EB14 (Mid: 962, RC:0)
1788155848: Received PUBLISH from gatewayd-m6-final-38460 (d0, q1, r0, m964, 'test/m6/final-20260831T135630', ... (336 bytes))
1788155848: Sending PUBLISH to auto-0C3A543C-2601-2003-4968-06C03657EB14 (d0, q1, r0, m964, 'test/m6/final-20260831T135630', ... (336 bytes))
1788155848: Sending PUBACK to gatewayd-m6-final-38460 (m964, rc0)
1788155848: Received PUBLISH from gatewayd-m6-final-38460 (d0, q1, r0, m965, 'test/m6/final-20260831T135630', ... (336 bytes))
1788155848: Sending PUBLISH to auto-0C3A543C-2601-2003-4968-06C03657EB14 (d0, q1, r0, m965, 'test/m6/final-20260831T135630', ... (336 bytes))
1788155848: Sending PUBACK to gatewayd-m6-final-38460 (m965, rc0)
1788155848: Received PUBACK from auto-0C3A543C-2601-2003-4968-06C03657EB14 (Mid: 963, RC:0)
1788155848: Received PUBACK from auto-0C3A543C-2601-2003-4968-06C03657EB14 (Mid: 964, RC:0)
1788155848: Received PUBLISH from gatewayd-m6-final-38460 (d0, q1, r0, m966, 'test/m6/final-20260831T135630', ... (336 bytes))
1788155848: Sending PUBLISH to auto-0C3A543C-2601-2003-4968-06C03657EB14 (d0, q1, r0, m966, 'test/m6/final-20260831T135630', ... (336 bytes))
1788155848: Sending PUBACK to gatewayd-m6-final-38460 (m966, rc0)
1788155848: Received PUBLISH from gatewayd-m6-final-38460 (d0, q1, r0, m967, 'test/m6/final-20260831T135630', ... (336 bytes))
1788155848: Sending PUBLISH to auto-0C3A543C-2601-2003-4968-06C03657EB14 (d0, q1, r0, m967, 'test/m6/final-20260831T135630', ... (336 bytes))
1788155848: Sending PUBACK to gatewayd-m6-final-38460 (m967, rc0)
1788155848: Received PUBACK from auto-0C3A543C-2601-2003-4968-06C03657EB14 (Mid: 965, RC:0)
1788155848: Received PUBACK from auto-0C3A543C-2601-2003-4968-06C03657EB14 (Mid: 966, RC:0)
1788155848: Received PUBLISH from gatewayd-m6-final-38460 (d0, q1, r0, m968, 'test/m6/final-20260831T135630', ... (336 bytes))
1788155848: Sending PUBLISH to auto-0C3A543C-2601-2003-4968-06C03657EB14 (d0, q1, r0, m968, 'test/m6/final-20260831T135630', ... (336 bytes))
1788155848: Sending PUBACK to gatewayd-m6-final-38460 (m968, rc0)
1788155848: Received PUBLISH from gatewayd-m6-final-38460 (d0, q1, r0, m969, 'test/m6/final-20260831T135630', ... (336 bytes))
1788155848: Sending PUBLISH to auto-0C3A543C-2601-2003-4968-06C03657EB14 (d0, q1, r0, m969, 'test/m6/final-20260831T135630', ... (336 bytes))
1788155848: Sending PUBACK to gatewayd-m6-final-38460 (m969, rc0)
1788155848: Received PUBACK from auto-0C3A543C-2601-2003-4968-06C03657EB14 (Mid: 967, RC:0)
1788155848: Received PUBACK from auto-0C3A543C-2601-2003-4968-06C03657EB14 (Mid: 968, RC:0)
1788155848: Received PUBLISH from gatewayd-m6-final-38460 (d0, q1, r0, m970, 'test/m6/final-20260831T135630', ... (336 bytes))
1788155848: Sending PUBLISH to auto-0C3A543C-2601-2003-4968-06C03657EB14 (d0, q1, r0, m970, 'test/m6/final-20260831T135630', ... (336 bytes))
1788155848: Sending PUBACK to gatewayd-m6-final-38460 (m970, rc0)
1788155848: Received PUBLISH from gatewayd-m6-final-38460 (d0, q1, r0, m971, 'test/m6/final-20260831T135630', ... (336 bytes))
1788155848: Sending PUBLISH to auto-0C3A543C-2601-2003-4968-06C03657EB14 (d0, q1, r0, m971, 'test/m6/final-20260831T135630', ... (336 bytes))
1788155848: Sending PUBACK to gatewayd-m6-final-38460 (m971, rc0)
1788155848: Received PUBACK from auto-0C3A543C-2601-2003-4968-06C03657EB14 (Mid: 969, RC:0)
1788155848: Received PUBACK from auto-0C3A543C-2601-2003-4968-06C03657EB14 (Mid: 970, RC:0)
1788155848: Received PUBLISH from gatewayd-m6-final-38460 (d0, q1, r0, m972, 'test/m6/final-20260831T135630', ... (336 bytes))
1788155848: Sending PUBLISH to auto-0C3A543C-2601-2003-4968-06C03657EB14 (d0, q1, r0, m972, 'test/m6/final-20260831T135630', ... (336 bytes))
1788155848: Sending PUBACK to gatewayd-m6-final-38460 (m972, rc0)
1788155848: Received PUBACK from auto-0C3A543C-2601-2003-4968-06C03657EB14 (Mid: 971, RC:0)
1788155848: Received PUBLISH from gatewayd-m6-final-38460 (d0, q1, r0, m973, 'test/m6/final-20260831T135630', ... (336 bytes))
1788155848: Sending PUBLISH to auto-0C3A543C-2601-2003-4968-06C03657EB14 (d0, q1, r0, m973, 'test/m6/final-20260831T135630', ... (336 bytes))
1788155848: Sending PUBACK to gatewayd-m6-final-38460 (m973, rc0)
1788155848: Received PUBACK from auto-0C3A543C-2601-2003-4968-06C03657EB14 (Mid: 972, RC:0)
1788155848: Received PUBLISH from gatewayd-m6-final-38460 (d0, q1, r0, m974, 'test/m6/final-20260831T135630', ... (336 bytes))
1788155848: Sending PUBLISH to auto-0C3A543C-2601-2003-4968-06C03657EB14 (d0, q1, r0, m974, 'test/m6/final-20260831T135630', ... (336 bytes))
1788155848: Sending PUBACK to gatewayd-m6-final-38460 (m974, rc0)
1788155848: Received PUBLISH from gatewayd-m6-final-38460 (d0, q1, r0, m975, 'test/m6/final-20260831T135630', ... (336 bytes))
1788155848: Sending PUBLISH to auto-0C3A543C-2601-2003-4968-06C03657EB14 (d0, q1, r0, m975, 'test/m6/final-20260831T135630', ... (336 bytes))
1788155848: Sending PUBACK to gatewayd-m6-final-38460 (m975, rc0)
1788155848: Received PUBACK from auto-0C3A543C-2601-2003-4968-06C03657EB14 (Mid: 973, RC:0)
1788155848: Received PUBACK from auto-0C3A543C-2601-2003-4968-06C03657EB14 (Mid: 974, RC:0)
1788155848: Received PUBLISH from gatewayd-m6-final-38460 (d0, q1, r0, m976, 'test/m6/final-20260831T135630', ... (336 bytes))
1788155848: Sending PUBLISH to auto-0C3A543C-2601-2003-4968-06C03657EB14 (d0, q1, r0, m976, 'test/m6/final-20260831T135630', ... (336 bytes))
1788155848: Sending PUBACK to gatewayd-m6-final-38460 (m976, rc0)
1788155848: Received PUBACK from auto-0C3A543C-2601-2003-4968-06C03657EB14 (Mid: 975, RC:0)
1788155848: Received PUBLISH from gatewayd-m6-final-38460 (d0, q1, r0, m977, 'test/m6/final-20260831T135630', ... (336 bytes))
1788155848: Sending PUBLISH to auto-0C3A543C-2601-2003-4968-06C03657EB14 (d0, q1, r0, m977, 'test/m6/final-20260831T135630', ... (336 bytes))
1788155848: Sending PUBACK to gatewayd-m6-final-38460 (m977, rc0)
1788155848: Received PUBLISH from gatewayd-m6-final-38460 (d0, q1, r0, m978, 'test/m6/final-20260831T135630', ... (336 bytes))
1788155848: Sending PUBLISH to auto-0C3A543C-2601-2003-4968-06C03657EB14 (d0, q1, r0, m978, 'test/m6/final-20260831T135630', ... (336 bytes))
1788155848: Sending PUBACK to gatewayd-m6-final-38460 (m978, rc0)
1788155848: Received PUBACK from auto-0C3A543C-2601-2003-4968-06C03657EB14 (Mid: 976, RC:0)
1788155848: Received PUBACK from auto-0C3A543C-2601-2003-4968-06C03657EB14 (Mid: 977, RC:0)
1788155848: Received PUBLISH from gatewayd-m6-final-38460 (d0, q1, r0, m979, 'test/m6/final-20260831T135630', ... (336 bytes))
1788155848: Sending PUBLISH to auto-0C3A543C-2601-2003-4968-06C03657EB14 (d0, q1, r0, m979, 'test/m6/final-20260831T135630', ... (336 bytes))
1788155848: Sending PUBACK to gatewayd-m6-final-38460 (m979, rc0)
1788155848: Received PUBACK from auto-0C3A543C-2601-2003-4968-06C03657EB14 (Mid: 978, RC:0)
1788155848: Received PUBLISH from gatewayd-m6-final-38460 (d0, q1, r0, m980, 'test/m6/final-20260831T135630', ... (336 bytes))
1788155848: Sending PUBLISH to auto-0C3A543C-2601-2003-4968-06C03657EB14 (d0, q1, r0, m980, 'test/m6/final-20260831T135630', ... (336 bytes))
1788155848: Sending PUBACK to gatewayd-m6-final-38460 (m980, rc0)
1788155848: Received PUBLISH from gatewayd-m6-final-38460 (d0, q1, r0, m981, 'test/m6/final-20260831T135630', ... (336 bytes))
1788155848: Sending PUBLISH to auto-0C3A543C-2601-2003-4968-06C03657EB14 (d0, q1, r0, m981, 'test/m6/final-20260831T135630', ... (336 bytes))
1788155848: Sending PUBACK to gatewayd-m6-final-38460 (m981, rc0)
1788155848: Received PUBACK from auto-0C3A543C-2601-2003-4968-06C03657EB14 (Mid: 979, RC:0)
1788155848: Received PUBACK from auto-0C3A543C-2601-2003-4968-06C03657EB14 (Mid: 980, RC:0)
1788155848: Received PUBLISH from gatewayd-m6-final-38460 (d0, q1, r0, m982, 'test/m6/final-20260831T135630', ... (336 bytes))
1788155848: Sending PUBLISH to auto-0C3A543C-2601-2003-4968-06C03657EB14 (d0, q1, r0, m982, 'test/m6/final-20260831T135630', ... (336 bytes))
1788155848: Sending PUBACK to gatewayd-m6-final-38460 (m982, rc0)
1788155848: Received PUBACK from auto-0C3A543C-2601-2003-4968-06C03657EB14 (Mid: 981, RC:0)
1788155848: Received PUBLISH from gatewayd-m6-final-38460 (d0, q1, r0, m983, 'test/m6/final-20260831T135630', ... (336 bytes))
1788155848: Sending PUBLISH to auto-0C3A543C-2601-2003-4968-06C03657EB14 (d0, q1, r0, m983, 'test/m6/final-20260831T135630', ... (336 bytes))
1788155848: Sending PUBACK to gatewayd-m6-final-38460 (m983, rc0)
1788155848: Received PUBACK from auto-0C3A543C-2601-2003-4968-06C03657EB14 (Mid: 982, RC:0)
1788155848: Received PUBLISH from gatewayd-m6-final-38460 (d0, q1, r0, m984, 'test/m6/final-20260831T135630', ... (336 bytes))
1788155848: Sending PUBLISH to auto-0C3A543C-2601-2003-4968-06C03657EB14 (d0, q1, r0, m984, 'test/m6/final-20260831T135630', ... (336 bytes))
1788155848: Sending PUBACK to gatewayd-m6-final-38460 (m984, rc0)
1788155848: Received PUBACK from auto-0C3A543C-2601-2003-4968-06C03657EB14 (Mid: 983, RC:0)
1788155848: Received PUBLISH from gatewayd-m6-final-38460 (d0, q1, r0, m985, 'test/m6/final-20260831T135630', ... (336 bytes))
1788155848: Sending PUBLISH to auto-0C3A543C-2601-2003-4968-06C03657EB14 (d0, q1, r0, m985, 'test/m6/final-20260831T135630', ... (336 bytes))
1788155848: Sending PUBACK to gatewayd-m6-final-38460 (m985, rc0)
1788155848: Received PUBACK from auto-0C3A543C-2601-2003-4968-06C03657EB14 (Mid: 984, RC:0)
1788155848: Received PUBLISH from gatewayd-m6-final-38460 (d0, q1, r0, m986, 'test/m6/final-20260831T135630', ... (336 bytes))
1788155848: Sending PUBLISH to auto-0C3A543C-2601-2003-4968-06C03657EB14 (d0, q1, r0, m986, 'test/m6/final-20260831T135630', ... (336 bytes))
1788155848: Sending PUBACK to gatewayd-m6-final-38460 (m986, rc0)
1788155848: Received PUBLISH from gatewayd-m6-final-38460 (d0, q1, r0, m987, 'test/m6/final-20260831T135630', ... (336 bytes))
1788155848: Sending PUBLISH to auto-0C3A543C-2601-2003-4968-06C03657EB14 (d0, q1, r0, m987, 'test/m6/final-20260831T135630', ... (336 bytes))
1788155848: Sending PUBACK to gatewayd-m6-final-38460 (m987, rc0)
1788155848: Received PUBACK from auto-0C3A543C-2601-2003-4968-06C03657EB14 (Mid: 985, RC:0)
1788155848: Received PUBACK from auto-0C3A543C-2601-2003-4968-06C03657EB14 (Mid: 986, RC:0)
1788155848: Received PUBLISH from gatewayd-m6-final-38460 (d0, q1, r0, m988, 'test/m6/final-20260831T135630', ... (336 bytes))
1788155848: Sending PUBLISH to auto-0C3A543C-2601-2003-4968-06C03657EB14 (d0, q1, r0, m988, 'test/m6/final-20260831T135630', ... (336 bytes))
1788155848: Sending PUBACK to gatewayd-m6-final-38460 (m988, rc0)
1788155848: Received PUBACK from auto-0C3A543C-2601-2003-4968-06C03657EB14 (Mid: 987, RC:0)
1788155848: Received PUBLISH from gatewayd-m6-final-38460 (d0, q1, r0, m989, 'test/m6/final-20260831T135630', ... (336 bytes))
1788155848: Sending PUBLISH to auto-0C3A543C-2601-2003-4968-06C03657EB14 (d0, q1, r0, m989, 'test/m6/final-20260831T135630', ... (336 bytes))
1788155848: Sending PUBACK to gatewayd-m6-final-38460 (m989, rc0)
1788155848: Received PUBLISH from gatewayd-m6-final-38460 (d0, q1, r0, m990, 'test/m6/final-20260831T135630', ... (336 bytes))
1788155848: Sending PUBLISH to auto-0C3A543C-2601-2003-4968-06C03657EB14 (d0, q1, r0, m990, 'test/m6/final-20260831T135630', ... (336 bytes))
1788155848: Sending PUBACK to gatewayd-m6-final-38460 (m990, rc0)
1788155848: Received PUBACK from auto-0C3A543C-2601-2003-4968-06C03657EB14 (Mid: 988, RC:0)
1788155848: Received PUBLISH from gatewayd-m6-final-38460 (d0, q1, r0, m991, 'test/m6/final-20260831T135630', ... (336 bytes))
1788155848: Sending PUBLISH to auto-0C3A543C-2601-2003-4968-06C03657EB14 (d0, q1, r0, m991, 'test/m6/final-20260831T135630', ... (336 bytes))
1788155848: Sending PUBACK to gatewayd-m6-final-38460 (m991, rc0)
1788155848: Received PUBACK from auto-0C3A543C-2601-2003-4968-06C03657EB14 (Mid: 989, RC:0)
1788155848: Received PUBLISH from gatewayd-m6-final-38460 (d0, q1, r0, m992, 'test/m6/final-20260831T135630', ... (336 bytes))
1788155848: Sending PUBLISH to auto-0C3A543C-2601-2003-4968-06C03657EB14 (d0, q1, r0, m992, 'test/m6/final-20260831T135630', ... (336 bytes))
1788155848: Sending PUBACK to gatewayd-m6-final-38460 (m992, rc0)
1788155848: Received PUBACK from auto-0C3A543C-2601-2003-4968-06C03657EB14 (Mid: 990, RC:0)
1788155848: Received PUBLISH from gatewayd-m6-final-38460 (d0, q1, r0, m993, 'test/m6/final-20260831T135630', ... (336 bytes))
1788155848: Sending PUBLISH to auto-0C3A543C-2601-2003-4968-06C03657EB14 (d0, q1, r0, m993, 'test/m6/final-20260831T135630', ... (336 bytes))
1788155848: Sending PUBACK to gatewayd-m6-final-38460 (m993, rc0)
1788155848: Received PUBACK from auto-0C3A543C-2601-2003-4968-06C03657EB14 (Mid: 991, RC:0)
1788155848: Received PUBLISH from gatewayd-m6-final-38460 (d0, q1, r0, m994, 'test/m6/final-20260831T135630', ... (336 bytes))
1788155848: Sending PUBLISH to auto-0C3A543C-2601-2003-4968-06C03657EB14 (d0, q1, r0, m994, 'test/m6/final-20260831T135630', ... (336 bytes))
1788155848: Sending PUBACK to gatewayd-m6-final-38460 (m994, rc0)
1788155848: Received PUBACK from auto-0C3A543C-2601-2003-4968-06C03657EB14 (Mid: 992, RC:0)
1788155848: Received PUBACK from auto-0C3A543C-2601-2003-4968-06C03657EB14 (Mid: 993, RC:0)
1788155848: Received PUBLISH from gatewayd-m6-final-38460 (d0, q1, r0, m995, 'test/m6/final-20260831T135630', ... (336 bytes))
1788155848: Sending PUBLISH to auto-0C3A543C-2601-2003-4968-06C03657EB14 (d0, q1, r0, m995, 'test/m6/final-20260831T135630', ... (336 bytes))
1788155848: Sending PUBACK to gatewayd-m6-final-38460 (m995, rc0)
1788155848: Received PUBACK from auto-0C3A543C-2601-2003-4968-06C03657EB14 (Mid: 994, RC:0)
1788155848: Received PUBLISH from gatewayd-m6-final-38460 (d0, q1, r0, m996, 'test/m6/final-20260831T135630', ... (336 bytes))
1788155848: Sending PUBLISH to auto-0C3A543C-2601-2003-4968-06C03657EB14 (d0, q1, r0, m996, 'test/m6/final-20260831T135630', ... (336 bytes))
1788155848: Sending PUBACK to gatewayd-m6-final-38460 (m996, rc0)
1788155848: Received PUBLISH from gatewayd-m6-final-38460 (d0, q1, r0, m997, 'test/m6/final-20260831T135630', ... (336 bytes))
1788155848: Sending PUBLISH to auto-0C3A543C-2601-2003-4968-06C03657EB14 (d0, q1, r0, m997, 'test/m6/final-20260831T135630', ... (336 bytes))
1788155848: Sending PUBACK to gatewayd-m6-final-38460 (m997, rc0)
1788155848: Received PUBACK from auto-0C3A543C-2601-2003-4968-06C03657EB14 (Mid: 995, RC:0)
1788155848: Received PUBACK from auto-0C3A543C-2601-2003-4968-06C03657EB14 (Mid: 996, RC:0)
1788155848: Received PUBLISH from gatewayd-m6-final-38460 (d0, q1, r0, m998, 'test/m6/final-20260831T135630', ... (336 bytes))
1788155848: Sending PUBLISH to auto-0C3A543C-2601-2003-4968-06C03657EB14 (d0, q1, r0, m998, 'test/m6/final-20260831T135630', ... (336 bytes))
1788155848: Sending PUBACK to gatewayd-m6-final-38460 (m998, rc0)
1788155848: Received PUBLISH from gatewayd-m6-final-38460 (d0, q1, r0, m999, 'test/m6/final-20260831T135630', ... (336 bytes))
1788155848: Sending PUBLISH to auto-0C3A543C-2601-2003-4968-06C03657EB14 (d0, q1, r0, m999, 'test/m6/final-20260831T135630', ... (336 bytes))
1788155848: Sending PUBACK to gatewayd-m6-final-38460 (m999, rc0)
1788155848: Received PUBACK from auto-0C3A543C-2601-2003-4968-06C03657EB14 (Mid: 997, RC:0)
1788155848: Received PUBLISH from gatewayd-m6-final-38460 (d0, q1, r0, m1000, 'test/m6/final-20260831T135630', ... (341 bytes))
1788155848: Sending PUBLISH to auto-0C3A543C-2601-2003-4968-06C03657EB14 (d0, q1, r0, m1000, 'test/m6/final-20260831T135630', ... (341 bytes))
1788155848: Sending PUBACK to gatewayd-m6-final-38460 (m1000, rc0)
1788155848: Received PUBACK from auto-0C3A543C-2601-2003-4968-06C03657EB14 (Mid: 998, RC:0)
1788155848: Received PUBACK from auto-0C3A543C-2601-2003-4968-06C03657EB14 (Mid: 999, RC:0)
1788155848: Received PUBACK from auto-0C3A543C-2601-2003-4968-06C03657EB14 (Mid: 1000, RC:0)
1788155848: Received DISCONNECT from auto-0C3A543C-2601-2003-4968-06C03657EB14
1788155848: Client auto-0C3A543C-2601-2003-4968-06C03657EB14 disconnected.
1788155848: Received DISCONNECT from gatewayd-m6-final-38460
1788155848: Client gatewayd-m6-final-38460 disconnected.
