 (000.000000)  can0  100   [8]  00 00 00 00 00 00 00 00
 (000.010017)  can0  100   [8]  00 00 00 00 00 00 01 01
 (000.020003)  can0  100   [8]  00 00 00 00 00 00 02 02
 (000.029975)  can0  100   [8]  00 00 00 00 00 00 03 03
 (000.039976)  can0  100   [8]  00 00 00 00 00 00 04 04
 (000.049997)  can0  100   [8]  00 00 00 00 00 00 05 05
 (000.059992)  can0  100   [8]  00 00 00 00 00 00 06 06
 (000.069992)  can0  100   [8]  00 00 00 00 00 00 07 07
 (000.079990)  can0  100   [8]  00 00 00 00 00 00 08 08
 (000.089985)  can0  100   [8]  00 00 00 00 00 00 09 09
 (000.090201)  can0  101   [8]  38 31 3C C8 00 00 00 FD
 (000.099990)  can0  100   [8]  00 00 00 00 00 00 0A 0A
 (000.109967)  can0  100   [8]  00 00 00 00 00 00 0B 0B
 (000.119994)  can0  100   [8]  00 00 00 00 00 00 0C 0C
 (000.129990)  can0  100   [8]  00 00 00 00 00 00 0D 0D
 (000.139968)  can0  100   [8]  00 00 00 00 00 00 0E 0E
 (000.149995)  can0  100   [8]  00 00 00 00 00 00 0F 0F
 (000.159987)  can0  100   [8]  00 00 00 00 00 00 10 10
 (000.169985)  can0  100   [8]  00 00 00 00 00 00 11 11
 (000.179997)  can0  100   [8]  00 00 00 00 00 00 12 12
 (000.189988)  can0  100   [8]  00 00 00 00 00 00 13 13
 (000.190192)  can0  101   [8]  38 31 3C C8 00 00 01 FC
 (000.199987)  can0  100   [8]  00 00 00 00 00 00 14 14
 (000.209990)  can0  100   [8]  00 00 00 00 00 00 15 15
 (000.219983)  can0  100   [8]  00 00 00 00 00 00 16 16
 (000.229980)  can0  100   [8]  00 00 00 00 00 00 17 17
 (000.239967)  can0  100   [8]  00 00 00 00 00 00 18 18
 (000.249996)  can0  100   [8]  00 00 00 00 00 00 19 19
 (000.259982)  can0  100   [8]  00 00 00 00 00 00 1A 1A
 (000.269984)  can0  100   [8]  00 00 00 00 00 00 1B 1B
 (000.279984)  can0  100   [8]  00 00 00 00 00 00 1C 1C
 (000.289977)  can0  100   [8]  00 00 00 00 00 00 1D 1D
 (000.290192)  can0  101   [8]  38 31 3C C8 00 00 02 FF
 (000.299979)  can0  100   [8]  00 00 00 00 00 00 1E 1E
 (000.309984)  can0  100   [8]  00 00 00 00 00 00 1F 1F
 (000.319984)  can0  100   [8]  00 00 00 00 00 00 20 20
 (000.329977)  can0  100   [8]  00 00 00 00 00 00 21 21
 (000.339965)  can0  100   [8]  00 00 00 00 00 00 22 22
 (000.349960)  can0  100   [8]  00 00 00 00 00 00 23 23
 (000.359987)  can0  100   [8]  00 00 00 00 00 00 24 24
 (000.369981)  can0  100   [8]  00 00 00 00 00 00 25 25
 (000.379998)  can0  100   [8]  00 00 00 00 00 00 26 26
 (000.389980)  can0  100   [8]  00 00 00 00 00 00 27 27
 (000.390193)  can0  101   [8]  38 31 3C C8 00 00 03 FE
 (000.399984)  can0  100   [8]  00 00 00 00 00 00 28 28
 (000.409978)  can0  100   [8]  00 00 00 00 00 00 29 29
 (000.419981)  can0  100   [8]  00 00 00 00 00 00 2A 2A
 (000.429978)  can0  100   [8]  00 00 00 00 00 00 2B 2B
 (000.439961)  can0  100   [8]  00 00 00 00 00 00 2C 2C
 (000.449982)  can0  100   [8]  00 00 00 00 00 00 2D 2D
 (000.459977)  can0  100   [8]  00 00 00 00 00 00 2E 2E
 (000.469978)  can0  100   [8]  00 00 00 00 00 00 2F 2F
 (000.479981)  can0  100   [8]  00 00 00 00 00 00 30 30
 (000.489979)  can0  100   [8]  00 00 00 00 00 00 31 31
 (000.490192)  can0  101   [8]  38 31 3C C8 00 00 04 F9
 (000.499974)  can0  100   [8]  00 00 00 00 00 00 32 32
 (000.509979)  can0  100   [8]  00 00 00 00 00 00 33 33
 (000.519974)  can0  100   [8]  00 00 00 00 00 00 34 34
 (000.529980)  can0  100   [8]  00 00 00 00 00 00 35 35
 (000.539957)  can0  100   [8]  00 00 00 00 00 00 36 36
 (000.549978)  can0  100   [8]  00 00 00 00 00 00 37 37
 (000.559983)  can0  100   [8]  00 00 00 00 00 00 38 38
 (000.569974)  can0  100   [8]  00 00 00 00 00 00 39 39
 (000.579975)  can0  100   [8]  00 00 00 00 00 00 3A 3A
 (000.589957)  can0  100   [8]  00 00 00 00 00 00 3B 3B
 (000.590185)  can0  101   [8]  38 31 3C C8 00 00 05 F8
 (000.599976)  can0  100   [8]  00 00 00 00 00 00 3C 3C
 (000.609977)  can0  100   [8]  00 00 00 00 00 00 3D 3D
 (000.619978)  can0  100   [8]  00 00 00 00 00 00 3E 3E
 (000.629981)  can0  100   [8]  00 00 00 00 00 00 3F 3F
 (000.639961)  can0  100   [8]  00 00 00 00 00 00 40 40
 (000.649976)  can0  100   [8]  00 00 00 00 00 00 41 41
 (000.659972)  can0  100   [8]  00 00 00 00 00 00 42 42
 (000.669973)  can0  100   [8]  00 00 00 00 00 00 43 43
 (000.679972)  can0  100   [8]  00 00 00 00 00 00 44 44
 (000.689971)  can0  100   [8]  00 00 00 00 00 00 45 45
 (000.690181)  can0  101   [8]  38 31 3C C8 00 00 06 FB
 (000.699970)  can0  100   [8]  00 00 00 00 00 00 46 46
 (000.709969)  can0  100   [8]  00 00 00 00 00 00 47 47
 (000.719968)  can0  100   [8]  00 00 00 00 00 00 48 48
 (000.729967)  can0  100   [8]  00 00 00 00 00 00 49 49
 (000.739947)  can0  100   [8]  00 00 00 00 00 00 4A 4A
 (000.749971)  can0  100   [8]  00 00 00 00 00 00 4B 4B
 (000.759976)  can0  100   [8]  00 00 00 00 00 00 4C 4C
 (000.769968)  can0  100   [8]  00 00 00 00 00 00 4D 4D
 (000.779969)  can0  100   [8]  00 00 00 00 00 00 4E 4E
 (000.789972)  can0  100   [8]  00 00 00 00 00 00 4F 4F
 (000.790182)  can0  101   [8]  38 31 3C C8 00 00 07 FA
 (000.799971)  can0  100   [8]  00 00 00 00 00 00 50 50
 (000.809966)  can0  100   [8]  00 00 00 00 00 00 51 51
 (000.819967)  can0  100   [8]  00 00 00 00 00 00 52 52
 (000.829951)  can0  100   [8]  00 00 00 00 00 00 53 53
 (000.839951)  can0  100   [8]  00 00 00 00 00 00 54 54
 (000.849969)  can0  100   [8]  00 00 00 00 00 00 55 55
 (000.859983)  can0  100   [8]  00 00 00 00 00 00 56 56
 (000.869964)  can0  100   [8]  00 00 00 00 00 00 57 57
 (000.879969)  can0  100   [8]  00 00 00 00 00 00 58 58
 (000.889969)  can0  100   [8]  00 00 00 00 00 00 59 59
 (000.890175)  can0  101   [8]  38 31 3C C8 00 00 08 F5
 (000.899966)  can0  100   [8]  00 00 00 00 00 00 5A 5A
 (000.909965)  can0  100   [8]  00 00 00 00 00 00 5B 5B
 (000.919962)  can0  100   [8]  00 00 00 00 00 00 5C 5C
 (000.929970)  can0  100   [8]  00 00 00 00 00 00 5D 5D
 (000.939946)  can0  100   [8]  00 00 00 00 00 00 5E 5E
 (000.949970)  can0  100   [8]  00 00 00 00 00 00 5F 5F
 (000.959973)  can0  100   [8]  00 00 00 00 00 00 60 60
 (000.969962)  can0  100   [8]  00 00 00 00 00 00 61 61
 (000.979966)  can0  100   [8]  00 00 00 00 00 00 62 62
 (000.989962)  can0  100   [8]  00 00 00 00 00 00 63 63
 (000.990170)  can0  101   [8]  38 31 3C C8 00 00 09 F4
 (000.990409)  can0  102   [8]  87 D6 12 01 00 00 00 42
 (000.999963)  can0  100   [8]  00 00 00 00 00 00 64 64
 (001.009961)  can0  100   [8]  00 00 00 00 00 00 65 65
 (001.019961)  can0  100   [8]  00 00 00 00 00 00 66 66
 (001.029963)  can0  100   [8]  00 00 00 00 00 00 67 67
 (001.039940)  can0  100   [8]  00 00 00 00 00 00 68 68
 (001.049965)  can0  100   [8]  00 00 00 00 00 00 69 69
 (001.059963)  can0  100   [8]  00 00 00 00 00 00 6A 6A
 (001.069939)  can0  100   [8]  00 00 00 00 00 00 6B 6B
 (001.079964)  can0  100   [8]  00 00 00 00 00 00 6C 6C
 (001.089961)  can0  100   [8]  00 00 00 00 00 00 6D 6D
 (001.090166)  can0  101   [8]  38 31 3C C8 00 00 0A F7
 (001.099956)  can0  100   [8]  00 00 00 00 00 00 6E 6E
 (001.109962)  can0  100   [8]  00 00 00 00 00 00 6F 6F
 (001.119962)  can0  100   [8]  00 00 00 00 00 00 70 70
 (001.129961)  can0  100   [8]  00 00 00 00 00 00 71 71
 (001.139950)  can0  100   [8]  00 00 00 00 00 00 72 72
 (001.149943)  can0  100   [8]  00 00 00 00 00 00 73 73
 (001.159959)  can0  100   [8]  00 00 00 00 00 00 74 74
 (001.169961)  can0  100   [8]  00 00 00 00 00 00 75 75
 (001.179970)  can0  100   [8]  00 00 00 00 00 00 76 76
 (001.189964)  can0  100   [8]  00 00 00 00 00 00 77 77
 (001.190169)  can0  101   [8]  38 31 3C C8 00 00 0B F6
 (001.199958)  can0  100   [8]  00 00 00 00 00 00 78 78
 (001.209966)  can0  100   [8]  00 00 00 00 00 00 79 79
 (001.219956)  can0  100   [8]  00 00 00 00 00 00 7A 7A
 (001.229961)  can0  100   [8]  00 00 00 00 00 00 7B 7B
 (001.239964)  can0  100   [8]  00 00 00 00 00 00 7C 7C
 (001.249963)  can0  100   [8]  00 00 00 00 00 00 7D 7D
 (001.259963)  can0  100   [8]  00 00 00 00 00 00 7E 7E
 (001.269959)  can0  100   [8]  00 00 00 00 00 00 7F 7F
 (001.279959)  can0  100   [8]  00 00 00 00 00 00 80 80
 (001.289955)  can0  100   [8]  00 00 00 00 00 00 81 81
 (001.290160)  can0  101   [8]  38 31 3C C8 00 00 0C F1
 (001.299956)  can0  100   [8]  00 00 00 00 00 00 82 82
 (001.309957)  can0  100   [8]  00 00 00 00 00 00 83 83
 (001.319949)  can0  100   [8]  00 00 00 00 00 00 84 84
 (001.329960)  can0  100   [8]  00 00 00 00 00 00 85 85
 (001.339954)  can0  100   [8]  00 00 00 00 00 00 86 86
 (001.349956)  can0  100   [8]  00 00 00 00 00 00 87 87
 (001.359970)  can0  100   [8]  00 00 00 00 00 00 88 88
 (001.369951)  can0  100   [8]  00 00 00 00 00 00 89 89
 (001.379955)  can0  100   [8]  00 00 00 00 00 00 8A 8A
 (001.389932)  can0  100   [8]  00 00 00 00 00 00 8B 8B
 (001.390167)  can0  101   [8]  38 31 3C C8 00 00 0D F0
 (001.399954)  can0  100   [8]  00 00 00 00 00 00 8C 8C
 (001.409951)  can0  100   [8]  00 00 00 00 00 00 8D 8D
 (001.419949)  can0  100   [8]  00 00 00 00 00 00 8E 8E
 (001.429956)  can0  100   [8]  00 00 00 00 00 00 8F 8F
 (001.439955)  can0  100   [8]  00 00 00 00 00 00 90 90
 (001.449951)  can0  100   [8]  00 00 00 00 00 00 91 91
 (001.459951)  can0  100   [8]  00 00 00 00 00 00 92 92
 (001.469949)  can0  100   [8]  00 00 00 00 00 00 93 93
 (001.479946)  can0  100   [8]  00 00 00 00 00 00 94 94
 (001.489949)  can0  100   [8]  00 00 00 00 00 00 95 95
 (001.490157)  can0  101   [8]  38 31 3C C8 00 00 0E F3
 (001.499947)  can0  100   [8]  00 00 00 00 00 00 96 96
 (001.509952)  can0  100   [8]  00 00 00 00 00 00 97 97
 (001.519944)  can0  100   [8]  00 00 00 00 00 00 98 98
 (001.529951)  can0  100   [8]  00 00 00 00 00 00 99 99
 (001.539947)  can0  100   [8]  00 00 00 00 00 00 9A 9A
 (001.549950)  can0  100   [8]  00 00 00 00 00 00 9B 9B
 (001.559943)  can0  100   [8]  00 00 00 00 00 00 9C 9C
 (001.569950)  can0  100   [8]  00 00 00 00 00 00 9D 9D
 (001.579948)  can0  100   [8]  00 00 00 00 00 00 9E 9E
 (001.589948)  can0  100   [8]  00 00 00 00 00 00 9F 9F
 (001.590160)  can0  101   [8]  38 31 3C C8 00 00 0F F2
 (001.599950)  can0  100   [8]  00 00 00 00 00 00 A0 A0
 (001.609947)  can0  100   [8]  00 00 00 00 00 00 A1 A1
 (001.619943)  can0  100   [8]  00 00 00 00 00 00 A2 A2
 (001.629947)  can0  100   [8]  00 00 00 00 00 00 A3 A3
 (001.639944)  can0  100   [8]  00 00 00 00 00 00 A4 A4
 (001.649944)  can0  100   [8]  00 00 00 00 00 00 A5 A5
 (001.659944)  can0  100   [8]  00 00 00 00 00 00 A6 A6
 (001.669943)  can0  100   [8]  00 00 00 00 00 00 A7 A7
 (001.679942)  can0  100   [8]  00 00 00 00 00 00 A8 A8
 (001.689947)  can0  100   [8]  00 00 00 00 00 00 A9 A9
 (001.690152)  can0  101   [8]  38 31 3C C8 00 00 10 ED
 (001.699945)  can0  100   [8]  00 00 00 00 00 00 AA AA
 (001.709940)  can0  100   [8]  00 00 00 00 00 00 AB AB
 (001.719940)  can0  100   [8]  00 00 00 00 00 00 AC AC
 (001.729942)  can0  100   [8]  00 00 00 00 00 00 AD AD
 (001.739939)  can0  100   [8]  00 00 00 00 00 00 AE AE
 (001.749944)  can0  100   [8]  00 00 00 00 00 00 AF AF
 (001.759945)  can0  100   [8]  00 00 00 00 00 00 B0 B0
 (001.769943)  can0  100   [8]  00 00 00 00 00 00 B1 B1
 (001.779946)  can0  100   [8]  00 00 00 00 00 00 B2 B2
 (001.789926)  can0  100   [8]  00 00 00 00 00 00 B3 B3
 (001.790150)  can0  101   [8]  38 31 3C C8 00 00 11 EC
 (001.799950)  can0  100   [8]  00 00 00 00 00 00 B4 B4
 (001.809941)  can0  100   [8]  00 00 00 00 00 00 B5 B5
 (001.819942)  can0  100   [8]  00 00 00 00 00 00 B6 B6
 (001.829943)  can0  100   [8]  00 00 00 00 00 00 B7 B7
 (001.839938)  can0  100   [8]  00 00 00 00 00 00 B8 B8
 (001.849937)  can0  100   [8]  00 00 00 00 00 00 B9 B9
 (001.859940)  can0  100   [8]  00 00 00 00 00 00 BA BA
 (001.869917)  can0  100   [8]  00 00 00 00 00 00 BB BB
 (001.879945)  can0  100   [8]  00 00 00 00 00 00 BC BC
 (001.889938)  can0  100   [8]  00 00 00 00 00 00 BD BD
 (001.890149)  can0  101   [8]  38 31 3C C8 00 00 12 EF
 (001.899946)  can0  100   [8]  00 00 00 00 00 00 BE BE
 (001.909938)  can0  100   [8]  00 00 00 00 00 00 BF BF
 (001.919939)  can0  100   [8]  00 00 00 00 00 00 C0 C0
 (001.929944)  can0  100   [8]  00 00 00 00 00 00 C1 C1
 (001.939947)  can0  100   [8]  00 00 00 00 00 00 C2 C2
 (001.949935)  can0  100   [8]  00 00 00 00 00 00 C3 C3
 (001.959934)  can0  100   [8]  00 00 00 00 00 00 C4 C4
 (001.969932)  can0  100   [8]  00 00 00 00 00 00 C5 C5
 (001.979937)  can0  100   [8]  00 00 00 00 00 00 C6 C6
 (001.989935)  can0  100   [8]  00 00 00 00 00 00 C7 C7
 (001.990147)  can0  101   [8]  38 31 3C C8 00 00 13 EE
 (001.990386)  can0  102   [8]  87 D6 12 01 00 00 01 43
 (001.999938)  can0  100   [8]  00 00 00 00 00 00 C8 C8
 (002.009933)  can0  100   [8]  00 00 00 00 00 00 C9 C9
 (002.019935)  can0  100   [8]  00 00 00 00 00 00 CA CA
 (002.029939)  can0  100   [8]  00 00 00 00 00 00 CB CB
 (002.039930)  can0  100   [8]  00 00 00 00 00 00 CC CC
 (002.049932)  can0  100   [8]  00 00 00 00 00 00 CD CD
 (002.059935)  can0  100   [8]  00 00 00 00 00 00 CE CE
 (002.069936)  can0  100   [8]  00 00 00 00 00 00 CF CF
 (002.079933)  can0  100   [8]  00 00 00 00 00 00 D0 D0
 (002.089934)  can0  100   [8]  00 00 00 00 00 00 D1 D1
 (002.090137)  can0  101   [8]  38 31 3C C8 00 00 14 E9
 (002.099933)  can0  100   [8]  00 00 00 00 00 00 D2 D2
 (002.109915)  can0  100   [8]  00 00 00 00 00 00 D3 D3
 (002.119935)  can0  100   [8]  00 00 00 00 00 00 D4 D4
 (002.129934)  can0  100   [8]  00 00 00 00 00 00 D5 D5
 (002.139934)  can0  100   [8]  00 00 00 00 00 00 D6 D6
 (002.149929)  can0  100   [8]  00 00 00 00 00 00 D7 D7
 (002.159932)  can0  100   [8]  00 00 00 00 00 00 D8 D8
 (002.169928)  can0  100   [8]  00 00 00 00 00 00 D9 D9
 (002.179939)  can0  100   [8]  00 00 00 00 00 00 DA DA
 (002.189912)  can0  100   [8]  00 00 00 00 00 00 DB DB
 (002.190136)  can0  101   [8]  38 31 3C C8 00 00 15 E8
 (002.199929)  can0  100   [8]  00 00 00 00 00 00 DC DC
 (002.209931)  can0  100   [8]  00 00 00 00 00 00 DD DD
 (002.219931)  can0  100   [8]  00 00 00 00 00 00 DE DE
 (002.229935)  can0  100   [8]  00 00 00 00 00 00 DF DF
 (002.239933)  can0  100   [8]  00 00 00 00 00 00 E0 E0
 (002.249932)  can0  100   [8]  00 00 00 00 00 00 E1 E1
 (002.259932)  can0  100   [8]  00 00 00 00 00 00 E2 E2
 (002.269931)  can0  100   [8]  00 00 00 00 00 00 E3 E3
 (002.279927)  can0  100   [8]  00 00 00 00 00 00 E4 E4
 (002.289925)  can0  100   [8]  00 00 00 00 00 00 E5 E5
 (002.290139)  can0  101   [8]  38 31 3C C8 00 00 16 EB
 (002.299945)  can0  100   [8]  00 00 00 00 00 00 E6 E6
 (002.309932)  can0  100   [8]  00 00 00 00 00 00 E7 E7
 (002.319926)  can0  100   [8]  00 00 00 00 00 00 E8 E8
 (002.329927)  can0  100   [8]  00 00 00 00 00 00 E9 E9
 (002.339931)  can0  100   [8]  00 00 00 00 00 00 EA EA
 (002.349928)  can0  100   [8]  00 00 00 00 00 00 EB EB
 (002.359924)  can0  100   [8]  00 00 00 00 00 00 EC EC
 (002.369927)  can0  100   [8]  00 00 00 00 00 00 ED ED
 (002.379924)  can0  100   [8]  00 00 00 00 00 00 EE EE
 (002.389931)  can0  100   [8]  00 00 00 00 00 00 EF EF
 (002.390145)  can0  101   [8]  38 31 3C C8 00 00 17 EA
 (002.399925)  can0  100   [8]  00 00 00 00 00 00 F0 F0
 (002.409923)  can0  100   [8]  00 00 00 00 00 00 F1 F1
 (002.419922)  can0  100   [8]  00 00 00 00 00 00 F2 F2
 (002.429910)  can0  100   [8]  00 00 00 00 00 00 F3 F3
 (002.439929)  can0  100   [8]  00 00 00 00 00 00 F4 F4
 (002.449921)  can0  100   [8]  00 00 00 00 00 00 F5 F5
 (002.459925)  can0  100   [8]  00 00 00 00 00 00 F6 F6
 (002.469923)  can0  100   [8]  00 00 00 00 00 00 F7 F7
 (002.479924)  can0  100   [8]  00 00 00 00 00 00 F8 F8
 (002.489920)  can0  100   [8]  00 00 00 00 00 00 F9 F9
 (002.490133)  can0  101   [8]  38 31 3C C8 00 00 18 E5
 (002.499927)  can0  100   [8]  00 00 00 00 00 00 FA FA
 (002.509924)  can0  100   [8]  00 00 00 00 00 00 FB FB
 (002.519926)  can0  100   [8]  00 00 00 00 00 00 FC FC
 (002.529926)  can0  100   [8]  00 00 00 00 00 00 FD FD
 (002.539921)  can0  100   [8]  00 00 00 00 00 00 FE FE
 (002.549921)  can0  100   [8]  00 00 00 00 00 00 FF FF
 (002.559927)  can0  100   [8]  00 00 00 00 00 00 00 00
 (002.569918)  can0  100   [8]  00 00 00 00 00 00 01 01
 (002.579922)  can0  100   [8]  00 00 00 00 00 00 02 02
 (002.589926)  can0  100   [8]  00 00 00 00 00 00 03 03
 (002.590131)  can0  101   [8]  38 31 3C C8 00 00 19 E4
 (002.599922)  can0  100   [8]  00 00 00 00 00 00 04 04
 (002.609919)  can0  100   [8]  00 00 00 00 00 00 05 05
 (002.619917)  can0  100   [8]  00 00 00 00 00 00 06 06
 (002.629923)  can0  100   [8]  00 00 00 00 00 00 07 07
 (002.639920)  can0  100   [8]  00 00 00 00 00 00 08 08
 (002.649918)  can0  100   [8]  00 00 00 00 00 00 09 09
 (002.659921)  can0  100   [8]  00 00 00 00 00 00 0A 0A
 (002.669902)  can0  100   [8]  00 00 00 00 00 00 0B 0B
 (002.679925)  can0  100   [8]  00 00 00 00 00 00 0C 0C
 (002.689920)  can0  100   [8]  00 00 00 00 00 00 0D 0D
 (002.690129)  can0  101   [8]  38 31 3C C8 00 00 1A E7
 (002.699920)  can0  100   [8]  00 00 00 00 00 00 0E 0E
 (002.709924)  can0  100   [8]  00 00 00 00 00 00 0F 0F
 (002.719921)  can0  100   [8]  00 00 00 00 00 00 10 10
 (002.729918)  can0  100   [8]  00 00 00 00 00 00 11 11
 (002.739912)  can0  100   [8]  00 00 00 00 00 00 12 12
 (002.749882)  can0  100   [8]  00 00 00 00 00 00 13 13
 (002.759929)  can0  100   [8]  00 00 00 00 00 00 14 14
 (002.769921)  can0  100   [8]  00 00 00 00 00 00 15 15
 (002.779931)  can0  100   [8]  00 00 00 00 00 00 16 16
 (002.789914)  can0  100   [8]  00 00 00 00 00 00 17 17
 (002.790120)  can0  101   [8]  38 31 3C C8 00 00 1B E6
 (002.799915)  can0  100   [8]  00 00 00 00 00 00 18 18
 (002.809913)  can0  100   [8]  00 00 00 00 00 00 19 19
 (002.819909)  can0  100   [8]  00 00 00 00 00 00 1A 1A
 (002.829895)  can0  100   [8]  00 00 00 00 00 00 1B 1B
 (002.839919)  can0  100   [8]  00 00 00 00 00 00 1C 1C
 (002.849891)  can0  100   [8]  00 00 00 00 00 00 1D 1D
 (002.859916)  can0  100   [8]  00 00 00 00 00 00 1E 1E
 (002.869912)  can0  100   [8]  00 00 00 00 00 00 1F 1F
 (002.879917)  can0  100   [8]  00 00 00 00 00 00 20 20
 (002.889911)  can0  100   [8]  00 00 00 00 00 00 21 21
 (002.890115)  can0  101   [8]  38 31 3C C8 00 00 1C E1
 (002.899909)  can0  100   [8]  00 00 00 00 00 00 22 22
 (002.909888)  can0  100   [8]  00 00 00 00 00 00 23 23
 (002.919916)  can0  100   [8]  00 00 00 00 00 00 24 24
 (002.929910)  can0  100   [8]  00 00 00 00 00 00 25 25
 (002.939910)  can0  100   [8]  00 00 00 00 00 00 26 26
 (002.949891)  can0  100   [8]  00 00 00 00 00 00 27 27
 (002.959913)  can0  100   [8]  00 00 00 00 00 00 28 28
 (002.969906)  can0  100   [8]  00 00 00 00 00 00 29 29
 (002.979906)  can0  100   [8]  00 00 00 00 00 00 2A 2A
 (002.989903)  can0  100   [8]  00 00 00 00 00 00 2B 2B
 (002.990117)  can0  101   [8]  38 31 3C C8 00 00 1D E0
 (002.990360)  can0  102   [8]  87 D6 12 01 00 00 02 40
 (002.999908)  can0  100   [8]  00 00 80 0C 00 00 2C A0
 (003.009901)  can0  100   [8]  00 00 80 0C 00 00 2D A1
 (003.019901)  can0  100   [8]  00 00 80 0C 00 00 2E A2
 (003.029910)  can0  100   [8]  00 00 80 0C 00 00 2F A3
 (003.039903)  can0  100   [8]  00 00 80 0C 00 00 30 BC
 (003.049884)  can0  100   [8]  00 00 80 0C 00 00 31 BD
 (003.059909)  can0  100   [8]  00 00 80 0C 00 00 32 BE
 (003.069908)  can0  100   [8]  00 00 80 0C 00 00 33 BF
 (003.079904)  can0  100   [8]  00 00 80 0C 00 00 34 B8
 (003.089901)  can0  100   [8]  00 00 80 0C 00 00 35 B9
 (003.090113)  can0  101   [8]  E8 35 3C C8 00 00 1E 37
 (003.099897)  can0  100   [8]  00 00 80 0C 00 00 36 BA
 (003.109897)  can0  100   [8]  00 00 80 0C 00 00 37 BB
 (003.119899)  can0  100   [8]  00 00 80 0C 00 00 38 B4
 (003.129905)  can0  100   [8]  00 00 80 0C 00 00 39 B5
 (003.139900)  can0  100   [8]  00 00 80 0C 00 00 3A B6
 (003.149882)  can0  100   [8]  00 00 80 0C 00 00 3B B7
 (003.159905)  can0  100   [8]  00 00 80 0C 00 00 3C B0
 (003.169906)  can0  100   [8]  00 00 80 0C 00 00 3D B1
 (003.179914)  can0  100   [8]  00 00 80 0C 00 00 3E B2
 (003.189909)  can0  100   [8]  00 00 80 0C 00 00 3F B3
 (003.190114)  can0  101   [8]  E8 35 3C C8 00 00 1F 36
 (003.199899)  can0  100   [8]  00 00 80 0C 00 00 40 CC
 (003.209901)  can0  100   [8]  00 00 80 0C 00 00 41 CD
 (003.219897)  can0  100   [8]  00 00 80 0C 00 00 42 CE
 (003.229880)  can0  100   [8]  00 00 80 0C 00 00 43 CF
 (003.239900)  can0  100   [8]  00 00 80 0C 00 00 44 C8
 (003.249878)  can0  100   [8]  00 00 80 0C 00 00 45 C9
 (003.259899)  can0  100   [8]  00 00 80 0C 00 00 46 CA
 (003.269900)  can0  100   [8]  00 00 80 0C 00 00 47 CB
 (003.279900)  can0  100   [8]  00 00 80 0C 00 00 48 C4
 (003.289891)  can0  100   [8]  00 00 80 0C 00 00 49 C5
 (003.290103)  can0  101   [8]  E8 35 3C C8 00 00 20 09
 (003.299903)  can0  100   [8]  00 00 80 0C 00 00 4A C6
 (003.309899)  can0  100   [8]  00 00 80 0C 00 00 4B C7
 (003.319896)  can0  100   [8]  00 00 80 0C 00 00 4C C0
 (003.329901)  can0  100   [8]  00 00 80 0C 00 00 4D C1
 (003.339897)  can0  100   [8]  00 00 80 0C 00 00 4E C2
 (003.349876)  can0  100   [8]  00 00 80 0C 00 00 4F C3
 (003.359899)  can0  100   [8]  00 00 80 0C 00 00 50 DC
 (003.369895)  can0  100   [8]  00 00 80 0C 00 00 51 DD
 (003.379898)  can0  100   [8]  00 00 80 0C 00 00 52 DE
 (003.389898)  can0  100   [8]  00 00 80 0C 00 00 53 DF
 (003.390101)  can0  101   [8]  E8 35 3C C8 00 00 21 08
 (003.399898)  can0  100   [8]  00 00 80 0C 00 00 54 D8
 (003.409891)  can0  100   [8]  00 00 80 0C 00 00 55 D9
 (003.419897)  can0  100   [8]  00 00 80 0C 00 00 56 DA
 (003.429895)  can0  100   [8]  00 00 80 0C 00 00 57 DB
 (003.439893)  can0  100   [8]  00 00 80 0C 00 00 58 D4
 (003.449870)  can0  100   [8]  00 00 80 0C 00 00 59 D5
 (003.459891)  can0  100   [8]  00 00 80 0C 00 00 5A D6
 (003.469869)  can0  100   [8]  00 00 80 0C 00 00 5B D7
 (003.479897)  can0  100   [8]  00 00 80 0C 00 00 5C D0
 (003.489892)  can0  100   [8]  00 00 80 0C 00 00 5D D1
 (003.490100)  can0  101   [8]  E8 35 3C C8 00 00 22 0B
 (003.499891)  can0  100   [8]  00 00 80 0C 00 00 5E D2
 (003.509894)  can0  100   [8]  00 00 80 0C 00 00 5F D3
 (003.519890)  can0  100   [8]  00 00 80 0C 00 00 60 EC
 (003.529890)  can0  100   [8]  00 00 80 0C 00 00 61 ED
 (003.539887)  can0  100   [8]  00 00 80 0C 00 00 62 EE
 (003.549871)  can0  100   [8]  00 00 80 0C 00 00 63 EF
 (003.559893)  can0  100   [8]  00 00 80 0C 00 00 64 E8
 (003.569890)  can0  100   [8]  00 00 80 0C 00 00 65 E9
 (003.579889)  can0  100   [8]  00 00 80 0C 00 00 66 EA
 (003.589887)  can0  100   [8]  00 00 80 0C 00 00 67 EB
 (003.590094)  can0  101   [8]  E8 35 3C C8 00 00 23 0A
 (003.599886)  can0  100   [8]  00 00 80 0C 00 00 68 E4
 (003.609884)  can0  100   [8]  00 00 80 0C 00 00 69 E5
 (003.619882)  can0  100   [8]  00 00 80 0C 00 00 6A E6
 (003.629886)  can0  100   [8]  00 00 80 0C 00 00 6B E7
 (003.639886)  can0  100   [8]  00 00 80 0C 00 00 6C E0
 (003.649865)  can0  100   [8]  00 00 80 0C 00 00 6D E1
 (003.659889)  can0  100   [8]  00 00 80 0C 00 00 6E E2
 (003.669890)  can0  100   [8]  00 00 80 0C 00 00 6F E3
 (003.679880)  can0  100   [8]  00 00 80 0C 00 00 70 FC
 (003.689883)  can0  100   [8]  00 00 80 0C 00 00 71 FD
 (003.690094)  can0  101   [8]  E8 35 3C C8 00 00 24 0D
 (003.699885)  can0  100   [8]  00 00 80 0C 00 00 72 FE
 (003.709905)  can0  100   [8]  00 00 80 0C 00 00 73 FF
 (003.719888)  can0  100   [8]  00 00 80 0C 00 00 74 F8
 (003.729885)  can0  100   [8]  00 00 80 0C 00 00 75 F9
 (003.739885)  can0  100   [8]  00 00 80 0C 00 00 76 FA
 (003.749862)  can0  100   [8]  00 00 80 0C 00 00 77 FB
 (003.759884)  can0  100   [8]  00 00 80 0C 00 00 78 F4
 (003.769884)  can0  100   [8]  00 00 80 0C 00 00 79 F5
 (003.779883)  can0  100   [8]  00 00 80 0C 00 00 7A F6
 (003.789864)  can0  100   [8]  00 00 80 0C 00 00 7B F7
 (003.790086)  can0  101   [8]  E8 35 3C C8 00 00 25 0C
 (003.799887)  can0  100   [8]  00 00 80 0C 00 00 7C F0
 (003.809884)  can0  100   [8]  00 00 80 0C 00 00 7D F1
 (003.819881)  can0  100   [8]  00 00 80 0C 00 00 7E F2
 (003.829884)  can0  100   [8]  00 00 80 0C 00 00 7F F3
 (003.839884)  can0  100   [8]  00 00 80 0C 00 00 80 0C
 (003.849862)  can0  100   [8]  00 00 80 0C 00 00 81 0D
 (003.859888)  can0  100   [8]  00 00 80 0C 00 00 82 0E
 (003.869880)  can0  100   [8]  00 00 80 0C 00 00 83 0F
 (003.879882)  can0  100   [8]  00 00 80 0C 00 00 84 08
 (003.889877)  can0  100   [8]  00 00 80 0C 00 00 85 09
 (003.890087)  can0  101   [8]  E8 35 3C C8 00 00 26 0F
 (003.899882)  can0  100   [8]  00 00 80 0C 00 00 86 0A
 (003.909882)  can0  100   [8]  00 00 80 0C 00 00 87 0B
 (003.919880)  can0  100   [8]  00 00 80 0C 00 00 88 04
 (003.929875)  can0  100   [8]  00 00 80 0C 00 00 89 05
 (003.939881)  can0  100   [8]  00 00 80 0C 00 00 8A 06
 (003.949863)  can0  100   [8]  00 00 80 0C 00 00 8B 07
 (003.959885)  can0  100   [8]  00 00 80 0C 00 00 8C 00
 (003.969881)  can0  100   [8]  00 00 80 0C 00 00 8D 01
 (003.979878)  can0  100   [8]  00 00 80 0C 00 00 8E 02
 (003.989880)  can0  100   [8]  00 00 80 0C 00 00 8F 03
 (003.990084)  can0  101   [8]  E8 35 3C C8 00 00 27 0E
 (003.990356)  can0  102   [8]  87 D6 12 00 02 00 03 42
 (003.999880)  can0  100   [8]  00 00 80 0C 00 00 90 1C
 (004.009874)  can0  100   [8]  00 00 80 0C 00 00 91 1D
 (004.019873)  can0  100   [8]  00 00 80 0C 00 00 92 1E
 (004.029877)  can0  100   [8]  00 00 80 0C 00 00 93 1F
 (004.039875)  can0  100   [8]  00 00 80 0C 00 00 94 18
 (004.049856)  can0  100   [8]  00 00 80 0C 00 00 95 19
 (004.059874)  can0  100   [8]  00 00 80 0C 00 00 96 1A
 (004.069878)  can0  100   [8]  00 00 80 0C 00 00 97 1B
 (004.079880)  can0  100   [8]  00 00 80 0C 00 00 98 14
 (004.089874)  can0  100   [8]  00 00 80 0C 00 00 99 15
 (004.090086)  can0  101   [8]  E8 35 3D C8 00 00 28 00
 (004.099871)  can0  100   [8]  00 00 80 0C 00 00 9A 16
 (004.109868)  can0  100   [8]  00 00 80 0C 00 00 9B 17
 (004.119871)  can0  100   [8]  00 00 80 0C 00 00 9C 10
 (004.129874)  can0  100   [8]  00 00 80 0C 00 00 9D 11
 (004.139868)  can0  100   [8]  00 00 80 0C 00 00 9E 12
 (004.149841)  can0  100   [8]  00 00 80 0C 00 00 9F 13
 (004.159873)  can0  100   [8]  00 00 80 0C 00 00 A0 2C
 (004.169869)  can0  100   [8]  00 00 80 0C 00 00 A1 2D
 (004.179894)  can0  100   [8]  00 00 80 0C 00 00 A2 2E
 (004.189855)  can0  100   [8]  00 00 80 0C 00 00 A3 2F
 (004.190086)  can0  101   [8]  E8 35 3D C8 00 00 29 01
 (004.199874)  can0  100   [8]  00 00 80 0C 00 00 A4 28
 (004.209872)  can0  100   [8]  00 00 80 0C 00 00 A5 29
 (004.219872)  can0  100   [8]  00 00 80 0C 00 00 A6 2A
 (004.229876)  can0  100   [8]  00 00 80 0C 00 00 A7 2B
 (004.239872)  can0  100   [8]  00 00 80 0C 00 00 A8 24
 (004.249871)  can0  100   [8]  00 00 80 0C 00 00 A9 25
 (004.259875)  can0  100   [8]  00 00 80 0C 00 00 AA 26
 (004.269850)  can0  100   [8]  00 00 80 0C 00 00 AB 27
 (004.279873)  can0  100   [8]  00 00 80 0C 00 00 AC 20
 (004.289870)  can0  100   [8]  00 00 80 0C 00 00 AD 21
 (004.290082)  can0  101   [8]  E8 35 3D C8 00 00 2A 02
 (004.299866)  can0  100   [8]  00 00 80 0C 00 00 AE 22
 (004.309871)  can0  100   [8]  00 00 80 0C 00 00 AF 23
 (004.319872)  can0  100   [8]  00 00 80 0C 00 00 B0 3C
 (004.329869)  can0  100   [8]  00 00 80 0C 00 00 B1 3D
 (004.339868)  can0  100   [8]  00 00 80 0C 00 00 B2 3E
 (004.349868)  can0  100   [8]  00 00 80 0C 00 00 B3 3F
 (004.359865)  can0  100   [8]  00 00 80 0C 00 00 B4 38
 (004.369866)  can0  100   [8]  00 00 80 0C 00 00 B5 39
 (004.379864)  can0  100   [8]  00 00 80 0C 00 00 B6 3A
 (004.389864)  can0  100   [8]  00 00 80 0C 00 00 B7 3B
 (004.390077)  can0  101   [8]  E8 35 3D C8 00 00 2B 03
 (004.399870)  can0  100   [8]  00 00 80 0C 00 00 B8 34
 (004.409863)  can0  100   [8]  00 00 80 0C 00 00 B9 35
 (004.419866)  can0  100   [8]  00 00 80 0C 00 00 BA 36
 (004.429870)  can0  100   [8]  00 00 80 0C 00 00 BB 37
 (004.439860)  can0  100   [8]  00 00 80 0C 00 00 BC 30
 (004.449862)  can0  100   [8]  00 00 80 0C 00 00 BD 31
 (004.459868)  can0  100   [8]  00 00 80 0C 00 00 BE 32
 (004.469868)  can0  100   [8]  00 00 80 0C 00 00 BF 33
 (004.479866)  can0  100   [8]  00 00 80 0C 00 00 C0 4C
 (004.489859)  can0  100   [8]  00 00 80 0C 00 00 C1 4D
 (004.490071)  can0  101   [8]  E8 35 3D C8 00 00 2C 04
 (004.499862)  can0  100   [8]  00 00 80 0C 00 00 C2 4E
 (004.509840)  can0  100   [8]  00 00 80 0C 00 00 C3 4F
 (004.519866)  can0  100   [8]  00 00 80 0C 00 00 C4 48
 (004.529865)  can0  100   [8]  00 00 80 0C 00 00 C5 49
 (004.539858)  can0  100   [8]  00 00 80 0C 00 00 C6 4A
 (004.549860)  can0  100   [8]  00 00 80 0C 00 00 C7 4B
 (004.559858)  can0  100   [8]  00 00 80 0C 00 00 C8 44
 (004.569858)  can0  100   [8]  00 00 80 0C 00 00 C9 45
 (004.579857)  can0  100   [8]  00 00 80 0C 00 00 CA 46
 (004.589857)  can0  100   [8]  00 00 80 0C 00 00 CB 47
 (004.590067)  can0  101   [8]  E8 35 3D C8 00 00 2D 05
 (004.599863)  can0  100   [8]  00 00 80 0C 00 00 CC 40
 (004.609862)  can0  100   [8]  00 00 80 0C 00 00 CD 41
 (004.619862)  can0  100   [8]  00 00 80 0C 00 00 CE 42
 (004.629864)  can0  100   [8]  00 00 80 0C 00 00 CF 43
 (004.639860)  can0  100   [8]  00 00 80 0C 00 00 D0 5C
 (004.649859)  can0  100   [8]  00 00 80 0C 00 00 D1 5D
 (004.659858)  can0  100   [8]  00 00 80 0C 00 00 D2 5E
 (004.669857)  can0  100   [8]  00 00 80 0C 00 00 D3 5F
 (004.679856)  can0  100   [8]  00 00 80 0C 00 00 D4 58
 (004.689858)  can0  100   [8]  00 00 80 0C 00 00 D5 59
 (004.690065)  can0  101   [8]  E8 35 3D C8 00 00 2E 06
 (004.699859)  can0  100   [8]  00 00 80 0C 00 00 D6 5A
 (004.709855)  can0  100   [8]  00 00 80 0C 00 00 D7 5B
 (004.719854)  can0  100   [8]  00 00 80 0C 00 00 D8 54
 (004.729855)  can0  100   [8]  00 00 80 0C 00 00 D9 55
 (004.739858)  can0  100   [8]  00 00 80 0C 00 00 DA 56
 (004.749836)  can0  100   [8]  00 00 80 0C 00 00 DB 57
 (004.759863)  can0  100   [8]  00 00 80 0C 00 00 DC 50
 (004.769856)  can0  100   [8]  00 00 80 0C 00 00 DD 51
 (004.779854)  can0  100   [8]  00 00 80 0C 00 00 DE 52
 (004.789851)  can0  100   [8]  00 00 80 0C 00 00 DF 53
 (004.790059)  can0  101   [8]  E8 35 3D C8 00 00 2F 07
 (004.799859)  can0  100   [8]  00 00 80 0C 00 00 E0 6C
 (004.809854)  can0  100   [8]  00 00 80 0C 00 00 E1 6D
 (004.819853)  can0  100   [8]  00 00 80 0C 00 00 E2 6E
 (004.829834)  can0  100   [8]  00 00 80 0C 00 00 E3 6F
 (004.839856)  can0  100   [8]  00 00 80 0C 00 00 E4 68
 (004.849852)  can0  100   [8]  00 00 80 0C 00 00 E5 69
 (004.859850)  can0  100   [8]  00 00 80 0C 00 00 E6 6A
 (004.869854)  can0  100   [8]  00 00 80 0C 00 00 E7 6B
 (004.879855)  can0  100   [8]  00 00 80 0C 00 00 E8 64
 (004.889851)  can0  100   [8]  00 00 80 0C 00 00 E9 65
 (004.890062)  can0  101   [8]  E8 35 3D C8 00 00 30 18
 (004.899850)  can0  100   [8]  00 00 80 0C 00 00 EA 66
 (004.909849)  can0  100   [8]  00 00 80 0C 00 00 EB 67
 (004.919857)  can0  100   [8]  00 00 80 0C 00 00 EC 60
 (004.929851)  can0  100   [8]  00 00 80 0C 00 00 ED 61
 (004.939850)  can0  100   [8]  00 00 80 0C 00 00 EE 62
 (004.949847)  can0  100   [8]  00 00 80 0C 00 00 EF 63
 (004.959856)  can0  100   [8]  00 00 80 0C 00 00 F0 7C
 (004.969849)  can0  100   [8]  00 00 80 0C 00 00 F1 7D
 (004.979848)  can0  100   [8]  00 00 80 0C 00 00 F2 7E
 (004.989828)  can0  100   [8]  00 00 80 0C 00 00 F3 7F
 (004.990054)  can0  101   [8]  E8 35 3D C8 00 00 31 19
 (004.990297)  can0  102   [8]  87 D6 12 00 02 00 04 45
 (004.999850)  can0  100   [8]  00 00 80 0C 50 01 F4 29
 (005.009847)  can0  100   [8]  04 00 24 0E 50 01 F5 8A
 (005.019848)  can0  100   [8]  08 00 3C 0E 50 01 F6 9D
 (005.029851)  can0  100   [8]  0C 00 50 0E 50 01 F7 F4
 (005.039845)  can0  100   [8]  10 00 68 0E 50 01 F8 DF
 (005.049848)  can0  100   [8]  14 00 80 0E 50 01 F9 32
 (005.059851)  can0  100   [8]  18 00 94 0E 50 01 FA 29
 (005.069846)  can0  100   [8]  1C 00 AC 0E 50 01 FB 14
 (005.079846)  can0  100   [8]  20 00 C0 0E 50 01 FC 43
 (005.089844)  can0  100   [8]  24 00 D8 0E 50 01 FD 5E
 (005.090056)  can0  101   [8]  E8 35 3E C8 00 00 32 19
 (005.099839)  can0  100   [8]  28 00 F0 0E 50 01 FE 79
 (005.109849)  can0  100   [8]  2C 00 04 0F 50 01 FF 89
 (005.119866)  can0  100   [8]  30 00 1C 0F 50 01 00 72
 (005.129845)  can0  100   [8]  34 00 30 0F 50 01 01 5B
 (005.139846)  can0  100   [8]  38 00 48 0F 50 01 02 2C
 (005.149844)  can0  100   [8]  3C 00 60 0F 50 01 03 01
 (005.159836)  can0  100   [8]  40 00 74 0F 50 01 04 6E
 (005.169841)  can0  100   [8]  44 00 8C 0F 50 01 05 93
 (005.179851)  can0  100   [8]  48 00 A0 0F 50 01 06 B0
 (005.189849)  can0  100   [8]  4C 00 B8 0F 50 01 07 AD
 (005.190052)  can0  101   [8]  E8 35 3E C8 00 00 33 18
 (005.199838)  can0  100   [8]  50 00 D0 0F 50 01 08 D6
 (005.209846)  can0  100   [8]  54 00 E4 0F 50 01 09 E7
 (005.219837)  can0  100   [8]  58 00 FC 0F 50 01 0A F0
 (005.229822)  can0  100   [8]  5C 00 10 10 50 01 0B 06
 (005.239843)  can0  100   [8]  60 00 28 10 50 01 0C 05
 (005.249834)  can0  100   [8]  64 00 40 10 50 01 0D 68
 (005.259841)  can0  100   [8]  68 00 54 10 50 01 0E 73
 (005.269840)  can0  100   [8]  6C 00 6C 10 50 01 0F 4E
 (005.279844)  can0  100   [8]  70 00 80 10 50 01 10 A1
 (005.289846)  can0  100   [8]  74 00 98 10 50 01 11 BC
 (005.290053)  can0  101   [8]  E8 35 3E C8 00 00 34 1F
 (005.299836)  can0  100   [8]  78 00 B0 10 50 01 12 9B
 (005.309825)  can0  100   [8]  7C 00 C4 10 50 01 13 EA
 (005.319842)  can0  100   [8]  80 00 DC 10 50 01 14 09
 (005.329845)  can0  100   [8]  84 00 F0 10 50 01 15 20
 (005.339834)  can0  100   [8]  88 00 08 11 50 01 16 D6
 (005.349838)  can0  100   [8]  8C 00 20 11 50 01 17 FB
 (005.359832)  can0  100   [8]  90 00 34 11 50 01 18 FC
 (005.369829)  can0  100   [8]  94 00 4C 11 50 01 19 81
 (005.379832)  can0  100   [8]  98 00 60 11 50 01 1A A2
 (005.389836)  can0  100   [8]  9C 00 78 11 50 01 1B BF
 (005.390040)  can0  101   [8]  E8 35 3E C8 00 00 35 1E
 (005.399830)  can0  100   [8]  A0 00 90 11 50 01 1C 6C
 (005.409830)  can0  100   [8]  A4 00 A4 11 50 01 1D 5D
 (005.419830)  can0  100   [8]  A8 00 BC 11 50 01 1E 4A
 (005.429834)  can0  100   [8]  AC 00 D0 11 50 01 1F 23
 (005.439835)  can0  100   [8]  B0 00 E8 11 50 01 20 38
 (005.449832)  can0  100   [8]  B4 00 00 12 50 01 21 D6
 (005.459827)  can0  100   [8]  B8 00 14 12 50 01 22 CD
 (005.469834)  can0  100   [8]  BC 00 2C 12 50 01 23 F0
 (005.479833)  can0  100   [8]  C0 00 40 12 50 01 24 E7
 (005.489830)  can0  100   [8]  C4 00 58 12 50 01 25 FA
 (005.490037)  can0  101   [8]  E8 35 3E C8 00 00 36 1D
 (005.499828)  can0  100   [8]  C8 00 70 12 50 01 26 DD
 (005.509823)  can0  100   [8]  CC 00 84 12 50 01 27 2C
 (005.519828)  can0  100   [8]  D0 00 9C 12 50 01 28 27
 (005.529827)  can0  100   [8]  D4 00 B0 12 50 01 29 0E
 (005.539828)  can0  100   [8]  D8 00 C8 12 50 01 2A 79
 (005.549807)  can0  100   [8]  DC 00 E0 12 50 01 2B 54
 (005.559834)  can0  100   [8]  E0 00 F4 12 50 01 2C 7B
 (005.569831)  can0  100   [8]  E4 00 0C 13 50 01 2D 87
 (005.579827)  can0  100   [8]  E8 00 20 13 50 01 2E A4
 (005.589848)  can0  100   [8]  EC 00 38 13 50 01 2F B9
 (005.590038)  can0  101   [8]  E8 35 3E C8 00 00 37 1C
 (005.599829)  can0  100   [8]  F0 00 50 13 50 01 30 D2
 (005.609829)  can0  100   [8]  F4 00 64 13 50 01 31 E3
 (005.619828)  can0  100   [8]  F8 00 7C 13 50 01 32 F4
 (005.629834)  can0  100   [8]  FC 00 90 13 50 01 33 1D
 (005.639833)  can0  100   [8]  00 01 A8 13 50 01 34 DF
 (005.649825)  can0  100   [8]  04 01 C0 13 50 01 35 B2
 (005.659825)  can0  100   [8]  08 01 D4 13 50 01 36 A9
 (005.669826)  can0  100   [8]  0C 01 EC 13 50 01 37 94
 (005.679825)  can0  100   [8]  10 01 00 14 50 01 38 6C
 (005.689823)  can0  100   [8]  14 01 18 14 50 01 39 71
 (005.690034)  can0  101   [8]  E8 35 3E C8 00 00 38 13
 (005.699831)  can0  100   [8]  18 01 30 14 50 01 3A 56
 (005.709823)  can0  100   [8]  1C 01 44 14 50 01 3B 27
 (005.719825)  can0  100   [8]  20 01 5C 14 50 01 3C 04
 (005.729826)  can0  100   [8]  24 01 70 14 50 01 3D 2D
 (005.739829)  can0  100   [8]  28 01 88 14 50 01 3E DA
 (005.749829)  can0  100   [8]  2C 01 A0 14 50 01 3F F7
 (005.759835)  can0  100   [8]  30 01 B4 14 50 01 40 80
 (005.769834)  can0  100   [8]  34 01 CC 14 50 01 41 FD
 (005.779829)  can0  100   [8]  38 01 E0 14 50 01 42 DE
 (005.789809)  can0  100   [8]  3C 01 F8 14 50 01 43 C3
 (005.790035)  can0  101   [8]  E8 35 3E C8 00 00 39 12
 (005.799826)  can0  100   [8]  40 01 10 15 50 01 44 51
 (005.809825)  can0  100   [8]  44 01 24 15 50 01 45 60
 (005.819818)  can0  100   [8]  48 01 3C 15 50 01 46 77
 (005.829820)  can0  100   [8]  4C 01 50 15 50 01 47 1E
 (005.839823)  can0  100   [8]  50 01 68 15 50 01 48 35
 (005.849823)  can0  100   [8]  54 01 80 15 50 01 49 D8
 (005.859799)  can0  100   [8]  58 01 94 15 50 01 4A C3
 (005.869822)  can0  100   [8]  5C 01 AC 15 50 01 4B FE
 (005.879826)  can0  100   [8]  60 01 C0 15 50 01 4C A9
 (005.889814)  can0  100   [8]  64 01 D8 15 50 01 4D B4
 (005.890021)  can0  101   [8]  E8 35 3E C8 00 00 3A 11
 (005.899821)  can0  100   [8]  68 01 F0 15 50 01 4E 93
 (005.909814)  can0  100   [8]  6C 01 04 16 50 01 4F 61
 (005.919817)  can0  100   [8]  70 01 1C 16 50 01 50 7A
 (005.929818)  can0  100   [8]  74 01 30 16 50 01 51 53
 (005.939816)  can0  100   [8]  78 01 48 16 50 01 52 24
 (005.949817)  can0  100   [8]  7C 01 60 16 50 01 53 09
 (005.959796)  can0  100   [8]  80 01 74 16 50 01 54 E6
 (005.969819)  can0  100   [8]  84 01 8C 16 50 01 55 1B
 (005.979813)  can0  100   [8]  88 01 A0 16 50 01 56 38
 (005.989812)  can0  100   [8]  8C 01 B8 16 50 01 57 25
 (005.990023)  can0  101   [8]  E8 35 3E C8 00 00 3B 10
 (005.990267)  can0  102   [8]  87 D6 12 00 02 00 05 44
 (005.999817)  can0  100   [8]  90 01 D0 16 50 01 58 5E
 (006.009813)  can0  100   [8]  94 01 E4 16 50 01 59 6F
 (006.019816)  can0  100   [8]  98 01 FC 16 50 01 5A 78
 (006.029790)  can0  100   [8]  9C 01 10 17 50 01 5B 90
 (006.039817)  can0  100   [8]  A0 01 28 17 50 01 5C 93
 (006.049815)  can0  100   [8]  A4 01 40 17 50 01 5D FE
 (006.059789)  can0  100   [8]  A8 01 54 17 50 01 5E E5
 (006.069812)  can0  100   [8]  AC 01 6C 17 50 01 5F D8
 (006.079815)  can0  100   [8]  B0 01 80 17 50 01 60 17
 (006.089811)  can0  100   [8]  B4 01 98 17 50 01 61 0A
 (006.090020)  can0  101   [8]  E8 35 3F C8 00 00 3C 16
 (006.099815)  can0  100   [8]  B8 01 B0 17 50 01 62 2D
 (006.109791)  can0  100   [8]  BC 01 C4 17 50 01 63 5C
 (006.119813)  can0  100   [8]  C0 01 DC 17 50 01 64 3F
 (006.129813)  can0  100   [8]  C4 01 F0 17 50 01 65 16
 (006.139813)  can0  100   [8]  C8 01 08 18 50 01 66 EE
 (006.149812)  can0  100   [8]  CC 01 20 18 50 01 67 C3
 (006.159793)  can0  100   [8]  D0 01 34 18 50 01 68 C4
 (006.169814)  can0  100   [8]  D4 01 4C 18 50 01 69 B9
 (006.179820)  can0  100   [8]  D8 01 60 18 50 01 6A 9A
 (006.189810)  can0  100   [8]  DC 01 78 18 50 01 6B 87
 (006.190019)  can0  101   [8]  E8 35 3F C8 00 00 3D 17
 (006.199819)  can0  100   [8]  E0 01 90 18 50 01 6C 54
 (006.209812)  can0  100   [8]  E4 01 A4 18 50 01 6D 65
 (006.219812)  can0  100   [8]  E8 01 BC 18 50 01 6E 72
 (006.229805)  can0  100   [8]  EC 01 D0 18 50 01 6F 1B
 (006.239813)  can0  100   [8]  F0 01 E8 18 50 01 70 20
 (006.249809)  can0  100   [8]  F4 01 00 19 50 01 71 CC
 (006.259785)  can0  100   [8]  F8 01 14 19 50 01 72 D7
 (006.269788)  can0  100   [8]  FC 01 2C 19 50 01 73 EA
 (006.279821)  can0  100   [8]  00 02 40 19 50 01 74 7E
 (006.289811)  can0  100   [8]  04 02 58 19 50 01 75 63
 (006.290016)  can0  101   [8]  E8 35 3F C8 00 00 3E 14
 (006.299811)  can0  100   [8]  08 02 70 19 50 01 76 44
 (006.309807)  can0  100   [8]  0C 02 84 19 50 01 77 B5
 (006.319810)  can0  100   [8]  10 02 9C 19 50 01 78 BE
 (006.329808)  can0  100   [8]  14 02 B0 19 50 01 79 97
 (006.339808)  can0  100   [8]  18 02 C8 19 50 01 7A E0
 (006.349781)  can0  100   [8]  1C 02 E0 19 50 01 7B CD
 (006.359790)  can0  100   [8]  20 02 F4 19 50 01 7C E2
 (006.369813)  can0  100   [8]  24 02 0C 1A 50 01 7D 1C
 (006.379814)  can0  100   [8]  28 02 20 1A 50 01 7E 3F
 (006.389808)  can0  100   [8]  2C 02 38 1A 50 01 7F 22
 (006.390015)  can0  101   [8]  E8 35 3F C8 00 00 3F 15
 (006.399808)  can0  100   [8]  30 02 50 1A 50 01 80 A9
 (006.409807)  can0  100   [8]  34 02 64 1A 50 01 81 98
 (006.419805)  can0  100   [8]  38 02 7C 1A 50 01 82 8F
 (006.429811)  can0  100   [8]  3C 02 90 1A 50 01 83 66
 (006.439804)  can0  100   [8]  40 02 A8 1A 50 01 84 25
 (006.449797)  can0  100   [8]  44 02 C0 1A 50 01 85 48
 (006.459778)  can0  100   [8]  48 02 D4 1A 50 01 86 53
 (006.469801)  can0  100   [8]  4C 02 EC 1A 50 01 87 6E
 (006.479803)  can0  100   [8]  50 02 00 1B 50 01 88 90
 (006.489801)  can0  100   [8]  54 02 18 1B 50 01 89 8D
 (006.490015)  can0  101   [8]  E8 35 3F C8 00 00 40 6A
 (006.499799)  can0  100   [8]  58 02 30 1B 50 01 8A AA
 (006.509798)  can0  100   [8]  5C 02 44 1B 50 01 8B DB
 (006.519809)  can0  100   [8]  60 02 5C 1B 50 01 8C F8
 (006.529802)  can0  100   [8]  64 02 70 1B 50 01 8D D1
 (006.539796)  can0  100   [8]  68 02 88 1B 50 01 8E 26
 (006.549794)  can0  100   [8]  6C 02 A0 1B 50 01 8F 0B
 (006.559788)  can0  100   [8]  70 02 B4 1B 50 01 90 1C
 (006.569800)  can0  100   [8]  74 02 CC 1B 50 01 91 61
 (006.579798)  can0  100   [8]  78 02 E0 1B 50 01 92 42
 (006.589783)  can0  100   [8]  7C 02 F8 1B 50 01 93 5F
 (006.590016)  can0  101   [8]  E8 35 3F C8 00 00 41 6B
 (006.599807)  can0  100   [8]  80 02 10 1C 50 01 94 4B
 (006.609802)  can0  100   [8]  84 02 24 1C 50 01 95 7A
 (006.619798)  can0  100   [8]  88 02 3C 1C 50 01 96 6D
 (006.629801)  can0  100   [8]  8C 02 50 1C 50 01 97 04
 (006.639800)  can0  100   [8]  90 02 68 1C 50 01 98 2F
 (006.649796)  can0  100   [8]  94 02 80 1C 50 01 99 C2
 (006.659774)  can0  100   [8]  98 02 94 1C 50 01 9A D9
 (006.669802)  can0  100   [8]  9C 02 AC 1C 50 01 9B E4
 (006.679795)  can0  100   [8]  A0 02 C0 1C 50 01 9C B3
 (006.689790)  can0  100   [8]  A4 02 D8 1C 50 01 9D AE
 (006.689999)  can0  101   [8]  E8 35 3F C8 00 00 42 68
 (006.699797)  can0  100   [8]  A8 02 F0 1C 50 01 9E 89
 (006.709794)  can0  100   [8]  AC 02 04 1D 50 01 9F 79
 (006.719797)  can0  100   [8]  B0 02 1C 1D 50 01 A0 42
 (006.729796)  can0  100   [8]  B4 02 30 1D 50 01 A1 6B
 (006.739794)  can0  100   [8]  B8 02 48 1D 50 01 A2 1C
 (006.749792)  can0  100   [8]  BC 02 60 1D 50 01 A3 31
 (006.759781)  can0  100   [8]  C0 02 74 1D 50 01 A4 5E
 (006.769801)  can0  100   [8]  C4 02 8C 1D 50 01 A5 A3
 (006.779793)  can0  100   [8]  C8 02 A0 1D 50 01 A6 80
 (006.789790)  can0  100   [8]  CC 02 B8 1D 50 01 A7 9D
 (006.789997)  can0  101   [8]  E8 35 3F C8 00 00 43 69
 (006.799790)  can0  100   [8]  D0 02 D0 1D 50 01 A8 E6
 (006.809794)  can0  100   [8]  D4 02 E4 1D 50 01 A9 D7
 (006.819797)  can0  100   [8]  D8 02 FC 1D 50 01 AA C0
 (006.829776)  can0  100   [8]  DC 02 10 1E 50 01 AB 2A
 (006.839793)  can0  100   [8]  E0 02 28 1E 50 01 AC 29
 (006.849791)  can0  100   [8]  E4 02 40 1E 50 01 AD 44
 (006.859773)  can0  100   [8]  E8 02 54 1E 50 01 AE 5F
 (006.869794)  can0  100   [8]  EC 02 6C 1E 50 01 AF 62
 (006.879796)  can0  100   [8]  F0 02 80 1E 50 01 B0 8D
 (006.889790)  can0  100   [8]  F4 02 98 1E 50 01 B1 90
 (006.889992)  can0  101   [8]  E8 35 3F C8 00 00 44 6E
 (006.899791)  can0  100   [8]  F8 02 B0 1E 50 01 B2 B7
 (006.909798)  can0  100   [8]  FC 02 C4 1E 50 01 B3 C6
 (006.919792)  can0  100   [8]  00 03 DC 1E 50 01 B4 24
 (006.929795)  can0  100   [8]  04 03 F0 1E 50 01 B5 0D
 (006.939789)  can0  100   [8]  08 03 08 1F 50 01 B6 FB
 (006.949793)  can0  100   [8]  0C 03 20 1F 50 01 B7 D6
 (006.959772)  can0  100   [8]  10 03 34 1F 50 01 B8 D1
 (006.969793)  can0  100   [8]  14 03 4C 1F 50 01 B9 AC
 (006.979790)  can0  100   [8]  18 03 60 1F 50 01 BA 8F
 (006.989793)  can0  100   [8]  1C 03 78 1F 50 01 BB 92
 (006.990001)  can0  101   [8]  E8 35 3F C8 00 00 45 6F
 (006.990245)  can0  102   [8]  87 D6 12 00 02 00 06 47
 (006.999797)  can0  100   [8]  20 03 90 1F 50 01 BC 41
 (007.009792)  can0  100   [8]  24 03 A4 1F 50 01 BD 70
 (007.019804)  can0  100   [8]  28 03 BC 1F 50 01 BE 67
 (007.029791)  can0  100   [8]  2C 03 D0 1F 50 01 BF 0E
 (007.039793)  can0  100   [8]  30 03 E8 1F 50 01 C0 55
 (007.049792)  can0  100   [8]  34 03 00 20 50 01 C1 87
 (007.059769)  can0  100   [8]  38 03 14 20 50 01 C2 9C
 (007.069762)  can0  100   [8]  3C 03 2C 20 50 01 C3 A1
 (007.079798)  can0  100   [8]  40 03 40 20 50 01 C4 B6
 (007.089786)  can0  100   [8]  44 03 58 20 50 01 C5 AB
 (007.089992)  can0  101   [8]  E8 35 40 C8 00 00 46 13
 (007.099789)  can0  100   [8]  48 03 70 20 50 01 C6 8C
 (007.109784)  can0  100   [8]  4C 03 84 20 50 01 C7 7D
 (007.119780)  can0  100   [8]  50 03 9C 20 50 01 C8 76
 (007.129789)  can0  100   [8]  54 03 B0 20 50 01 C9 5F
 (007.139786)  can0  100   [8]  58 03 C8 20 50 01 CA 28
 (007.149784)  can0  100   [8]  5C 03 E0 20 50 01 CB 05
 (007.159852)  can0  100   [8]  60 03 F4 20 50 01 CC 2A
 (007.169780)  can0  100   [8]  64 03 0C 21 50 01 CD D6
 (007.179792)  can0  100   [8]  68 03 20 21 50 01 CE F5
 (007.189790)  can0  100   [8]  6C 03 38 21 50 01 CF E8
 (007.189992)  can0  101   [8]  E8 35 40 C8 00 00 47 12
 (007.199787)  can0  100   [8]  70 03 50 21 50 01 D0 83
 (007.209780)  can0  100   [8]  74 03 64 21 50 01 D1 B2
 (007.219784)  can0  100   [8]  78 03 7C 21 50 01 D2 A5
 (007.229787)  can0  100   [8]  7C 03 90 21 50 01 D3 4C
 (007.239782)  can0  100   [8]  80 03 A8 21 50 01 D4 8F
 (007.249778)  can0  100   [8]  84 03 C0 21 50 01 D5 E2
 (007.259781)  can0  100   [8]  88 03 D4 21 50 01 D6 F9
 (007.269783)  can0  100   [8]  8C 03 EC 21 50 01 D7 C4
 (007.279785)  can0  100   [8]  90 03 00 22 50 01 D8 38
 (007.289776)  can0  100   [8]  94 03 18 22 50 01 D9 25
 (007.289989)  can0  101   [8]  E8 35 40 C8 00 00 48 1D
 (007.299785)  can0  100   [8]  98 03 30 22 50 01 DA 02
 (007.309758)  can0  100   [8]  9C 03 44 22 50 01 DB 73
 (007.319780)  can0  100   [8]  A0 03 5C 22 50 01 DC 50
 (007.329777)  can0  100   [8]  A4 03 70 22 50 01 DD 79
 (007.339775)  can0  100   [8]  A8 03 88 22 50 01 DE 8E
 (007.349779)  can0  100   [8]  AC 03 A0 22 50 01 DF A3
 (007.359773)  can0  100   [8]  B0 03 B4 22 50 01 E0 94
 (007.369767)  can0  100   [8]  B4 03 CC 22 50 01 E1 E9
 (007.379778)  can0  100   [8]  B8 03 E0 22 50 01 E2 CA
 (007.389758)  can0  100   [8]  BC 03 F8 22 50 01 E3 D7
 (007.389988)  can0  101   [8]  E8 35 40 C8 00 00 49 1C
 (007.399779)  can0  100   [8]  C0 03 10 23 50 01 E4 45
 (007.409773)  can0  100   [8]  C4 03 24 23 50 01 E5 74
 (007.419773)  can0  100   [8]  C8 03 3C 23 50 01 E6 63
 (007.429778)  can0  100   [8]  CC 03 50 23 50 01 E7 0A
 (007.439780)  can0  100   [8]  D0 03 68 23 50 01 E8 21
 (007.449770)  can0  100   [8]  D4 03 80 23 50 01 E9 CC
 (007.459763)  can0  100   [8]  D8 03 94 23 50 01 EA D7
 (007.469756)  can0  100   [8]  DC 03 AC 23 50 01 EB EA
 (007.479756)  can0  100   [8]  E0 03 C0 23 50 01 EC BD
 (007.489780)  can0  100   [8]  E4 03 D8 23 50 01 ED A0
 (007.489985)  can0  101   [8]  E8 35 40 C8 00 00 4A 1F
 (007.499777)  can0  100   [8]  E8 03 F0 23 50 01 EE 87
 (007.509776)  can0  100   [8]  EC 03 04 24 50 01 EF 71
 (007.519774)  can0  100   [8]  F0 03 1C 24 50 01 F0 6A
 (007.529775)  can0  100   [8]  F4 03 30 24 50 01 F1 43
 (007.539777)  can0  100   [8]  F8 03 48 24 50 01 F2 34
 (007.549770)  can0  100   [8]  FC 03 60 24 50 01 F3 19
 (007.559774)  can0  100   [8]  00 04 74 24 50 01 F4 F1
 (007.569770)  can0  100   [8]  04 04 8C 24 50 01 F5 0C
 (007.579776)  can0  100   [8]  08 04 A0 24 50 01 F6 2F
 (007.589776)  can0  100   [8]  0C 04 B8 24 50 01 F7 32
 (007.589979)  can0  101   [8]  E8 35 40 C8 00 00 4B 1E
 (007.599776)  can0  100   [8]  10 04 D0 24 50 01 F8 49
 (007.609770)  can0  100   [8]  14 04 E4 24 50 01 F9 78
 (007.619775)  can0  100   [8]  18 04 FC 24 50 01 FA 6F
 (007.629754)  can0  100   [8]  1C 04 10 25 50 01 FB 87
 (007.639779)  can0  100   [8]  20 04 28 25 50 01 FC 84
 (007.649770)  can0  100   [8]  24 04 40 25 50 01 FD E9
 (007.659769)  can0  100   [8]  28 04 54 25 50 01 FE F2
 (007.669772)  can0  100   [8]  2C 04 6C 25 50 01 FF CF
 (007.679777)  can0  100   [8]  30 04 80 25 50 01 00 C0
 (007.689774)  can0  100   [8]  34 04 98 25 50 01 01 DD
 (007.689983)  can0  101   [8]  E8 35 40 C8 00 00 4C 19
 (007.699774)  can0  100   [8]  38 04 B0 25 50 01 02 FA
 (007.709767)  can0  100   [8]  3C 04 C4 25 50 01 03 8B
 (007.719766)  can0  100   [8]  40 04 DC 25 50 01 04 E8
 (007.729777)  can0  100   [8]  44 04 F0 25 50 01 05 C1
 (007.739770)  can0  100   [8]  48 04 08 26 50 01 06 35
 (007.749768)  can0  100   [8]  4C 04 20 26 50 01 07 18
 (007.759767)  can0  100   [8]  50 04 34 26 50 01 08 1F
 (007.769760)  can0  100   [8]  54 04 4C 26 50 01 09 62
 (007.779768)  can0  100   [8]  58 04 60 26 50 01 0A 41
 (007.789749)  can0  100   [8]  5C 04 78 26 50 01 0B 5C
 (007.789978)  can0  101   [8]  E8 35 40 C8 00 00 4D 18
 (007.799766)  can0  100   [8]  60 04 90 26 50 01 0C 8F
 (007.809762)  can0  100   [8]  64 04 A4 26 50 01 0D BE
 (007.819757)  can0  100   [8]  68 04 BC 26 50 01 0E A9
 (007.829769)  can0  100   [8]  6C 04 D0 26 50 01 0F C0
 (007.839758)  can0  100   [8]  70 04 E8 26 50 01 10 FB
 (007.849769)  can0  100   [8]  74 04 00 27 50 01 11 17
 (007.859761)  can0  100   [8]  78 04 14 27 50 01 12 0C
 (007.869759)  can0  100   [8]  7C 04 2C 27 50 01 13 31
 (007.879764)  can0  100   [8]  80 04 40 27 50 01 14 A6
 (007.889762)  can0  100   [8]  84 04 58 27 50 01 15 BB
 (007.889971)  can0  101   [8]  E8 35 40 C8 00 00 4E 1B
 (007.899767)  can0  100   [8]  88 04 70 27 50 01 16 9C
 (007.909754)  can0  100   [8]  8C 04 84 27 50 01 17 6D
 (007.919755)  can0  100   [8]  90 04 9C 27 50 01 18 66
 (007.929783)  can0  100   [8]  94 04 B0 27 50 01 19 4F
 (007.939761)  can0  100   [8]  98 04 C8 27 50 01 1A 38
 (007.949758)  can0  100   [8]  9C 04 E0 27 50 01 1B 15
 (007.959760)  can0  100   [8]  A0 04 F4 27 50 01 1C 3A
 (007.969756)  can0  100   [8]  A4 04 0C 28 50 01 1D C8
 (007.979758)  can0  100   [8]  A8 04 20 28 50 01 1E EB
 (007.989757)  can0  100   [8]  AC 04 38 28 50 01 1F F6
 (007.989968)  can0  101   [8]  E8 35 40 C8 00 00 4F 1A
 (007.990210)  can0  102   [8]  87 D6 12 00 02 00 07 46
 (007.999758)  can0  100   [8]  B0 04 50 28 50 01 20 BD
 (008.009759)  can0  100   [8]  B4 04 38 1B 50 02 21 E0
 (008.019760)  can0  100   [8]  B8 04 44 1B 50 02 22 93
 (008.029760)  can0  100   [8]  BC 04 50 1B 50 02 23 82
 (008.039758)  can0  100   [8]  C0 04 5C 1B 50 02 24 F5
 (008.049754)  can0  100   [8]  C4 04 68 1B 50 02 25 C4
 (008.059755)  can0  100   [8]  C8 04 70 1B 50 02 26 D3
 (008.069756)  can0  100   [8]  CC 04 7C 1B 50 02 27 DA
 (008.079761)  can0  100   [8]  D0 04 88 1B 50 02 28 3D
 (008.089752)  can0  100   [8]  D4 04 94 1B 50 02 29 24
 (008.089968)  can0  101   [8]  E8 35 41 C8 00 00 50 04
 (008.099758)  can0  100   [8]  D8 04 A0 1B 50 02 2A 1F
 (008.109736)  can0  100   [8]  DC 04 A8 1B 50 02 2B 12
 (008.119760)  can0  100   [8]  E0 04 B4 1B 50 02 2C 35
 (008.129757)  can0  100   [8]  E4 04 C0 1B 50 02 2D 44
 (008.139754)  can0  100   [8]  E8 04 CC 1B 50 02 2E 47
 (008.149751)  can0  100   [8]  EC 04 D8 1B 50 02 2F 56
 (008.159751)  can0  100   [8]  F0 04 E0 1B 50 02 30 6D
 (008.169750)  can0  100   [8]  F4 04 EC 1B 50 02 31 64
 (008.179769)  can0  100   [8]  F8 04 F8 1B 50 02 32 7F
 (008.189762)  can0  100   [8]  FC 04 04 1C 50 02 33 81
 (008.189972)  can0  101   [8]  E8 35 41 C8 00 00 51 05
 (008.199762)  can0  100   [8]  00 05 10 1C 50 02 34 6F
 (008.209758)  can0  100   [8]  04 05 18 1C 50 02 35 62
 (008.219756)  can0  100   [8]  08 05 24 1C 50 02 36 51
 (008.229759)  can0  100   [8]  0C 05 30 1C 50 02 37 40
 (008.239757)  can0  100   [8]  10 05 3C 1C 50 02 38 5F
 (008.249755)  can0  100   [8]  14 05 48 1C 50 02 39 2E
 (008.259754)  can0  100   [8]  18 05 50 1C 50 02 3A 39
 (008.269741)  can0  100   [8]  1C 05 5C 1C 50 02 3B 30
 (008.279762)  can0  100   [8]  20 05 68 1C 50 02 3C 3F
 (008.289753)  can0  100   [8]  24 05 74 1C 50 02 3D 26
 (008.289961)  can0  101   [8]  E8 35 41 C8 00 00 52 06
 (008.299758)  can0  100   [8]  28 05 80 1C 50 02 3E DD
 (008.309752)  can0  100   [8]  2C 05 88 1C 50 02 3F D0
 (008.319749)  can0  100   [8]  30 05 94 1C 50 02 40 AF
 (008.329754)  can0  100   [8]  34 05 A0 1C 50 02 41 9E
 (008.339750)  can0  100   [8]  38 05 AC 1C 50 02 42 9D
 (008.349735)  can0  100   [8]  3C 05 B8 1C 50 02 43 8C
 (008.359749)  can0  100   [8]  40 05 C0 1C 50 02 44 8F
 (008.369747)  can0  100   [8]  44 05 CC 1C 50 02 45 86
 (008.379748)  can0  100   [8]  48 05 D8 1C 50 02 46 9D
 (008.389766)  can0  100   [8]  4C 05 E4 1C 50 02 47 A4
 (008.389964)  can0  101   [8]  E8 35 41 C8 00 00 53 07
 (008.399751)  can0  100   [8]  50 05 F0 1C 50 02 48 A3
 (008.409752)  can0  100   [8]  54 05 F8 1C 50 02 49 AE
 (008.419749)  can0  100   [8]  58 05 04 1D 50 02 4A 5C
 (008.429726)  can0  100   [8]  5C 05 10 1D 50 02 4B 4D
 (008.439750)  can0  100   [8]  60 05 1C 1D 50 02 4C 7A
 (008.449744)  can0  100   [8]  64 05 28 1D 50 02 4D 4B
 (008.459745)  can0  100   [8]  68 05 30 1D 50 02 4E 5C
 (008.469748)  can0  100   [8]  6C 05 3C 1D 50 02 4F 55
 (008.479750)  can0  100   [8]  70 05 48 1D 50 02 50 22
 (008.489748)  can0  100   [8]  74 05 54 1D 50 02 51 3B
 (008.489961)  can0  101   [8]  E8 35 41 C8 00 00 54 00
 (008.499747)  can0  100   [8]  78 05 60 1D 50 02 52 00
 (008.509751)  can0  100   [8]  7C 05 68 1D 50 02 53 0D
 (008.519745)  can0  100   [8]  80 05 74 1D 50 02 54 EA
 (008.529753)  can0  100   [8]  84 05 80 1D 50 02 55 1B
 (008.539747)  can0  100   [8]  88 05 8C 1D 50 02 56 18
 (008.549747)  can0  100   [8]  8C 05 98 1D 50 02 57 09
 (008.559742)  can0  100   [8]  90 05 A0 1D 50 02 58 22
 (008.569744)  can0  100   [8]  94 05 AC 1D 50 02 59 2B
 (008.579745)  can0  100   [8]  98 05 B8 1D 50 02 5A 30
 (008.589748)  can0  100   [8]  9C 05 C4 1D 50 02 5B 49
 (008.589986)  can0  101   [8]  E8 35 41 C8 00 00 55 01
 (008.599747)  can0  100   [8]  A0 05 D0 1D 50 02 5C 66
 (008.609742)  can0  100   [8]  A4 05 D8 1D 50 02 5D 6B
 (008.619742)  can0  100   [8]  A8 05 E4 1D 50 02 5E 58
 (008.629752)  can0  100   [8]  AC 05 F0 1D 50 02 5F 49
 (008.639744)  can0  100   [8]  B0 05 FC 1D 50 02 60 66
 (008.649740)  can0  100   [8]  B4 05 08 1E 50 02 61 94
 (008.659740)  can0  100   [8]  B8 05 10 1E 50 02 62 83
 (008.669721)  can0  100   [8]  BC 05 1C 1E 50 02 63 8A
 (008.679747)  can0  100   [8]  C0 05 28 1E 50 02 64 C5
 (008.689745)  can0  100   [8]  C4 05 34 1E 50 02 65 DC
 (008.689951)  can0  101   [8]  E8 35 41 C8 00 00 56 02
 (008.699739)  can0  100   [8]  C8 05 40 1E 50 02 66 A7
 (008.709734)  can0  100   [8]  CC 05 48 1E 50 02 67 AA
 (008.719737)  can0  100   [8]  D0 05 54 1E 50 02 68 A5
 (008.729739)  can0  100   [8]  D4 05 60 1E 50 02 69 94
 (008.739745)  can0  100   [8]  D8 05 6C 1E 50 02 6A 97
 (008.749740)  can0  100   [8]  DC 05 78 1E 50 02 6B 86
 (008.759746)  can0  100   [8]  E0 05 80 1E 50 02 6C 45
 (008.769739)  can0  100   [8]  E4 05 8C 1E 50 02 6D 4C
 (008.779740)  can0  100   [8]  E8 05 98 1E 50 02 6E 57
 (008.789738)  can0  100   [8]  EC 05 A4 1E 50 02 6F 6E
 (008.789953)  can0  101   [8]  E8 35 41 C8 00 00 57 03
 (008.799740)  can0  100   [8]  F0 05 B0 1E 50 02 70 79
 (008.809736)  can0  100   [8]  F4 05 B8 1E 50 02 71 74
 (008.819741)  can0  100   [8]  F8 05 C4 1E 50 02 72 07
 (008.829717)  can0  100   [8]  FC 05 D0 1E 50 02 73 16
 (008.839742)  can0  100   [8]  00 06 DC 1E 50 02 74 E2
 (008.849737)  can0  100   [8]  04 06 E8 1E 50 02 75 D3
 (008.859736)  can0  100   [8]  08 06 F0 1E 50 02 76 C4
 (008.869721)  can0  100   [8]  0C 06 FC 1E 50 02 77 CD
 (008.879745)  can0  100   [8]  10 06 08 1F 50 02 78 2B
 (008.889735)  can0  100   [8]  14 06 14 1F 50 02 79 32
 (008.889943)  can0  101   [8]  E8 35 41 C8 00 00 58 0C
 (008.899737)  can0  100   [8]  18 06 20 1F 50 02 7A 09
 (008.909719)  can0  100   [8]  1C 06 28 1F 50 02 7B 04
 (008.919754)  can0  100   [8]  20 06 34 1F 50 02 7C 23
 (008.929738)  can0  100   [8]  24 06 40 1F 50 02 7D 52
 (008.939739)  can0  100   [8]  28 06 4C 1F 50 02 7E 51
 (008.949740)  can0  100   [8]  2C 06 58 1F 50 02 7F 40
 (008.959734)  can0  100   [8]  30 06 60 1F 50 02 80 9B
 (008.969720)  can0  100   [8]  34 06 6C 1F 50 02 81 92
 (008.979740)  can0  100   [8]  38 06 78 1F 50 02 82 89
 (008.989741)  can0  100   [8]  3C 06 84 1F 50 02 83 70
 (008.989946)  can0  101   [8]  E8 35 41 C8 00 00 59 0D
 (008.990186)  can0  102   [8]  87 D6 12 00 02 00 08 49
 (008.999738)  can0  100   [8]  40 06 90 1F 50 02 84 1F
 (009.009734)  can0  100   [8]  44 06 98 1F 50 02 85 12
 (009.019727)  can0  100   [8]  48 06 A4 1F 50 02 86 21
 (009.029732)  can0  100   [8]  4C 06 B0 1F 50 02 87 30
 (009.039730)  can0  100   [8]  50 06 BC 1F 50 02 88 2F
 (009.049735)  can0  100   [8]  54 06 C8 1F 50 02 89 5E
 (009.059729)  can0  100   [8]  58 06 D0 1F 50 02 8A 49
 (009.069712)  can0  100   [8]  5C 06 DC 1F 50 02 8B 40
 (009.079732)  can0  100   [8]  60 06 E8 1F 50 02 8C 4F
 (009.089724)  can0  100   [8]  64 06 F4 1F 50 02 8D 56
 (009.089939)  can0  101   [8]  E8 35 42 C8 00 00 5A 0D
 (009.099736)  can0  100   [8]  68 06 00 20 50 02 8E 92
 (009.109741)  can0  100   [8]  6C 06 08 20 50 02 8F 9F
 (009.119727)  can0  100   [8]  70 06 14 20 50 02 90 80
 (009.129729)  can0  100   [8]  74 06 20 20 50 02 91 B1
 (009.139728)  can0  100   [8]  78 06 2C 20 50 02 92 B2
 (009.149709)  can0  100   [8]  7C 06 38 20 50 02 93 A3
 (009.159731)  can0  100   [8]  80 06 40 20 50 02 94 20
 (009.169705)  can0  100   [8]  84 06 4C 20 50 02 95 29
 (009.179739)  can0  100   [8]  88 06 58 20 50 02 96 32
 (009.189729)  can0  100   [8]  8C 06 64 20 50 02 97 0B
 (009.189930)  can0  101   [8]  E8 35 42 C8 00 00 5B 0C
 (009.199730)  can0  100   [8]  90 06 70 20 50 02 98 0C
 (009.209730)  can0  100   [8]  94 06 78 20 50 02 99 01
 (009.219726)  can0  100   [8]  98 06 84 20 50 02 9A F2
 (009.229726)  can0  100   [8]  9C 06 90 20 50 02 9B E3
 (009.239732)  can0  100   [8]  A0 06 9C 20 50 02 9C D4
 (009.249725)  can0  100   [8]  A4 06 A8 20 50 02 9D E5
 (009.259723)  can0  100   [8]  A8 06 B0 20 50 02 9E F2
 (009.269702)  can0  100   [8]  AC 06 BC 20 50 02 9F FB
 (009.279729)  can0  100   [8]  B0 06 C8 20 50 02 A0 AC
 (009.289725)  can0  100   [8]  B4 06 D4 20 50 02 A1 B5
 (009.289932)  can0  101   [8]  E8 35 42 C8 00 00 5C 0B
 (009.299726)  can0  100   [8]  B8 06 E0 20 50 02 A2 8E
 (009.309730)  can0  100   [8]  BC 06 E8 20 50 02 A3 83
 (009.319741)  can0  100   [8]  C0 06 F4 20 50 02 A4 E4
 (009.329726)  can0  100   [8]  C4 06 00 21 50 02 A5 14
 (009.339716)  can0  100   [8]  C8 06 0C 21 50 02 A6 17
 (009.349721)  can0  100   [8]  CC 06 18 21 50 02 A7 06
 (009.359727)  can0  100   [8]  D0 06 20 21 50 02 A8 2D
 (009.369696)  can0  100   [8]  D4 06 2C 21 50 02 A9 24
 (009.379728)  can0  100   [8]  D8 06 38 21 50 02 AA 3F
 (009.389699)  can0  100   [8]  DC 06 44 21 50 02 AB 46
 (009.389925)  can0  101   [8]  E8 35 42 C8 00 00 5D 0A
 (009.399723)  can0  100   [8]  E0 06 50 21 50 02 AC 69
 (009.409721)  can0  100   [8]  E4 06 58 21 50 02 AD 64
 (009.419720)  can0  100   [8]  E8 06 64 21 50 02 AE 57
 (009.429724)  can0  100   [8]  EC 06 70 21 50 02 AF 46
 (009.439724)  can0  100   [8]  F0 06 7C 21 50 02 B0 49
 (009.449718)  can0  100   [8]  F4 06 88 21 50 02 B1 B8
 (009.459716)  can0  100   [8]  F8 06 90 21 50 02 B2 AF
 (009.469698)  can0  100   [8]  FC 06 9C 21 50 02 B3 A6
 (009.479731)  can0  100   [8]  00 07 A8 21 50 02 B4 68
 (009.489723)  can0  100   [8]  04 07 B4 21 50 02 B5 71
 (009.489931)  can0  101   [8]  E8 35 42 C8 00 00 5E 09
 (009.499725)  can0  100   [8]  08 07 C0 21 50 02 B6 0A
 (009.509720)  can0  100   [8]  0C 07 C8 21 50 02 B7 07
 (009.519723)  can0  100   [8]  10 07 D4 21 50 02 B8 08
 (009.529724)  can0  100   [8]  14 07 E0 21 50 02 B9 39
 (009.539717)  can0  100   [8]  18 07 EC 21 50 02 BA 3A
 (009.549720)  can0  100   [8]  1C 07 F8 21 50 02 BB 2B
 (009.559720)  can0  100   [8]  20 07 00 22 50 02 BC EB
 (009.569693)  can0  100   [8]  24 07 0C 22 50 02 BD E2
 (009.579720)  can0  100   [8]  28 07 18 22 50 02 BE F9
 (009.589724)  can0  100   [8]  2C 07 24 22 50 02 BF C0
 (009.589927)  can0  101   [8]  E8 35 42 C8 00 00 5F 08
 (009.599721)  can0  100   [8]  30 07 30 22 50 02 C0 B7
 (009.609711)  can0  100   [8]  34 07 38 22 50 02 C1 BA
 (009.619710)  can0  100   [8]  38 07 44 22 50 02 C2 C9
 (009.629718)  can0  100   [8]  3C 07 50 22 50 02 C3 D8
 (009.639713)  can0  100   [8]  40 07 5C 22 50 02 C4 AF
 (009.649711)  can0  100   [8]  44 07 68 22 50 02 C5 9E
 (009.659711)  can0  100   [8]  48 07 70 22 50 02 C6 89
 (009.669694)  can0  100   [8]  4C 07 7C 22 50 02 C7 80
 (009.679719)  can0  100   [8]  50 07 88 22 50 02 C8 67
 (009.689713)  can0  100   [8]  54 07 94 22 50 02 C9 7E
 (009.689920)  can0  101   [8]  E8 35 42 C8 00 00 60 37
 (009.699711)  can0  100   [8]  58 07 A0 22 50 02 CA 45
 (009.709690)  can0  100   [8]  5C 07 A8 22 50 02 CB 48
 (009.719713)  can0  100   [8]  60 07 B4 22 50 02 CC 6F
 (009.729710)  can0  100   [8]  64 07 C0 22 50 02 CD 1E
 (009.739708)  can0  100   [8]  68 07 CC 22 50 02 CE 1D
 (009.749712)  can0  100   [8]  6C 07 D8 22 50 02 CF 0C
 (009.759710)  can0  100   [8]  70 07 E0 22 50 02 D0 37
 (009.769689)  can0  100   [8]  74 07 EC 22 50 02 D1 3E
 (009.779715)  can0  100   [8]  78 07 F8 22 50 02 D2 25
 (009.789705)  can0  100   [8]  7C 07 04 23 50 02 D3 DD
 (009.789916)  can0  101   [8]  E8 35 42 C8 00 00 61 36
 (009.799713)  can0  100   [8]  80 07 10 23 50 02 D4 32
 (009.809708)  can0  100   [8]  84 07 18 23 50 02 D5 3F
 (009.819707)  can0  100   [8]  88 07 24 23 50 02 D6 0C
 (009.829709)  can0  100   [8]  8C 07 30 23 50 02 D7 1D
 (009.839710)  can0  100   [8]  90 07 3C 23 50 02 D8 02
 (009.849704)  can0  100   [8]  94 07 48 23 50 02 D9 73
 (009.859710)  can0  100   [8]  98 07 50 23 50 02 DA 64
 (009.869684)  can0  100   [8]  9C 07 5C 23 50 02 DB 6D
 (009.879711)  can0  100   [8]  A0 07 68 23 50 02 DC 62
 (009.889704)  can0  100   [8]  A4 07 74 23 50 02 DD 7B
 (009.889909)  can0  101   [8]  E8 35 42 C8 00 00 62 35
 (009.899712)  can0  100   [8]  A8 07 80 23 50 02 DE 80
 (009.909707)  can0  100   [8]  AC 07 88 23 50 02 DF 8D
 (009.919704)  can0  100   [8]  B0 07 94 23 50 02 E0 B2
 (009.929710)  can0  100   [8]  B4 07 A0 23 50 02 E1 83
 (009.939700)  can0  100   [8]  B8 07 AC 23 50 02 E2 80
 (009.949703)  can0  100   [8]  BC 07 B8 23 50 02 E3 91
 (009.959705)  can0  100   [8]  C0 07 C0 23 50 02 E4 92
 (009.969685)  can0  100   [8]  C4 07 CC 23 50 02 E5 9B
 (009.979708)  can0  100   [8]  C8 07 D8 23 50 02 E6 80
 (009.989704)  can0  100   [8]  CC 07 E4 23 50 02 E7 B9
 (009.989911)  can0  101   [8]  E8 35 42 C8 00 00 63 34
 (009.990154)  can0  102   [8]  87 D6 12 00 02 00 09 48
 (009.999708)  can0  100   [8]  D0 07 F0 23 50 02 E8 BE
 (010.009704)  can0  100   [8]  D4 07 F8 23 50 02 E9 B3
 (010.019699)  can0  100   [8]  D8 07 04 24 50 02 EA 47
 (010.029702)  can0  100   [8]  DC 07 10 24 50 02 EB 56
 (010.039702)  can0  100   [8]  E0 07 1C 24 50 02 EC 61
 (010.049697)  can0  100   [8]  E4 07 28 24 50 02 ED 50
 (010.059703)  can0  100   [8]  E8 07 30 24 50 02 EE 47
 (010.069679)  can0  100   [8]  EC 07 3C 24 50 02 EF 4E
 (010.079705)  can0  100   [8]  F0 07 48 24 50 02 F0 39
 (010.089699)  can0  100   [8]  F4 07 54 24 50 02 F1 20
 (010.089908)  can0  101   [8]  E8 35 43 C8 00 00 64 32
 (010.099699)  can0  100   [8]  F8 07 60 24 50 02 F2 1B
 (010.109702)  can0  100   [8]  FC 07 68 24 50 02 F3 16
 (010.119700)  can0  100   [8]  00 08 74 24 50 02 F4 FE
 (010.129704)  can0  100   [8]  04 08 80 24 50 02 F5 0F
 (010.139704)  can0  100   [8]  08 08 8C 24 50 02 F6 0C
 (010.149696)  can0  100   [8]  0C 08 98 24 50 02 F7 1D
 (010.159702)  can0  100   [8]  10 08 A0 24 50 02 F8 36
 (010.169687)  can0  100   [8]  14 08 AC 24 50 02 F9 3F
 (010.179712)  can0  100   [8]  18 08 B8 24 50 02 FA 24
 (010.189683)  can0  100   [8]  1C 08 C4 24 50 02 FB 5D
 (010.189908)  can0  101   [8]  E8 35 43 C8 00 00 65 33
 (010.199709)  can0  100   [8]  20 08 D0 24 50 02 FC 72
 (010.209706)  can0  100   [8]  24 08 D8 24 50 02 FD 7F
 (010.219698)  can0  100   [8]  28 08 E4 24 50 02 FE 4C
 (010.229703)  can0  100   [8]  2C 08 F0 24 50 02 FF 5D
 (010.239700)  can0  100   [8]  30 08 FC 24 50 02 00 B2
 (010.249706)  can0  100   [8]  34 08 08 25 50 02 01 42
 (010.259701)  can0  100   [8]  38 08 10 25 50 02 02 55
 (010.269781)  can0  100   [8]  3C 08 1C 25 50 02 03 5C
 (010.279707)  can0  100   [8]  40 08 28 25 50 02 04 13
 (010.289695)  can0  100   [8]  44 08 34 25 50 02 05 0A
 (010.289901)  can0  101   [8]  E8 35 43 C8 00 00 66 30
 (010.299698)  can0  100   [8]  48 08 40 25 50 02 06 71
 (010.309697)  can0  100   [8]  4C 08 48 25 50 02 07 7C
 (010.319695)  can0  100   [8]  50 08 54 25 50 02 08 73
 (010.329698)  can0  100   [8]  54 08 60 25 50 02 09 42
 (010.339694)  can0  100   [8]  58 08 6C 25 50 02 0A 41
 (010.349699)  can0  100   [8]  5C 08 78 25 50 02 0B 50
 (010.359696)  can0  100   [8]  60 08 80 25 50 02 0C 93
 (010.369691)  can0  100   [8]  64 08 8C 25 50 02 0D 9A
 (010.379691)  can0  100   [8]  68 08 98 25 50 02 0E 81
 (010.389694)  can0  100   [8]  6C 08 A4 25 50 02 0F B8
 (010.389901)  can0  101   [8]  E8 35 43 C8 00 00 67 31
 (010.399695)  can0  100   [8]  70 08 B0 25 50 02 10 AF
 (010.409693)  can0  100   [8]  74 08 B8 25 50 02 11 A2
 (010.419687)  can0  100   [8]  78 08 C4 25 50 02 12 D1
 (010.429674)  can0  100   [8]  7C 08 D0 25 50 02 13 C0
 (010.439692)  can0  100   [8]  80 08 DC 25 50 02 14 37
 (010.449695)  can0  100   [8]  84 08 E8 25 50 02 15 06
 (010.459695)  can0  100   [8]  88 08 F0 25 50 02 16 11
 (010.469694)  can0  100   [8]  8C 08 FC 25 50 02 17 18
 (010.479691)  can0  100   [8]  90 08 08 26 50 02 18 FC
 (010.489695)  can0  100   [8]  94 08 14 26 50 02 19 E5
 (010.489897)  can0  101   [8]  E8 35 43 C8 00 00 68 3E
 (010.499688)  can0  100   [8]  98 08 20 26 50 02 1A DE
 (010.509667)  can0  100   [8]  9C 08 28 26 50 02 1B D3
 (010.519689)  can0  100   [8]  A0 08 34 26 50 02 1C F4
 (010.529690)  can0  100   [8]  A4 08 40 26 50 02 1D 85
 (010.539689)  can0  100   [8]  A8 08 4C 26 50 02 1E 86
 (010.549689)  can0  100   [8]  AC 08 58 26 50 02 1F 97
 (010.559695)  can0  100   [8]  B0 08 60 26 50 02 20 8C
 (010.569685)  can0  100   [8]  B4 08 6C 26 50 02 21 85
 (010.579683)  can0  100   [8]  B8 08 78 26 50 02 22 9E
 (010.589689)  can0  100   [8]  BC 08 84 26 50 02 23 67
 (010.589894)  can0  101   [8]  E8 35 43 C8 00 00 69 3F
 (010.599691)  can0  100   [8]  C0 08 90 26 50 02 24 08
 (010.609686)  can0  100   [8]  C4 08 98 26 50 02 25 05
 (010.619682)  can0  100   [8]  C8 08 A4 26 50 02 26 36
 (010.629687)  can0  100   [8]  CC 08 B0 26 50 02 27 27
 (010.639683)  can0  100   [8]  D0 08 BC 26 50 02 28 38
 (010.649684)  can0  100   [8]  D4 08 C8 26 50 02 29 49
 (010.659684)  can0  100   [8]  D8 08 D0 26 50 02 2A 5E
 (010.669677)  can0  100   [8]  DC 08 DC 26 50 02 2B 57
 (010.679685)  can0  100   [8]  E0 08 E8 26 50 02 2C 58
 (010.689684)  can0  100   [8]  E4 08 F4 26 50 02 2D 41
 (010.689892)  can0  101   [8]  E8 35 43 C8 00 00 6A 3C
 (010.699684)  can0  100   [8]  E8 08 00 27 50 02 2E BB
 (010.709686)  can0  100   [8]  EC 08 08 27 50 02 2F B6
 (010.719681)  can0  100   [8]  F0 08 14 27 50 02 30 A9
 (010.729687)  can0  100   [8]  F4 08 20 27 50 02 31 98
 (010.739687)  can0  100   [8]  F8 08 2C 27 50 02 32 9B
 (010.749706)  can0  100   [8]  FC 08 38 27 50 02 33 8A
 (010.759707)  can0  100   [8]  00 09 40 27 50 02 34 08
 (010.769686)  can0  100   [8]  04 09 4C 27 50 02 35 01
 (010.779683)  can0  100   [8]  08 09 58 27 50 02 36 1A
 (010.789679)  can0  100   [8]  0C 09 64 27 50 02 37 23
 (010.789884)  can0  101   [8]  E8 35 43 C8 00 00 6B 3D
 (010.799687)  can0  100   [8]  10 09 70 27 50 02 38 24
 (010.809685)  can0  100   [8]  14 09 78 27 50 02 39 29
 (010.819679)  can0  100   [8]  18 09 84 27 50 02 3A DA
 (010.829666)  can0  100   [8]  1C 09 90 27 50 02 3B CB
 (010.839684)  can0  100   [8]  20 09 9C 27 50 02 3C FC
 (010.849681)  can0  100   [8]  24 09 A8 27 50 02 3D CD
 (010.859683)  can0  100   [8]  28 09 B0 27 50 02 3E DA
 (010.869679)  can0  100   [8]  2C 09 BC 27 50 02 3F D3
 (010.879680)  can0  100   [8]  30 09 C8 27 50 02 40 C4
 (010.889680)  can0  100   [8]  34 09 D4 27 50 02 41 DD
 (010.889879)  can0  101   [8]  E8 35 43 C8 00 00 6C 3A
 (010.899683)  can0  100   [8]  38 09 E0 27 50 02 42 E6
 (010.909690)  can0  100   [8]  3C 09 E8 27 50 02 43 EB
 (010.919679)  can0  100   [8]  40 09 F4 27 50 02 44 8C
 (010.929681)  can0  100   [8]  44 09 00 28 50 02 45 72
 (010.939678)  can0  100   [8]  48 09 0C 28 50 02 46 71
 (010.949677)  can0  100   [8]  4C 09 18 28 50 02 47 60
 (010.959673)  can0  100   [8]  50 09 20 28 50 02 48 4B
 (010.969671)  can0  100   [8]  54 09 2C 28 50 02 49 42
 (010.979672)  can0  100   [8]  58 09 38 28 50 02 4A 59
 (010.989658)  can0  100   [8]  5C 09 44 28 50 02 4B 20
 (010.989880)  can0  101   [8]  E8 35 43 C8 00 00 6D 3B
 (010.990123)  can0  102   [8]  87 D6 12 00 02 00 0A 4B
 (010.999677)  can0  100   [8]  60 09 50 28 50 02 4C 0F
 (011.009675)  can0  100   [8]  64 09 58 28 50 02 4D 02
 (011.019674)  can0  100   [8]  68 09 64 28 50 02 4E 31
 (011.029682)  can0  100   [8]  6C 09 70 28 50 02 4F 20
 (011.039681)  can0  100   [8]  70 09 7C 28 50 02 50 2F
 (011.049671)  can0  100   [8]  74 09 88 28 50 02 51 DE
 (011.059673)  can0  100   [8]  78 09 90 28 50 02 52 C9
 (011.069677)  can0  100   [8]  7C 09 9C 28 50 02 53 C0
 (011.079675)  can0  100   [8]  80 09 A8 28 50 02 54 0F
 (011.089674)  can0  100   [8]  84 09 B4 28 50 02 55 16
 (011.089885)  can0  101   [8]  E8 35 44 C8 00 00 6E 3F
 (011.099671)  can0  100   [8]  88 09 C0 28 50 02 56 6D
 (011.109674)  can0  100   [8]  8C 09 C8 28 50 02 57 60
 (011.119669)  can0  100   [8]  90 09 D4 28 50 02 58 6F
 (011.129671)  can0  100   [8]  94 09 E0 28 50 02 59 5E
 (011.139669)  can0  100   [8]  98 09 EC 28 50 02 5A 5D
 (011.149672)  can0  100   [8]  9C 09 F8 28 50 02 5B 4C
 (011.159669)  can0  100   [8]  A0 09 00 29 50 02 5C 8E
 (011.169668)  can0  100   [8]  A4 09 0C 29 50 02 5D 87
 (011.179680)  can0  100   [8]  A8 09 18 29 50 02 5E 9C
 (011.189675)  can0  100   [8]  AC 09 24 29 50 02 5F A5
 (011.189879)  can0  101   [8]  E8 35 44 C8 00 00 6F 3E
 (011.199667)  can0  100   [8]  B0 09 30 29 50 02 60 92
 (011.209677)  can0  100   [8]  B4 09 38 29 50 02 61 9F
 (011.219670)  can0  100   [8]  B8 09 44 29 50 02 62 EC
 (011.229652)  can0  100   [8]  BC 09 50 29 50 02 63 FD
 (011.239673)  can0  100   [8]  C0 09 5C 29 50 02 64 8A
 (011.249667)  can0  100   [8]  C4 09 68 29 50 02 65 BB
 (011.259664)  can0  100   [8]  C8 09 A8 1F 50 03 66 43
 (011.269671)  can0  100   [8]  CC 09 B0 1F 50 03 67 5E
 (011.279668)  can0  100   [8]  D0 09 B8 1F 50 03 68 45
 (011.289670)  can0  100   [8]  D4 09 C0 1F 50 03 69 38
 (011.289873)  can0  101   [8]  E8 35 44 C8 00 00 70 21
 (011.299676)  can0  100   [8]  D8 09 C8 1F 50 03 6A 3F
 (011.309671)  can0  100   [8]  DC 09 CC 1F 50 03 6B 3E
 (011.319667)  can0  100   [8]  E0 09 D4 1F 50 03 6C 1D
 (011.329674)  can0  100   [8]  E4 09 DC 1F 50 03 6D 10
 (011.339669)  can0  100   [8]  E8 09 E4 1F 50 03 6E 27
 (011.349668)  can0  100   [8]  EC 09 EC 1F 50 03 6F 2A
 (011.359675)  can0  100   [8]  F0 09 F0 1F 50 03 70 35
 (011.369669)  can0  100   [8]  F4 09 F8 1F 50 03 71 38
 (011.379674)  can0  100   [8]  F8 09 00 20 50 03 72 F0
 (011.389668)  can0  100   [8]  FC 09 08 20 50 03 73 FD
 (011.389878)  can0  101   [8]  E8 35 44 C8 00 00 71 20
 (011.399675)  can0  100   [8]  00 0A 10 20 50 03 74 1D
 (011.409664)  can0  100   [8]  04 0A 14 20 50 03 75 1C
 (011.419658)  can0  100   [8]  08 0A 1C 20 50 03 76 1B
 (011.429665)  can0  100   [8]  0C 0A 24 20 50 03 77 26
 (011.439670)  can0  100   [8]  10 0A 2C 20 50 03 78 3D
 (011.449667)  can0  100   [8]  14 0A 34 20 50 03 79 20
 (011.459665)  can0  100   [8]  18 0A 38 20 50 03 7A 23
 (011.469641)  can0  100   [8]  1C 0A 40 20 50 03 7B 5E
 (011.479672)  can0  100   [8]  20 0A 48 20 50 03 7C 6D
 (011.489670)  can0  100   [8]  24 0A 50 20 50 03 7D 70
 (011.489869)  can0  101   [8]  E8 35 44 C8 00 00 72 23
 (011.499667)  can0  100   [8]  28 0A 58 20 50 03 7E 77
 (011.509665)  can0  100   [8]  2C 0A 5C 20 50 03 7F 76
 (011.519671)  can0  100   [8]  30 0A 64 20 50 03 80 AD
 (011.529666)  can0  100   [8]  34 0A 6C 20 50 03 81 A0
 (011.539663)  can0  100   [8]  38 0A 74 20 50 03 82 B7
 (011.549651)  can0  100   [8]  3C 0A 7C 20 50 03 83 BA
 (011.559668)  can0  100   [8]  40 0A 80 20 50 03 84 3D
 (011.569660)  can0  100   [8]  44 0A 88 20 50 03 85 30
 (011.579657)  can0  100   [8]  48 0A 90 20 50 03 86 27
 (011.589663)  can0  100   [8]  4C 0A 98 20 50 03 87 2A
 (011.589864)  can0  101   [8]  E8 35 44 C8 00 00 73 22
 (011.599662)  can0  100   [8]  50 0A A0 20 50 03 88 01
 (011.609661)  can0  100   [8]  54 0A A4 20 50 03 89 00
 (011.619663)  can0  100   [8]  58 0A AC 20 50 03 8A 07
 (011.629661)  can0  100   [8]  5C 0A B4 20 50 03 8B 1A
 (011.639653)  can0  100   [8]  60 0A BC 20 50 03 8C 29
 (011.649658)  can0  100   [8]  64 0A C4 20 50 03 8D 54
 (011.659662)  can0  100   [8]  68 0A C8 20 50 03 8E 57
 (011.669661)  can0  100   [8]  6C 0A D0 20 50 03 8F 4A
 (011.679663)  can0  100   [8]  70 0A D8 20 50 03 90 41
 (011.689662)  can0  100   [8]  74 0A E0 20 50 03 91 7C
 (011.689866)  can0  101   [8]  E8 35 44 C8 00 00 74 25
 (011.699674)  can0  100   [8]  78 0A E8 20 50 03 92 7B
 (011.709659)  can0  100   [8]  7C 0A EC 20 50 03 93 7A
 (011.719658)  can0  100   [8]  80 0A F4 20 50 03 94 99
 (011.729660)  can0  100   [8]  84 0A FC 20 50 03 95 94
 (011.739653)  can0  100   [8]  88 0A 04 21 50 03 96 62
 (011.749651)  can0  100   [8]  8C 0A 0C 21 50 03 97 6F
 (011.759659)  can0  100   [8]  90 0A 10 21 50 03 98 60
 (011.769649)  can0  100   [8]  94 0A 18 21 50 03 99 6D
 (011.779650)  can0  100   [8]  98 0A 20 21 50 03 9A 5A
 (011.789635)  can0  100   [8]  9C 0A 28 21 50 03 9B 57
 (011.789861)  can0  101   [8]  E8 35 44 C8 00 00 75 24
 (011.799657)  can0  100   [8]  A0 0A 30 21 50 03 9C 74
 (011.809652)  can0  100   [8]  A4 0A 34 21 50 03 9D 75
 (011.819647)  can0  100   [8]  A8 0A 3C 21 50 03 9E 72
 (011.829658)  can0  100   [8]  AC 0A 44 21 50 03 9F 0F
 (011.839652)  can0  100   [8]  B0 0A 4C 21 50 03 A0 24
 (011.849646)  can0  100   [8]  B4 0A 54 21 50 03 A1 39
 (011.859647)  can0  100   [8]  B8 0A 58 21 50 03 A2 3A
 (011.869654)  can0  100   [8]  BC 0A 60 21 50 03 A3 07
 (011.879649)  can0  100   [8]  C0 0A 68 21 50 03 A4 74
 (011.889652)  can0  100   [8]  C4 0A 70 21 50 03 A5 69
 (011.889854)  can0  101   [8]  E8 35 44 C8 00 00 76 27
 (011.899654)  can0  100   [8]  C8 0A 78 21 50 03 A6 6E
 (011.909647)  can0  100   [8]  CC 0A 7C 21 50 03 A7 6F
 (011.919649)  can0  100   [8]  D0 0A 84 21 50 03 A8 84
 (011.929644)  can0  100   [8]  D4 0A 8C 21 50 03 A9 89
 (011.939642)  can0  100   [8]  D8 0A 94 21 50 03 AA 9E
 (011.949649)  can0  100   [8]  DC 0A 9C 21 50 03 AB 93
 (011.959643)  can0  100   [8]  E0 0A A0 21 50 03 AC 94
 (011.969641)  can0  100   [8]  E4 0A A8 21 50 03 AD 99
 (011.979649)  can0  100   [8]  E8 0A B0 21 50 03 AE 8E
 (011.989651)  can0  100   [8]  EC 0A B8 21 50 03 AF 83
 (011.989854)  can0  101   [8]  E8 35 44 C8 00 00 77 26
 (011.990096)  can0  102   [8]  87 D6 12 00 02 00 0B 4A
 (011.999648)  can0  100   [8]  F0 0A C0 21 50 03 B0 F8
 (012.009643)  can0  100   [8]  F4 0A C4 21 50 03 B1 F9
 (012.019645)  can0  100   [8]  F8 0A CC 21 50 03 B2 FE
 (012.029649)  can0  100   [8]  FC 0A D4 21 50 03 B3 E3
 (012.039651)  can0  100   [8]  00 0B DC 21 50 03 B4 11
 (012.049645)  can0  100   [8]  04 0B E4 21 50 03 B5 2C
 (012.059648)  can0  100   [8]  08 0B E8 21 50 03 B6 2F
 (012.069647)  can0  100   [8]  0C 0B F0 21 50 03 B7 32
 (012.079630)  can0  100   [8]  10 0B F8 21 50 03 B8 29
 (012.089653)  can0  100   [8]  14 0B 00 22 50 03 B9 D7
 (012.089860)  can0  101   [8]  E8 35 45 C8 00 00 78 28
 (012.099645)  can0  100   [8]  18 0B 08 22 50 03 BA D0
 (012.109646)  can0  100   [8]  1C 0B 0C 22 50 03 BB D1
 (012.119642)  can0  100   [8]  20 0B 14 22 50 03 BC F2
 (012.129645)  can0  100   [8]  24 0B 1C 22 50 03 BD FF
 (012.139646)  can0  100   [8]  28 0B 24 22 50 03 BE C8
 (012.149643)  can0  100   [8]  2C 0B 2C 22 50 03 BF C5
 (012.159644)  can0  100   [8]  30 0B 30 22 50 03 C0 BA
 (012.169646)  can0  100   [8]  34 0B 38 22 50 03 C1 B7
 (012.179651)  can0  100   [8]  38 0B 40 22 50 03 C2 C0
 (012.189659)  can0  100   [8]  3C 0B 48 22 50 03 C3 CD
 (012.189858)  can0  101   [8]  E8 35 45 C8 00 00 79 29
 (012.199647)  can0  100   [8]  40 0B 50 22 50 03 C4 AE
 (012.209644)  can0  100   [8]  44 0B 54 22 50 03 C5 AF
 (012.219639)  can0  100   [8]  48 0B 5C 22 50 03 C6 A8
 (012.229647)  can0  100   [8]  4C 0B 64 22 50 03 C7 95
 (012.239640)  can0  100   [8]  50 0B 6C 22 50 03 C8 8E
 (012.249640)  can0  100   [8]  54 0B 74 22 50 03 C9 93
 (012.259639)  can0  100   [8]  58 0B 78 22 50 03 CA 90
 (012.269620)  can0  100   [8]  5C 0B 80 22 50 03 CB 6D
 (012.279620)  can0  100   [8]  60 0B 88 22 50 03 CC 5E
 (012.289642)  can0  100   [8]  64 0B 90 22 50 03 CD 43
 (012.289846)  can0  101   [8]  E8 35 45 C8 00 00 7A 2A
 (012.299640)  can0  100   [8]  68 0B 98 22 50 03 CE 44
 (012.309635)  can0  100   [8]  6C 0B 9C 22 50 03 CF 45
 (012.319643)  can0  100   [8]  70 0B A4 22 50 03 D0 7E
 (012.329646)  can0  100   [8]  74 0B AC 22 50 03 D1 73
 (012.339637)  can0  100   [8]  78 0B B4 22 50 03 D2 64
 (012.349640)  can0  100   [8]  7C 0B BC 22 50 03 D3 69
 (012.359645)  can0  100   [8]  80 0B C0 22 50 03 D4 EE
 (012.369643)  can0  100   [8]  84 0B C8 22 50 03 D5 E3
 (012.379619)  can0  100   [8]  88 0B D0 22 50 03 D6 F4
 (012.389638)  can0  100   [8]  8C 0B D8 22 50 03 D7 F9
 (012.389847)  can0  101   [8]  E8 35 45 C8 00 00 7B 2B
 (012.399642)  can0  100   [8]  90 0B E0 22 50 03 D8 D2
 (012.409634)  can0  100   [8]  94 0B E4 22 50 03 D9 D3
 (012.419635)  can0  100   [8]  98 0B EC 22 50 03 DA D4
 (012.429638)  can0  100   [8]  9C 0B F4 22 50 03 DB C9
 (012.439638)  can0  100   [8]  A0 0B FC 22 50 03 DC FA
 (012.449637)  can0  100   [8]  A4 0B 04 23 50 03 DD 06
 (012.459633)  can0  100   [8]  A8 0B 08 23 50 03 DE 05
 (012.469640)  can0  100   [8]  AC 0B 10 23 50 03 DF 18
 (012.479615)  can0  100   [8]  B0 0B 18 23 50 03 E0 33
 (012.489637)  can0  100   [8]  B4 0B 20 23 50 03 E1 0E
 (012.489843)  can0  101   [8]  E8 35 45 C8 00 00 7C 2C
 (012.499637)  can0  100   [8]  B8 0B 28 23 50 03 E2 09
 (012.509614)  can0  100   [8]  BC 0B 2C 23 50 03 E3 08
 (012.519636)  can0  100   [8]  C0 0B 34 23 50 03 E4 6B
 (012.529641)  can0  100   [8]  C4 0B 3C 23 50 03 E5 66
 (012.539634)  can0  100   [8]  C8 0B 44 23 50 03 E6 11
 (012.549632)  can0  100   [8]  CC 0B 4C 23 50 03 E7 1C
 (012.559632)  can0  100   [8]  D0 0B 50 23 50 03 E8 13
 (012.569633)  can0  100   [8]  D4 0B 58 23 50 03 E9 1E
 (012.579610)  can0  100   [8]  D8 0B 60 23 50 03 EA 29
 (012.589613)  can0  100   [8]  DC 0B 68 23 50 03 EB 24
 (012.589840)  can0  101   [8]  E8 35 45 C8 00 00 7D 2D
 (012.599636)  can0  100   [8]  E0 0B 70 23 50 03 EC 07
 (012.609635)  can0  100   [8]  E4 0B 74 23 50 03 ED 06
 (012.619631)  can0  100   [8]  E8 0B 7C 23 50 03 EE 01
 (012.629635)  can0  100   [8]  EC 0B 84 23 50 03 EF FC
 (012.639627)  can0  100   [8]  F0 0B 8C 23 50 03 F0 F7
 (012.649625)  can0  100   [8]  F4 0B 94 23 50 03 F1 EA
 (012.659647)  can0  100   [8]  F8 0B 98 23 50 03 F2 E9
 (012.669633)  can0  100   [8]  FC 0B A0 23 50 03 F3 D4
 (012.679618)  can0  100   [8]  00 0C A8 23 50 03 F4 20
 (012.689633)  can0  100   [8]  04 0C B0 23 50 03 F5 3D
 (012.689834)  can0  101   [8]  E8 35 45 C8 00 00 7E 2E
 (012.699632)  can0  100   [8]  08 0C B8 23 50 03 F6 3A
 (012.709630)  can0  100   [8]  0C 0C BC 23 50 03 F7 3B
 (012.719631)  can0  100   [8]  10 0C C4 23 50 03 F8 50
 (012.729627)  can0  100   [8]  14 0C CC 23 50 03 F9 5D
 (012.739626)  can0  100   [8]  18 0C D4 23 50 03 FA 4A
 (012.749623)  can0  100   [8]  1C 0C DC 23 50 03 FB 47
 (012.759629)  can0  100   [8]  20 0C E0 23 50 03 FC 40
 (012.769628)  can0  100   [8]  24 0C E8 23 50 03 FD 4D
 (012.779610)  can0  100   [8]  28 0C F0 23 50 03 FE 5A
 (012.789634)  can0  100   [8]  2C 0C F8 23 50 03 FF 57
 (012.789837)  can0  101   [8]  E8 35 45 C8 00 00 7F 2F
 (012.799633)  can0  100   [8]  30 0C 00 24 50 03 00 4B
 (012.809629)  can0  100   [8]  34 0C 04 24 50 03 01 4A
 (012.819629)  can0  100   [8]  38 0C 0C 24 50 03 02 4D
 (012.829616)  can0  100   [8]  3C 0C 14 24 50 03 03 50
 (012.839631)  can0  100   [8]  40 0C 1C 24 50 03 04 23
 (012.849624)  can0  100   [8]  44 0C 24 24 50 03 05 1E
 (012.859621)  can0  100   [8]  48 0C 28 24 50 03 06 1D
 (012.869627)  can0  100   [8]  4C 0C 30 24 50 03 07 00
 (012.879603)  can0  100   [8]  50 0C 38 24 50 03 08 1B
 (012.889618)  can0  100   [8]  54 0C 40 24 50 03 09 66
 (012.889826)  can0  101   [8]  E8 35 45 C8 00 00 80 D0
 (012.899625)  can0  100   [8]  58 0C 48 24 50 03 0A 61
 (012.909621)  can0  100   [8]  5C 0C 4C 24 50 03 0B 60
 (012.919619)  can0  100   [8]  60 0C 54 24 50 03 0C 43
 (012.929622)  can0  100   [8]  64 0C 5C 24 50 03 0D 4E
 (012.939615)  can0  100   [8]  68 0C 64 24 50 03 0E 79
 (012.949617)  can0  100   [8]  6C 0C 6C 24 50 03 0F 74
 (012.959620)  can0  100   [8]  70 0C 70 24 50 03 10 6B
 (012.969624)  can0  100   [8]  74 0C 78 24 50 03 11 66
 (012.979600)  can0  100   [8]  78 0C 80 24 50 03 12 91
 (012.989620)  can0  100   [8]  7C 0C 88 24 50 03 13 9C
 (012.989824)  can0  101   [8]  E8 35 45 C8 00 00 81 D1
 (012.990066)  can0  102   [8]  87 D6 12 00 02 00 0C 4D
 (012.999622)  can0  100   [8]  80 0C 90 24 50 03 14 7F
 (013.009615)  can0  100   [8]  84 0C 94 24 50 03 15 7E
 (013.019617)  can0  100   [8]  88 0C 9C 24 50 03 16 79
 (013.029618)  can0  100   [8]  8C 0C A4 24 50 03 17 44
 (013.039614)  can0  100   [8]  90 0C AC 24 50 03 18 5F
 (013.049618)  can0  100   [8]  94 0C B4 24 50 03 19 42
 (013.059618)  can0  100   [8]  98 0C B8 24 50 03 1A 41
 (013.069599)  can0  100   [8]  9C 0C C0 24 50 03 1B 3C
 (013.079604)  can0  100   [8]  A0 0C C8 24 50 03 1C 0F
 (013.089619)  can0  100   [8]  A4 0C D0 24 50 03 1D 12
 (013.089826)  can0  101   [8]  E8 35 46 C8 00 00 82 D1
 (013.099618)  can0  100   [8]  A8 0C D8 24 50 03 1E 15
 (013.109615)  can0  100   [8]  AC 0C DC 24 50 03 1F 14
 (013.119618)  can0  100   [8]  B0 0C E4 24 50 03 20 0F
 (013.129631)  can0  100   [8]  B4 0C EC 24 50 03 21 02
 (013.139613)  can0  100   [8]  B8 0C F4 24 50 03 22 15
 (013.149617)  can0  100   [8]  BC 0C FC 24 50 03 23 18
 (013.159591)  can0  100   [8]  C0 0C 00 25 50 03 24 9E
 (013.169634)  can0  100   [8]  C4 0C 08 25 50 03 25 93
 (013.179606)  can0  100   [8]  C8 0C 10 25 50 03 26 84
 (013.189629)  can0  100   [8]  CC 0C 18 25 50 03 27 89
 (013.189830)  can0  101   [8]  E8 35 46 C8 00 00 83 D0
 (013.199617)  can0  100   [8]  D0 0C 20 25 50 03 28 A2
 (013.209594)  can0  100   [8]  D4 0C 24 25 50 03 29 A3
 (013.219618)  can0  100   [8]  D8 0C 2C 25 50 03 2A A4
 (013.229616)  can0  100   [8]  DC 0C 34 25 50 03 2B B9
 (013.239609)  can0  100   [8]  E0 0C 3C 25 50 03 2C 8A
 (013.249609)  can0  100   [8]  E4 0C 44 25 50 03 2D F7
 (013.259607)  can0  100   [8]  E8 0C 48 25 50 03 2E F4
 (013.269614)  can0  100   [8]  EC 0C 50 25 50 03 2F E9
 (013.279596)  can0  100   [8]  F0 0C 58 25 50 03 30 E2
 (013.289616)  can0  100   [8]  F4 0C 60 25 50 03 31 DF
 (013.289818)  can0  101   [8]  E8 35 46 C8 00 00 84 D7
 (013.299617)  can0  100   [8]  F8 0C 68 25 50 03 32 D8
 (013.309603)  can0  100   [8]  FC 0C 6C 25 50 03 33 D9
 (013.319601)  can0  100   [8]  00 0D 74 25 50 03 34 3B
 (013.329607)  can0  100   [8]  04 0D 7C 25 50 03 35 36
 (013.339625)  can0  100   [8]  08 0D 84 25 50 03 36 C1
 (013.349612)  can0  100   [8]  0C 0D 8C 25 50 03 37 CC
 (013.359608)  can0  100   [8]  10 0D 90 25 50 03 38 C3
 (013.369614)  can0  100   [8]  14 0D 98 25 50 03 39 CE
 (013.379617)  can0  100   [8]  18 0D A0 25 50 03 3A F9
 (013.389598)  can0  100   [8]  1C 0D A8 25 50 03 3B F4
 (013.389820)  can0  101   [8]  E8 35 46 C8 00 00 85 D6
 (013.399618)  can0  100   [8]  20 0D B0 25 50 03 3C D7
 (013.409616)  can0  100   [8]  24 0D B4 25 50 03 3D D6
 (013.419609)  can0  100   [8]  28 0D BC 25 50 03 3E D1
 (013.429609)  can0  100   [8]  2C 0D C4 25 50 03 3F AC
 (013.439612)  can0  100   [8]  30 0D CC 25 50 03 40 C7
 (013.449608)  can0  100   [8]  34 0D D4 25 50 03 41 DA
 (013.459605)  can0  100   [8]  38 0D D8 25 50 03 42 D9
 (013.469616)  can0  100   [8]  3C 0D E0 25 50 03 43 E4
 (013.479610)  can0  100   [8]  40 0D E8 25 50 03 44 97
 (013.489607)  can0  100   [8]  44 0D F0 25 50 03 45 8A
 (013.489812)  can0  101   [8]  E8 35 46 C8 00 00 86 D5
 (013.499612)  can0  100   [8]  48 0D F8 25 50 03 46 8D
 (013.509606)  can0  100   [8]  4C 0D FC 25 50 03 47 8C
 (013.519605)  can0  100   [8]  50 0D 04 26 50 03 48 64
 (013.529605)  can0  100   [8]  54 0D 0C 26 50 03 49 69
 (013.539607)  can0  100   [8]  58 0D 14 26 50 03 4A 7E
 (013.549583)  can0  100   [8]  5C 0D 1C 26 50 03 4B 73
 (013.559606)  can0  100   [8]  60 0D 20 26 50 03 4C 74
 (013.569604)  can0  100   [8]  64 0D 28 26 50 03 4D 79
 (013.579611)  can0  100   [8]  68 0D 30 26 50 03 4E 6E
 (013.589599)  can0  100   [8]  6C 0D 38 26 50 03 4F 63
 (013.589806)  can0  101   [8]  E8 35 46 C8 00 00 87 D4
 (013.599610)  can0  100   [8]  70 0D 40 26 50 03 50 18
 (013.609603)  can0  100   [8]  74 0D 44 26 50 03 51 19
 (013.619608)  can0  100   [8]  78 0D 4C 26 50 03 52 1E
 (013.629585)  can0  100   [8]  7C 0D 54 26 50 03 53 03
 (013.639603)  can0  100   [8]  80 0D 5C 26 50 03 54 F0
 (013.649602)  can0  100   [8]  84 0D 64 26 50 03 55 CD
 (013.659599)  can0  100   [8]  88 0D 68 26 50 03 56 CE
 (013.669599)  can0  100   [8]  8C 0D 70 26 50 03 57 D3
 (013.679599)  can0  100   [8]  90 0D 78 26 50 03 58 C8
 (013.689602)  can0  100   [8]  94 0D 80 26 50 03 59 35
 (013.689805)  can0  101   [8]  E8 35 46 C8 00 00 88 DB
 (013.699600)  can0  100   [8]  98 0D 88 26 50 03 5A 32
 (013.709598)  can0  100   [8]  9C 0D 8C 26 50 03 5B 33
 (013.719599)  can0  100   [8]  A0 0D 94 26 50 03 5C 10
 (013.729598)  can0  100   [8]  A4 0D 9C 26 50 03 5D 1D
 (013.739618)  can0  100   [8]  A8 0D A4 26 50 03 5E 2A
 (013.749597)  can0  100   [8]  AC 0D AC 26 50 03 5F 27
 (013.759599)  can0  100   [8]  B0 0D B0 26 50 03 60 18
 (013.769596)  can0  100   [8]  B4 0D B8 26 50 03 61 15
 (013.779597)  can0  100   [8]  B8 0D C0 26 50 03 62 62
 (013.789581)  can0  100   [8]  BC 0D C8 26 50 03 63 6F
 (013.789803)  can0  101   [8]  E8 35 46 C8 00 00 89 DA
 (013.799607)  can0  100   [8]  C0 0D D0 26 50 03 64 0C
 (013.809591)  can0  100   [8]  C4 0D D4 26 50 03 65 0D
 (013.819600)  can0  100   [8]  C8 0D DC 26 50 03 66 0A
 (013.829595)  can0  100   [8]  CC 0D E4 26 50 03 67 37
 (013.839594)  can0  100   [8]  D0 0D EC 26 50 03 68 2C
 (013.849594)  can0  100   [8]  D4 0D F4 26 50 03 69 31
 (013.859598)  can0  100   [8]  D8 0D F8 26 50 03 6A 32
 (013.869575)  can0  100   [8]  DC 0D 00 27 50 03 6B CE
 (013.879594)  can0  100   [8]  E0 0D 08 27 50 03 6C FD
 (013.889593)  can0  100   [8]  E4 0D 10 27 50 03 6D E0
 (013.889796)  can0  101   [8]  E8 35 46 C8 00 00 8A D9
 (013.899595)  can0  100   [8]  E8 0D 18 27 50 03 6E E7
 (013.909591)  can0  100   [8]  EC 0D 1C 27 50 03 6F E6
 (013.919593)  can0  100   [8]  F0 0D 24 27 50 03 70 DD
 (013.929593)  can0  100   [8]  F4 0D 2C 27 50 03 71 D0
 (013.939593)  can0  100   [8]  F8 0D 34 27 50 03 72 C7
 (013.949594)  can0  100   [8]  FC 0D 3C 27 50 03 73 CA
 (013.959594)  can0  100   [8]  00 0E 40 27 50 03 74 4E
 (013.969589)  can0  100   [8]  04 0E 48 27 50 03 75 43
 (013.979593)  can0  100   [8]  08 0E 50 27 50 03 76 54
 (013.989591)  can0  100   [8]  0C 0E 58 27 50 03 77 59
 (013.989797)  can0  101   [8]  E8 35 46 C8 00 00 8B D8
 (013.990036)  can0  102   [8]  87 D6 12 00 02 00 0D 4C
 (013.999602)  can0  100   [8]  10 0E 60 27 50 03 78 72
 (014.009589)  can0  100   [8]  14 0E 64 27 50 03 79 73
 (014.019591)  can0  100   [8]  18 0E 6C 27 50 03 7A 74
 (014.029593)  can0  100   [8]  1C 0E 74 27 50 03 7B 69
 (014.039599)  can0  100   [8]  20 0E 7C 27 50 03 7C 5A
 (014.049593)  can0  100   [8]  24 0E 84 27 50 03 7D A7
 (014.059594)  can0  100   [8]  28 0E 88 27 50 03 7E A4
 (014.069595)  can0  100   [8]  2C 0E 90 27 50 03 7F B9
 (014.079591)  can0  100   [8]  30 0E 98 27 50 03 80 52
 (014.089594)  can0  100   [8]  34 0E A0 27 50 03 81 6F
 (014.089797)  can0  101   [8]  E8 35 47 C8 00 00 8C DE
 (014.099596)  can0  100   [8]  38 0E A8 27 50 03 82 68
 (014.109592)  can0  100   [8]  3C 0E AC 27 50 03 83 69
 (014.119590)  can0  100   [8]  40 0E B4 27 50 03 84 0A
 (014.129590)  can0  100   [8]  44 0E BC 27 50 03 85 07
 (014.139590)  can0  100   [8]  48 0E C4 27 50 03 86 70
 (014.149592)  can0  100   [8]  4C 0E CC 27 50 03 87 7D
 (014.159583)  can0  100   [8]  50 0E D0 27 50 03 88 72
 (014.169588)  can0  100   [8]  54 0E D8 27 50 03 89 7F
 (014.179594)  can0  100   [8]  58 0E E0 27 50 03 8A 48
 (014.189590)  can0  100   [8]  5C 0E E8 27 50 03 8B 45
 (014.189790)  can0  101   [8]  E8 35 47 C8 00 00 8D DF
 (014.199612)  can0  100   [8]  60 0E F0 27 50 03 8C 66
 (014.209593)  can0  100   [8]  64 0E F4 27 50 03 8D 67
 (014.219591)  can0  100   [8]  68 0E FC 27 50 03 8E 60
 (014.229586)  can0  100   [8]  6C 0E 04 28 50 03 8F 92
 (014.239585)  can0  100   [8]  70 0E 0C 28 50 03 90 99
 (014.249584)  can0  100   [8]  74 0E 14 28 50 03 91 84
 (014.259584)  can0  100   [8]  78 0E 18 28 50 03 92 87
 (014.269584)  can0  100   [8]  7C 0E 20 28 50 03 93 BA
 (014.279588)  can0  100   [8]  80 0E 28 28 50 03 94 49
 (014.289584)  can0  100   [8]  84 0E 30 28 50 03 95 54
 (014.289791)  can0  101   [8]  E8 35 47 C8 00 00 8E DC
 (014.299585)  can0  100   [8]  88 0E 38 28 50 03 96 53
 (014.309583)  can0  100   [8]  8C 0E 3C 28 50 03 97 52
 (014.319584)  can0  100   [8]  90 0E 44 28 50 03 98 39
 (014.329582)  can0  100   [8]  94 0E 4C 28 50 03 99 34
 (014.339577)  can0  100   [8]  98 0E 54 28 50 03 9A 23
 (014.349557)  can0  100   [8]  9C 0E 5C 28 50 03 9B 2E
 (014.359585)  can0  100   [8]  A0 0E 60 28 50 03 9C 29
 (014.369579)  can0  100   [8]  A4 0E 68 28 50 03 9D 24
 (014.379579)  can0  100   [8]  A8 0E 70 28 50 03 9E 33
 (014.389585)  can0  100   [8]  AC 0E 78 28 50 03 9F 3E
 (014.389794)  can0  101   [8]  E8 35 47 C8 00 00 8F DD
 (014.399584)  can0  100   [8]  B0 0E 80 28 50 03 A0 E5
 (014.409579)  can0  100   [8]  B4 0E 84 28 50 03 A1 E4
 (014.419578)  can0  100   [8]  B8 0E 8C 28 50 03 A2 E3
 (014.429577)  can0  100   [8]  BC 0E 94 28 50 03 A3 FE
 (014.439582)  can0  100   [8]  C0 0E 9C 28 50 03 A4 8D
 (014.449575)  can0  100   [8]  C4 0E A4 28 50 03 A5 B0
 (014.459581)  can0  100   [8]  C8 0E A8 28 50 03 A6 B3
 (014.469575)  can0  100   [8]  CC 0E B0 28 50 03 A7 AE
 (014.479574)  can0  100   [8]  D0 0E B8 28 50 03 A8 B5
 (014.489577)  can0  100   [8]  D4 0E C0 28 50 03 A9 C8
 (014.489783)  can0  101   [8]  E8 35 47 C8 00 00 90 C2
 (014.499580)  can0  100   [8]  D8 0E C8 28 50 03 AA CF
 (014.509579)  can0  100   [8]  DC 0E CC 28 50 03 AB CE
 (014.519578)  can0  100   [8]  E0 0E D4 28 50 03 AC ED
 (014.529578)  can0  100   [8]  E4 0E DC 28 50 03 AD E0
 (014.539574)  can0  100   [8]  E8 0E E4 28 50 03 AE D7
 (014.549576)  can0  100   [8]  EC 0E EC 28 50 03 AF DA
 (014.559574)  can0  100   [8]  F0 0E F0 28 50 03 B0 C5
 (014.569582)  can0  100   [8]  F4 0E F8 28 50 03 B1 C8
 (014.579578)  can0  100   [8]  F8 0E 00 29 50 03 B2 3E
 (014.589562)  can0  100   [8]  FC 0E 08 29 50 03 B3 33
 (014.589785)  can0  101   [8]  E8 35 47 C8 00 00 91 C3
 (014.599582)  can0  100   [8]  00 0F 10 29 50 03 B4 D1
 (014.609574)  can0  100   [8]  04 0F 14 29 50 03 B5 D0
 (014.619584)  can0  100   [8]  08 0F 1C 29 50 03 B6 D7
 (014.629576)  can0  100   [8]  0C 0F 24 29 50 03 B7 EA
 (014.639574)  can0  100   [8]  10 0F 2C 29 50 03 B8 F1
 (014.649573)  can0  100   [8]  14 0F 34 29 50 03 B9 EC
 (014.659571)  can0  100   [8]  18 0F 38 29 50 03 BA EF
 (014.669553)  can0  100   [8]  1C 0F 40 29 50 03 BB 92
 (014.679577)  can0  100   [8]  20 0F 48 29 50 03 BC A1
 (014.689576)  can0  100   [8]  24 0F 50 29 50 03 BD BC
 (014.689778)  can0  101   [8]  E8 35 47 C8 00 00 92 C0
 (014.699580)  can0  100   [8]  28 0F 58 29 50 03 BE BB
 (014.709573)  can0  100   [8]  2C 0F 5C 29 50 03 BF BA
 (014.719581)  can0  100   [8]  30 0F 64 29 50 03 C0 E1
 (014.729576)  can0  100   [8]  34 0F 6C 29 50 03 C1 EC
 (014.739584)  can0  100   [8]  38 0F 74 29 50 03 C2 FB
 (014.749585)  can0  100   [8]  3C 0F 7C 29 50 03 C3 F6
 (014.759586)  can0  100   [8]  40 0F 80 29 50 03 C4 71
 (014.769575)  can0  100   [8]  44 0F 88 29 50 03 C5 7C
 (014.779577)  can0  100   [8]  48 0F 90 29 50 03 C6 6B
 (014.789572)  can0  100   [8]  4C 0F 98 29 50 03 C7 66
 (014.789780)  can0  101   [8]  E8 35 47 C8 00 00 93 C1
 (014.799575)  can0  100   [8]  50 0F A0 29 50 03 C8 4D
 (014.809567)  can0  100   [8]  54 0F A4 29 50 03 C9 4C
 (014.819575)  can0  100   [8]  58 0F AC 29 50 03 CA 4B
 (014.829552)  can0  100   [8]  5C 0F B4 29 50 03 CB 56
 (014.839576)  can0  100   [8]  60 0F BC 29 50 03 CC 65
 (014.849568)  can0  100   [8]  64 0F C4 29 50 03 CD 18
 (014.859572)  can0  100   [8]  68 0F C8 29 50 03 CE 1B
 (014.869573)  can0  100   [8]  6C 0F D0 29 50 03 CF 06
 (014.879571)  can0  100   [8]  70 0F D8 29 50 03 D0 0D
 (014.889567)  can0  100   [8]  74 0F E0 29 50 03 D1 30
 (014.889772)  can0  101   [8]  E8 35 47 C8 00 00 94 C6
 (014.899574)  can0  100   [8]  78 0F E8 29 50 03 D2 37
 (014.909552)  can0  100   [8]  7C 0F EC 29 50 03 D3 36
 (014.919574)  can0  100   [8]  80 0F F4 29 50 03 D4 D5
 (014.929573)  can0  100   [8]  84 0F FC 29 50 03 D5 D8
 (014.939569)  can0  100   [8]  88 0F 04 2A 50 03 D6 2C
 (014.949569)  can0  100   [8]  8C 0F 0C 2A 50 03 D7 21
 (014.959571)  can0  100   [8]  90 0F 10 2A 50 03 D8 2E
 (014.969570)  can0  100   [8]  94 0F 18 2A 50 03 D9 23
 (014.979567)  can0  100   [8]  98 0F 20 2A 50 03 DA 14
 (014.989563)  can0  100   [8]  9C 0F 28 2A 50 03 DB 19
 (014.989774)  can0  101   [8]  E8 35 47 C8 00 00 95 C7
 (014.990011)  can0  102   [8]  87 D6 12 00 02 00 0E 4F
 (014.999569)  can0  100   [8]  A0 0F 30 2A 50 03 DC 3A
 (015.009561)  can0  100   [8]  A4 0F B4 1D 50 04 DD 8B
 (015.019566)  can0  100   [8]  A8 0F B8 1D 50 04 DE 88
 (015.029565)  can0  100   [8]  AC 0F BC 1D 50 04 DF 89
 (015.039564)  can0  100   [8]  B0 0F C0 1D 50 04 E0 D6
 (015.049561)  can0  100   [8]  B4 0F C4 1D 50 04 E1 D7
 (015.059556)  can0  100   [8]  B8 0F C8 1D 50 04 E2 D4
 (015.069562)  can0  100   [8]  BC 0F CC 1D 50 04 E3 D5
 (015.079565)  can0  100   [8]  C0 0F D0 1D 50 04 E4 B2
 (015.089536)  can0  100   [8]  C4 0F D4 1D 50 04 E5 B3
 (015.089763)  can0  101   [8]  E8 35 48 C8 00 00 96 CB
 (015.099565)  can0  100   [8]  C8 0F D8 1D 50 04 E6 B0
 (015.109562)  can0  100   [8]  CC 0F DC 1D 50 04 E7 B1
 (015.119558)  can0  100   [8]  D0 0F E0 1D 50 04 E8 9E
 (015.129567)  can0  100   [8]  D4 0F E4 1D 50 04 E9 9F
 (015.139579)  can0  100   [8]  D8 0F E8 1D 50 04 EA 9C
 (015.149539)  can0  100   [8]  DC 0F EC 1D 50 04 EB 9D
 (015.159566)  can0  100   [8]  E0 0F F0 1D 50 04 EC BA
 (015.169564)  can0  100   [8]  E4 0F F4 1D 50 04 ED BB
 (015.179566)  can0  100   [8]  E8 0F F8 1D 50 04 EE B8
 (015.189549)  can0  100   [8]  EC 0F FC 1D 50 04 EF B9
 (015.189777)  can0  101   [8]  E8 35 48 C8 00 00 97 CA
 (015.199568)  can0  100   [8]  F0 0F 00 1E 50 04 F0 45
 (015.209569)  can0  100   [8]  F4 0F 04 1E 50 04 F1 44
 (015.219562)  can0  100   [8]  F8 0F 08 1E 50 04 F2 47
 (015.229563)  can0  100   [8]  FC 0F 0C 1E 50 04 F3 46
 (015.239561)  can0  100   [8]  00 10 10 1E 50 04 F4 BE
 (015.249561)  can0  100   [8]  04 10 14 1E 50 04 F5 BF
 (015.259560)  can0  100   [8]  08 10 18 1E 50 04 F6 BC
 (015.269560)  can0  100   [8]  0C 10 1C 1E 50 04 F7 BD
 (015.279561)  can0  100   [8]  10 10 20 1E 50 04 F8 92
 (015.289540)  can0  100   [8]  14 10 24 1E 50 04 F9 93
 (015.289762)  can0  101   [8]  E8 35 48 C8 00 00 98 C5
 (015.299562)  can0  100   [8]  18 10 28 1E 50 04 FA 90
 (015.309566)  can0  100   [8]  1C 10 2C 1E 50 04 FB 91
 (015.319559)  can0  100   [8]  20 10 30 1E 50 04 FC B6
 (015.329560)  can0  100   [8]  24 10 34 1E 50 04 FD B7
 (015.339557)  can0  100   [8]  28 10 38 1E 50 04 FE B4
 (015.349557)  can0  100   [8]  2C 10 3C 1E 50 04 FF B5
 (015.359565)  can0  100   [8]  30 10 40 1E 50 04 00 2A
 (015.369556)  can0  100   [8]  34 10 44 1E 50 04 01 2B
 (015.379561)  can0  100   [8]  38 10 48 1E 50 04 02 28
 (015.389541)  can0  100   [8]  3C 10 4C 1E 50 04 03 29
 (015.389765)  can0  101   [8]  E8 35 48 C8 00 00 99 C4
 (015.399565)  can0  100   [8]  40 10 50 1E 50 04 04 4E
 (015.409563)  can0  100   [8]  44 10 54 1E 50 04 05 4F
 (015.419554)  can0  100   [8]  48 10 58 1E 50 04 06 4C
 (015.429560)  can0  100   [8]  4C 10 5C 1E 50 04 07 4D
 (015.439558)  can0  100   [8]  50 10 60 1E 50 04 08 62
 (015.449556)  can0  100   [8]  54 10 64 1E 50 04 09 63
 (015.459553)  can0  100   [8]  58 10 68 1E 50 04 0A 60
 (015.469554)  can0  100   [8]  5C 10 6C 1E 50 04 0B 61
 (015.479553)  can0  100   [8]  60 10 70 1E 50 04 0C 46
 (015.489537)  can0  100   [8]  64 10 74 1E 50 04 0D 47
 (015.489760)  can0  101   [8]  E8 35 48 C8 00 00 9A C7
 (015.499554)  can0  100   [8]  68 10 78 1E 50 04 0E 44
 (015.509557)  can0  100   [8]  6C 10 7C 1E 50 04 0F 45
 (015.519555)  can0  100   [8]  70 10 80 1E 50 04 10 BA
 (015.529554)  can0  100   [8]  74 10 84 1E 50 04 11 BB
 (015.539549)  can0  100   [8]  78 10 88 1E 50 04 12 B8
 (015.549555)  can0  100   [8]  7C 10 8C 1E 50 04 13 B9
 (015.559549)  can0  100   [8]  80 10 90 1E 50 04 14 5E
 (015.569548)  can0  100   [8]  84 10 94 1E 50 04 15 5F
 (015.579548)  can0  100   [8]  88 10 98 1E 50 04 16 5C
 (015.589528)  can0  100   [8]  8C 10 9C 1E 50 04 17 5D
 (015.589756)  can0  101   [8]  E8 35 48 C8 00 00 9B C6
 (015.599553)  can0  100   [8]  90 10 A0 1E 50 04 18 72
 (015.609569)  can0  100   [8]  94 10 A4 1E 50 04 19 73
 (015.619551)  can0  100   [8]  98 10 A8 1E 50 04 1A 70
 (015.629525)  can0  100   [8]  9C 10 AC 1E 50 04 1B 71
 (015.639546)  can0  100   [8]  A0 10 B0 1E 50 04 1C 56
 (015.649548)  can0  100   [8]  A4 10 B4 1E 50 04 1D 57
 (015.659553)  can0  100   [8]  A8 10 B8 1E 50 04 1E 54
 (015.669547)  can0  100   [8]  AC 10 BC 1E 50 04 1F 55
 (015.679546)  can0  100   [8]  B0 10 C0 1E 50 04 20 0A
 (015.689525)  can0  100   [8]  B4 10 C4 1E 50 04 21 0B
 (015.689753)  can0  101   [8]  E8 35 48 C8 00 00 9C C1
 (015.699549)  can0  100   [8]  B8 10 C8 1E 50 04 22 08
 (015.709526)  can0  100   [8]  BC 10 CC 1E 50 04 23 09
 (015.719539)  can0  100   [8]  C0 10 D0 1E 50 04 24 6E
 (015.729548)  can0  100   [8]  C4 10 D4 1E 50 04 25 6F
 (015.739543)  can0  100   [8]  C8 10 D8 1E 50 04 26 6C
 (015.749543)  can0  100   [8]  CC 10 DC 1E 50 04 27 6D
 (015.759536)  can0  100   [8]  D0 10 E0 1E 50 04 28 42
 (015.769538)  can0  100   [8]  D4 10 E4 1E 50 04 29 43
 (015.779539)  can0  100   [8]  D8 10 E8 1E 50 04 2A 40
 (015.789523)  can0  100   [8]  DC 10 EC 1E 50 04 2B 41
 (015.789752)  can0  101   [8]  E8 35 48 C8 00 00 9D C0
 (015.799547)  can0  100   [8]  E0 10 F0 1E 50 04 2C 66
 (015.809540)  can0  100   [8]  E4 10 F4 1E 50 04 2D 67
 (015.819542)  can0  100   [8]  E8 10 F8 1E 50 04 2E 64
 (015.829547)  can0  100   [8]  EC 10 FC 1E 50 04 2F 65
 (015.839541)  can0  100   [8]  F0 10 00 1F 50 04 30 9B
 (015.849541)  can0  100   [8]  F4 10 04 1F 50 04 31 9A
 (015.859549)  can0  100   [8]  F8 10 08 1F 50 04 32 99
 (015.869539)  can0  100   [8]  FC 10 0C 1F 50 04 33 98
 (015.879543)  can0  100   [8]  00 11 10 1F 50 04 34 7E
 (015.889519)  can0  100   [8]  04 11 14 1F 50 04 35 7F
 (015.889745)  can0  101   [8]  E8 35 48 C8 00 00 9E C3
 (015.899545)  can0  100   [8]  08 11 18 1F 50 04 36 7C
 (015.909547)  can0  100   [8]  0C 11 1C 1F 50 04 37 7D
 (015.919541)  can0  100   [8]  10 11 20 1F 50 04 38 52
 (015.929538)  can0  100   [8]  14 11 24 1F 50 04 39 53
 (015.939538)  can0  100   [8]  18 11 28 1F 50 04 3A 50
 (015.949516)  can0  100   [8]  1C 11 2C 1F 50 04 3B 51
 (015.959542)  can0  100   [8]  20 11 30 1F 50 04 3C 76
 (015.969540)  can0  100   [8]  24 11 34 1F 50 04 3D 77
 (015.979541)  can0  100   [8]  28 11 38 1F 50 04 3E 74
 (015.989518)  can0  100   [8]  2C 11 3C 1F 50 04 3F 75
 (015.989744)  can0  101   [8]  E8 35 48 C8 00 00 9F C2
 (015.989986)  can0  102   [8]  87 D6 12 00 02 00 0F 4E
 (015.999541)  can0  100   [8]  30 11 40 1F 50 04 40 6A
 (016.009538)  can0  100   [8]  34 11 44 1F 50 04 41 6B
 (016.019540)  can0  100   [8]  38 11 48 1F 50 04 42 68
 (016.029541)  can0  100   [8]  3C 11 4C 1F 50 04 43 69
 (016.039538)  can0  100   [8]  40 11 50 1F 50 04 44 0E
 (016.049532)  can0  100   [8]  44 11 54 1F 50 04 45 0F
 (016.059533)  can0  100   [8]  48 11 58 1F 50 04 46 0C
 (016.069529)  can0  100   [8]  4C 11 5C 1F 50 04 47 0D
 (016.079552)  can0  100   [8]  50 11 60 1F 50 04 48 22
 (016.089515)  can0  100   [8]  54 11 64 1F 50 04 49 23
 (016.089745)  can0  101   [8]  E8 35 49 C8 00 00 A0 FC
 (016.099539)  can0  100   [8]  58 11 68 1F 50 04 4A 20
 (016.109534)  can0  100   [8]  5C 11 6C 1F 50 04 4B 21
 (016.119531)  can0  100   [8]  60 11 70 1F 50 04 4C 06
 (016.129531)  can0  100   [8]  64 11 74 1F 50 04 4D 07
 (016.139534)  can0  100   [8]  68 11 78 1F 50 04 4E 04
 (016.149532)  can0  100   [8]  6C 11 7C 1F 50 04 4F 05
 (016.159537)  can0  100   [8]  70 11 80 1F 50 04 50 FA
 (016.169532)  can0  100   [8]  74 11 84 1F 50 04 51 FB
 (016.179542)  can0  100   [8]  78 11 88 1F 50 04 52 F8
 (016.189515)  can0  100   [8]  7C 11 8C 1F 50 04 53 F9
 (016.189737)  can0  101   [8]  E8 35 49 C8 00 00 A1 FD
 (016.199534)  can0  100   [8]  80 11 90 1F 50 04 54 1E
 (016.209536)  can0  100   [8]  84 11 94 1F 50 04 55 1F
 (016.219536)  can0  100   [8]  88 11 98 1F 50 04 56 1C
 (016.229527)  can0  100   [8]  8C 11 9C 1F 50 04 57 1D
 (016.239533)  can0  100   [8]  90 11 A0 1F 50 04 58 32
 (016.249531)  can0  100   [8]  94 11 A4 1F 50 04 59 33
 (016.259529)  can0  100   [8]  98 11 A8 1F 50 04 5A 30
 (016.269526)  can0  100   [8]  9C 11 AC 1F 50 04 5B 31
 (016.279534)  can0  100   [8]  A0 11 B0 1F 50 04 5C 16
 (016.289510)  can0  100   [8]  A4 11 B4 1F 50 04 5D 17
 (016.289742)  can0  101   [8]  E8 35 49 C8 00 00 A2 FE
 (016.299526)  can0  100   [8]  A8 11 B8 1F 50 04 5E 14
 (016.309533)  can0  100   [8]  AC 11 BC 1F 50 04 5F 15
 (016.319532)  can0  100   [8]  B0 11 C0 1F 50 04 60 4A
 (016.329528)  can0  100   [8]  B4 11 C4 1F 50 04 61 4B
 (016.339526)  can0  100   [8]  B8 11 C8 1F 50 04 62 48
 (016.349524)  can0  100   [8]  BC 11 CC 1F 50 04 63 49
 (016.359527)  can0  100   [8]  C0 11 D0 1F 50 04 64 2E
 (016.369521)  can0  100   [8]  C4 11 D4 1F 50 04 65 2F
 (016.379521)  can0  100   [8]  C8 11 D8 1F 50 04 66 2C
 (016.389496)  can0  100   [8]  CC 11 DC 1F 50 04 67 2D
 (016.389734)  can0  101   [8]  E8 35 49 C8 00 00 A3 FF
 (016.399529)  can0  100   [8]  D0 11 E0 1F 50 04 68 02
 (016.409528)  can0  100   [8]  D4 11 E4 1F 50 04 69 03
 (016.419526)  can0  100   [8]  D8 11 E8 1F 50 04 6A 00
 (016.429504)  can0  100   [8]  DC 11 EC 1F 50 04 6B 01
 (016.439529)  can0  100   [8]  E0 11 F0 1F 50 04 6C 26
 (016.449527)  can0  100   [8]  E4 11 F4 1F 50 04 6D 27
 (016.459523)  can0  100   [8]  E8 11 F8 1F 50 04 6E 24
 (016.469526)  can0  100   [8]  EC 11 FC 1F 50 04 6F 25
 (016.479524)  can0  100   [8]  F0 11 00 20 50 04 70 E5
 (016.489526)  can0  100   [8]  F4 11 04 20 50 04 71 E4
 (016.489727)  can0  101   [8]  E8 35 49 C8 00 00 A4 F8
 (016.499534)  can0  100   [8]  F8 11 08 20 50 04 72 E7
 (016.509528)  can0  100   [8]  FC 11 0C 20 50 04 73 E6
 (016.519526)  can0  100   [8]  00 12 10 20 50 04 74 02
 (016.529522)  can0  100   [8]  04 12 14 20 50 04 75 03
 (016.539529)  can0  100   [8]  08 12 18 20 50 04 76 00
 (016.549519)  can0  100   [8]  0C 12 1C 20 50 04 77 01
 (016.559539)  can0  100   [8]  10 12 20 20 50 04 78 2E
 (016.569522)  can0  100   [8]  14 12 24 20 50 04 79 2F
 (016.579519)  can0  100   [8]  18 12 28 20 50 04 7A 2C
 (016.589514)  can0  100   [8]  1C 12 2C 20 50 04 7B 2D
 (016.589723)  can0  101   [8]  E8 35 49 C8 00 00 A5 F9
 (016.599528)  can0  100   [8]  20 12 30 20 50 04 7C 0A
 (016.609519)  can0  100   [8]  24 12 34 20 50 04 7D 0B
 (016.619524)  can0  100   [8]  28 12 38 20 50 04 7E 08
 (016.629524)  can0  100   [8]  2C 12 3C 20 50 04 7F 09
 (016.639522)  can0  100   [8]  30 12 40 20 50 04 80 96
 (016.649513)  can0  100   [8]  34 12 44 20 50 04 81 97
 (016.659514)  can0  100   [8]  38 12 48 20 50 04 82 94
 (016.669496)  can0  100   [8]  3C 12 4C 20 50 04 83 95
 (016.679514)  can0  100   [8]  40 12 50 20 50 04 84 F2
 (016.689519)  can0  100   [8]  44 12 54 20 50 04 85 F3
 (016.689721)  can0  101   [8]  E8 35 49 C8 00 00 A6 FA
 (016.699517)  can0  100   [8]  48 12 58 20 50 04 86 F0
 (016.709518)  can0  100   [8]  4C 12 5C 20 50 04 87 F1
 (016.719515)  can0  100   [8]  50 12 60 20 50 04 88 DE
 (016.729520)  can0  100   [8]  54 12 64 20 50 04 89 DF
 (016.739515)  can0  100   [8]  58 12 68 20 50 04 8A DC
 (016.749490)  can0  100   [8]  5C 12 6C 20 50 04 8B DD
 (016.759516)  can0  100   [8]  60 12 70 20 50 04 8C FA
 (016.769516)  can0  100   [8]  64 12 74 20 50 04 8D FB
 (016.779520)  can0  100   [8]  68 12 78 20 50 04 8E F8
 (016.789518)  can0  100   [8]  6C 12 7C 20 50 04 8F F9
 (016.789726)  can0  101   [8]  E8 35 49 C8 00 00 A7 FB
 (016.799527)  can0  100   [8]  70 12 80 20 50 04 90 06
 (016.809520)  can0  100   [8]  74 12 84 20 50 04 91 07
 (016.819517)  can0  100   [8]  78 12 88 20 50 04 92 04
 (016.829499)  can0  100   [8]  7C 12 8C 20 50 04 93 05
 (016.839518)  can0  100   [8]  80 12 90 20 50 04 94 E2
 (016.849511)  can0  100   [8]  84 12 94 20 50 04 95 E3
 (016.859512)  can0  100   [8]  88 12 98 20 50 04 96 E0
 (016.869508)  can0  100   [8]  8C 12 9C 20 50 04 97 E1
 (016.879512)  can0  100   [8]  90 12 A0 20 50 04 98 CE
 (016.889509)  can0  100   [8]  94 12 A4 20 50 04 99 CF
 (016.889717)  can0  101   [8]  E8 35 49 C8 00 00 A8 F4
 (016.899517)  can0  100   [8]  98 12 A8 20 50 04 9A CC
 (016.909510)  can0  100   [8]  9C 12 AC 20 50 04 9B CD
 (016.919510)  can0  100   [8]  A0 12 B0 20 50 04 9C EA
 (016.929509)  can0  100   [8]  A4 12 B4 20 50 04 9D EB
 (016.939512)  can0  100   [8]  A8 12 B8 20 50 04 9E E8
 (016.949509)  can0  100   [8]  AC 12 BC 20 50 04 9F E9
 (016.959509)  can0  100   [8]  B0 12 C0 20 50 04 A0 B6
 (016.969499)  can0  100   [8]  B4 12 C4 20 50 04 A1 B7
 (016.979505)  can0  100   [8]  B8 12 C8 20 50 04 A2 B4
 (016.989487)  can0  100   [8]  BC 12 CC 20 50 04 A3 B5
 (016.989715)  can0  101   [8]  E8 35 49 C8 00 00 A9 F5
 (016.989956)  can0  102   [8]  87 D6 12 00 02 00 10 51
 (016.999510)  can0  100   [8]  C0 12 D0 20 50 04 A4 D2
 (017.009530)  can0  100   [8]  C4 12 D4 20 50 04 A5 D3
 (017.019508)  can0  100   [8]  C8 12 D8 20 50 04 A6 D0
 (017.029505)  can0  100   [8]  CC 12 DC 20 50 04 A7 D1
 (017.039508)  can0  100   [8]  D0 12 E0 20 50 04 A8 FE
 (017.049502)  can0  100   [8]  D4 12 E4 20 50 04 A9 FF
 (017.059507)  can0  100   [8]  D8 12 E8 20 50 04 AA FC
 (017.069507)  can0  100   [8]  DC 12 EC 20 50 04 AB FD
 (017.079506)  can0  100   [8]  E0 12 F0 20 50 04 AC DA
 (017.089502)  can0  100   [8]  E4 12 F4 20 50 04 AD DB
 (017.089702)  can0  101   [8]  E8 35 4A C8 00 00 AA F5
 (017.099508)  can0  100   [8]  E8 12 F8 20 50 04 AE D8
 (017.109507)  can0  100   [8]  EC 12 FC 20 50 04 AF D9
 (017.119505)  can0  100   [8]  F0 12 00 21 50 04 B0 27
 (017.129498)  can0  100   [8]  F4 12 04 21 50 04 B1 26
 (017.139510)  can0  100   [8]  F8 12 08 21 50 04 B2 25
 (017.149498)  can0  100   [8]  FC 12 0C 21 50 04 B3 24
 (017.159504)  can0  100   [8]  00 13 10 21 50 04 B4 C2
 (017.169501)  can0  100   [8]  04 13 14 21 50 04 B5 C3
 (017.179510)  can0  100   [8]  08 13 18 21 50 04 B6 C0
 (017.189512)  can0  100   [8]  0C 13 1C 21 50 04 B7 C1
 (017.189709)  can0  101   [8]  E8 35 4A C8 00 00 AB F4
 (017.199506)  can0  100   [8]  10 13 20 21 50 04 B8 EE
 (017.209506)  can0  100   [8]  14 13 24 21 50 04 B9 EF
 (017.219500)  can0  100   [8]  18 13 28 21 50 04 BA EC
 (017.229480)  can0  100   [8]  1C 13 2C 21 50 04 BB ED
 (017.239505)  can0  100   [8]  20 13 30 21 50 04 BC CA
 (017.249500)  can0  100   [8]  24 13 34 21 50 04 BD CB
 (017.259506)  can0  100   [8]  28 13 38 21 50 04 BE C8
 (017.269503)  can0  100   [8]  2C 13 3C 21 50 04 BF C9
 (017.279501)  can0  100   [8]  30 13 40 21 50 04 C0 D6
 (017.289502)  can0  100   [8]  34 13 44 21 50 04 C1 D7
 (017.289702)  can0  101   [8]  E8 35 4A C8 00 00 AC F3
 (017.299501)  can0  100   [8]  38 13 48 21 50 04 C2 D4
 (017.309501)  can0  100   [8]  3C 13 4C 21 50 04 C3 D5
 (017.319494)  can0  100   [8]  40 13 50 21 50 04 C4 B2
 (017.329494)  can0  100   [8]  44 13 54 21 50 04 C5 B3
 (017.339499)  can0  100   [8]  48 13 58 21 50 04 C6 B0
 (017.349496)  can0  100   [8]  4C 13 5C 21 50 04 C7 B1
 (017.359493)  can0  100   [8]  50 13 60 21 50 04 C8 9E
 (017.369498)  can0  100   [8]  54 13 64 21 50 04 C9 9F
 (017.379490)  can0  100   [8]  58 13 68 21 50 04 CA 9C
 (017.389494)  can0  100   [8]  5C 13 6C 21 50 04 CB 9D
 (017.389703)  can0  101   [8]  E8 35 4A C8 00 00 AD F2
 (017.399492)  can0  100   [8]  60 13 70 21 50 04 CC BA
 (017.409493)  can0  100   [8]  64 13 74 21 50 04 CD BB
 (017.419497)  can0  100   [8]  68 13 78 21 50 04 CE B8
 (017.429497)  can0  100   [8]  6C 13 7C 21 50 04 CF B9
 (017.439494)  can0  100   [8]  70 13 80 21 50 04 D0 46
 (017.449489)  can0  100   [8]  74 13 84 21 50 04 D1 47
 (017.459504)  can0  100   [8]  78 13 88 21 50 04 D2 44
 (017.469474)  can0  100   [8]  7C 13 8C 21 50 04 D3 45
 (017.479483)  can0  100   [8]  80 13 90 21 50 04 D4 A2
 (017.489468)  can0  100   [8]  84 13 94 21 50 04 D5 A3
 (017.489690)  can0  101   [8]  E8 35 4A C8 00 00 AE F1
 (017.499497)  can0  100   [8]  88 13 98 21 50 04 D6 A0
 (017.509494)  can0  100   [8]  8C 13 9C 21 50 04 D7 A1
 (017.519488)  can0  100   [8]  90 13 A0 21 50 04 D8 8E
 (017.529488)  can0  100   [8]  94 13 A4 21 50 04 D9 8F
 (017.539490)  can0  100   [8]  98 13 A8 21 50 04 DA 8C
 (017.549485)  can0  100   [8]  9C 13 AC 21 50 04 DB 8D
 (017.559488)  can0  100   [8]  A0 13 B0 21 50 04 DC AA
 (017.569488)  can0  100   [8]  A4 13 B4 21 50 04 DD AB
 (017.579494)  can0  100   [8]  A8 13 B8 21 50 04 DE A8
 (017.589487)  can0  100   [8]  AC 13 BC 21 50 04 DF A9
 (017.589689)  can0  101   [8]  E8 35 4A C8 00 00 AF F0
 (017.599496)  can0  100   [8]  B0 13 C0 21 50 04 E0 F6
 (017.609489)  can0  100   [8]  B4 13 C4 21 50 04 E1 F7
 (017.619489)  can0  100   [8]  B8 13 C8 21 50 04 E2 F4
 (017.629489)  can0  100   [8]  BC 13 CC 21 50 04 E3 F5
 (017.639483)  can0  100   [8]  C0 13 D0 21 50 04 E4 92
 (017.649487)  can0  100   [8]  C4 13 D4 21 50 04 E5 93
 (017.659486)  can0  100   [8]  C8 13 D8 21 50 04 E6 90
 (017.669480)  can0  100   [8]  CC 13 DC 21 50 04 E7 91
 (017.679493)  can0  100   [8]  D0 13 E0 21 50 04 E8 BE
 (017.689488)  can0  100   [8]  D4 13 E4 21 50 04 E9 BF
 (017.689692)  can0  101   [8]  E8 35 4A C8 00 00 B0 EF
 (017.699482)  can0  100   [8]  D8 13 E8 21 50 04 EA BC
 (017.709465)  can0  100   [8]  DC 13 EC 21 50 04 EB BD
 (017.719485)  can0  100   [8]  E0 13 F0 21 50 04 EC 9A
 (017.729486)  can0  100   [8]  E4 13 F4 21 50 04 ED 9B
 (017.739486)  can0  100   [8]  E8 13 F8 21 50 04 EE 98
 (017.749488)  can0  100   [8]  EC 13 FC 21 50 04 EF 99
 (017.759489)  can0  100   [8]  F0 13 00 22 50 04 F0 65
 (017.769485)  can0  100   [8]  F4 13 04 22 50 04 F1 64
 (017.779490)  can0  100   [8]  F8 13 08 22 50 04 F2 67
 (017.789461)  can0  100   [8]  FC 13 0C 22 50 04 F3 66
 (017.789689)  can0  101   [8]  E8 35 4A C8 00 00 B1 EE
 (017.799487)  can0  100   [8]  00 14 10 22 50 04 F4 86
 (017.809490)  can0  100   [8]  04 14 14 22 50 04 F5 87
 (017.819487)  can0  100   [8]  08 14 18 22 50 04 F6 84
 (017.829485)  can0  100   [8]  0C 14 1C 22 50 04 F7 85
 (017.839484)  can0  100   [8]  10 14 20 22 50 04 F8 AA
 (017.849481)  can0  100   [8]  14 14 24 22 50 04 F9 AB
 (017.859489)  can0  100   [8]  18 14 28 22 50 04 FA A8
 (017.869485)  can0  100   [8]  1C 14 2C 22 50 04 FB A9
 (017.879485)  can0  100   [8]  20 14 30 22 50 04 FC 8E
 (017.889485)  can0  100   [8]  24 14 34 22 50 04 FD 8F
 (017.889691)  can0  101   [8]  E8 35 4A C8 00 00 B2 ED
 (017.899482)  can0  100   [8]  28 14 38 22 50 04 FE 8C
 (017.909479)  can0  100   [8]  2C 14 3C 22 50 04 FF 8D
 (017.919484)  can0  100   [8]  30 14 40 22 50 04 00 12
 (017.929482)  can0  100   [8]  34 14 44 22 50 04 01 13
 (017.939488)  can0  100   [8]  38 14 48 22 50 04 02 10
 (017.949480)  can0  100   [8]  3C 14 4C 22 50 04 03 11
 (017.959484)  can0  100   [8]  40 14 50 22 50 04 04 76
 (017.969474)  can0  100   [8]  44 14 54 22 50 04 05 77
 (017.979500)  can0  100   [8]  48 14 58 22 50 04 06 74
 (017.989476)  can0  100   [8]  4C 14 5C 22 50 04 07 75
 (017.989683)  can0  101   [8]  E8 35 4A C8 00 00 B3 EC
 (017.989926)  can0  102   [8]  87 D6 12 00 02 00 11 50
 (017.999478)  can0  100   [8]  50 14 60 22 50 04 08 5A
 (018.009480)  can0  100   [8]  54 14 64 22 50 04 09 5B
 (018.019479)  can0  100   [8]  58 14 68 22 50 04 0A 58
 (018.029456)  can0  100   [8]  5C 14 6C 22 50 04 0B 59
 (018.039490)  can0  100   [8]  60 14 70 22 50 04 0C 7E
 (018.049482)  can0  100   [8]  64 14 74 22 50 04 0D 7F
 (018.059480)  can0  100   [8]  68 14 78 22 50 04 0E 7C
 (018.069480)  can0  100   [8]  6C 14 7C 22 50 04 0F 7D
 (018.079481)  can0  100   [8]  70 14 80 22 50 04 10 82
 (018.089480)  can0  100   [8]  74 14 84 22 50 04 11 83
 (018.089684)  can0  101   [8]  E8 35 4B C8 00 00 B4 EA
 (018.099475)  can0  100   [8]  78 14 88 22 50 04 12 80
 (018.109477)  can0  100   [8]  7C 14 8C 22 50 04 13 81
 (018.119478)  can0  100   [8]  80 14 90 22 50 04 14 66
 (018.129471)  can0  100   [8]  84 14 94 22 50 04 15 67
 (018.139472)  can0  100   [8]  88 14 98 22 50 04 16 64
 (018.149476)  can0  100   [8]  8C 14 9C 22 50 04 17 65
 (018.159474)  can0  100   [8]  90 14 A0 22 50 04 18 4A
 (018.169474)  can0  100   [8]  94 14 A4 22 50 04 19 4B
 (018.179482)  can0  100   [8]  98 14 A8 22 50 04 1A 48
 (018.189473)  can0  100   [8]  9C 14 AC 22 50 04 1B 49
 (018.189672)  can0  101   [8]  E8 35 4B C8 00 00 B5 EB
 (018.199460)  can0  100   [8]  A0 14 B0 22 50 04 1C 6E
 (018.209482)  can0  100   [8]  A4 14 B4 22 50 04 1D 6F
 (018.219478)  can0  100   [8]  A8 14 B8 22 50 04 1E 6C
 (018.229481)  can0  100   [8]  AC 14 BC 22 50 04 1F 6D
 (018.239475)  can0  100   [8]  B0 14 C0 22 50 04 20 32
 (018.249469)  can0  100   [8]  B4 14 C4 22 50 04 21 33
 (018.259468)  can0  100   [8]  B8 14 C8 22 50 04 22 30
 (018.269469)  can0  100   [8]  BC 14 CC 22 50 04 23 31
 (018.279470)  can0  100   [8]  C0 14 D0 22 50 04 24 56
 (018.289467)  can0  100   [8]  C4 14 D4 22 50 04 25 57
 (018.289671)  can0  101   [8]  E8 35 4B C8 00 00 B6 E8
 (018.299447)  can0  100   [8]  C8 14 D8 22 50 04 26 54
 (018.309472)  can0  100   [8]  CC 14 DC 22 50 04 27 55
 (018.319466)  can0  100   [8]  D0 14 E0 22 50 04 28 7A
 (018.329463)  can0  100   [8]  D4 14 E4 22 50 04 29 7B
 (018.339468)  can0  100   [8]  D8 14 E8 22 50 04 2A 78
 (018.349455)  can0  100   [8]  DC 14 EC 22 50 04 2B 79
 (018.359478)  can0  100   [8]  E0 14 F0 22 50 04 2C 5E
 (018.369470)  can0  100   [8]  E4 14 F4 22 50 04 2D 5F
 (018.379469)  can0  100   [8]  E8 14 F8 22 50 04 2E 5C
 (018.389468)  can0  100   [8]  EC 14 FC 22 50 04 2F 5D
 (018.389670)  can0  101   [8]  E8 35 4B C8 00 00 B7 E9
 (018.399445)  can0  100   [8]  F0 14 00 23 50 04 30 A3
 (018.409471)  can0  100   [8]  F4 14 04 23 50 04 31 A2
 (018.419474)  can0  100   [8]  F8 14 08 23 50 04 32 A1
 (018.429467)  can0  100   [8]  FC 14 0C 23 50 04 33 A0
 (018.439485)  can0  100   [8]  00 15 10 23 50 04 34 46
 (018.449466)  can0  100   [8]  04 15 14 23 50 04 35 47
 (018.459461)  can0  100   [8]  08 15 18 23 50 04 36 44
 (018.469466)  can0  100   [8]  0C 15 1C 23 50 04 37 45
 (018.479469)  can0  100   [8]  10 15 20 23 50 04 38 6A
 (018.489466)  can0  100   [8]  14 15 24 23 50 04 39 6B
 (018.489666)  can0  101   [8]  E8 35 4B C8 00 00 B8 E6
 (018.499446)  can0  100   [8]  18 15 28 23 50 04 3A 68
 (018.509440)  can0  100   [8]  1C 15 2C 23 50 04 3B 69
 (018.519468)  can0  100   [8]  20 15 30 23 50 04 3C 4E
 (018.529470)  can0  100   [8]  24 15 34 23 50 04 3D 4F
 (018.539466)  can0  100   [8]  28 15 38 23 50 04 3E 4C
 (018.549464)  can0  100   [8]  2C 15 3C 23 50 04 3F 4D
 (018.559468)  can0  100   [8]  30 15 40 23 50 04 40 52
 (018.569463)  can0  100   [8]  34 15 44 23 50 04 41 53
 (018.579469)  can0  100   [8]  38 15 48 23 50 04 42 50
 (018.589462)  can0  100   [8]  3C 15 4C 23 50 04 43 51
 (018.589669)  can0  101   [8]  E8 35 4B C8 00 00 B9 E7
 (018.599439)  can0  100   [8]  40 15 50 23 50 04 44 36
 (018.609461)  can0  100   [8]  44 15 54 23 50 04 45 37
 (018.619461)  can0  100   [8]  48 15 58 23 50 04 46 34
 (018.629463)  can0  100   [8]  4C 15 5C 23 50 04 47 35
 (018.639464)  can0  100   [8]  50 15 60 23 50 04 48 1A
 (018.649454)  can0  100   [8]  54 15 64 23 50 04 49 1B
 (018.659463)  can0  100   [8]  58 15 68 23 50 04 4A 18
 (018.669457)  can0  100   [8]  5C 15 6C 23 50 04 4B 19
 (018.679459)  can0  100   [8]  60 15 70 23 50 04 4C 3E
 (018.689459)  can0  100   [8]  64 15 74 23 50 04 4D 3F
 (018.689665)  can0  101   [8]  E8 35 4B C8 00 00 BA E4
 (018.699440)  can0  100   [8]  68 15 78 23 50 04 4E 3C
 (018.709462)  can0  100   [8]  6C 15 7C 23 50 04 4F 3D
 (018.719457)  can0  100   [8]  70 15 80 23 50 04 50 C2
 (018.729458)  can0  100   [8]  74 15 84 23 50 04 51 C3
 (018.739454)  can0  100   [8]  78 15 88 23 50 04 52 C0
 (018.749494)  can0  100   [8]  7C 15 8C 23 50 04 53 C1
 (018.759473)  can0  100   [8]  80 15 90 23 50 04 54 26
 (018.769460)  can0  100   [8]  84 15 94 23 50 04 55 27
 (018.779461)  can0  100   [8]  88 15 98 23 50 04 56 24
 (018.789453)  can0  100   [8]  8C 15 9C 23 50 04 57 25
 (018.789657)  can0  101   [8]  E8 35 4B C8 00 00 BB E5
 (018.799438)  can0  100   [8]  90 15 A0 23 50 04 58 0A
 (018.809456)  can0  100   [8]  94 15 A4 23 50 04 59 0B
 (018.819457)  can0  100   [8]  98 15 A8 23 50 04 5A 08
 (018.829437)  can0  100   [8]  9C 15 AC 23 50 04 5B 09
 (018.839458)  can0  100   [8]  A0 15 B0 23 50 04 5C 2E
 (018.849453)  can0  100   [8]  A4 15 B4 23 50 04 5D 2F
 (018.859455)  can0  100   [8]  A8 15 B8 23 50 04 5E 2C
 (018.869450)  can0  100   [8]  AC 15 BC 23 50 04 5F 2D
 (018.879457)  can0  100   [8]  B0 15 C0 23 50 04 60 72
 (018.889450)  can0  100   [8]  B4 15 C4 23 50 04 61 73
 (018.889665)  can0  101   [8]  E8 35 4B C8 00 00 BC E2
 (018.899453)  can0  100   [8]  B8 15 C8 23 50 04 62 70
 (018.909451)  can0  100   [8]  BC 15 CC 23 50 04 63 71
 (018.919453)  can0  100   [8]  C0 15 D0 23 50 04 64 16
 (018.929451)  can0  100   [8]  C4 15 D4 23 50 04 65 17
 (018.939452)  can0  100   [8]  C8 15 D8 23 50 04 66 14
 (018.949446)  can0  100   [8]  CC 15 DC 23 50 04 67 15
 (018.959455)  can0  100   [8]  D0 15 E0 23 50 04 68 3A
 (018.969447)  can0  100   [8]  D4 15 E4 23 50 04 69 3B
 (018.979450)  can0  100   [8]  D8 15 E8 23 50 04 6A 38
 (018.989443)  can0  100   [8]  DC 15 EC 23 50 04 6B 39
 (018.989645)  can0  101   [8]  E8 35 4B C8 00 00 BD E3
 (018.989892)  can0  102   [8]  88 D6 12 00 02 00 12 5C
 (018.999430)  can0  100   [8]  E0 15 F0 23 50 04 6C 1E
 (019.009452)  can0  100   [8]  E4 15 F4 23 50 04 6D 1F
 (019.019454)  can0  100   [8]  E8 15 F8 23 50 04 6E 1C
 (019.029449)  can0  100   [8]  EC 15 FC 23 50 04 6F 1D
 (019.039449)  can0  100   [8]  F0 15 00 24 50 04 70 E5
 (019.049452)  can0  100   [8]  F4 15 04 24 50 04 71 E4
 (019.059449)  can0  100   [8]  F8 15 08 24 50 04 72 E7
 (019.069432)  can0  100   [8]  FC 15 0C 24 50 04 73 E6
 (019.079454)  can0  100   [8]  00 16 10 24 50 04 74 02
 (019.089451)  can0  100   [8]  04 16 14 24 50 04 75 03
 (019.089653)  can0  101   [8]  E8 35 4C C8 00 00 BE E7
 (019.099433)  can0  100   [8]  08 16 18 24 50 04 76 00
 (019.109446)  can0  100   [8]  0C 16 1C 24 50 04 77 01
 (019.119452)  can0  100   [8]  10 16 20 24 50 04 78 2E
 (019.129445)  can0  100   [8]  14 16 24 24 50 04 79 2F
 (019.139442)  can0  100   [8]  18 16 28 24 50 04 7A 2C
 (019.149446)  can0  100   [8]  1C 16 2C 24 50 04 7B 2D
 (019.159451)  can0  100   [8]  20 16 30 24 50 04 7C 0A
 (019.169452)  can0  100   [8]  24 16 34 24 50 04 7D 0B
 (019.179457)  can0  100   [8]  28 16 38 24 50 04 7E 08
 (019.189453)  can0  100   [8]  2C 16 3C 24 50 04 7F 09
 (019.189656)  can0  101   [8]  E8 35 4C C8 00 00 BF E6
 (019.199432)  can0  100   [8]  30 16 40 24 50 04 80 96
 (019.209458)  can0  100   [8]  34 16 44 24 50 04 81 97
 (019.219448)  can0  100   [8]  38 16 48 24 50 04 82 94
 (019.229442)  can0  100   [8]  3C 16 4C 24 50 04 83 95
 (019.239446)  can0  100   [8]  40 16 50 24 50 04 84 F2
 (019.249446)  can0  100   [8]  44 16 54 24 50 04 85 F3
 (019.259445)  can0  100   [8]  48 16 58 24 50 04 86 F0
 (019.269441)  can0  100   [8]  4C 16 5C 24 50 04 87 F1
 (019.279447)  can0  100   [8]  50 16 60 24 50 04 88 DE
 (019.289438)  can0  100   [8]  54 16 64 24 50 04 89 DF
 (019.289651)  can0  101   [8]  E8 35 4C C8 00 00 C0 99
 (019.299425)  can0  100   [8]  58 16 68 24 50 04 8A DC
 (019.309419)  can0  100   [8]  5C 16 6C 24 50 04 8B DD
 (019.319450)  can0  100   [8]  60 16 70 24 50 04 8C FA
 (019.329441)  can0  100   [8]  64 16 74 24 50 04 8D FB
 (019.339441)  can0  100   [8]  68 16 78 24 50 04 8E F8
 (019.349444)  can0  100   [8]  6C 16 7C 24 50 04 8F F9
 (019.359444)  can0  100   [8]  70 16 80 24 50 04 90 06
 (019.369445)  can0  100   [8]  74 16 84 24 50 04 91 07
 (019.379459)  can0  100   [8]  78 16 88 24 50 04 92 04
 (019.389441)  can0  100   [8]  7C 16 8C 24 50 04 93 05
 (019.389647)  can0  101   [8]  E8 35 4C C8 00 00 C1 98
 (019.399505)  can0  100   [8]  80 16 90 24 50 04 94 E2
 (019.409436)  can0  100   [8]  84 16 94 24 50 04 95 E3
 (019.419441)  can0  100   [8]  88 16 98 24 50 04 96 E0
 (019.429439)  can0  100   [8]  8C 16 9C 24 50 04 97 E1
 (019.439436)  can0  100   [8]  90 16 A0 24 50 04 98 CE
 (019.449437)  can0  100   [8]  94 16 A4 24 50 04 99 CF
 (019.459437)  can0  100   [8]  98 16 A8 24 50 04 9A CC
 (019.469434)  can0  100   [8]  9C 16 AC 24 50 04 9B CD
 (019.479435)  can0  100   [8]  A0 16 B0 24 50 04 9C EA
 (019.489430)  can0  100   [8]  A4 16 B4 24 50 04 9D EB
 (019.489635)  can0  101   [8]  E8 35 4C C8 00 00 C2 9B
 (019.499431)  can0  100   [8]  A8 16 B8 24 50 04 9E E8
 (019.509430)  can0  100   [8]  AC 16 BC 24 50 04 9F E9
 (019.519438)  can0  100   [8]  B0 16 C0 24 50 04 A0 B6
 (019.529433)  can0  100   [8]  B4 16 C4 24 50 04 A1 B7
 (019.539435)  can0  100   [8]  B8 16 C8 24 50 04 A2 B4
 (019.549415)  can0  100   [8]  BC 16 CC 24 50 04 A3 B5
 (019.559430)  can0  100   [8]  C0 16 D0 24 50 04 A4 D2
 (019.569434)  can0  100   [8]  C4 16 D4 24 50 04 A5 D3
 (019.579436)  can0  100   [8]  C8 16 D8 24 50 04 A6 D0
 (019.589435)  can0  100   [8]  CC 16 DC 24 50 04 A7 D1
 (019.589638)  can0  101   [8]  E8 35 4C C8 00 00 C3 9A
 (019.599435)  can0  100   [8]  D0 16 E0 24 50 04 A8 FE
 (019.609437)  can0  100   [8]  D4 16 E4 24 50 04 A9 FF
 (019.619436)  can0  100   [8]  D8 16 E8 24 50 04 AA FC
 (019.629429)  can0  100   [8]  DC 16 EC 24 50 04 AB FD
 (019.639434)  can0  100   [8]  E0 16 F0 24 50 04 AC DA
 (019.649426)  can0  100   [8]  E4 16 F4 24 50 04 AD DB
 (019.659434)  can0  100   [8]  E8 16 F8 24 50 04 AE D8
 (019.669434)  can0  100   [8]  EC 16 FC 24 50 04 AF D9
 (019.679436)  can0  100   [8]  F0 16 00 25 50 04 B0 27
 (019.689430)  can0  100   [8]  F4 16 04 25 50 04 B1 26
 (019.689632)  can0  101   [8]  E8 35 4C C8 00 00 C4 9D
 (019.699440)  can0  100   [8]  F8 16 08 25 50 04 B2 25
 (019.709428)  can0  100   [8]  FC 16 0C 25 50 04 B3 24
 (019.719435)  can0  100   [8]  00 17 10 25 50 04 B4 C2
 (019.729431)  can0  100   [8]  04 17 14 25 50 04 B5 C3
 (019.739433)  can0  100   [8]  08 17 18 25 50 04 B6 C0
 (019.749431)  can0  100   [8]  0C 17 1C 25 50 04 B7 C1
 (019.759429)  can0  100   [8]  10 17 20 25 50 04 B8 EE
 (019.769430)  can0  100   [8]  14 17 24 25 50 04 B9 EF
 (019.779430)  can0  100   [8]  18 17 28 25 50 04 BA EC
 (019.789412)  can0  100   [8]  1C 17 2C 25 50 04 BB ED
 (019.789631)  can0  101   [8]  E8 35 4C C8 00 00 C5 9C
 (019.799434)  can0  100   [8]  20 17 30 25 50 04 BC CA
 (019.809430)  can0  100   [8]  24 17 34 25 50 04 BD CB
 (019.819434)  can0  100   [8]  28 17 38 25 50 04 BE C8
 (019.829427)  can0  100   [8]  2C 17 3C 25 50 04 BF C9
 (019.839430)  can0  100   [8]  30 17 40 25 50 04 C0 D6
 (019.849424)  can0  100   [8]  34 17 44 25 50 04 C1 D7
 (019.859443)  can0  100   [8]  38 17 48 25 50 04 C2 D4
 (019.869413)  can0  100   [8]  3C 17 4C 25 50 04 C3 D5
 (019.879429)  can0  100   [8]  40 17 50 25 50 04 C4 B2
 (019.889427)  can0  100   [8]  44 17 54 25 50 04 C5 B3
 (019.889632)  can0  101   [8]  E8 35 4C C8 00 00 C6 9F
 (019.899425)  can0  100   [8]  48 17 58 25 50 04 C6 B0
 (019.909420)  can0  100   [8]  4C 17 5C 25 50 04 C7 B1
 (019.919421)  can0  100   [8]  50 17 60 25 50 04 C8 9E
 (019.929427)  can0  100   [8]  54 17 64 25 50 04 C9 9F
 (019.939422)  can0  100   [8]  58 17 68 25 50 04 CA 9C
 (019.949421)  can0  100   [8]  5C 17 6C 25 50 04 CB 9D
 (019.959424)  can0  100   [8]  60 17 70 25 50 04 CC BA
 (019.969422)  can0  100   [8]  64 17 74 25 50 04 CD BB
 (019.979420)  can0  100   [8]  68 17 78 25 50 04 CE B8
 (019.989430)  can0  100   [8]  6C 17 7C 25 50 04 CF B9
 (019.989636)  can0  101   [8]  E8 35 4C C8 00 00 C7 9E
 (019.989875)  can0  102   [8]  88 D6 12 00 02 00 13 5D
 (019.999423)  can0  100   [8]  70 17 80 25 28 04 D0 3E
 (020.009421)  can0  100   [8]  70 17 80 25 28 04 D1 3F
 (020.019421)  can0  100   [8]  70 17 80 25 28 04 D2 3C
 (020.029420)  can0  100   [8]  70 17 80 25 28 04 D3 3D
 (020.039419)  can0  100   [8]  70 17 80 25 28 04 D4 3A
 (020.049419)  can0  100   [8]  70 17 80 25 28 04 D5 3B
 (020.059423)  can0  100   [8]  70 17 80 25 28 04 D6 38
 (020.069419)  can0  100   [8]  70 17 80 25 28 04 D7 39
 (020.079418)  can0  100   [8]  70 17 80 25 28 04 D8 36
 (020.089420)  can0  100   [8]  70 17 80 25 28 04 D9 37
 (020.089632)  can0  101   [8]  E8 35 4D C8 00 00 C8 90
 (020.099418)  can0  100   [8]  70 17 80 25 28 04 DA 34
 (020.109398)  can0  100   [8]  70 17 80 25 28 04 DB 35
 (020.119422)  can0  100   [8]  70 17 80 25 28 04 DC 32
 (020.129417)  can0  100   [8]  70 17 80 25 28 04 DD 33
 (020.139414)  can0  100   [8]  70 17 80 25 28 04 DE 30
 (020.149417)  can0  100   [8]  70 17 80 25 28 04 DF 31
 (020.159421)  can0  100   [8]  70 17 80 25 28 04 E0 0E
 (020.169419)  can0  100   [8]  70 17 80 25 28 04 E1 0F
 (020.179423)  can0  100   [8]  70 17 80 25 28 04 E2 0C
 (020.189419)  can0  100   [8]  70 17 80 25 28 04 E3 0D
 (020.189620)  can0  101   [8]  E8 35 4D C8 00 00 C9 91
 (020.199421)  can0  100   [8]  70 17 80 25 28 04 E4 0A
 (020.209417)  can0  100   [8]  70 17 80 25 28 04 E5 0B
 (020.219422)  can0  100   [8]  70 17 80 25 28 04 E6 08
 (020.229414)  can0  100   [8]  70 17 80 25 28 04 E7 09
 (020.239412)  can0  100   [8]  70 17 80 25 28 04 E8 06
 (020.249414)  can0  100   [8]  70 17 80 25 28 04 E9 07
 (020.259419)  can0  100   [8]  70 17 80 25 28 04 EA 04
 (020.269415)  can0  100   [8]  70 17 80 25 28 04 EB 05
 (020.279410)  can0  100   [8]  70 17 80 25 28 04 EC 02
 (020.289414)  can0  100   [8]  70 17 80 25 28 04 ED 03
 (020.289614)  can0  101   [8]  E8 35 4D C8 00 00 CA 92
 (020.299414)  can0  100   [8]  70 17 80 25 28 04 EE 00
 (020.309416)  can0  100   [8]  70 17 80 25 28 04 EF 01
 (020.319431)  can0  100   [8]  70 17 80 25 28 04 F0 1E
 (020.329416)  can0  100   [8]  70 17 80 25 28 04 F1 1F
 (020.339409)  can0  100   [8]  70 17 80 25 28 04 F2 1C
 (020.349415)  can0  100   [8]  70 17 80 25 28 04 F3 1D
 (020.359413)  can0  100   [8]  70 17 80 25 28 04 F4 1A
 (020.369414)  can0  100   [8]  70 17 80 25 28 04 F5 1B
 (020.379412)  can0  100   [8]  70 17 80 25 28 04 F6 18
 (020.389414)  can0  100   [8]  70 17 80 25 28 04 F7 19
 (020.389616)  can0  101   [8]  E8 35 4D C8 00 00 CB 93
 (020.399415)  can0  100   [8]  70 17 80 25 28 04 F8 16
 (020.409411)  can0  100   [8]  70 17 80 25 28 04 F9 17
 (020.419411)  can0  100   [8]  70 17 80 25 28 04 FA 14
 (020.429408)  can0  100   [8]  70 17 80 25 28 04 FB 15
 (020.439413)  can0  100   [8]  70 17 80 25 28 04 FC 12
 (020.449412)  can0  100   [8]  70 17 80 25 28 04 FD 13
 (020.459409)  can0  100   [8]  70 17 80 25 28 04 FE 10
 (020.469413)  can0  100   [8]  70 17 80 25 28 04 FF 11
 (020.479410)  can0  100   [8]  70 17 80 25 28 04 00 EE
 (020.489406)  can0  100   [8]  70 17 80 25 28 04 01 EF
 (020.489609)  can0  101   [8]  E8 35 4D C8 00 00 CC 94
 (020.499409)  can0  100   [8]  70 17 80 25 28 04 02 EC
 (020.509410)  can0  100   [8]  70 17 80 25 28 04 03 ED
 (020.519407)  can0  100   [8]  70 17 80 25 28 04 04 EA
 (020.529408)  can0  100   [8]  70 17 80 25 28 04 05 EB
 (020.539412)  can0  100   [8]  70 17 80 25 28 04 06 E8
 (020.549410)  can0  100   [8]  70 17 80 25 28 04 07 E9
 (020.559405)  can0  100   [8]  70 17 80 25 28 04 08 E6
 (020.569408)  can0  100   [8]  70 17 80 25 28 04 09 E7
 (020.579409)  can0  100   [8]  70 17 80 25 28 04 0A E4
 (020.589390)  can0  100   [8]  70 17 80 25 28 04 0B E5
 (020.589610)  can0  101   [8]  E8 35 4D C8 00 00 CD 95
 (020.599411)  can0  100   [8]  70 17 80 25 28 04 0C E2
 (020.609408)  can0  100   [8]  70 17 80 25 28 04 0D E3
 (020.619411)  can0  100   [8]  70 17 80 25 28 04 0E E0
 (020.629409)  can0  100   [8]  70 17 80 25 28 04 0F E1
 (020.639410)  can0  100   [8]  70 17 80 25 28 04 10 FE
 (020.649408)  can0  100   [8]  70 17 80 25 28 04 11 FF
 (020.659409)  can0  100   [8]  70 17 80 25 28 04 12 FC
 (020.669403)  can0  100   [8]  70 17 80 25 28 04 13 FD
 (020.679406)  can0  100   [8]  70 17 80 25 28 04 14 FA
 (020.689402)  can0  100   [8]  70 17 80 25 28 04 15 FB
 (020.689611)  can0  101   [8]  E8 35 4D C8 00 00 CE 96
 (020.699408)  can0  100   [8]  70 17 80 25 28 04 16 F8
 (020.709408)  can0  100   [8]  70 17 80 25 28 04 17 F9
 (020.719406)  can0  100   [8]  70 17 80 25 28 04 18 F6
 (020.729401)  can0  100   [8]  70 17 80 25 28 04 19 F7
 (020.739406)  can0  100   [8]  70 17 80 25 28 04 1A F4
 (020.749402)  can0  100   [8]  70 17 80 25 28 04 1B F5
 (020.759402)  can0  100   [8]  70 17 80 25 28 04 1C F2
 (020.769405)  can0  100   [8]  70 17 80 25 28 04 1D F3
 (020.779402)  can0  100   [8]  70 17 80 25 28 04 1E F0
 (020.789411)  can0  100   [8]  70 17 80 25 28 04 1F F1
 (020.789611)  can0  101   [8]  E8 35 4D C8 00 00 CF 97
 (020.799399)  can0  100   [8]  70 17 80 25 28 04 20 CE
 (020.809411)  can0  100   [8]  70 17 80 25 28 04 21 CF
 (020.819398)  can0  100   [8]  70 17 80 25 28 04 22 CC
 (020.829375)  can0  100   [8]  70 17 80 25 28 04 23 CD
 (020.839401)  can0  100   [8]  70 17 80 25 28 04 24 CA
 (020.849398)  can0  100   [8]  70 17 80 25 28 04 25 CB
 (020.859400)  can0  100   [8]  70 17 80 25 28 04 26 C8
 (020.869399)  can0  100   [8]  70 17 80 25 28 04 27 C9
 (020.879393)  can0  100   [8]  70 17 80 25 28 04 28 C6
 (020.889394)  can0  100   [8]  70 17 80 25 28 04 29 C7
 (020.889602)  can0  101   [8]  E8 35 4D C8 00 00 D0 88
 (020.899396)  can0  100   [8]  70 17 80 25 28 04 2A C4
 (020.909371)  can0  100   [8]  70 17 80 25 28 04 2B C5
 (020.919395)  can0  100   [8]  70 17 80 25 28 04 2C C2
 (020.929394)  can0  100   [8]  70 17 80 25 28 04 2D C3
 (020.939398)  can0  100   [8]  70 17 80 25 28 04 2E C0
 (020.949396)  can0  100   [8]  70 17 80 25 28 04 2F C1
 (020.959397)  can0  100   [8]  70 17 80 25 28 04 30 DE
 (020.969397)  can0  100   [8]  70 17 80 25 28 04 31 DF
 (020.979397)  can0  100   [8]  70 17 80 25 28 04 32 DC
 (020.989393)  can0  100   [8]  70 17 80 25 28 04 33 DD
 (020.989597)  can0  101   [8]  E8 35 4D C8 00 00 D1 89
 (020.989832)  can0  102   [8]  88 D6 12 00 02 00 14 5A
 (020.999393)  can0  100   [8]  70 17 80 25 28 04 34 DA
 (021.009391)  can0  100   [8]  70 17 80 25 28 04 35 DB
 (021.019394)  can0  100   [8]  70 17 80 25 28 04 36 D8
 (021.029391)  can0  100   [8]  70 17 80 25 28 04 37 D9
 (021.039391)  can0  100   [8]  70 17 80 25 28 04 38 D6
 (021.049388)  can0  100   [8]  70 17 80 25 28 04 39 D7
 (021.059390)  can0  100   [8]  70 17 80 25 28 04 3A D4
 (021.069394)  can0  100   [8]  70 17 80 25 28 04 3B D5
 (021.079391)  can0  100   [8]  70 17 80 25 28 04 3C D2
 (021.089391)  can0  100   [8]  70 17 80 25 28 04 3D D3
 (021.089597)  can0  101   [8]  E8 35 4E C8 00 00 D2 89
 (021.099396)  can0  100   [8]  70 17 80 25 28 04 3E D0
 (021.109388)  can0  100   [8]  70 17 80 25 28 04 3F D1
 (021.119393)  can0  100   [8]  70 17 80 25 28 04 40 AE
 (021.129391)  can0  100   [8]  70 17 80 25 28 04 41 AF
 (021.139385)  can0  100   [8]  70 17 80 25 28 04 42 AC
 (021.149365)  can0  100   [8]  70 17 80 25 28 04 43 AD
 (021.159391)  can0  100   [8]  70 17 80 25 28 04 44 AA
 (021.169395)  can0  100   [8]  70 17 80 25 28 04 45 AB
 (021.179400)  can0  100   [8]  70 17 80 25 28 04 46 A8
 (021.189388)  can0  100   [8]  70 17 80 25 28 04 47 A9
 (021.189593)  can0  101   [8]  E8 35 4E C8 00 00 D3 88
 (021.199389)  can0  100   [8]  70 17 80 25 28 04 48 A6
 (021.209395)  can0  100   [8]  70 17 80 25 28 04 49 A7
 (021.219389)  can0  100   [8]  70 17 80 25 28 04 4A A4
 (021.229391)  can0  100   [8]  70 17 80 25 28 04 4B A5
 (021.239386)  can0  100   [8]  70 17 80 25 28 04 4C A2
 (021.249384)  can0  100   [8]  70 17 80 25 28 04 4D A3
 (021.259385)  can0  100   [8]  70 17 80 25 28 04 4E A0
 (021.269391)  can0  100   [8]  70 17 80 25 28 04 4F A1
 (021.279403)  can0  100   [8]  70 17 80 25 28 04 50 BE
 (021.289387)  can0  100   [8]  70 17 80 25 28 04 51 BF
 (021.289590)  can0  101   [8]  E8 35 4E C8 00 00 D4 8F
 (021.299388)  can0  100   [8]  70 17 80 25 28 04 52 BC
 (021.309364)  can0  100   [8]  70 17 80 25 28 04 53 BD
 (021.319387)  can0  100   [8]  70 17 80 25 28 04 54 BA
 (021.329386)  can0  100   [8]  70 17 80 25 28 04 55 BB
 (021.339383)  can0  100   [8]  70 17 80 25 28 04 56 B8
 (021.349378)  can0  100   [8]  70 17 80 25 28 04 57 B9
 (021.359379)  can0  100   [8]  70 17 80 25 28 04 58 B6
 (021.369386)  can0  100   [8]  70 17 80 25 28 04 59 B7
 (021.379382)  can0  100   [8]  70 17 80 25 28 04 5A B4
 (021.389365)  can0  100   [8]  70 17 80 25 28 04 5B B5
 (021.389585)  can0  101   [8]  E8 35 4E C8 00 00 D5 8E
 (021.399388)  can0  100   [8]  70 17 80 25 28 04 5C B2
 (021.409363)  can0  100   [8]  70 17 80 25 28 04 5D B3
 (021.419384)  can0  100   [8]  70 17 80 25 28 04 5E B0
 (021.429385)  can0  100   [8]  70 17 80 25 28 04 5F B1
 (021.439383)  can0  100   [8]  70 17 80 25 28 04 60 8E
 (021.449380)  can0  100   [8]  70 17 80 25 28 04 61 8F
 (021.459382)  can0  100   [8]  70 17 80 25 28 04 62 8C
 (021.469384)  can0  100   [8]  70 17 80 25 28 04 63 8D
 (021.479380)  can0  100   [8]  70 17 80 25 28 04 64 8A
 (021.489382)  can0  100   [8]  70 17 80 25 28 04 65 8B
 (021.489581)  can0  101   [8]  E8 35 4E C8 00 00 D6 8D
 (021.499378)  can0  100   [8]  70 17 80 25 28 04 66 88
 (021.509358)  can0  100   [8]  70 17 80 25 28 04 67 89
 (021.519380)  can0  100   [8]  70 17 80 25 28 04 68 86
 (021.529375)  can0  100   [8]  70 17 80 25 28 04 69 87
 (021.539373)  can0  100   [8]  70 17 80 25 28 04 6A 84
 (021.549377)  can0  100   [8]  70 17 80 25 28 04 6B 85
 (021.559376)  can0  100   [8]  70 17 80 25 28 04 6C 82
 (021.569381)  can0  100   [8]  70 17 80 25 28 04 6D 83
 (021.579380)  can0  100   [8]  70 17 80 25 28 04 6E 80
 (021.589376)  can0  100   [8]  70 17 80 25 28 04 6F 81
 (021.589579)  can0  101   [8]  E8 35 4E C8 00 00 D7 8C
 (021.599377)  can0  100   [8]  70 17 80 25 28 04 70 9E
 (021.609358)  can0  100   [8]  70 17 80 25 28 04 71 9F
 (021.619375)  can0  100   [8]  70 17 80 25 28 04 72 9C
 (021.629351)  can0  100   [8]  70 17 80 25 28 04 73 9D
 (021.639379)  can0  100   [8]  70 17 80 25 28 04 74 9A
 (021.649371)  can0  100   [8]  70 17 80 25 28 04 75 9B
 (021.659377)  can0  100   [8]  70 17 80 25 28 04 76 98
 (021.669376)  can0  100   [8]  70 17 80 25 28 04 77 99
 (021.679371)  can0  100   [8]  70 17 80 25 28 04 78 96
 (021.689374)  can0  100   [8]  70 17 80 25 28 04 79 97
 (021.689574)  can0  101   [8]  E8 35 4E C8 00 00 D8 83
 (021.699372)  can0  100   [8]  70 17 80 25 28 04 7A 94
 (021.709349)  can0  100   [8]  70 17 80 25 28 04 7B 95
 (021.719377)  can0  100   [8]  70 17 80 25 28 04 7C 92
 (021.729375)  can0  100   [8]  70 17 80 25 28 04 7D 93
 (021.739375)  can0  100   [8]  70 17 80 25 28 04 7E 90
 (021.749373)  can0  100   [8]  70 17 80 25 28 04 7F 91
 (021.759396)  can0  100   [8]  70 17 80 25 28 04 80 6E
 (021.769377)  can0  100   [8]  70 17 80 25 28 04 81 6F
 (021.779377)  can0  100   [8]  70 17 80 25 28 04 82 6C
 (021.789351)  can0  100   [8]  70 17 80 25 28 04 83 6D
 (021.789577)  can0  101   [8]  E8 35 4E C8 00 00 D9 82
 (021.799374)  can0  100   [8]  70 17 80 25 28 04 84 6A
 (021.809353)  can0  100   [8]  70 17 80 25 28 04 85 6B
 (021.819370)  can0  100   [8]  70 17 80 25 28 04 86 68
 (021.829370)  can0  100   [8]  70 17 80 25 28 04 87 69
 (021.839368)  can0  100   [8]  70 17 80 25 28 04 88 66
 (021.849371)  can0  100   [8]  70 17 80 25 28 04 89 67
 (021.859369)  can0  100   [8]  70 17 80 25 28 04 8A 64
 (021.869349)  can0  100   [8]  70 17 80 25 28 04 8B 65
 (021.879370)  can0  100   [8]  70 17 80 25 28 04 8C 62
 (021.889366)  can0  100   [8]  70 17 80 25 28 04 8D 63
 (021.889568)  can0  101   [8]  E8 35 4E C8 00 00 DA 81
 (021.899369)  can0  100   [8]  70 17 80 25 28 04 8E 60
 (021.909348)  can0  100   [8]  70 17 80 25 28 04 8F 61
 (021.919372)  can0  100   [8]  70 17 80 25 28 04 90 7E
 (021.929367)  can0  100   [8]  70 17 80 25 28 04 91 7F
 (021.939372)  can0  100   [8]  70 17 80 25 28 04 92 7C
 (021.949345)  can0  100   [8]  70 17 80 25 28 04 93 7D
 (021.959370)  can0  100   [8]  70 17 80 25 28 04 94 7A
 (021.969369)  can0  100   [8]  70 17 80 25 28 04 95 7B
 (021.979368)  can0  100   [8]  70 17 80 25 28 04 96 78
 (021.989366)  can0  100   [8]  70 17 80 25 28 04 97 79
 (021.989568)  can0  101   [8]  E8 35 4E C8 00 00 DB 80
 (021.989811)  can0  102   [8]  88 D6 12 00 02 00 15 5B
 (021.999362)  can0  100   [8]  70 17 80 25 28 04 98 76
 (022.009344)  can0  100   [8]  70 17 80 25 28 04 99 77
 (022.019363)  can0  100   [8]  70 17 80 25 28 04 9A 74
 (022.029365)  can0  100   [8]  70 17 80 25 28 04 9B 75
 (022.039362)  can0  100   [8]  70 17 80 25 28 04 9C 72
 (022.049358)  can0  100   [8]  70 17 80 25 28 04 9D 73
 (022.059357)  can0  100   [8]  70 17 80 25 28 04 9E 70
 (022.069365)  can0  100   [8]  70 17 80 25 28 04 9F 71
 (022.079366)  can0  100   [8]  70 17 80 25 28 04 A0 4E
 (022.089359)  can0  100   [8]  70 17 80 25 28 04 A1 4F
 (022.089565)  can0  101   [8]  E8 35 4F C8 00 00 DC 86
 (022.099363)  can0  100   [8]  70 17 80 25 28 04 A2 4C
 (022.109342)  can0  100   [8]  70 17 80 25 28 04 A3 4D
 (022.119361)  can0  100   [8]  70 17 80 25 28 04 A4 4A
 (022.129361)  can0  100   [8]  70 17 80 25 28 04 A5 4B
 (022.139367)  can0  100   [8]  70 17 80 25 28 04 A6 48
 (022.149358)  can0  100   [8]  70 17 80 25 28 04 A7 49
 (022.159359)  can0  100   [8]  70 17 80 25 28 04 A8 46
 (022.169358)  can0  100   [8]  70 17 80 25 28 04 A9 47
 (022.179370)  can0  100   [8]  70 17 80 25 28 04 AA 44
 (022.189339)  can0  100   [8]  70 17 80 25 28 04 AB 45
 (022.189571)  can0  101   [8]  E8 35 4F C8 00 00 DD 87
 (022.199358)  can0  100   [8]  70 17 80 25 28 04 AC 42
 (022.209340)  can0  100   [8]  70 17 80 25 28 04 AD 43
 (022.219364)  can0  100   [8]  70 17 80 25 28 04 AE 40
 (022.229362)  can0  100   [8]  70 17 80 25 28 04 AF 41
 (022.239365)  can0  100   [8]  70 17 80 25 28 04 B0 5E
 (022.249359)  can0  100   [8]  70 17 80 25 28 04 B1 5F
 (022.259361)  can0  100   [8]  70 17 80 25 28 04 B2 5C
 (022.269357)  can0  100   [8]  70 17 80 25 28 04 B3 5D
 (022.279356)  can0  100   [8]  70 17 80 25 28 04 B4 5A
 (022.289358)  can0  100   [8]  70 17 80 25 28 04 B5 5B
 (022.289564)  can0  101   [8]  E8 35 4F C8 00 00 DE 84
 (022.299357)  can0  100   [8]  70 17 80 25 28 04 B6 58
 (022.309340)  can0  100   [8]  70 17 80 25 28 04 B7 59
 (022.319354)  can0  100   [8]  70 17 80 25 28 04 B8 56
 (022.329356)  can0  100   [8]  70 17 80 25 28 04 B9 57
 (022.339353)  can0  100   [8]  70 17 80 25 28 04 BA 54
 (022.349352)  can0  100   [8]  70 17 80 25 28 04 BB 55
 (022.359355)  can0  100   [8]  70 17 80 25 28 04 BC 52
 (022.369358)  can0  100   [8]  70 17 80 25 28 04 BD 53
 (022.379359)  can0  100   [8]  70 17 80 25 28 04 BE 50
 (022.389355)  can0  100   [8]  70 17 80 25 28 04 BF 51
 (022.389564)  can0  101   [8]  E8 35 4F C8 00 00 DF 85
 (022.399360)  can0  100   [8]  70 17 80 25 28 04 C0 2E
 (022.409327)  can0  100   [8]  70 17 80 25 28 04 C1 2F
 (022.419353)  can0  100   [8]  70 17 80 25 28 04 C2 2C
 (022.429349)  can0  100   [8]  70 17 80 25 28 04 C3 2D
 (022.439350)  can0  100   [8]  70 17 80 25 28 04 C4 2A
 (022.449350)  can0  100   [8]  70 17 80 25 28 04 C5 2B
 (022.459354)  can0  100   [8]  70 17 80 25 28 04 C6 28
 (022.469356)  can0  100   [8]  70 17 80 25 28 04 C7 29
 (022.479356)  can0  100   [8]  70 17 80 25 28 04 C8 26
 (022.489351)  can0  100   [8]  70 17 80 25 28 04 C9 27
 (022.489562)  can0  101   [8]  E8 35 4F C8 00 00 E0 BA
 (022.499351)  can0  100   [8]  70 17 80 25 28 04 CA 24
 (022.509350)  can0  100   [8]  70 17 80 25 28 04 CB 25
 (022.519349)  can0  100   [8]  70 17 80 25 28 04 CC 22
 (022.529350)  can0  100   [8]  70 17 80 25 28 04 CD 23
 (022.539351)  can0  100   [8]  70 17 80 25 28 04 CE 20
 (022.549350)  can0  100   [8]  70 17 80 25 28 04 CF 21
 (022.559348)  can0  100   [8]  70 17 80 25 28 04 D0 3E
 (022.569354)  can0  100   [8]  70 17 80 25 28 04 D1 3F
 (022.579349)  can0  100   [8]  70 17 80 25 28 04 D2 3C
 (022.589342)  can0  100   [8]  70 17 80 25 28 04 D3 3D
 (022.589552)  can0  101   [8]  E8 35 4F C8 00 00 E1 BB
 (022.599347)  can0  100   [8]  70 17 80 25 28 04 D4 3A
 (022.609351)  can0  100   [8]  70 17 80 25 28 04 D5 3B
 (022.619349)  can0  100   [8]  70 17 80 25 28 04 D6 38
 (022.629352)  can0  100   [8]  70 17 80 25 28 04 D7 39
 (022.639351)  can0  100   [8]  70 17 80 25 28 04 D8 36
 (022.649347)  can0  100   [8]  70 17 80 25 28 04 D9 37
 (022.659343)  can0  100   [8]  70 17 80 25 28 04 DA 34
 (022.669323)  can0  100   [8]  70 17 80 25 28 04 DB 35
 (022.679345)  can0  100   [8]  70 17 80 25 28 04 DC 32
 (022.689345)  can0  100   [8]  70 17 80 25 28 04 DD 33
 (022.689551)  can0  101   [8]  E8 35 4F C8 00 00 E2 B8
 (022.699363)  can0  100   [8]  70 17 80 25 28 04 DE 30
 (022.709349)  can0  100   [8]  70 17 80 25 28 04 DF 31
 (022.719352)  can0  100   [8]  70 17 80 25 28 04 E0 0E
 (022.729349)  can0  100   [8]  70 17 80 25 28 04 E1 0F
 (022.739345)  can0  100   [8]  70 17 80 25 28 04 E2 0C
 (022.749341)  can0  100   [8]  70 17 80 25 28 04 E3 0D
 (022.759352)  can0  100   [8]  70 17 80 25 28 04 E4 0A
 (022.769349)  can0  100   [8]  70 17 80 25 28 04 E5 0B
 (022.779344)  can0  100   [8]  70 17 80 25 28 04 E6 08
 (022.789341)  can0  100   [8]  70 17 80 25 28 04 E7 09
 (022.789550)  can0  101   [8]  E8 35 4F C8 00 00 E3 B9
 (022.799345)  can0  100   [8]  70 17 80 25 28 04 E8 06
 (022.809346)  can0  100   [8]  70 17 80 25 28 04 E9 07
 (022.819344)  can0  100   [8]  70 17 80 25 28 04 EA 04
 (022.829324)  can0  100   [8]  70 17 80 25 28 04 EB 05
 (022.839343)  can0  100   [8]  70 17 80 25 28 04 EC 02
 (022.849341)  can0  100   [8]  70 17 80 25 28 04 ED 03
 (022.859344)  can0  100   [8]  70 17 80 25 28 04 EE 00
 (022.869344)  can0  100   [8]  70 17 80 25 28 04 EF 01
 (022.879338)  can0  100   [8]  70 17 80 25 28 04 F0 1E
 (022.889342)  can0  100   [8]  70 17 80 25 28 04 F1 1F
 (022.889549)  can0  101   [8]  E8 35 4F C8 00 00 E4 BE
 (022.899337)  can0  100   [8]  70 17 80 25 28 04 F2 1C
 (022.909320)  can0  100   [8]  70 17 80 25 28 04 F3 1D
 (022.919342)  can0  100   [8]  70 17 80 25 28 04 F4 1A
 (022.929342)  can0  100   [8]  70 17 80 25 28 04 F5 1B
 (022.939344)  can0  100   [8]  70 17 80 25 28 04 F6 18
 (022.949341)  can0  100   [8]  70 17 80 25 28 04 F7 19
 (022.959333)  can0  100   [8]  70 17 80 25 28 04 F8 16
 (022.969341)  can0  100   [8]  70 17 80 25 28 04 F9 17
 (022.979337)  can0  100   [8]  70 17 80 25 28 04 FA 14
 (022.989315)  can0  100   [8]  70 17 80 25 28 04 FB 15
 (022.989553)  can0  101   [8]  E8 35 4F C8 00 00 E5 BF
 (022.989786)  can0  102   [8]  88 D6 12 00 02 00 16 58
 (022.999340)  can0  100   [8]  70 17 80 25 28 04 FC 12
 (023.009340)  can0  100   [8]  70 17 80 25 28 04 FD 13
 (023.019333)  can0  100   [8]  70 17 80 25 28 04 FE 10
 (023.029336)  can0  100   [8]  70 17 80 25 28 04 FF 11
 (023.039337)  can0  100   [8]  70 17 80 25 28 04 00 EE
 (023.049338)  can0  100   [8]  70 17 80 25 28 04 01 EF
 (023.059338)  can0  100   [8]  70 17 80 25 28 04 02 EC
 (023.069347)  can0  100   [8]  70 17 80 25 28 04 03 ED
 (023.079334)  can0  100   [8]  70 17 80 25 28 04 04 EA
 (023.089337)  can0  100   [8]  70 17 80 25 28 04 05 EB
 (023.089541)  can0  101   [8]  E8 35 50 C8 00 00 E6 A3
 (023.099341)  can0  100   [8]  70 17 80 25 28 04 06 E8
 (023.109334)  can0  100   [8]  70 17 80 25 28 04 07 E9
 (023.119338)  can0  100   [8]  70 17 80 25 28 04 08 E6
 (023.129331)  can0  100   [8]  70 17 80 25 28 04 09 E7
 (023.139335)  can0  100   [8]  70 17 80 25 28 04 0A E4
 (023.149339)  can0  100   [8]  70 17 80 25 28 04 0B E5
 (023.159331)  can0  100   [8]  70 17 80 25 28 04 0C E2
 (023.169334)  can0  100   [8]  70 17 80 25 28 04 0D E3
 (023.179344)  can0  100   [8]  70 17 80 25 28 04 0E E0
 (023.189354)  can0  100   [8]  70 17 80 25 28 04 0F E1
 (023.189537)  can0  101   [8]  E8 35 50 C8 00 00 E7 A2
 (023.199339)  can0  100   [8]  70 17 80 25 28 04 10 FE
 (023.209342)  can0  100   [8]  70 17 80 25 28 04 11 FF
 (023.219337)  can0  100   [8]  70 17 80 25 28 04 12 FC
 (023.229312)  can0  100   [8]  70 17 80 25 28 04 13 FD
 (023.239341)  can0  100   [8]  70 17 80 25 28 04 14 FA
 (023.249333)  can0  100   [8]  70 17 80 25 28 04 15 FB
 (023.259340)  can0  100   [8]  70 17 80 25 28 04 16 F8
 (023.269337)  can0  100   [8]  70 17 80 25 28 04 17 F9
 (023.279334)  can0  100   [8]  70 17 80 25 28 04 18 F6
 (023.289333)  can0  100   [8]  70 17 80 25 28 04 19 F7
 (023.289554)  can0  101   [8]  E8 35 50 C8 00 00 E8 AD
 (023.299334)  can0  100   [8]  70 17 80 25 28 04 1A F4
 (023.309330)  can0  100   [8]  70 17 80 25 28 04 1B F5
 (023.319328)  can0  100   [8]  70 17 80 25 28 04 1C F2
 (023.329333)  can0  100   [8]  70 17 80 25 28 04 1D F3
 (023.339337)  can0  100   [8]  70 17 80 25 28 04 1E F0
 (023.349333)  can0  100   [8]  70 17 80 25 28 04 1F F1
 (023.359325)  can0  100   [8]  70 17 80 25 28 04 20 CE
 (023.369328)  can0  100   [8]  70 17 80 25 28 04 21 CF
 (023.379325)  can0  100   [8]  70 17 80 25 28 04 22 CC
 (023.389327)  can0  100   [8]  70 17 80 25 28 04 23 CD
 (023.389530)  can0  101   [8]  E8 35 50 C8 00 00 E9 AC
 (023.399338)  can0  100   [8]  70 17 80 25 28 04 24 CA
 (023.409308)  can0  100   [8]  70 17 80 25 28 04 25 CB
 (023.419340)  can0  100   [8]  70 17 80 25 28 04 26 C8
 (023.429332)  can0  100   [8]  70 17 80 25 28 04 27 C9
 (023.439325)  can0  100   [8]  70 17 80 25 28 04 28 C6
 (023.449303)  can0  100   [8]  70 17 80 25 28 04 29 C7
 (023.459323)  can0  100   [8]  70 17 80 25 28 04 2A C4
 (023.469285)  can0  100   [8]  70 17 80 25 28 04 2B C5
 (023.479301)  can0  100   [8]  70 17 80 25 28 04 2C C2
 (023.489293)  can0  100   [8]  70 17 80 25 28 04 2D C3
 (023.489526)  can0  101   [8]  E8 35 50 C8 00 00 EA AF
 (023.499292)  can0  100   [8]  70 17 80 25 28 04 2E C0
 (023.509295)  can0  100   [8]  70 17 80 25 28 04 2F C1
 (023.519289)  can0  100   [8]  70 17 80 25 28 04 30 DE
 (023.529293)  can0  100   [8]  70 17 80 25 28 04 31 DF
 (023.539288)  can0  100   [8]  70 17 80 25 28 04 32 DC
 (023.549286)  can0  100   [8]  70 17 80 25 28 04 33 DD
 (023.559282)  can0  100   [8]  70 17 80 25 28 04 34 DA
 (023.569353)  can0  100   [8]  70 17 80 25 28 04 35 DB
 (023.579326)  can0  100   [8]  70 17 80 25 28 04 36 D8
 (023.589323)  can0  100   [8]  70 17 80 25 28 04 37 D9
 (023.589525)  can0  101   [8]  E8 35 50 C8 00 00 EB AE
 (023.599322)  can0  100   [8]  70 17 80 25 28 04 38 D6
 (023.609318)  can0  100   [8]  70 17 80 25 28 04 39 D7
 (023.619314)  can0  100   [8]  70 17 80 25 28 04 3A D4
 (023.629320)  can0  100   [8]  70 17 80 25 28 04 3B D5
 (023.639319)  can0  100   [8]  70 17 80 25 28 04 3C D2
 (023.649316)  can0  100   [8]  70 17 80 25 28 04 3D D3
 (023.659319)  can0  100   [8]  70 17 80 25 28 04 3E D0
 (023.669321)  can0  100   [8]  70 17 80 25 28 04 3F D1
 (023.679317)  can0  100   [8]  70 17 80 25 28 04 40 AE
 (023.689322)  can0  100   [8]  70 17 80 25 28 04 41 AF
 (023.689529)  can0  101   [8]  E8 35 50 C8 00 00 EC A9
 (023.699322)  can0  100   [8]  70 17 80 25 28 04 42 AC
 (023.709295)  can0  100   [8]  70 17 80 25 28 04 43 AD
 (023.719319)  can0  100   [8]  70 17 80 25 28 04 44 AA
 (023.729321)  can0  100   [8]  70 17 80 25 28 04 45 AB
 (023.739318)  can0  100   [8]  70 17 80 25 28 04 46 A8
 (023.749318)  can0  100   [8]  70 17 80 25 28 04 47 A9
 (023.759319)  can0  100   [8]  70 17 80 25 28 04 48 A6
 (023.769324)  can0  100   [8]  70 17 80 25 28 04 49 A7
 (023.779319)  can0  100   [8]  70 17 80 25 28 04 4A A4
 (023.789293)  can0  100   [8]  70 17 80 25 28 04 4B A5
 (023.789518)  can0  101   [8]  E8 35 50 C8 00 00 ED A8
 (023.799316)  can0  100   [8]  70 17 80 25 28 04 4C A2
 (023.809316)  can0  100   [8]  70 17 80 25 28 04 4D A3
 (023.819314)  can0  100   [8]  70 17 80 25 28 04 4E A0
 (023.829314)  can0  100   [8]  70 17 80 25 28 04 4F A1
 (023.839315)  can0  100   [8]  70 17 80 25 28 04 50 BE
 (023.849316)  can0  100   [8]  70 17 80 25 28 04 51 BF
 (023.859312)  can0  100   [8]  70 17 80 25 28 04 52 BC
 (023.869312)  can0  100   [8]  70 17 80 25 28 04 53 BD
 (023.879314)  can0  100   [8]  70 17 80 25 28 04 54 BA
 (023.889314)  can0  100   [8]  70 17 80 25 28 04 55 BB
 (023.889516)  can0  101   [8]  E8 35 50 C8 00 00 EE AB
 (023.899315)  can0  100   [8]  70 17 80 25 28 04 56 B8
 (023.909311)  can0  100   [8]  70 17 80 25 28 04 57 B9
 (023.919311)  can0  100   [8]  70 17 80 25 28 04 58 B6
 (023.929318)  can0  100   [8]  70 17 80 25 28 04 59 B7
 (023.939308)  can0  100   [8]  70 17 80 25 28 04 5A B4
 (023.949291)  can0  100   [8]  70 17 80 25 28 04 5B B5
 (023.959310)  can0  100   [8]  70 17 80 25 28 04 5C B2
 (023.969314)  can0  100   [8]  70 17 80 25 28 04 5D B3
 (023.979310)  can0  100   [8]  70 17 80 25 28 04 5E B0
 (023.989317)  can0  100   [8]  70 17 80 25 28 04 5F B1
 (023.989516)  can0  101   [8]  E8 35 50 C8 00 00 EF AA
 (023.989756)  can0  102   [8]  88 D6 12 00 02 00 17 59
 (023.999307)  can0  100   [8]  70 17 80 25 28 04 60 8E
 (024.009313)  can0  100   [8]  70 17 80 25 28 04 61 8F
 (024.019304)  can0  100   [8]  70 17 80 25 28 04 62 8C
 (024.029290)  can0  100   [8]  70 17 80 25 28 04 63 8D
 (024.039309)  can0  100   [8]  70 17 80 25 28 04 64 8A
 (024.049306)  can0  100   [8]  70 17 80 25 28 04 65 8B
 (024.059309)  can0  100   [8]  70 17 80 25 28 04 66 88
 (024.069309)  can0  100   [8]  70 17 80 25 28 04 67 89
 (024.079308)  can0  100   [8]  70 17 80 25 28 04 68 86
 (024.089308)  can0  100   [8]  70 17 80 25 28 04 69 87
 (024.089512)  can0  101   [8]  E8 35 51 C8 00 00 F0 B4
 (024.099305)  can0  100   [8]  70 17 80 25 28 04 6A 84
 (024.109301)  can0  100   [8]  70 17 80 25 28 04 6B 85
 (024.119303)  can0  100   [8]  70 17 80 25 28 04 6C 82
 (024.129310)  can0  100   [8]  70 17 80 25 28 04 6D 83
 (024.139307)  can0  100   [8]  70 17 80 25 28 04 6E 80
 (024.149307)  can0  100   [8]  70 17 80 25 28 04 6F 81
 (024.159302)  can0  100   [8]  70 17 80 25 28 04 70 9E
 (024.169305)  can0  100   [8]  70 17 80 25 28 04 71 9F
 (024.179312)  can0  100   [8]  70 17 80 25 28 04 72 9C
 (024.189310)  can0  100   [8]  70 17 80 25 28 04 73 9D
 (024.189504)  can0  101   [8]  E8 35 51 C8 00 00 F1 B5
 (024.199305)  can0  100   [8]  70 17 80 25 28 04 74 9A
 (024.209305)  can0  100   [8]  70 17 80 25 28 04 75 9B
 (024.219299)  can0  100   [8]  70 17 80 25 28 04 76 98
 (024.229304)  can0  100   [8]  70 17 80 25 28 04 77 99
 (024.239300)  can0  100   [8]  70 17 80 25 28 04 78 96
 (024.249301)  can0  100   [8]  70 17 80 25 28 04 79 97
 (024.259297)  can0  100   [8]  70 17 80 25 28 04 7A 94
 (024.269284)  can0  100   [8]  70 17 80 25 28 04 7B 95
 (024.279307)  can0  100   [8]  70 17 80 25 28 04 7C 92
 (024.289306)  can0  100   [8]  70 17 80 25 28 04 7D 93
 (024.289510)  can0  101   [8]  E8 35 51 C8 00 00 F2 B6
 (024.299306)  can0  100   [8]  70 17 80 25 28 04 7E 90
 (024.309303)  can0  100   [8]  70 17 80 25 28 04 7F 91
 (024.319306)  can0  100   [8]  70 17 80 25 28 04 80 6E
 (024.329301)  can0  100   [8]  70 17 80 25 28 04 81 6F
 (024.339300)  can0  100   [8]  70 17 80 25 28 04 82 6C
 (024.349302)  can0  100   [8]  70 17 80 25 28 04 83 6D
 (024.359303)  can0  100   [8]  70 17 80 25 28 04 84 6A
 (024.369301)  can0  100   [8]  70 17 80 25 28 04 85 6B
 (024.379302)  can0  100   [8]  70 17 80 25 28 04 86 68
 (024.389299)  can0  100   [8]  70 17 80 25 28 04 87 69
 (024.389504)  can0  101   [8]  E8 35 51 C8 00 00 F3 B7
 (024.399299)  can0  100   [8]  70 17 80 25 28 04 88 66
 (024.409293)  can0  100   [8]  70 17 80 25 28 04 89 67
 (024.419277)  can0  100   [8]  70 17 80 25 28 04 8A 64
 (024.429300)  can0  100   [8]  70 17 80 25 28 04 8B 65
 (024.439296)  can0  100   [8]  70 17 80 25 28 04 8C 62
 (024.449298)  can0  100   [8]  70 17 80 25 28 04 8D 63
 (024.459300)  can0  100   [8]  70 17 80 25 28 04 8E 60
 (024.469294)  can0  100   [8]  70 17 80 25 28 04 8F 61
 (024.479297)  can0  100   [8]  70 17 80 25 28 04 90 7E
 (024.489296)  can0  100   [8]  70 17 80 25 28 04 91 7F
 (024.489506)  can0  101   [8]  E8 35 51 C8 00 00 F4 B0
 (024.499303)  can0  100   [8]  70 17 80 25 28 04 92 7C
 (024.509308)  can0  100   [8]  70 17 80 25 28 04 93 7D
 (024.519275)  can0  100   [8]  70 17 80 25 28 04 94 7A
 (024.529296)  can0  100   [8]  70 17 80 25 28 04 95 7B
 (024.539294)  can0  100   [8]  70 17 80 25 28 04 96 78
 (024.549293)  can0  100   [8]  70 17 80 25 28 04 97 79
 (024.559292)  can0  100   [8]  70 17 80 25 28 04 98 76
 (024.569296)  can0  100   [8]  70 17 80 25 28 04 99 77
 (024.579290)  can0  100   [8]  70 17 80 25 28 04 9A 74
 (024.589290)  can0  100   [8]  70 17 80 25 28 04 9B 75
 (024.589501)  can0  101   [8]  E8 35 51 C8 00 00 F5 B1
 (024.599295)  can0  100   [8]  70 17 80 25 28 04 9C 72
 (024.609289)  can0  100   [8]  70 17 80 25 28 04 9D 73
 (024.619270)  can0  100   [8]  70 17 80 25 28 04 9E 70
 (024.629290)  can0  100   [8]  70 17 80 25 28 04 9F 71
 (024.639297)  can0  100   [8]  70 17 80 25 28 04 A0 4E
 (024.649288)  can0  100   [8]  70 17 80 25 28 04 A1 4F
 (024.659285)  can0  100   [8]  70 17 80 25 28 04 A2 4C
 (024.669286)  can0  100   [8]  70 17 80 25 28 04 A3 4D
 (024.679289)  can0  100   [8]  70 17 80 25 28 04 A4 4A
 (024.689288)  can0  100   [8]  70 17 80 25 28 04 A5 4B
 (024.689494)  can0  101   [8]  E8 35 51 C8 00 00 F6 B2
 (024.699293)  can0  100   [8]  70 17 80 25 28 04 A6 48
 (024.709290)  can0  100   [8]  70 17 80 25 28 04 A7 49
 (024.719267)  can0  100   [8]  70 17 80 25 28 04 A8 46
 (024.729291)  can0  100   [8]  70 17 80 25 28 04 A9 47
 (024.739289)  can0  100   [8]  70 17 80 25 28 04 AA 44
 (024.749266)  can0  100   [8]  70 17 80 25 28 04 AB 45
 (024.759290)  can0  100   [8]  70 17 80 25 28 04 AC 42
 (024.769287)  can0  100   [8]  70 17 80 25 28 04 AD 43
 (024.779284)  can0  100   [8]  70 17 80 25 28 04 AE 40
 (024.789289)  can0  100   [8]  70 17 80 25 28 04 AF 41
 (024.789491)  can0  101   [8]  E8 35 51 C8 00 00 F7 B3
 (024.799290)  can0  100   [8]  70 17 80 25 28 04 B0 5E
 (024.809287)  can0  100   [8]  70 17 80 25 28 04 B1 5F
 (024.819265)  can0  100   [8]  70 17 80 25 28 04 B2 5C
 (024.829266)  can0  100   [8]  70 17 80 25 28 04 B3 5D
 (024.839288)  can0  100   [8]  70 17 80 25 28 04 B4 5A
 (024.849287)  can0  100   [8]  70 17 80 25 28 04 B5 5B
 (024.859286)  can0  100   [8]  70 17 80 25 28 04 B6 58
 (024.869289)  can0  100   [8]  70 17 80 25 28 04 B7 59
 (024.879285)  can0  100   [8]  70 17 80 25 28 04 B8 56
 (024.889281)  can0  100   [8]  70 17 80 25 28 04 B9 57
 (024.889487)  can0  101   [8]  E8 35 51 C8 00 00 F8 BC
 (024.899287)  can0  100   [8]  70 17 80 25 28 04 BA 54
 (024.909281)  can0  100   [8]  70 17 80 25 28 04 BB 55
 (024.919261)  can0  100   [8]  70 17 80 25 28 04 BC 52
 (024.929283)  can0  100   [8]  70 17 80 25 28 04 BD 53
 (024.939285)  can0  100   [8]  70 17 80 25 28 04 BE 50
 (024.949281)  can0  100   [8]  70 17 80 25 28 04 BF 51
 (024.959284)  can0  100   [8]  70 17 80 25 28 04 C0 2E
 (024.969285)  can0  100   [8]  70 17 80 25 28 04 C1 2F
 (024.979279)  can0  100   [8]  70 17 80 25 28 04 C2 2C
 (024.989281)  can0  100   [8]  70 17 80 25 28 04 C3 2D
 (024.989488)  can0  101   [8]  E8 35 51 C8 00 00 F9 BD
 (024.989725)  can0  102   [8]  89 D6 12 00 02 00 18 57
 (024.999284)  can0  100   [8]  70 17 80 25 28 04 C4 2A
 (025.009281)  can0  100   [8]  70 17 80 25 28 04 C5 2B
 (025.019260)  can0  100   [8]  70 17 80 25 28 04 C6 28
 (025.029278)  can0  100   [8]  70 17 80 25 28 04 C7 29
 (025.039284)  can0  100   [8]  70 17 80 25 28 04 C8 26
 (025.049284)  can0  100   [8]  70 17 80 25 28 04 C9 27
 (025.059277)  can0  100   [8]  70 17 80 25 28 04 CA 24
 (025.069255)  can0  100   [8]  70 17 80 25 28 04 CB 25
 (025.079276)  can0  100   [8]  70 17 80 25 28 04 CC 22
 (025.089276)  can0  100   [8]  70 17 80 25 28 04 CD 23
 (025.089484)  can0  101   [8]  E8 35 52 C8 00 00 FA BD
 (025.099281)  can0  100   [8]  70 17 80 25 28 04 CE 20
 (025.109277)  can0  100   [8]  70 17 80 25 28 04 CF 21
 (025.119261)  can0  100   [8]  70 17 80 25 28 04 D0 3E
 (025.129278)  can0  100   [8]  70 17 80 25 28 04 D1 3F
 (025.139277)  can0  100   [8]  70 17 80 25 28 04 D2 3C
 (025.149274)  can0  100   [8]  70 17 80 25 28 04 D3 3D
 (025.159277)  can0  100   [8]  70 17 80 25 28 04 D4 3A
 (025.169276)  can0  100   [8]  70 17 80 25 28 04 D5 3B
 (025.179286)  can0  100   [8]  70 17 80 25 28 04 D6 38
 (025.189283)  can0  100   [8]  70 17 80 25 28 04 D7 39
 (025.189480)  can0  101   [8]  E8 35 52 C8 00 00 FB BC
 (025.199282)  can0  100   [8]  70 17 80 25 28 04 D8 36
 (025.209286)  can0  100   [8]  70 17 80 25 28 04 D9 37
 (025.219254)  can0  100   [8]  70 17 80 25 28 04 DA 34
 (025.229281)  can0  100   [8]  70 17 80 25 28 04 DB 35
 (025.239274)  can0  100   [8]  70 17 80 25 28 04 DC 32
 (025.249276)  can0  100   [8]  70 17 80 25 28 04 DD 33
 (025.259271)  can0  100   [8]  70 17 80 25 28 04 DE 30
 (025.269274)  can0  100   [8]  70 17 80 25 28 04 DF 31
 (025.279276)  can0  100   [8]  70 17 80 25 28 04 E0 0E
 (025.289276)  can0  100   [8]  70 17 80 25 28 04 E1 0F
 (025.289477)  can0  101   [8]  E8 35 52 C8 00 00 FC BB
 (025.299275)  can0  100   [8]  70 17 80 25 28 04 E2 0C
 (025.309249)  can0  100   [8]  70 17 80 25 28 04 E3 0D
 (025.319254)  can0  100   [8]  70 17 80 25 28 04 E4 0A
 (025.329269)  can0  100   [8]  70 17 80 25 28 04 E5 0B
 (025.339273)  can0  100   [8]  70 17 80 25 28 04 E6 08
 (025.349271)  can0  100   [8]  70 17 80 25 28 04 E7 09
 (025.359272)  can0  100   [8]  70 17 80 25 28 04 E8 06
 (025.369277)  can0  100   [8]  70 17 80 25 28 04 E9 07
 (025.379271)  can0  100   [8]  70 17 80 25 28 04 EA 04
 (025.389269)  can0  100   [8]  70 17 80 25 28 04 EB 05
 (025.389477)  can0  101   [8]  E8 35 52 C8 00 00 FD BA
 (025.399268)  can0  100   [8]  70 17 80 25 28 04 EC 02
 (025.409268)  can0  100   [8]  70 17 80 25 28 04 ED 03
 (025.419250)  can0  100   [8]  70 17 80 25 28 04 EE 00
 (025.429274)  can0  100   [8]  70 17 80 25 28 04 EF 01
 (025.439268)  can0  100   [8]  70 17 80 25 28 04 F0 1E
 (025.449290)  can0  100   [8]  70 17 80 25 28 04 F1 1F
 (025.459267)  can0  100   [8]  70 17 80 25 28 04 F2 1C
 (025.469273)  can0  100   [8]  70 17 80 25 28 04 F3 1D
 (025.479271)  can0  100   [8]  70 17 80 25 28 04 F4 1A
 (025.489266)  can0  100   [8]  70 17 80 25 28 04 F5 1B
 (025.489475)  can0  101   [8]  E8 35 52 C8 00 00 FE B9
 (025.499272)  can0  100   [8]  70 17 80 25 28 04 F6 18
 (025.509266)  can0  100   [8]  70 17 80 25 28 04 F7 19
 (025.519232)  can0  100   [8]  70 17 80 25 28 04 F8 16
 (025.529273)  can0  100   [8]  70 17 80 25 28 04 F9 17
 (025.539266)  can0  100   [8]  70 17 80 25 28 04 FA 14
 (025.549245)  can0  100   [8]  70 17 80 25 28 04 FB 15
 (025.559277)  can0  100   [8]  70 17 80 25 28 04 FC 12
 (025.569270)  can0  100   [8]  70 17 80 25 28 04 FD 13
 (025.579268)  can0  100   [8]  70 17 80 25 28 04 FE 10
 (025.589264)  can0  100   [8]  70 17 80 25 28 04 FF 11
 (025.589468)  can0  101   [8]  E8 35 52 C8 00 00 FF B8
 (025.599269)  can0  100   [8]  70 17 80 25 28 04 00 EE
 (025.609263)  can0  100   [8]  70 17 80 25 28 04 01 EF
 (025.619269)  can0  100   [8]  70 17 80 25 28 04 02 EC
 (025.629271)  can0  100   [8]  70 17 80 25 28 04 03 ED
 (025.639264)  can0  100   [8]  70 17 80 25 28 04 04 EA
 (025.649263)  can0  100   [8]  70 17 80 25 28 04 05 EB
 (025.659271)  can0  100   [8]  70 17 80 25 28 04 06 E8
 (025.669265)  can0  100   [8]  70 17 80 25 28 04 07 E9
 (025.679265)  can0  100   [8]  70 17 80 25 28 04 08 E6
 (025.689263)  can0  100   [8]  70 17 80 25 28 04 09 E7
 (025.689474)  can0  101   [8]  E8 35 52 C8 00 00 00 47
 (025.699260)  can0  100   [8]  70 17 80 25 28 04 0A E4
 (025.709263)  can0  100   [8]  70 17 80 25 28 04 0B E5
 (025.719261)  can0  100   [8]  70 17 80 25 28 04 0C E2
 (025.729256)  can0  100   [8]  70 17 80 25 28 04 0D E3
 (025.739264)  can0  100   [8]  70 17 80 25 28 04 0E E0
 (025.749261)  can0  100   [8]  70 17 80 25 28 04 0F E1
 (025.759261)  can0  100   [8]  70 17 80 25 28 04 10 FE
 (025.769263)  can0  100   [8]  70 17 80 25 28 04 11 FF
 (025.779266)  can0  100   [8]  70 17 80 25 28 04 12 FC
 (025.789242)  can0  100   [8]  70 17 80 25 28 04 13 FD
 (025.789467)  can0  101   [8]  E8 35 52 C8 00 00 01 46
 (025.799266)  can0  100   [8]  70 17 80 25 28 04 14 FA
 (025.809260)  can0  100   [8]  70 17 80 25 28 04 15 FB
 (025.819265)  can0  100   [8]  70 17 80 25 28 04 16 F8
 (025.829258)  can0  100   [8]  70 17 80 25 28 04 17 F9
 (025.839258)  can0  100   [8]  70 17 80 25 28 04 18 F6
 (025.849265)  can0  100   [8]  70 17 80 25 28 04 19 F7
 (025.859262)  can0  100   [8]  70 17 80 25 28 04 1A F4
 (025.869261)  can0  100   [8]  70 17 80 25 28 04 1B F5
 (025.879260)  can0  100   [8]  70 17 80 25 28 04 1C F2
 (025.889263)  can0  100   [8]  70 17 80 25 28 04 1D F3
 (025.889466)  can0  101   [8]  E8 35 52 C8 00 00 02 45
 (025.899262)  can0  100   [8]  70 17 80 25 28 04 1E F0
 (025.909262)  can0  100   [8]  70 17 80 25 28 04 1F F1
 (025.919255)  can0  100   [8]  70 17 80 25 28 04 20 CE
 (025.929268)  can0  100   [8]  70 17 80 25 28 04 21 CF
 (025.939252)  can0  100   [8]  70 17 80 25 28 04 22 CC
 (025.949251)  can0  100   [8]  70 17 80 25 28 04 23 CD
 (025.959251)  can0  100   [8]  70 17 80 25 28 04 24 CA
 (025.969255)  can0  100   [8]  70 17 80 25 28 04 25 CB
 (025.979256)  can0  100   [8]  70 17 80 25 28 04 26 C8
 (025.989252)  can0  100   [8]  70 17 80 25 28 04 27 C9
 (025.989459)  can0  101   [8]  E8 35 52 C8 00 00 03 44
 (025.989698)  can0  102   [8]  89 D6 12 00 02 00 19 56
 (025.999251)  can0  100   [8]  70 17 80 25 28 04 28 C6
 (026.009251)  can0  100   [8]  70 17 80 25 28 04 29 C7
 (026.019252)  can0  100   [8]  70 17 80 25 28 04 2A C4
 (026.029233)  can0  100   [8]  70 17 80 25 28 04 2B C5
 (026.039258)  can0  100   [8]  70 17 80 25 28 04 2C C2
 (026.049253)  can0  100   [8]  70 17 80 25 28 04 2D C3
 (026.059248)  can0  100   [8]  70 17 80 25 28 04 2E C0
 (026.069252)  can0  100   [8]  70 17 80 25 28 04 2F C1
 (026.079252)  can0  100   [8]  70 17 80 25 28 04 30 DE
 (026.089253)  can0  100   [8]  70 17 80 25 28 04 31 DF
 (026.089460)  can0  101   [8]  E8 35 53 C8 00 00 04 42
 (026.099250)  can0  100   [8]  70 17 80 25 28 04 32 DC
 (026.109228)  can0  100   [8]  70 17 80 25 28 04 33 DD
 (026.119253)  can0  100   [8]  70 17 80 25 28 04 34 DA
 (026.129245)  can0  100   [8]  70 17 80 25 28 04 35 DB
 (026.139251)  can0  100   [8]  70 17 80 25 28 04 36 D8
 (026.149252)  can0  100   [8]  70 17 80 25 28 04 37 D9
 (026.159250)  can0  100   [8]  70 17 80 25 28 04 38 D6
 (026.169251)  can0  100   [8]  70 17 80 25 28 04 39 D7
 (026.179260)  can0  100   [8]  70 17 80 25 28 04 3A D4
 (026.189252)  can0  100   [8]  70 17 80 25 28 04 3B D5
 (026.189460)  can0  101   [8]  E8 35 53 C8 00 00 05 43
 (026.199248)  can0  100   [8]  70 17 80 25 28 04 3C D2
 (026.209251)  can0  100   [8]  70 17 80 25 28 04 3D D3
 (026.219251)  can0  100   [8]  70 17 80 25 28 04 3E D0
 (026.229246)  can0  100   [8]  70 17 80 25 28 04 3F D1
 (026.239250)  can0  100   [8]  70 17 80 25 28 04 40 AE
 (026.249248)  can0  100   [8]  70 17 80 25 28 04 41 AF
 (026.259241)  can0  100   [8]  70 17 80 25 28 04 42 AC
 (026.269246)  can0  100   [8]  70 17 80 25 28 04 43 AD
 (026.279243)  can0  100   [8]  70 17 80 25 28 04 44 AA
 (026.289250)  can0  100   [8]  70 17 80 25 28 04 45 AB
 (026.289451)  can0  101   [8]  E8 35 53 C8 00 00 06 40
 (026.299246)  can0  100   [8]  70 17 80 25 28 04 46 A8
 (026.309245)  can0  100   [8]  70 17 80 25 28 04 47 A9
 (026.319244)  can0  100   [8]  70 17 80 25 28 04 48 A6
 (026.329247)  can0  100   [8]  70 17 80 25 28 04 49 A7
 (026.339246)  can0  100   [8]  70 17 80 25 28 04 4A A4
 (026.349224)  can0  100   [8]  70 17 80 25 28 04 4B A5
 (026.359245)  can0  100   [8]  70 17 80 25 28 04 4C A2
 (026.369249)  can0  100   [8]  70 17 80 25 28 04 4D A3
 (026.379250)  can0  100   [8]  70 17 80 25 28 04 4E A0
 (026.389244)  can0  100   [8]  70 17 80 25 28 04 4F A1
 (026.389466)  can0  101   [8]  E8 35 53 C8 00 00 07 41
 (026.399242)  can0  100   [8]  70 17 80 25 28 04 50 BE
 (026.409243)  can0  100   [8]  70 17 80 25 28 04 51 BF
 (026.419236)  can0  100   [8]  70 17 80 25 28 04 52 BC
 (026.429238)  can0  100   [8]  70 17 80 25 28 04 53 BD
 (026.439241)  can0  100   [8]  70 17 80 25 28 04 54 BA
 (026.449246)  can0  100   [8]  70 17 80 25 28 04 55 BB
 (026.459240)  can0  100   [8]  70 17 80 25 28 04 56 B8
 (026.469243)  can0  100   [8]  70 17 80 25 28 04 57 B9
 (026.479241)  can0  100   [8]  70 17 80 25 28 04 58 B6
 (026.489241)  can0  100   [8]  70 17 80 25 28 04 59 B7
 (026.489445)  can0  101   [8]  E8 35 53 C8 00 00 08 4E
 (026.499236)  can0  100   [8]  70 17 80 25 28 04 5A B4
 (026.509239)  can0  100   [8]  70 17 80 25 28 04 5B B5
 (026.519241)  can0  100   [8]  70 17 80 25 28 04 5C B2
 (026.529234)  can0  100   [8]  70 17 80 25 28 04 5D B3
 (026.539238)  can0  100   [8]  70 17 80 25 28 04 5E B0
 (026.549243)  can0  100   [8]  70 17 80 25 28 04 5F B1
 (026.559236)  can0  100   [8]  70 17 80 25 28 04 60 8E
 (026.569244)  can0  100   [8]  70 17 80 25 28 04 61 8F
 (026.579232)  can0  100   [8]  70 17 80 25 28 04 62 8C
 (026.589234)  can0  100   [8]  70 17 80 25 28 04 63 8D
 (026.589439)  can0  101   [8]  E8 35 53 C8 00 00 09 4F
 (026.599234)  can0  100   [8]  70 17 80 25 28 04 64 8A
 (026.609233)  can0  100   [8]  70 17 80 25 28 04 65 8B
 (026.619235)  can0  100   [8]  70 17 80 25 28 04 66 88
 (026.629234)  can0  100   [8]  70 17 80 25 28 04 67 89
 (026.639231)  can0  100   [8]  70 17 80 25 28 04 68 86
 (026.649234)  can0  100   [8]  70 17 80 25 28 04 69 87
 (026.659231)  can0  100   [8]  70 17 80 25 28 04 6A 84
 (026.669234)  can0  100   [8]  70 17 80 25 28 04 6B 85
 (026.679235)  can0  100   [8]  70 17 80 25 28 04 6C 82
 (026.689232)  can0  100   [8]  70 17 80 25 28 04 6D 83
 (026.689443)  can0  101   [8]  E8 35 53 C8 00 00 0A 4C
 (026.699231)  can0  100   [8]  70 17 80 25 28 04 6E 80
 (026.709237)  can0  100   [8]  70 17 80 25 28 04 6F 81
 (026.719228)  can0  100   [8]  70 17 80 25 28 04 70 9E
 (026.729237)  can0  100   [8]  70 17 80 25 28 04 71 9F
 (026.739230)  can0  100   [8]  70 17 80 25 28 04 72 9C
 (026.749228)  can0  100   [8]  70 17 80 25 28 04 73 9D
 (026.759238)  can0  100   [8]  70 17 80 25 28 04 74 9A
 (026.769237)  can0  100   [8]  70 17 80 25 28 04 75 9B
 (026.779228)  can0  100   [8]  70 17 80 25 28 04 76 98
 (026.789233)  can0  100   [8]  70 17 80 25 28 04 77 99
 (026.789435)  can0  101   [8]  E8 35 53 C8 00 00 0B 4D
 (026.799229)  can0  100   [8]  70 17 80 25 28 04 78 96
 (026.809229)  can0  100   [8]  70 17 80 25 28 04 79 97
 (026.819229)  can0  100   [8]  70 17 80 25 28 04 7A 94
 (026.829210)  can0  100   [8]  70 17 80 25 28 04 7B 95
 (026.839242)  can0  100   [8]  70 17 80 25 28 04 7C 92
 (026.849232)  can0  100   [8]  70 17 80 25 28 04 7D 93
 (026.859227)  can0  100   [8]  70 17 80 25 28 04 7E 90
 (026.869232)  can0  100   [8]  70 17 80 25 28 04 7F 91
 (026.879250)  can0  100   [8]  70 17 80 25 28 04 80 6E
 (026.889230)  can0  100   [8]  70 17 80 25 28 04 81 6F
 (026.889430)  can0  101   [8]  E8 35 53 C8 00 00 0C 4A
 (026.899226)  can0  100   [8]  70 17 80 25 28 04 82 6C
 (026.909225)  can0  100   [8]  70 17 80 25 28 04 83 6D
 (026.919228)  can0  100   [8]  70 17 80 25 28 04 84 6A
 (026.929226)  can0  100   [8]  70 17 80 25 28 04 85 6B
 (026.939228)  can0  100   [8]  70 17 80 25 28 04 86 68
 (026.949228)  can0  100   [8]  70 17 80 25 28 04 87 69
 (026.959224)  can0  100   [8]  70 17 80 25 28 04 88 66
 (026.969224)  can0  100   [8]  70 17 80 25 28 04 89 67
 (026.979227)  can0  100   [8]  70 17 80 25 28 04 8A 64
 (026.989219)  can0  100   [8]  70 17 80 25 28 04 8B 65
 (026.989431)  can0  101   [8]  E8 35 53 C8 00 00 0D 4B
 (026.989668)  can0  102   [8]  89 D6 12 00 02 00 1A 55
 (026.999222)  can0  100   [8]  70 17 80 25 28 04 8C 62
 (027.009224)  can0  100   [8]  70 17 80 25 28 04 8D 63
 (027.019227)  can0  100   [8]  70 17 80 25 28 04 8E 60
 (027.029223)  can0  100   [8]  70 17 80 25 28 04 8F 61
 (027.039228)  can0  100   [8]  70 17 80 25 28 04 90 7E
 (027.049222)  can0  100   [8]  70 17 80 25 28 04 91 7F
 (027.059230)  can0  100   [8]  70 17 80 25 28 04 92 7C
 (027.069203)  can0  100   [8]  70 17 80 25 28 04 93 7D
 (027.079226)  can0  100   [8]  70 17 80 25 28 04 94 7A
 (027.089219)  can0  100   [8]  70 17 80 25 28 04 95 7B
 (027.089426)  can0  101   [8]  E8 35 54 C8 00 00 0E 4F
 (027.099222)  can0  100   [8]  70 17 80 25 28 04 96 78
 (027.109220)  can0  100   [8]  70 17 80 25 28 04 97 79
 (027.119217)  can0  100   [8]  70 17 80 25 28 04 98 76
 (027.129223)  can0  100   [8]  70 17 80 25 28 04 99 77
 (027.139221)  can0  100   [8]  70 17 80 25 28 04 9A 74
 (027.149201)  can0  100   [8]  70 17 80 25 28 04 9B 75
 (027.159221)  can0  100   [8]  70 17 80 25 28 04 9C 72
 (027.169220)  can0  100   [8]  70 17 80 25 28 04 9D 73
 (027.179233)  can0  100   [8]  70 17 80 25 28 04 9E 70
 (027.189225)  can0  100   [8]  70 17 80 25 28 04 9F 71
 (027.189423)  can0  101   [8]  E8 35 54 C8 00 00 0F 4E
 (027.199223)  can0  100   [8]  70 17 80 25 28 04 A0 4E
 (027.209222)  can0  100   [8]  70 17 80 25 28 04 A1 4F
 (027.219217)  can0  100   [8]  70 17 80 25 28 04 A2 4C
 (027.229214)  can0  100   [8]  70 17 80 25 28 04 A3 4D
 (027.239219)  can0  100   [8]  70 17 80 25 28 04 A4 4A
 (027.249214)  can0  100   [8]  70 17 80 25 28 04 A5 4B
 (027.259222)  can0  100   [8]  70 17 80 25 28 04 A6 48
 (027.269221)  can0  100   [8]  70 17 80 25 28 04 A7 49
 (027.279220)  can0  100   [8]  70 17 80 25 28 04 A8 46
 (027.289213)  can0  100   [8]  70 17 80 25 28 04 A9 47
 (027.289419)  can0  101   [8]  E8 35 54 C8 00 00 10 51
 (027.299220)  can0  100   [8]  70 17 80 25 28 04 AA 44
 (027.309220)  can0  100   [8]  70 17 80 25 28 04 AB 45
 (027.319213)  can0  100   [8]  70 17 80 25 28 04 AC 42
 (027.329211)  can0  100   [8]  70 17 80 25 28 04 AD 43
 (027.339220)  can0  100   [8]  70 17 80 25 28 04 AE 40
 (027.349213)  can0  100   [8]  70 17 80 25 28 04 AF 41
 (027.359217)  can0  100   [8]  70 17 80 25 28 04 B0 5E
 (027.369214)  can0  100   [8]  70 17 80 25 28 04 B1 5F
 (027.379232)  can0  100   [8]  70 17 80 25 28 04 B2 5C
 (027.389189)  can0  100   [8]  70 17 80 25 28 04 B3 5D
 (027.389422)  can0  101   [8]  E8 35 54 C8 00 00 11 50
 (027.399216)  can0  100   [8]  70 17 80 25 28 04 B4 5A
 (027.409215)  can0  100   [8]  70 17 80 25 28 04 B5 5B
 (027.419214)  can0  100   [8]  70 17 80 25 28 04 B6 58
 (027.429213)  can0  100   [8]  70 17 80 25 28 04 B7 59
 (027.439213)  can0  100   [8]  70 17 80 25 28 04 B8 56
 (027.449210)  can0  100   [8]  70 17 80 25 28 04 B9 57
 (027.459206)  can0  100   [8]  70 17 80 25 28 04 BA 54
 (027.469199)  can0  100   [8]  70 17 80 25 28 04 BB 55
 (027.479190)  can0  100   [8]  70 17 80 25 28 04 BC 52
 (027.489192)  can0  100   [8]  70 17 80 25 28 04 BD 53
 (027.489415)  can0  101   [8]  E8 35 54 C8 00 00 12 53
 (027.499223)  can0  100   [8]  70 17 80 25 28 04 BE 50
 (027.509212)  can0  100   [8]  70 17 80 25 28 04 BF 51
 (027.519212)  can0  100   [8]  70 17 80 25 28 04 C0 2E
 (027.529194)  can0  100   [8]  70 17 80 25 28 04 C1 2F
 (027.539213)  can0  100   [8]  70 17 80 25 28 04 C2 2C
 (027.549209)  can0  100   [8]  70 17 80 25 28 04 C3 2D
 (027.559209)  can0  100   [8]  70 17 80 25 28 04 C4 2A
 (027.569207)  can0  100   [8]  70 17 80 25 28 04 C5 2B
 (027.579206)  can0  100   [8]  70 17 80 25 28 04 C6 28
 (027.589206)  can0  100   [8]  70 17 80 25 28 04 C7 29
 (027.589408)  can0  101   [8]  E8 35 54 C8 00 00 13 52
 (027.599207)  can0  100   [8]  70 17 80 25 28 04 C8 26
 (027.609209)  can0  100   [8]  70 17 80 25 28 04 C9 27
 (027.619207)  can0  100   [8]  70 17 80 25 28 04 CA 24
 (027.629184)  can0  100   [8]  70 17 80 25 28 04 CB 25
 (027.639208)  can0  100   [8]  70 17 80 25 28 04 CC 22
 (027.649207)  can0  100   [8]  70 17 80 25 28 04 CD 23
 (027.659212)  can0  100   [8]  70 17 80 25 28 04 CE 20
 (027.669204)  can0  100   [8]  70 17 80 25 28 04 CF 21
 (027.679213)  can0  100   [8]  70 17 80 25 28 04 D0 3E
 (027.689208)  can0  100   [8]  70 17 80 25 28 04 D1 3F
 (027.689407)  can0  101   [8]  E8 35 54 C8 00 00 14 55
 (027.699208)  can0  100   [8]  70 17 80 25 28 04 D2 3C
 (027.709204)  can0  100   [8]  70 17 80 25 28 04 D3 3D
 (027.719200)  can0  100   [8]  70 17 80 25 28 04 D4 3A
 (027.729183)  can0  100   [8]  70 17 80 25 28 04 D5 3B
 (027.739205)  can0  100   [8]  70 17 80 25 28 04 D6 38
 (027.749202)  can0  100   [8]  70 17 80 25 28 04 D7 39
 (027.759207)  can0  100   [8]  70 17 80 25 28 04 D8 36
 (027.769207)  can0  100   [8]  70 17 80 25 28 04 D9 37
 (027.779202)  can0  100   [8]  70 17 80 25 28 04 DA 34
 (027.789183)  can0  100   [8]  70 17 80 25 28 04 DB 35
 (027.789410)  can0  101   [8]  E8 35 54 C8 00 00 15 54
 (027.799221)  can0  100   [8]  70 17 80 25 28 04 DC 32
 (027.809206)  can0  100   [8]  70 17 80 25 28 04 DD 33
 (027.819202)  can0  100   [8]  70 17 80 25 28 04 DE 30
 (027.829191)  can0  100   [8]  70 17 80 25 28 04 DF 31
 (027.839210)  can0  100   [8]  70 17 80 25 28 04 E0 0E
 (027.849204)  can0  100   [8]  70 17 80 25 28 04 E1 0F
 (027.859201)  can0  100   [8]  70 17 80 25 28 04 E2 0C
 (027.869175)  can0  100   [8]  70 17 80 25 28 04 E3 0D
 (027.879205)  can0  100   [8]  70 17 80 25 28 04 E4 0A
 (027.889198)  can0  100   [8]  70 17 80 25 28 04 E5 0B
 (027.889429)  can0  101   [8]  E8 35 54 C8 00 00 16 57
 (027.899201)  can0  100   [8]  70 17 80 25 28 04 E6 08
 (027.909200)  can0  100   [8]  70 17 80 25 28 04 E7 09
 (027.919199)  can0  100   [8]  70 17 80 25 28 04 E8 06
 (027.929188)  can0  100   [8]  70 17 80 25 28 04 E9 07
 (027.939203)  can0  100   [8]  70 17 80 25 28 04 EA 04
 (027.949199)  can0  100   [8]  70 17 80 25 28 04 EB 05
 (027.959205)  can0  100   [8]  70 17 80 25 28 04 EC 02
 (027.969199)  can0  100   [8]  70 17 80 25 28 04 ED 03
 (027.979199)  can0  100   [8]  70 17 80 25 28 04 EE 00
 (027.989200)  can0  100   [8]  70 17 80 25 28 04 EF 01
 (027.989400)  can0  101   [8]  E8 35 54 C8 00 00 17 56
 (027.989637)  can0  102   [8]  89 D6 12 00 02 00 1B 54
 (027.999201)  can0  100   [8]  70 17 80 25 28 04 F0 1E
 (028.009196)  can0  100   [8]  70 17 80 25 28 04 F1 1F
 (028.019198)  can0  100   [8]  70 17 80 25 28 04 F2 1C
 (028.029176)  can0  100   [8]  70 17 80 25 28 04 F3 1D
 (028.039197)  can0  100   [8]  70 17 80 25 28 04 F4 1A
 (028.049195)  can0  100   [8]  70 17 80 25 28 04 F5 1B
 (028.059200)  can0  100   [8]  70 17 80 25 28 04 F6 18
 (028.069195)  can0  100   [8]  70 17 80 25 28 04 F7 19
 (028.079195)  can0  100   [8]  70 17 80 25 28 04 F8 16
 (028.089195)  can0  100   [8]  70 17 80 25 28 04 F9 17
 (028.089404)  can0  101   [8]  E8 35 55 C8 00 00 18 58
 (028.099192)  can0  100   [8]  70 17 80 25 28 04 FA 14
 (028.109172)  can0  100   [8]  70 17 80 25 28 04 FB 15
 (028.119200)  can0  100   [8]  70 17 80 25 28 04 FC 12
 (028.129179)  can0  100   [8]  70 17 80 25 28 04 FD 13
 (028.139194)  can0  100   [8]  70 17 80 25 28 04 FE 10
 (028.149194)  can0  100   [8]  70 17 80 25 28 04 FF 11
 (028.159196)  can0  100   [8]  70 17 80 25 28 04 00 EE
 (028.169191)  can0  100   [8]  70 17 80 25 28 04 01 EF
 (028.179198)  can0  100   [8]  70 17 80 25 28 04 02 EC
 (028.189175)  can0  100   [8]  70 17 80 25 28 04 03 ED
 (028.189402)  can0  101   [8]  E8 35 55 C8 00 00 19 59
 (028.199200)  can0  100   [8]  70 17 80 25 28 04 04 EA
 (028.209195)  can0  100   [8]  70 17 80 25 28 04 05 EB
 (028.219195)  can0  100   [8]  70 17 80 25 28 04 06 E8
 (028.229170)  can0  100   [8]  70 17 80 25 28 04 07 E9
 (028.239198)  can0  100   [8]  70 17 80 25 28 04 08 E6
 (028.249189)  can0  100   [8]  70 17 80 25 28 04 09 E7
 (028.259211)  can0  100   [8]  70 17 80 25 28 04 0A E4
 (028.269193)  can0  100   [8]  70 17 80 25 28 04 0B E5
 (028.279189)  can0  100   [8]  70 17 80 25 28 04 0C E2
 (028.289187)  can0  100   [8]  70 17 80 25 28 04 0D E3
 (028.289394)  can0  101   [8]  E8 35 55 C8 00 00 1A 5A
 (028.299193)  can0  100   [8]  70 17 80 25 28 04 0E E0
 (028.309191)  can0  100   [8]  70 17 80 25 28 04 0F E1
 (028.319192)  can0  100   [8]  70 17 80 25 28 04 10 FE
 (028.329169)  can0  100   [8]  70 17 80 25 28 04 11 FF
 (028.339198)  can0  100   [8]  70 17 80 25 28 04 12 FC
 (028.349189)  can0  100   [8]  70 17 80 25 28 04 13 FD
 (028.359194)  can0  100   [8]  70 17 80 25 28 04 14 FA
 (028.369189)  can0  100   [8]  70 17 80 25 28 04 15 FB
 (028.379194)  can0  100   [8]  70 17 80 25 28 04 16 F8
 (028.389189)  can0  100   [8]  70 17 80 25 28 04 17 F9
 (028.389397)  can0  101   [8]  E8 35 55 C8 00 00 1B 5B
 (028.399188)  can0  100   [8]  70 17 80 25 28 04 18 F6
 (028.409184)  can0  100   [8]  70 17 80 25 28 04 19 F7
 (028.419190)  can0  100   [8]  70 17 80 25 28 04 1A F4
 (028.429168)  can0  100   [8]  70 17 80 25 28 04 1B F5
 (028.439196)  can0  100   [8]  70 17 80 25 28 04 1C F2
 (028.449190)  can0  100   [8]  70 17 80 25 28 04 1D F3
 (028.459193)  can0  100   [8]  70 17 80 25 28 04 1E F0
 (028.469187)  can0  100   [8]  70 17 80 25 28 04 1F F1
 (028.479184)  can0  100   [8]  70 17 80 25 28 04 20 CE
 (028.489180)  can0  100   [8]  70 17 80 25 28 04 21 CF
 (028.489387)  can0  101   [8]  E8 35 55 C8 00 00 1C 5C
 (028.499181)  can0  100   [8]  70 17 80 25 28 04 22 CC
 (028.509182)  can0  100   [8]  70 17 80 25 28 04 23 CD
 (028.519179)  can0  100   [8]  70 17 80 25 28 04 24 CA
 (028.529146)  can0  100   [8]  70 17 80 25 28 04 25 CB
 (028.539184)  can0  100   [8]  70 17 80 25 28 04 26 C8
 (028.549180)  can0  100   [8]  70 17 80 25 28 04 27 C9
 (028.559181)  can0  100   [8]  70 17 80 25 28 04 28 C6
 (028.569183)  can0  100   [8]  70 17 80 25 28 04 29 C7
 (028.579180)  can0  100   [8]  70 17 80 25 28 04 2A C4
 (028.589180)  can0  100   [8]  70 17 80 25 28 04 2B C5
 (028.589386)  can0  101   [8]  E8 35 55 C8 00 00 1D 5D
 (028.599182)  can0  100   [8]  70 17 80 25 28 04 2C C2
 (028.609179)  can0  100   [8]  70 17 80 25 28 04 2D C3
 (028.619182)  can0  100   [8]  70 17 80 25 28 04 2E C0
 (028.629177)  can0  100   [8]  70 17 80 25 28 04 2F C1
 (028.639180)  can0  100   [8]  70 17 80 25 28 04 30 DE
 (028.649183)  can0  100   [8]  70 17 80 25 28 04 31 DF
 (028.659178)  can0  100   [8]  70 17 80 25 28 04 32 DC
 (028.669175)  can0  100   [8]  70 17 80 25 28 04 33 DD
 (028.679178)  can0  100   [8]  70 17 80 25 28 04 34 DA
 (028.689176)  can0  100   [8]  70 17 80 25 28 04 35 DB
 (028.689383)  can0  101   [8]  E8 35 55 C8 00 00 1E 5E
 (028.699178)  can0  100   [8]  70 17 80 25 28 04 36 D8
 (028.709173)  can0  100   [8]  70 17 80 25 28 04 37 D9
 (028.719176)  can0  100   [8]  70 17 80 25 28 04 38 D6
 (028.729177)  can0  100   [8]  70 17 80 25 28 04 39 D7
 (028.739172)  can0  100   [8]  70 17 80 25 28 04 3A D4
 (028.749194)  can0  100   [8]  70 17 80 25 28 04 3B D5
 (028.759178)  can0  100   [8]  70 17 80 25 28 04 3C D2
 (028.769177)  can0  100   [8]  70 17 80 25 28 04 3D D3
 (028.779174)  can0  100   [8]  70 17 80 25 28 04 3E D0
 (028.789175)  can0  100   [8]  70 17 80 25 28 04 3F D1
 (028.789385)  can0  101   [8]  E8 35 55 C8 00 00 1F 5F
 (028.799175)  can0  100   [8]  70 17 80 25 28 04 40 AE
 (028.809181)  can0  100   [8]  70 17 80 25 28 04 41 AF
 (028.819172)  can0  100   [8]  70 17 80 25 28 04 42 AC
 (028.829152)  can0  100   [8]  70 17 80 25 28 04 43 AD
 (028.839172)  can0  100   [8]  70 17 80 25 28 04 44 AA
 (028.849175)  can0  100   [8]  70 17 80 25 28 04 45 AB
 (028.859177)  can0  100   [8]  70 17 80 25 28 04 46 A8
 (028.869173)  can0  100   [8]  70 17 80 25 28 04 47 A9
 (028.879173)  can0  100   [8]  70 17 80 25 28 04 48 A6
 (028.889173)  can0  100   [8]  70 17 80 25 28 04 49 A7
 (028.889383)  can0  101   [8]  E8 35 55 C8 00 00 20 60
 (028.899169)  can0  100   [8]  70 17 80 25 28 04 4A A4
 (028.909151)  can0  100   [8]  70 17 80 25 28 04 4B A5
 (028.919177)  can0  100   [8]  70 17 80 25 28 04 4C A2
 (028.929170)  can0  100   [8]  70 17 80 25 28 04 4D A3
 (028.939173)  can0  100   [8]  70 17 80 25 28 04 4E A0
 (028.949171)  can0  100   [8]  70 17 80 25 28 04 4F A1
 (028.959171)  can0  100   [8]  70 17 80 25 28 04 50 BE
 (028.969176)  can0  100   [8]  70 17 80 25 28 04 51 BF
 (028.979167)  can0  100   [8]  70 17 80 25 28 04 52 BC
 (028.989164)  can0  100   [8]  70 17 80 25 28 04 53 BD
 (028.989370)  can0  101   [8]  E8 35 55 C8 00 00 21 61
 (028.989608)  can0  102   [8]  89 D6 12 00 02 00 1C 53
 (028.999166)  can0  100   [8]  70 17 80 25 28 04 54 BA
 (029.009168)  can0  100   [8]  70 17 80 25 28 04 55 BB
 (029.019161)  can0  100   [8]  70 17 80 25 28 04 56 B8
 (029.029167)  can0  100   [8]  70 17 80 25 28 04 57 B9
 (029.039168)  can0  100   [8]  70 17 80 25 28 04 58 B6
 (029.049170)  can0  100   [8]  70 17 80 25 28 04 59 B7
 (029.059167)  can0  100   [8]  70 17 80 25 28 04 5A B4
 (029.069164)  can0  100   [8]  70 17 80 25 28 04 5B B5
 (029.079163)  can0  100   [8]  70 17 80 25 28 04 5C B2
 (029.089168)  can0  100   [8]  70 17 80 25 28 04 5D B3
 (029.089370)  can0  101   [8]  E8 35 56 C8 00 00 22 61
 (029.099171)  can0  100   [8]  70 17 80 25 28 04 5E B0
 (029.109173)  can0  100   [8]  70 17 80 25 28 04 5F B1
 (029.119163)  can0  100   [8]  70 17 80 25 28 04 60 8E
 (029.129165)  can0  100   [8]  70 17 80 25 28 04 61 8F
 (029.139161)  can0  100   [8]  70 17 80 25 28 04 62 8C
 (029.149142)  can0  100   [8]  70 17 80 25 28 04 63 8D
 (029.159167)  can0  100   [8]  70 17 80 25 28 04 64 8A
 (029.169167)  can0  100   [8]  70 17 80 25 28 04 65 8B
 (029.179176)  can0  100   [8]  70 17 80 25 28 04 66 88
 (029.189169)  can0  100   [8]  70 17 80 25 28 04 67 89
 (029.189367)  can0  101   [8]  E8 35 56 C8 00 00 23 60
 (029.199161)  can0  100   [8]  70 17 80 25 28 04 68 86
 (029.209185)  can0  100   [8]  70 17 80 25 28 04 69 87
 (029.219161)  can0  100   [8]  70 17 80 25 28 04 6A 84
 (029.229141)  can0  100   [8]  70 17 80 25 28 04 6B 85
 (029.239163)  can0  100   [8]  70 17 80 25 28 04 6C 82
 (029.249168)  can0  100   [8]  70 17 80 25 28 04 6D 83
 (029.259160)  can0  100   [8]  70 17 80 25 28 04 6E 80
 (029.269165)  can0  100   [8]  70 17 80 25 28 04 6F 81
 (029.279156)  can0  100   [8]  70 17 80 25 28 04 70 9E
 (029.289163)  can0  100   [8]  70 17 80 25 28 04 71 9F
 (029.289369)  can0  101   [8]  E8 35 56 C8 00 00 24 67
 (029.299160)  can0  100   [8]  70 17 80 25 28 04 72 9C
 (029.309155)  can0  100   [8]  70 17 80 25 28 04 73 9D
 (029.319157)  can0  100   [8]  70 17 80 25 28 04 74 9A
 (029.329159)  can0  100   [8]  70 17 80 25 28 04 75 9B
 (029.339162)  can0  100   [8]  70 17 80 25 28 04 76 98
 (029.349157)  can0  100   [8]  70 17 80 25 28 04 77 99
 (029.359156)  can0  100   [8]  70 17 80 25 28 04 78 96
 (029.369155)  can0  100   [8]  70 17 80 25 28 04 79 97
 (029.379155)  can0  100   [8]  70 17 80 25 28 04 7A 94
 (029.389154)  can0  100   [8]  70 17 80 25 28 04 7B 95
 (029.389361)  can0  101   [8]  E8 35 56 C8 00 00 25 66
 (029.399164)  can0  100   [8]  70 17 80 25 28 04 7C 92
 (029.409155)  can0  100   [8]  70 17 80 25 28 04 7D 93
 (029.419161)  can0  100   [8]  70 17 80 25 28 04 7E 90
 (029.429159)  can0  100   [8]  70 17 80 25 28 04 7F 91
 (029.439161)  can0  100   [8]  70 17 80 25 28 04 80 6E
 (029.449152)  can0  100   [8]  70 17 80 25 28 04 81 6F
 (029.459156)  can0  100   [8]  70 17 80 25 28 04 82 6C
 (029.469133)  can0  100   [8]  70 17 80 25 28 04 83 6D
 (029.479158)  can0  100   [8]  70 17 80 25 28 04 84 6A
 (029.489153)  can0  100   [8]  70 17 80 25 28 04 85 6B
 (029.489358)  can0  101   [8]  E8 35 56 C8 00 00 26 65
 (029.499153)  can0  100   [8]  70 17 80 25 28 04 86 68
 (029.509152)  can0  100   [8]  70 17 80 25 28 04 87 69
 (029.519151)  can0  100   [8]  70 17 80 25 28 04 88 66
 (029.529150)  can0  100   [8]  70 17 80 25 28 04 89 67
 (029.539156)  can0  100   [8]  70 17 80 25 28 04 8A 64
 (029.549154)  can0  100   [8]  70 17 80 25 28 04 8B 65
 (029.559150)  can0  100   [8]  70 17 80 25 28 04 8C 62
 (029.569150)  can0  100   [8]  70 17 80 25 28 04 8D 63
 (029.579148)  can0  100   [8]  70 17 80 25 28 04 8E 60
 (029.589149)  can0  100   [8]  70 17 80 25 28 04 8F 61
 (029.589356)  can0  101   [8]  E8 35 56 C8 00 00 27 64
 (029.599155)  can0  100   [8]  70 17 80 25 28 04 90 7E
 (029.609152)  can0  100   [8]  70 17 80 25 28 04 91 7F
 (029.619153)  can0  100   [8]  70 17 80 25 28 04 92 7C
 (029.629147)  can0  100   [8]  70 17 80 25 28 04 93 7D
 (029.639152)  can0  100   [8]  70 17 80 25 28 04 94 7A
 (029.649147)  can0  100   [8]  70 17 80 25 28 04 95 7B
 (029.659153)  can0  100   [8]  70 17 80 25 28 04 96 78
 (029.669152)  can0  100   [8]  70 17 80 25 28 04 97 79
 (029.679147)  can0  100   [8]  70 17 80 25 28 04 98 76
 (029.689148)  can0  100   [8]  70 17 80 25 28 04 99 77
 (029.689372)  can0  101   [8]  E8 35 56 C8 00 00 28 6B
 (029.699149)  can0  100   [8]  70 17 80 25 28 04 9A 74
 (029.709129)  can0  100   [8]  70 17 80 25 28 04 9B 75
 (029.719150)  can0  100   [8]  70 17 80 25 28 04 9C 72
 (029.729151)  can0  100   [8]  70 17 80 25 28 04 9D 73
 (029.739148)  can0  100   [8]  70 17 80 25 28 04 9E 70
 (029.749156)  can0  100   [8]  70 17 80 25 28 04 9F 71
 (029.759153)  can0  100   [8]  70 17 80 25 28 04 A0 4E
 (029.769148)  can0  100   [8]  70 17 80 25 28 04 A1 4F
 (029.779147)  can0  100   [8]  70 17 80 25 28 04 A2 4C
 (029.789125)  can0  100   [8]  70 17 80 25 28 04 A3 4D
 (029.789353)  can0  101   [8]  E8 35 56 C8 00 00 29 6A
 (029.799149)  can0  100   [8]  70 17 80 25 28 04 A4 4A
 (029.809144)  can0  100   [8]  70 17 80 25 28 04 A5 4B
 (029.819146)  can0  100   [8]  70 17 80 25 28 04 A6 48
 (029.829145)  can0  100   [8]  70 17 80 25 28 04 A7 49
 (029.839142)  can0  100   [8]  70 17 80 25 28 04 A8 46
 (029.849145)  can0  100   [8]  70 17 80 25 28 04 A9 47
 (029.859143)  can0  100   [8]  70 17 80 25 28 04 AA 44
 (029.869147)  can0  100   [8]  70 17 80 25 28 04 AB 45
 (029.879140)  can0  100   [8]  70 17 80 25 28 04 AC 42
 (029.889143)  can0  100   [8]  70 17 80 25 28 04 AD 43
 (029.889350)  can0  101   [8]  E8 35 56 C8 00 00 2A 69
 (029.899144)  can0  100   [8]  70 17 80 25 28 04 AE 40
 (029.909142)  can0  100   [8]  70 17 80 25 28 04 AF 41
 (029.919141)  can0  100   [8]  70 17 80 25 28 04 B0 5E
 (029.929140)  can0  100   [8]  70 17 80 25 28 04 B1 5F
 (029.939139)  can0  100   [8]  70 17 80 25 28 04 B2 5C
 (029.949121)  can0  100   [8]  70 17 80 25 28 04 B3 5D
 (029.959146)  can0  100   [8]  70 17 80 25 28 04 B4 5A
 (029.969141)  can0  100   [8]  70 17 80 25 28 04 B5 5B
 (029.979144)  can0  100   [8]  70 17 80 25 28 04 B6 58
 (029.989149)  can0  100   [8]  70 17 80 25 28 04 B7 59
 (029.989347)  can0  101   [8]  E8 35 56 C8 00 00 2B 68
 (029.989586)  can0  102   [8]  89 D6 12 00 02 00 1D 52
 (029.999140)  can0  100   [8]  70 17 80 25 28 04 B8 56
 (030.009138)  can0  100   [8]  70 17 80 25 28 04 B9 57
 (030.019139)  can0  100   [8]  70 17 80 25 28 04 BA 54
 (030.029136)  can0  100   [8]  70 17 80 25 28 04 BB 55
 (030.039140)  can0  100   [8]  70 17 80 25 28 04 BC 52
 (030.049138)  can0  100   [8]  70 17 80 25 28 04 BD 53
 (030.059143)  can0  100   [8]  70 17 80 25 28 04 BE 50
 (030.069135)  can0  100   [8]  70 17 80 25 28 04 BF 51
 (030.079137)  can0  100   [8]  70 17 80 25 28 04 C0 2E
 (030.089134)  can0  100   [8]  70 17 80 25 28 04 C1 2F
 (030.089348)  can0  101   [8]  E8 35 57 C8 00 00 2C 6E
 (030.099137)  can0  100   [8]  70 17 80 25 28 04 C2 2C
 (030.109138)  can0  100   [8]  70 17 80 25 28 04 C3 2D
 (030.119138)  can0  100   [8]  70 17 80 25 28 04 C4 2A
 (030.129135)  can0  100   [8]  70 17 80 25 28 04 C5 2B
 (030.139133)  can0  100   [8]  70 17 80 25 28 04 C6 28
 (030.149133)  can0  100   [8]  70 17 80 25 28 04 C7 29
 (030.159152)  can0  100   [8]  70 17 80 25 28 04 C8 26
 (030.169137)  can0  100   [8]  70 17 80 25 28 04 C9 27
 (030.179143)  can0  100   [8]  70 17 80 25 28 04 CA 24
 (030.189116)  can0  100   [8]  70 17 80 25 28 04 CB 25
 (030.189340)  can0  101   [8]  E8 35 57 C8 00 00 2D 6F
 (030.199134)  can0  100   [8]  70 17 80 25 28 04 CC 22
 (030.209136)  can0  100   [8]  70 17 80 25 28 04 CD 23
 (030.219141)  can0  100   [8]  70 17 80 25 28 04 CE 20
 (030.229133)  can0  100   [8]  70 17 80 25 28 04 CF 21
 (030.239139)  can0  100   [8]  70 17 80 25 28 04 D0 3E
 (030.249135)  can0  100   [8]  70 17 80 25 28 04 D1 3F
 (030.259129)  can0  100   [8]  70 17 80 25 28 04 D2 3C
 (030.269112)  can0  100   [8]  70 17 80 25 28 04 D3 3D
 (030.279131)  can0  100   [8]  70 17 80 25 28 04 D4 3A
 (030.289132)  can0  100   [8]  70 17 80 25 28 04 D5 3B
 (030.289341)  can0  101   [8]  E8 35 57 C8 00 00 2E 6C
 (030.299130)  can0  100   [8]  70 17 80 25 28 04 D6 38
 (030.309131)  can0  100   [8]  70 17 80 25 28 04 D7 39
 (030.319132)  can0  100   [8]  70 17 80 25 28 04 D8 36
 (030.329132)  can0  100   [8]  70 17 80 25 28 04 D9 37
 (030.339131)  can0  100   [8]  70 17 80 25 28 04 DA 34
 (030.349131)  can0  100   [8]  70 17 80 25 28 04 DB 35
 (030.359133)  can0  100   [8]  70 17 80 25 28 04 DC 32
 (030.369130)  can0  100   [8]  70 17 80 25 28 04 DD 33
 (030.379128)  can0  100   [8]  70 17 80 25 28 04 DE 30
 (030.389132)  can0  100   [8]  70 17 80 25 28 04 DF 31
 (030.389342)  can0  101   [8]  E8 35 57 C8 00 00 2F 6D
 (030.399130)  can0  100   [8]  70 17 80 25 28 04 E0 0E
 (030.409132)  can0  100   [8]  70 17 80 25 28 04 E1 0F
 (030.419132)  can0  100   [8]  70 17 80 25 28 04 E2 0C
 (030.429126)  can0  100   [8]  70 17 80 25 28 04 E3 0D
 (030.439130)  can0  100   [8]  70 17 80 25 28 04 E4 0A
 (030.449124)  can0  100   [8]  70 17 80 25 28 04 E5 0B
 (030.459131)  can0  100   [8]  70 17 80 25 28 04 E6 08
 (030.469124)  can0  100   [8]  70 17 80 25 28 04 E7 09
 (030.479126)  can0  100   [8]  70 17 80 25 28 04 E8 06
 (030.489130)  can0  100   [8]  70 17 80 25 28 04 E9 07
 (030.489341)  can0  101   [8]  E8 35 57 C8 00 00 30 72
 (030.499127)  can0  100   [8]  70 17 80 25 28 04 EA 04
 (030.509102)  can0  100   [8]  70 17 80 25 28 04 EB 05
 (030.519128)  can0  100   [8]  70 17 80 25 28 04 EC 02
 (030.529123)  can0  100   [8]  70 17 80 25 28 04 ED 03
 (030.539112)  can0  100   [8]  70 17 80 25 28 04 EE 00
 (030.549128)  can0  100   [8]  70 17 80 25 28 04 EF 01
 (030.559125)  can0  100   [8]  70 17 80 25 28 04 F0 1E
 (030.569129)  can0  100   [8]  70 17 80 25 28 04 F1 1F
 (030.579125)  can0  100   [8]  70 17 80 25 28 04 F2 1C
 (030.589126)  can0  100   [8]  70 17 80 25 28 04 F3 1D
 (030.589331)  can0  101   [8]  E8 35 57 C8 00 00 31 73
 (030.599128)  can0  100   [8]  70 17 80 25 28 04 F4 1A
 (030.609117)  can0  100   [8]  70 17 80 25 28 04 F5 1B
 (030.619124)  can0  100   [8]  70 17 80 25 28 04 F6 18
 (030.629146)  can0  100   [8]  70 17 80 25 28 04 F7 19
 (030.639102)  can0  100   [8]  70 17 80 25 28 04 F8 16
 (030.649133)  can0  100   [8]  70 17 80 25 28 04 F9 17
 (030.659122)  can0  100   [8]  70 17 80 25 28 04 FA 14
 (030.669121)  can0  100   [8]  70 17 80 25 28 04 FB 15
 (030.679120)  can0  100   [8]  70 17 80 25 28 04 FC 12
 (030.689126)  can0  100   [8]  70 17 80 25 28 04 FD 13
 (030.689335)  can0  101   [8]  E8 35 57 C8 00 00 32 70
 (030.699123)  can0  100   [8]  70 17 80 25 28 04 FE 10
 (030.709123)  can0  100   [8]  70 17 80 25 28 04 FF 11
 (030.719130)  can0  100   [8]  70 17 80 25 28 04 00 EE
 (030.729121)  can0  100   [8]  70 17 80 25 28 04 01 EF
 (030.739102)  can0  100   [8]  70 17 80 25 28 04 02 EC
 (030.749127)  can0  100   [8]  70 17 80 25 28 04 03 ED
 (030.759132)  can0  100   [8]  70 17 80 25 28 04 04 EA
 (030.769128)  can0  100   [8]  70 17 80 25 28 04 05 EB
 (030.779122)  can0  100   [8]  70 17 80 25 28 04 06 E8
 (030.789116)  can0  100   [8]  70 17 80 25 28 04 07 E9
 (030.789330)  can0  101   [8]  E8 35 57 C8 00 00 33 71
 (030.799125)  can0  100   [8]  70 17 80 25 28 04 08 E6
 (030.809120)  can0  100   [8]  70 17 80 25 28 04 09 E7
 (030.819117)  can0  100   [8]  70 17 80 25 28 04 0A E4
 (030.829098)  can0  100   [8]  70 17 80 25 28 04 0B E5
 (030.839099)  can0  100   [8]  70 17 80 25 28 04 0C E2
 (030.849124)  can0  100   [8]  70 17 80 25 28 04 0D E3
 (030.859120)  can0  100   [8]  70 17 80 25 28 04 0E E0
 (030.869116)  can0  100   [8]  70 17 80 25 28 04 0F E1
 (030.879116)  can0  100   [8]  70 17 80 25 28 04 10 FE
 (030.889117)  can0  100   [8]  70 17 80 25 28 04 11 FF
 (030.889325)  can0  101   [8]  E8 35 57 C8 00 00 34 76
 (030.899117)  can0  100   [8]  70 17 80 25 28 04 12 FC
 (030.909117)  can0  100   [8]  70 17 80 25 28 04 13 FD
 (030.919117)  can0  100   [8]  70 17 80 25 28 04 14 FA
 (030.929116)  can0  100   [8]  70 17 80 25 28 04 15 FB
 (030.939099)  can0  100   [8]  70 17 80 25 28 04 16 F8
 (030.949120)  can0  100   [8]  70 17 80 25 28 04 17 F9
 (030.959118)  can0  100   [8]  70 17 80 25 28 04 18 F6
 (030.969114)  can0  100   [8]  70 17 80 25 28 04 19 F7
 (030.979116)  can0  100   [8]  70 17 80 25 28 04 1A F4
 (030.989095)  can0  100   [8]  70 17 80 25 28 04 1B F5
 (030.989325)  can0  101   [8]  E8 35 57 C8 00 00 35 77
 (030.989561)  can0  102   [8]  8A D6 12 00 02 00 1E 52
 (030.999120)  can0  100   [8]  70 17 80 25 28 04 1C F2
 (031.009114)  can0  100   [8]  70 17 80 25 28 04 1D F3
 (031.019116)  can0  100   [8]  70 17 80 25 28 04 1E F0
 (031.029117)  can0  100   [8]  70 17 80 25 28 04 1F F1
 (031.039089)  can0  100   [8]  70 17 80 25 28 04 20 CE
 (031.049110)  can0  100   [8]  70 17 80 25 28 04 21 CF
 (031.059109)  can0  100   [8]  70 17 80 25 28 04 22 CC
 (031.069108)  can0  100   [8]  70 17 80 25 28 04 23 CD
 (031.079106)  can0  100   [8]  70 17 80 25 28 04 24 CA
 (031.089106)  can0  100   [8]  70 17 80 25 28 04 25 CB
 (031.089330)  can0  101   [8]  E8 35 58 C8 00 00 36 7B
 (031.099107)  can0  100   [8]  70 17 80 25 28 04 26 C8
 (031.109107)  can0  100   [8]  70 17 80 25 28 04 27 C9
 (031.119101)  can0  100   [8]  70 17 80 25 28 04 28 C6
 (031.129108)  can0  100   [8]  70 17 80 25 28 04 29 C7
 (031.139086)  can0  100   [8]  70 17 80 25 28 04 2A C4
 (031.149109)  can0  100   [8]  70 17 80 25 28 04 2B C5
 (031.159102)  can0  100   [8]  70 17 80 25 28 04 2C C2
 (031.169104)  can0  100   [8]  70 17 80 25 28 04 2D C3
 (031.179119)  can0  100   [8]  70 17 80 25 28 04 2E C0
 (031.189112)  can0  100   [8]  70 17 80 25 28 04 2F C1
 (031.189317)  can0  101   [8]  E8 35 58 C8 00 00 37 7A
 (031.199105)  can0  100   [8]  70 17 80 25 28 04 30 DE
 (031.209116)  can0  100   [8]  70 17 80 25 28 04 31 DF
 (031.219107)  can0  100   [8]  70 17 80 25 28 04 32 DC
 (031.229085)  can0  100   [8]  70 17 80 25 28 04 33 DD
 (031.239084)  can0  100   [8]  70 17 80 25 28 04 34 DA
 (031.249105)  can0  100   [8]  70 17 80 25 28 04 35 DB
 (031.259108)  can0  100   [8]  70 17 80 25 28 04 36 D8
 (031.269103)  can0  100   [8]  70 17 80 25 28 04 37 D9
 (031.279104)  can0  100   [8]  70 17 80 25 28 04 38 D6
 (031.289101)  can0  100   [8]  70 17 80 25 28 04 39 D7
 (031.289307)  can0  101   [8]  E8 35 58 C8 00 00 38 75
 (031.299102)  can0  100   [8]  70 17 80 25 28 04 3A D4
 (031.309084)  can0  100   [8]  70 17 80 25 28 04 3B D5
 (031.319103)  can0  100   [8]  70 17 80 25 28 04 3C D2
 (031.329110)  can0  100   [8]  70 17 80 25 28 04 3D D3
 (031.339087)  can0  100   [8]  70 17 80 25 28 04 3E D0
 (031.349101)  can0  100   [8]  70 17 80 25 28 04 3F D1
 (031.359099)  can0  100   [8]  70 17 80 25 28 04 40 AE
 (031.369108)  can0  100   [8]  70 17 80 25 28 04 41 AF
 (031.379101)  can0  100   [8]  70 17 80 25 28 04 42 AC
 (031.389102)  can0  100   [8]  70 17 80 25 28 04 43 AD
 (031.389304)  can0  101   [8]  E8 35 58 C8 00 00 39 74
 (031.399098)  can0  100   [8]  70 17 80 25 28 04 44 AA
 (031.409096)  can0  100   [8]  70 17 80 25 28 04 45 AB
 (031.419101)  can0  100   [8]  70 17 80 25 28 04 46 A8
 (031.429100)  can0  100   [8]  70 17 80 25 28 04 47 A9
 (031.439082)  can0  100   [8]  70 17 80 25 28 04 48 A6
 (031.449105)  can0  100   [8]  70 17 80 25 28 04 49 A7
 (031.459100)  can0  100   [8]  70 17 80 25 28 04 4A A4
 (031.469099)  can0  100   [8]  70 17 80 25 28 04 4B A5
 (031.479093)  can0  100   [8]  70 17 80 25 28 04 4C A2
 (031.489092)  can0  100   [8]  70 17 80 25 28 04 4D A3
 (031.489308)  can0  101   [8]  E8 35 58 C8 00 00 3A 77
 (031.499101)  can0  100   [8]  70 17 80 25 28 04 4E A0
 (031.509099)  can0  100   [8]  70 17 80 25 28 04 4F A1
 (031.519098)  can0  100   [8]  70 17 80 25 28 04 50 BE
 (031.529102)  can0  100   [8]  70 17 80 25 28 04 51 BF
 (031.539089)  can0  100   [8]  70 17 80 25 28 04 52 BC
 (031.549076)  can0  100   [8]  70 17 80 25 28 04 53 BD
 (031.559114)  can0  100   [8]  70 17 80 25 28 04 54 BA
 (031.569096)  can0  100   [8]  70 17 80 25 28 04 55 BB
 (031.579092)  can0  100   [8]  70 17 80 25 28 04 56 B8
 (031.589093)  can0  100   [8]  70 17 80 25 28 04 57 B9
 (031.589299)  can0  101   [8]  E8 35 58 C8 00 00 3B 76
 (031.599096)  can0  100   [8]  70 17 80 25 28 04 58 B6
 (031.609095)  can0  100   [8]  70 17 80 25 28 04 59 B7
 (031.619097)  can0  100   [8]  70 17 80 25 28 04 5A B4
 (031.629094)  can0  100   [8]  70 17 80 25 28 04 5B B5
 (031.639164)  can0  100   [8]  70 17 80 25 28 04 5C B2
 (031.649097)  can0  100   [8]  70 17 80 25 28 04 5D B3
 (031.659097)  can0  100   [8]  70 17 80 25 28 04 5E B0
 (031.669099)  can0  100   [8]  70 17 80 25 28 04 5F B1
 (031.679092)  can0  100   [8]  70 17 80 25 28 04 60 8E
 (031.689092)  can0  100   [8]  70 17 80 25 28 04 61 8F
 (031.689299)  can0  101   [8]  E8 35 58 C8 00 00 3C 71
 (031.699092)  can0  100   [8]  70 17 80 25 28 04 62 8C
 (031.709094)  can0  100   [8]  70 17 80 25 28 04 63 8D
 (031.719087)  can0  100   [8]  70 17 80 25 28 04 64 8A
 (031.729092)  can0  100   [8]  70 17 80 25 28 04 65 8B
 (031.739090)  can0  100   [8]  70 17 80 25 28 04 66 88
 (031.749091)  can0  100   [8]  70 17 80 25 28 04 67 89
 (031.759091)  can0  100   [8]  70 17 80 25 28 04 68 86
 (031.769092)  can0  100   [8]  70 17 80 25 28 04 69 87
 (031.779089)  can0  100   [8]  70 17 80 25 28 04 6A 84
 (031.789068)  can0  100   [8]  70 17 80 25 28 04 6B 85
 (031.789291)  can0  101   [8]  E8 35 58 C8 00 00 3D 70
 (031.799095)  can0  100   [8]  70 17 80 25 28 04 6C 82
 (031.809090)  can0  100   [8]  70 17 80 25 28 04 6D 83
 (031.819089)  can0  100   [8]  70 17 80 25 28 04 6E 80
 (031.829089)  can0  100   [8]  70 17 80 25 28 04 6F 81
 (031.839089)  can0  100   [8]  70 17 80 25 28 04 70 9E
 (031.849089)  can0  100   [8]  70 17 80 25 28 04 71 9F
 (031.859091)  can0  100   [8]  70 17 80 25 28 04 72 9C
 (031.869082)  can0  100   [8]  70 17 80 25 28 04 73 9D
 (031.879083)  can0  100   [8]  70 17 80 25 28 04 74 9A
 (031.889086)  can0  100   [8]  70 17 80 25 28 04 75 9B
 (031.889295)  can0  101   [8]  E8 35 58 C8 00 00 3E 73
 (031.899089)  can0  100   [8]  70 17 80 25 28 04 76 98
 (031.909081)  can0  100   [8]  70 17 80 25 28 04 77 99
 (031.919081)  can0  100   [8]  70 17 80 25 28 04 78 96
 (031.929085)  can0  100   [8]  70 17 80 25 28 04 79 97
 (031.939083)  can0  100   [8]  70 17 80 25 28 04 7A 94
 (031.949081)  can0  100   [8]  70 17 80 25 28 04 7B 95
 (031.959086)  can0  100   [8]  70 17 80 25 28 04 7C 92
 (031.969086)  can0  100   [8]  70 17 80 25 28 04 7D 93
 (031.979081)  can0  100   [8]  70 17 80 25 28 04 7E 90
 (031.989084)  can0  100   [8]  70 17 80 25 28 04 7F 91
 (031.989292)  can0  101   [8]  E8 35 58 C8 00 00 3F 72
 (031.989534)  can0  102   [8]  8A D6 12 00 02 00 1F 53
 (031.999087)  can0  100   [8]  70 17 80 25 28 04 80 6E
 (032.009084)  can0  100   [8]  70 17 80 25 28 04 81 6F
 (032.019087)  can0  100   [8]  70 17 80 25 28 04 82 6C
 (032.029065)  can0  100   [8]  70 17 80 25 28 04 83 6D
 (032.039102)  can0  100   [8]  70 17 80 25 28 04 84 6A
 (032.049086)  can0  100   [8]  70 17 80 25 28 04 85 6B
 (032.059087)  can0  100   [8]  70 17 80 25 28 04 86 68
 (032.069083)  can0  100   [8]  70 17 80 25 28 04 87 69
 (032.079076)  can0  100   [8]  70 17 80 25 28 04 88 66
 (032.089080)  can0  100   [8]  70 17 80 25 28 04 89 67
 (032.089290)  can0  101   [8]  E8 35 59 C8 00 00 40 0C
 (032.099082)  can0  100   [8]  70 17 80 25 28 04 8A 64
 (032.109081)  can0  100   [8]  70 17 80 25 28 04 8B 65
 (032.119079)  can0  100   [8]  70 17 80 25 28 04 8C 62
 (032.129081)  can0  100   [8]  70 17 80 25 28 04 8D 63
 (032.139080)  can0  100   [8]  70 17 80 25 28 04 8E 60
 (032.149077)  can0  100   [8]  70 17 80 25 28 04 8F 61
 (032.159083)  can0  100   [8]  70 17 80 25 28 04 90 7E
 (032.169082)  can0  100   [8]  70 17 80 25 28 04 91 7F
 (032.179093)  can0  100   [8]  70 17 80 25 28 04 92 7C
 (032.189082)  can0  100   [8]  70 17 80 25 28 04 93 7D
 (032.189285)  can0  101   [8]  E8 35 59 C8 00 00 41 0D
 (032.199082)  can0  100   [8]  70 17 80 25 28 04 94 7A
 (032.209078)  can0  100   [8]  70 17 80 25 28 04 95 7B
 (032.219078)  can0  100   [8]  70 17 80 25 28 04 96 78
 (032.229078)  can0  100   [8]  70 17 80 25 28 04 97 79
 (032.239074)  can0  100   [8]  70 17 80 25 28 04 98 76
 (032.249078)  can0  100   [8]  70 17 80 25 28 04 99 77
 (032.259079)  can0  100   [8]  70 17 80 25 28 04 9A 74
 (032.269054)  can0  100   [8]  70 17 80 25 28 04 9B 75
 (032.279076)  can0  100   [8]  70 17 80 25 28 04 9C 72
 (032.289073)  can0  100   [8]  70 17 80 25 28 04 9D 73
 (032.289281)  can0  101   [8]  E8 35 59 C8 00 00 42 0E
 (032.299084)  can0  100   [8]  70 17 80 25 28 04 9E 70
 (032.309076)  can0  100   [8]  70 17 80 25 28 04 9F 71
 (032.319076)  can0  100   [8]  70 17 80 25 28 04 A0 4E
 (032.329076)  can0  100   [8]  70 17 80 25 28 04 A1 4F
 (032.339073)  can0  100   [8]  70 17 80 25 28 04 A2 4C
 (032.349054)  can0  100   [8]  70 17 80 25 28 04 A3 4D
 (032.359075)  can0  100   [8]  70 17 80 25 28 04 A4 4A
 (032.369073)  can0  100   [8]  70 17 80 25 28 04 A5 4B
 (032.379072)  can0  100   [8]  70 17 80 25 28 04 A6 48
 (032.389073)  can0  100   [8]  70 17 80 25 28 04 A7 49
 (032.389276)  can0  101   [8]  E8 35 59 C8 00 00 43 0F
 (032.399069)  can0  100   [8]  70 17 80 25 28 04 A8 46
 (032.409067)  can0  100   [8]  70 17 80 25 28 04 A9 47
 (032.419069)  can0  100   [8]  70 17 80 25 28 04 AA 44
 (032.429076)  can0  100   [8]  70 17 80 25 28 04 AB 45
 (032.439073)  can0  100   [8]  70 17 80 25 28 04 AC 42
 (032.449068)  can0  100   [8]  70 17 80 25 28 04 AD 43
 (032.459077)  can0  100   [8]  70 17 80 25 28 04 AE 40
 (032.469072)  can0  100   [8]  70 17 80 25 28 04 AF 41
 (032.479073)  can0  100   [8]  70 17 80 25 28 04 B0 5E
 (032.489071)  can0  100   [8]  70 17 80 25 28 04 B1 5F
 (032.489280)  can0  101   [8]  E8 35 59 C8 00 00 44 08
 (032.499071)  can0  100   [8]  70 17 80 25 28 04 B2 5C
 (032.509065)  can0  100   [8]  70 17 80 25 28 04 B3 5D
 (032.519070)  can0  100   [8]  70 17 80 25 28 04 B4 5A
 (032.529068)  can0  100   [8]  70 17 80 25 28 04 B5 5B
 (032.539071)  can0  100   [8]  70 17 80 25 28 04 B6 58
 (032.549069)  can0  100   [8]  70 17 80 25 28 04 B7 59
 (032.559067)  can0  100   [8]  70 17 80 25 28 04 B8 56
 (032.569068)  can0  100   [8]  70 17 80 25 28 04 B9 57
 (032.579071)  can0  100   [8]  70 17 80 25 28 04 BA 54
 (032.589047)  can0  100   [8]  70 17 80 25 28 04 BB 55
 (032.589276)  can0  101   [8]  E8 35 59 C8 00 00 45 09
 (032.599071)  can0  100   [8]  70 17 80 25 28 04 BC 52
 (032.609066)  can0  100   [8]  70 17 80 25 28 04 BD 53
 (032.619076)  can0  100   [8]  70 17 80 25 28 04 BE 50
 (032.629067)  can0  100   [8]  70 17 80 25 28 04 BF 51
 (032.639067)  can0  100   [8]  70 17 80 25 28 04 C0 2E
 (032.649068)  can0  100   [8]  70 17 80 25 28 04 C1 2F
 (032.659063)  can0  100   [8]  70 17 80 25 28 04 C2 2C
 (032.669065)  can0  100   [8]  70 17 80 25 28 04 C3 2D
 (032.679059)  can0  100   [8]  70 17 80 25 28 04 C4 2A
 (032.689059)  can0  100   [8]  70 17 80 25 28 04 C5 2B
 (032.689270)  can0  101   [8]  E8 35 59 C8 00 00 46 0A
 (032.699064)  can0  100   [8]  70 17 80 25 28 04 C6 28
 (032.709064)  can0  100   [8]  70 17 80 25 28 04 C7 29
 (032.719061)  can0  100   [8]  70 17 80 25 28 04 C8 26
 (032.729065)  can0  100   [8]  70 17 80 25 28 04 C9 27
 (032.739062)  can0  100   [8]  70 17 80 25 28 04 CA 24
 (032.749058)  can0  100   [8]  70 17 80 25 28 04 CB 25
 (032.759062)  can0  100   [8]  70 17 80 25 28 04 CC 22
 (032.769062)  can0  100   [8]  70 17 80 25 28 04 CD 23
 (032.779063)  can0  100   [8]  70 17 80 25 28 04 CE 20
 (032.789059)  can0  100   [8]  70 17 80 25 28 04 CF 21
 (032.789268)  can0  101   [8]  E8 35 59 C8 00 00 47 0B
 (032.799067)  can0  100   [8]  70 17 80 25 28 04 D0 3E
 (032.809061)  can0  100   [8]  70 17 80 25 28 04 D1 3F
 (032.819062)  can0  100   [8]  70 17 80 25 28 04 D2 3C
 (032.829040)  can0  100   [8]  70 17 80 25 28 04 D3 3D
 (032.839065)  can0  100   [8]  70 17 80 25 28 04 D4 3A
 (032.849060)  can0  100   [8]  70 17 80 25 28 04 D5 3B
 (032.859063)  can0  100   [8]  70 17 80 25 28 04 D6 38
 (032.869061)  can0  100   [8]  70 17 80 25 28 04 D7 39
 (032.879063)  can0  100   [8]  70 17 80 25 28 04 D8 36
 (032.889059)  can0  100   [8]  70 17 80 25 28 04 D9 37
 (032.889266)  can0  101   [8]  E8 35 59 C8 00 00 48 04
 (032.899062)  can0  100   [8]  70 17 80 25 28 04 DA 34
 (032.909059)  can0  100   [8]  70 17 80 25 28 04 DB 35
 (032.919053)  can0  100   [8]  70 17 80 25 28 04 DC 32
 (032.929056)  can0  100   [8]  70 17 80 25 28 04 DD 33
 (032.939054)  can0  100   [8]  70 17 80 25 28 04 DE 30
 (032.949059)  can0  100   [8]  70 17 80 25 28 04 DF 31
 (032.959060)  can0  100   [8]  70 17 80 25 28 04 E0 0E
 (032.969058)  can0  100   [8]  70 17 80 25 28 04 E1 0F
 (032.979056)  can0  100   [8]  70 17 80 25 28 04 E2 0C
 (032.989054)  can0  100   [8]  70 17 80 25 28 04 E3 0D
 (032.989264)  can0  101   [8]  E8 35 59 C8 00 00 49 05
 (032.989509)  can0  102   [8]  8A D6 12 00 02 00 20 6C
 (032.999027)  can0  100   [8]  70 17 80 25 28 04 E4 0A
 (033.009072)  can0  100   [8]  70 17 80 25 28 04 E5 0B
 (033.019061)  can0  100   [8]  70 17 80 25 28 04 E6 08
 (033.029057)  can0  100   [8]  70 17 80 25 28 04 E7 09
 (033.039056)  can0  100   [8]  70 17 80 25 28 04 E8 06
 (033.049042)  can0  100   [8]  70 17 80 25 28 04 E9 07
 (033.059062)  can0  100   [8]  70 17 80 25 28 04 EA 04
 (033.069033)  can0  100   [8]  70 17 80 25 28 04 EB 05
 (033.079055)  can0  100   [8]  70 17 80 25 28 04 EC 02
 (033.089054)  can0  100   [8]  70 17 80 25 28 04 ED 03
 (033.089259)  can0  101   [8]  E8 35 5A C8 00 00 4A 05
 (033.099056)  can0  100   [8]  70 17 80 25 28 04 EE 00
 (033.109050)  can0  100   [8]  70 17 80 25 28 04 EF 01
 (033.119054)  can0  100   [8]  70 17 80 25 28 04 F0 1E
 (033.129056)  can0  100   [8]  70 17 80 25 28 04 F1 1F
 (033.139048)  can0  100   [8]  70 17 80 25 28 04 F2 1C
 (033.149053)  can0  100   [8]  70 17 80 25 28 04 F3 1D
 (033.159057)  can0  100   [8]  70 17 80 25 28 04 F4 1A
 (033.169056)  can0  100   [8]  70 17 80 25 28 04 F5 1B
 (033.179062)  can0  100   [8]  70 17 80 25 28 04 F6 18
 (033.189057)  can0  100   [8]  70 17 80 25 28 04 F7 19
 (033.189261)  can0  101   [8]  E8 35 5A C8 00 00 4B 04
 (033.199054)  can0  100   [8]  70 17 80 25 28 04 F8 16
 (033.209055)  can0  100   [8]  70 17 80 25 28 04 F9 17
 (033.219052)  can0  100   [8]  70 17 80 25 28 04 FA 14
 (033.229055)  can0  100   [8]  70 17 80 25 28 04 FB 15
 (033.239051)  can0  100   [8]  70 17 80 25 28 04 FC 12
 (033.249050)  can0  100   [8]  70 17 80 25 28 04 FD 13
 (033.259050)  can0  100   [8]  70 17 80 25 28 04 FE 10
 (033.269049)  can0  100   [8]  70 17 80 25 28 04 FF 11
 (033.279050)  can0  100   [8]  70 17 80 25 28 04 00 EE
 (033.289049)  can0  100   [8]  70 17 80 25 28 04 01 EF
 (033.289257)  can0  101   [8]  E8 35 5A C8 00 00 4C 03
 (033.299047)  can0  100   [8]  70 17 80 25 28 04 02 EC
 (033.309031)  can0  100   [8]  70 17 80 25 28 04 03 ED
 (033.319049)  can0  100   [8]  70 17 80 25 28 04 04 EA
 (033.329049)  can0  100   [8]  70 17 80 25 28 04 05 EB
 (033.339053)  can0  100   [8]  70 17 80 25 28 04 06 E8
 (033.349048)  can0  100   [8]  70 17 80 25 28 04 07 E9
 (033.359046)  can0  100   [8]  70 17 80 25 28 04 08 E6
 (033.369048)  can0  100   [8]  70 17 80 25 28 04 09 E7
 (033.379040)  can0  100   [8]  70 17 80 25 28 04 0A E4
 (033.389026)  can0  100   [8]  70 17 80 25 28 04 0B E5
 (033.389273)  can0  101   [8]  E8 35 5A C8 00 00 4D 02
 (033.399048)  can0  100   [8]  70 17 80 25 28 04 0C E2
 (033.409043)  can0  100   [8]  70 17 80 25 28 04 0D E3
 (033.419046)  can0  100   [8]  70 17 80 25 28 04 0E E0
 (033.429051)  can0  100   [8]  70 17 80 25 28 04 0F E1
 (033.439052)  can0  100   [8]  70 17 80 25 28 04 10 FE
 (033.449047)  can0  100   [8]  70 17 80 25 28 04 11 FF
 (033.459048)  can0  100   [8]  70 17 80 25 28 04 12 FC
 (033.469028)  can0  100   [8]  70 17 80 25 28 04 13 FD
 (033.479055)  can0  100   [8]  70 17 80 25 28 04 14 FA
 (033.489047)  can0  100   [8]  70 17 80 25 28 04 15 FB
 (033.489250)  can0  101   [8]  E8 35 5A C8 00 00 4E 01
 (033.499050)  can0  100   [8]  70 17 80 25 28 04 16 F8
 (033.509050)  can0  100   [8]  70 17 80 25 28 04 17 F9
 (033.519042)  can0  100   [8]  70 17 80 25 28 04 18 F6
 (033.529047)  can0  100   [8]  70 17 80 25 28 04 19 F7
 (033.539045)  can0  100   [8]  70 17 80 25 28 04 1A F4
 (033.549042)  can0  100   [8]  70 17 80 25 28 04 1B F5
 (033.559046)  can0  100   [8]  70 17 80 25 28 04 1C F2
 (033.569045)  can0  100   [8]  70 17 80 25 28 04 1D F3
 (033.579047)  can0  100   [8]  70 17 80 25 28 04 1E F0
 (033.589050)  can0  100   [8]  70 17 80 25 28 04 1F F1
 (033.589255)  can0  101   [8]  E8 35 5A C8 00 00 4F 00
 (033.599038)  can0  100   [8]  70 17 80 25 28 04 20 CE
 (033.609034)  can0  100   [8]  70 17 80 25 28 04 21 CF
 (033.619038)  can0  100   [8]  70 17 80 25 28 04 22 CC
 (033.629013)  can0  100   [8]  70 17 80 25 28 04 23 CD
 (033.639044)  can0  100   [8]  70 17 80 25 28 04 24 CA
 (033.649018)  can0  100   [8]  70 17 80 25 28 04 25 CB
 (033.659035)  can0  100   [8]  70 17 80 25 28 04 26 C8
 (033.669038)  can0  100   [8]  70 17 80 25 28 04 27 C9
 (033.679033)  can0  100   [8]  70 17 80 25 28 04 28 C6
 (033.689037)  can0  100   [8]  70 17 80 25 28 04 29 C7
 (033.689242)  can0  101   [8]  E8 35 5A C8 00 00 50 1F
 (033.699038)  can0  100   [8]  70 17 80 25 28 04 2A C4
 (033.709033)  can0  100   [8]  70 17 80 25 28 04 2B C5
 (033.719033)  can0  100   [8]  70 17 80 25 28 04 2C C2
 (033.729036)  can0  100   [8]  70 17 80 25 28 04 2D C3
 (033.739033)  can0  100   [8]  70 17 80 25 28 04 2E C0
 (033.749016)  can0  100   [8]  70 17 80 25 28 04 2F C1
 (033.759037)  can0  100   [8]  70 17 80 25 28 04 30 DE
 (033.769034)  can0  100   [8]  70 17 80 25 28 04 31 DF
 (033.779036)  can0  100   [8]  70 17 80 25 28 04 32 DC
 (033.789012)  can0  100   [8]  70 17 80 25 28 04 33 DD
 (033.789237)  can0  101   [8]  E8 35 5A C8 00 00 51 1E
 (033.799033)  can0  100   [8]  70 17 80 25 28 04 34 DA
 (033.809033)  can0  100   [8]  70 17 80 25 28 04 35 DB
 (033.819035)  can0  100   [8]  70 17 80 25 28 04 36 D8
 (033.829034)  can0  100   [8]  70 17 80 25 28 04 37 D9
 (033.839031)  can0  100   [8]  70 17 80 25 28 04 38 D6
 (033.849008)  can0  100   [8]  70 17 80 25 28 04 39 D7
 (033.859030)  can0  100   [8]  70 17 80 25 28 04 3A D4
 (033.869013)  can0  100   [8]  70 17 80 25 28 04 3B D5
 (033.879038)  can0  100   [8]  70 17 80 25 28 04 3C D2
 (033.889034)  can0  100   [8]  70 17 80 25 28 04 3D D3
 (033.889236)  can0  101   [8]  E8 35 5A C8 00 00 52 1D
 (033.899035)  can0  100   [8]  70 17 80 25 28 04 3E D0
 (033.909033)  can0  100   [8]  70 17 80 25 28 04 3F D1
 (033.919031)  can0  100   [8]  70 17 80 25 28 04 40 AE
 (033.929040)  can0  100   [8]  70 17 80 25 28 04 41 AF
 (033.939028)  can0  100   [8]  70 17 80 25 28 04 42 AC
 (033.949009)  can0  100   [8]  70 17 80 25 28 04 43 AD
 (033.959026)  can0  100   [8]  70 17 80 25 28 04 44 AA
 (033.969029)  can0  100   [8]  70 17 80 25 28 04 45 AB
 (033.979031)  can0  100   [8]  70 17 80 25 28 04 46 A8
 (033.989025)  can0  100   [8]  70 17 80 25 28 04 47 A9
 (033.989232)  can0  101   [8]  E8 35 5A C8 00 00 53 1C
 (033.989469)  can0  102   [8]  8A D6 12 00 02 00 21 6D
 (033.999027)  can0  100   [8]  70 17 80 25 28 04 48 A6
 (034.009025)  can0  100   [8]  70 17 80 25 28 04 49 A7
 (034.019029)  can0  100   [8]  70 17 80 25 28 04 4A A4
 (034.029030)  can0  100   [8]  70 17 80 25 28 04 4B A5
 (034.039025)  can0  100   [8]  70 17 80 25 28 04 4C A2
 (034.049006)  can0  100   [8]  70 17 80 25 28 04 4D A3
 (034.059031)  can0  100   [8]  70 17 80 25 28 04 4E A0
 (034.069032)  can0  100   [8]  70 17 80 25 28 04 4F A1
 (034.079022)  can0  100   [8]  70 17 80 25 28 04 50 BE
 (034.089025)  can0  100   [8]  70 17 80 25 28 04 51 BF
 (034.089235)  can0  101   [8]  E8 35 5B C8 00 00 54 1A
 (034.099023)  can0  100   [8]  70 17 80 25 28 04 52 BC
 (034.109002)  can0  100   [8]  70 17 80 25 28 04 53 BD
 (034.119025)  can0  100   [8]  70 17 80 25 28 04 54 BA
 (034.129026)  can0  100   [8]  70 17 80 25 28 04 55 BB
 (034.139024)  can0  100   [8]  70 17 80 25 28 04 56 B8
 (034.149004)  can0  100   [8]  70 17 80 25 28 04 57 B9
 (034.159024)  can0  100   [8]  70 17 80 25 28 04 58 B6
 (034.169024)  can0  100   [8]  70 17 80 25 28 04 59 B7
 (034.179031)  can0  100   [8]  70 17 80 25 28 04 5A B4
 (034.189026)  can0  100   [8]  70 17 80 25 28 04 5B B5
 (034.189230)  can0  101   [8]  E8 35 5B C8 00 00 55 1B
 (034.199024)  can0  100   [8]  70 17 80 25 28 04 5C B2
 (034.209026)  can0  100   [8]  70 17 80 25 28 04 5D B3
 (034.219020)  can0  100   [8]  70 17 80 25 28 04 5E B0
 (034.229026)  can0  100   [8]  70 17 80 25 28 04 5F B1
 (034.239024)  can0  100   [8]  70 17 80 25 28 04 60 8E
 (034.249009)  can0  100   [8]  70 17 80 25 28 04 61 8F
 (034.259021)  can0  100   [8]  70 17 80 25 28 04 62 8C
 (034.269016)  can0  100   [8]  70 17 80 25 28 04 63 8D
 (034.279021)  can0  100   [8]  70 17 80 25 28 04 64 8A
 (034.289016)  can0  100   [8]  70 17 80 25 28 04 65 8B
 (034.289227)  can0  101   [8]  E8 35 5B C8 00 00 56 18
 (034.299022)  can0  100   [8]  70 17 80 25 28 04 66 88
 (034.309018)  can0  100   [8]  70 17 80 25 28 04 67 89
 (034.319018)  can0  100   [8]  70 17 80 25 28 04 68 86
 (034.329020)  can0  100   [8]  70 17 80 25 28 04 69 87
 (034.339038)  can0  100   [8]  70 17 80 25 28 04 6A 84
 (034.348998)  can0  100   [8]  70 17 80 25 28 04 6B 85
 (034.359023)  can0  100   [8]  70 17 80 25 28 04 6C 82
 (034.369018)  can0  100   [8]  70 17 80 25 28 04 6D 83
 (034.379014)  can0  100   [8]  70 17 80 25 28 04 6E 80
 (034.389018)  can0  100   [8]  70 17 80 25 28 04 6F 81
 (034.389222)  can0  101   [8]  E8 35 5B C8 00 00 57 19
 (034.399012)  can0  100   [8]  70 17 80 25 28 04 70 9E
 (034.409019)  can0  100   [8]  70 17 80 25 28 04 71 9F
 (034.419013)  can0  100   [8]  70 17 80 25 28 04 72 9C
 (034.428998)  can0  100   [8]  70 17 80 25 28 04 73 9D
 (034.439013)  can0  100   [8]  70 17 80 25 28 04 74 9A
 (034.448994)  can0  100   [8]  70 17 80 25 28 04 75 9B
 (034.459017)  can0  100   [8]  70 17 80 25 28 04 76 98
 (034.469021)  can0  100   [8]  70 17 80 25 28 04 77 99
 (034.479017)  can0  100   [8]  70 17 80 25 28 04 78 96
 (034.489011)  can0  100   [8]  70 17 80 25 28 04 79 97
 (034.489221)  can0  101   [8]  E8 35 5B C8 00 00 58 16
 (034.499018)  can0  100   [8]  70 17 80 25 28 04 7A 94
 (034.509013)  can0  100   [8]  70 17 80 25 28 04 7B 95
 (034.519013)  can0  100   [8]  70 17 80 25 28 04 7C 92
 (034.529018)  can0  100   [8]  70 17 80 25 28 04 7D 93
 (034.539014)  can0  100   [8]  70 17 80 25 28 04 7E 90
 (034.548992)  can0  100   [8]  70 17 80 25 28 04 7F 91
 (034.559019)  can0  100   [8]  70 17 80 25 28 04 80 6E
 (034.569014)  can0  100   [8]  70 17 80 25 28 04 81 6F
 (034.579015)  can0  100   [8]  70 17 80 25 28 04 82 6C
 (034.589016)  can0  100   [8]  70 17 80 25 28 04 83 6D
 (034.589218)  can0  101   [8]  E8 35 5B C8 00 00 59 17
 (034.599014)  can0  100   [8]  70 17 80 25 28 04 84 6A
 (034.609016)  can0  100   [8]  70 17 80 25 28 04 85 6B
 (034.619013)  can0  100   [8]  70 17 80 25 28 04 86 68
 (034.629009)  can0  100   [8]  70 17 80 25 28 04 87 69
 (034.639004)  can0  100   [8]  70 17 80 25 28 04 88 66
 (034.648975)  can0  100   [8]  70 17 80 25 28 04 89 67
 (034.659007)  can0  100   [8]  70 17 80 25 28 04 8A 64
 (034.668988)  can0  100   [8]  70 17 80 25 28 04 8B 65
 (034.679014)  can0  100   [8]  70 17 80 25 28 04 8C 62
 (034.689007)  can0  100   [8]  70 17 80 25 28 04 8D 63
 (034.689215)  can0  101   [8]  E8 35 5B C8 00 00 5A 14
 (034.699008)  can0  100   [8]  70 17 80 25 28 04 8E 60
 (034.709007)  can0  100   [8]  70 17 80 25 28 04 8F 61
 (034.719007)  can0  100   [8]  70 17 80 25 28 04 90 7E
 (034.729010)  can0  100   [8]  70 17 80 25 28 04 91 7F
 (034.739015)  can0  100   [8]  70 17 80 25 28 04 92 7C
 (034.749011)  can0  100   [8]  70 17 80 25 28 04 93 7D
 (034.759024)  can0  100   [8]  70 17 80 25 28 04 94 7A
 (034.769011)  can0  100   [8]  70 17 80 25 28 04 95 7B
 (034.779010)  can0  100   [8]  70 17 80 25 28 04 96 78
 (034.789006)  can0  100   [8]  70 17 80 25 28 04 97 79
 (034.789209)  can0  101   [8]  E8 35 5B C8 00 00 5B 15
 (034.799004)  can0  100   [8]  70 17 80 25 28 04 98 76
 (034.809019)  can0  100   [8]  70 17 80 25 28 04 99 77
 (034.819001)  can0  100   [8]  70 17 80 25 28 04 9A 74
 (034.828984)  can0  100   [8]  70 17 80 25 28 04 9B 75
 (034.839008)  can0  100   [8]  70 17 80 25 28 04 9C 72
 (034.849004)  can0  100   [8]  70 17 80 25 28 04 9D 73
 (034.859008)  can0  100   [8]  70 17 80 25 28 04 9E 70
 (034.869007)  can0  100   [8]  70 17 80 25 28 04 9F 71
 (034.879006)  can0  100   [8]  70 17 80 25 28 04 A0 4E
 (034.889005)  can0  100   [8]  70 17 80 25 28 04 A1 4F
 (034.889215)  can0  101   [8]  E8 35 5B C8 00 00 5C 12
 (034.899000)  can0  100   [8]  70 17 80 25 28 04 A2 4C
 (034.909000)  can0  100   [8]  70 17 80 25 28 04 A3 4D
 (034.918999)  can0  100   [8]  70 17 80 25 28 04 A4 4A
 (034.929003)  can0  100   [8]  70 17 80 25 28 04 A5 4B
 (034.939011)  can0  100   [8]  70 17 80 25 28 04 A6 48
 (034.948998)  can0  100   [8]  70 17 80 25 28 04 A7 49
 (034.958999)  can0  100   [8]  70 17 80 25 28 04 A8 46
 (034.969004)  can0  100   [8]  70 17 80 25 28 04 A9 47
 (034.979006)  can0  100   [8]  70 17 80 25 28 04 AA 44
 (034.989000)  can0  100   [8]  70 17 80 25 28 04 AB 45
 (034.989206)  can0  101   [8]  E8 35 5B C8 00 00 5D 13
 (034.989446)  can0  102   [8]  8A D6 12 00 02 00 22 6E
 (034.999000)  can0  100   [8]  70 17 80 25 28 04 AC 42
 (035.009000)  can0  100   [8]  70 17 80 25 28 04 AD 43
 (035.019001)  can0  100   [8]  70 17 80 25 28 04 AE 40
 (035.029003)  can0  100   [8]  70 17 80 25 28 04 AF 41
 (035.039004)  can0  100   [8]  70 17 80 25 28 04 B0 5E
 (035.048998)  can0  100   [8]  70 17 80 25 28 04 B1 5F
 (035.058996)  can0  100   [8]  70 17 80 25 28 04 B2 5C
 (035.068999)  can0  100   [8]  70 17 80 25 28 04 B3 5D
 (035.079003)  can0  100   [8]  70 17 80 25 28 04 B4 5A
 (035.088995)  can0  100   [8]  70 17 80 25 28 04 B5 5B
 (035.089205)  can0  101   [8]  E8 35 5C C8 00 00 5E 17
 (035.099000)  can0  100   [8]  70 17 80 25 28 04 B6 58
 (035.109001)  can0  100   [8]  70 17 80 25 28 04 B7 59
 (035.118996)  can0  100   [8]  70 17 80 25 28 04 B8 56
 (035.128997)  can0  100   [8]  70 17 80 25 28 04 B9 57
 (035.138996)  can0  100   [8]  70 17 80 25 28 04 BA 54
 (035.148971)  can0  100   [8]  70 17 80 25 28 04 BB 55
 (035.159000)  can0  100   [8]  70 17 80 25 28 04 BC 52
 (035.168996)  can0  100   [8]  70 17 80 25 28 04 BD 53
 (035.179013)  can0  100   [8]  70 17 80 25 28 04 BE 50
 (035.189002)  can0  100   [8]  70 17 80 25 28 04 BF 51
 (035.189206)  can0  101   [8]  E8 35 5C C8 00 00 5F 16
 (035.199001)  can0  100   [8]  70 17 80 25 28 04 C0 2E
 (035.209000)  can0  100   [8]  70 17 80 25 28 04 C1 2F
 (035.218995)  can0  100   [8]  70 17 80 25 28 04 C2 2C
 (035.228995)  can0  100   [8]  70 17 80 25 28 04 C3 2D
 (035.238996)  can0  100   [8]  70 17 80 25 28 04 C4 2A
 (035.248987)  can0  100   [8]  70 17 80 25 28 04 C5 2B
 (035.258991)  can0  100   [8]  70 17 80 25 28 04 C6 28
 (035.268990)  can0  100   [8]  70 17 80 25 28 04 C7 29
 (035.279007)  can0  100   [8]  70 17 80 25 28 04 C8 26
 (035.288995)  can0  100   [8]  70 17 80 25 28 04 C9 27
 (035.289204)  can0  101   [8]  E8 35 5C C8 00 00 60 29
 (035.298990)  can0  100   [8]  70 17 80 25 28 04 CA 24
 (035.308991)  can0  100   [8]  70 17 80 25 28 04 CB 25
 (035.318986)  can0  100   [8]  70 17 80 25 28 04 CC 22
 (035.328989)  can0  100   [8]  70 17 80 25 28 04 CD 23
 (035.338997)  can0  100   [8]  70 17 80 25 28 04 CE 20
 (035.348988)  can0  100   [8]  70 17 80 25 28 04 CF 21
 (035.358991)  can0  100   [8]  70 17 80 25 28 04 D0 3E
 (035.368994)  can0  100   [8]  70 17 80 25 28 04 D1 3F
 (035.378989)  can0  100   [8]  70 17 80 25 28 04 D2 3C
 (035.388968)  can0  100   [8]  70 17 80 25 28 04 D3 3D
 (035.389199)  can0  101   [8]  E8 35 5C C8 00 00 61 28
 (035.398988)  can0  100   [8]  70 17 80 25 28 04 D4 3A
 (035.408987)  can0  100   [8]  70 17 80 25 28 04 D5 3B
 (035.418990)  can0  100   [8]  70 17 80 25 28 04 D6 38
 (035.428994)  can0  100   [8]  70 17 80 25 28 04 D7 39
 (035.438989)  can0  100   [8]  70 17 80 25 28 04 D8 36
 (035.448994)  can0  100   [8]  70 17 80 25 28 04 D9 37
 (035.458988)  can0  100   [8]  70 17 80 25 28 04 DA 34
 (035.468971)  can0  100   [8]  70 17 80 25 28 04 DB 35
 (035.478986)  can0  100   [8]  70 17 80 25 28 04 DC 32
 (035.488991)  can0  100   [8]  70 17 80 25 28 04 DD 33
 (035.489191)  can0  101   [8]  E8 35 5C C8 00 00 62 2B
 (035.498985)  can0  100   [8]  70 17 80 25 28 04 DE 30
 (035.508984)  can0  100   [8]  70 17 80 25 28 04 DF 31
 (035.518988)  can0  100   [8]  70 17 80 25 28 04 E0 0E
 (035.528990)  can0  100   [8]  70 17 80 25 28 04 E1 0F
 (035.538988)  can0  100   [8]  70 17 80 25 28 04 E2 0C
 (035.548984)  can0  100   [8]  70 17 80 25 28 04 E3 0D
 (035.558985)  can0  100   [8]  70 17 80 25 28 04 E4 0A
 (035.568984)  can0  100   [8]  70 17 80 25 28 04 E5 0B
 (035.578986)  can0  100   [8]  70 17 80 25 28 04 E6 08
 (035.588982)  can0  100   [8]  70 17 80 25 28 04 E7 09
 (035.589187)  can0  101   [8]  E8 35 5C C8 00 00 63 2A
 (035.598988)  can0  100   [8]  70 17 80 25 28 04 E8 06
 (035.608989)  can0  100   [8]  70 17 80 25 28 04 E9 07
 (035.618984)  can0  100   [8]  70 17 80 25 28 04 EA 04
 (035.628988)  can0  100   [8]  70 17 80 25 28 04 EB 05
 (035.638980)  can0  100   [8]  70 17 80 25 28 04 EC 02
 (035.648982)  can0  100   [8]  70 17 80 25 28 04 ED 03
 (035.658985)  can0  100   [8]  70 17 80 25 28 04 EE 00
 (035.668983)  can0  100   [8]  70 17 80 25 28 04 EF 01
 (035.678978)  can0  100   [8]  70 17 80 25 28 04 F0 1E
 (035.688985)  can0  100   [8]  70 17 80 25 28 04 F1 1F
 (035.689190)  can0  101   [8]  E8 35 5C C8 00 00 64 2D
 (035.698982)  can0  100   [8]  70 17 80 25 28 04 F2 1C
 (035.708959)  can0  100   [8]  70 17 80 25 28 04 F3 1D
 (035.718984)  can0  100   [8]  70 17 80 25 28 04 F4 1A
 (035.728987)  can0  100   [8]  70 17 80 25 28 04 F5 1B
 (035.738986)  can0  100   [8]  70 17 80 25 28 04 F6 18
 (035.748982)  can0  100   [8]  70 17 80 25 28 04 F7 19
 (035.758979)  can0  100   [8]  70 17 80 25 28 04 F8 16
 (035.768985)  can0  100   [8]  70 17 80 25 28 04 F9 17
 (035.778978)  can0  100   [8]  70 17 80 25 28 04 FA 14
 (035.788960)  can0  100   [8]  70 17 80 25 28 04 FB 15
 (035.789184)  can0  101   [8]  E8 35 5C C8 00 00 65 2C
 (035.798985)  can0  100   [8]  70 17 80 25 28 04 FC 12
 (035.808981)  can0  100   [8]  70 17 80 25 28 04 FD 13
 (035.818980)  can0  100   [8]  70 17 80 25 28 04 FE 10
 (035.828981)  can0  100   [8]  70 17 80 25 28 04 FF 11
 (035.838983)  can0  100   [8]  70 17 80 25 28 04 00 EE
 (035.848974)  can0  100   [8]  70 17 80 25 28 04 01 EF
 (035.858973)  can0  100   [8]  70 17 80 25 28 04 02 EC
 (035.868981)  can0  100   [8]  70 17 80 25 28 04 03 ED
 (035.878977)  can0  100   [8]  70 17 80 25 28 04 04 EA
 (035.888973)  can0  100   [8]  70 17 80 25 28 04 05 EB
 (035.889185)  can0  101   [8]  E8 35 5C C8 00 00 66 2F
 (035.898981)  can0  100   [8]  70 17 80 25 28 04 06 E8
 (035.908974)  can0  100   [8]  70 17 80 25 28 04 07 E9
 (035.918978)  can0  100   [8]  70 17 80 25 28 04 08 E6
 (035.928981)  can0  100   [8]  70 17 80 25 28 04 09 E7
 (035.938977)  can0  100   [8]  70 17 80 25 28 04 0A E4
 (035.948958)  can0  100   [8]  70 17 80 25 28 04 0B E5
 (035.958978)  can0  100   [8]  70 17 80 25 28 04 0C E2
 (035.968980)  can0  100   [8]  70 17 80 25 28 04 0D E3
 (035.978981)  can0  100   [8]  70 17 80 25 28 04 0E E0
 (035.988977)  can0  100   [8]  70 17 80 25 28 04 0F E1
 (035.989182)  can0  101   [8]  E8 35 5C C8 00 00 67 2E
 (035.989421)  can0  102   [8]  8A D6 12 00 02 00 23 6F
 (035.998978)  can0  100   [8]  70 17 80 25 28 04 10 FE
 (036.008976)  can0  100   [8]  70 17 80 25 28 04 11 FF
 (036.018975)  can0  100   [8]  70 17 80 25 28 04 12 FC
 (036.028968)  can0  100   [8]  70 17 80 25 28 04 13 FD
 (036.038974)  can0  100   [8]  70 17 80 25 28 04 14 FA
 (036.048973)  can0  100   [8]  70 17 80 25 28 04 15 FB
 (036.058976)  can0  100   [8]  70 17 80 25 28 04 16 F8
 (036.068975)  can0  100   [8]  70 17 80 25 28 04 17 F9
 (036.078973)  can0  100   [8]  70 17 80 25 28 04 18 F6
 (036.088972)  can0  100   [8]  70 17 80 25 28 04 19 F7
 (036.089184)  can0  101   [8]  E8 35 5D C8 00 00 68 20
 (036.098974)  can0  100   [8]  70 17 80 25 28 04 1A F4
 (036.108972)  can0  100   [8]  70 17 80 25 28 04 1B F5
 (036.118966)  can0  100   [8]  70 17 80 25 28 04 1C F2
 (036.128974)  can0  100   [8]  70 17 80 25 28 04 1D F3
 (036.138977)  can0  100   [8]  70 17 80 25 28 04 1E F0
 (036.148974)  can0  100   [8]  70 17 80 25 28 04 1F F1
 (036.158964)  can0  100   [8]  70 17 80 25 28 04 20 CE
 (036.168965)  can0  100   [8]  70 17 80 25 28 04 21 CF
 (036.178974)  can0  100   [8]  70 17 80 25 28 04 22 CC
 (036.188949)  can0  100   [8]  70 17 80 25 28 04 23 CD
 (036.189174)  can0  101   [8]  E8 35 5D C8 00 00 69 21
 (036.198969)  can0  100   [8]  70 17 80 25 28 04 24 CA
 (036.208992)  can0  100   [8]  70 17 80 25 28 04 25 CB
 (036.218967)  can0  100   [8]  70 17 80 25 28 04 26 C8
 (036.228971)  can0  100   [8]  70 17 80 25 28 04 27 C9
 (036.238963)  can0  100   [8]  70 17 80 25 28 04 28 C6
 (036.248963)  can0  100   [8]  70 17 80 25 28 04 29 C7
 (036.258963)  can0  100   [8]  70 17 80 25 28 04 2A C4
 (036.268965)  can0  100   [8]  70 17 80 25 28 04 2B C5
 (036.278964)  can0  100   [8]  70 17 80 25 28 04 2C C2
 (036.288964)  can0  100   [8]  70 17 80 25 28 04 2D C3
 (036.289168)  can0  101   [8]  E8 35 5D C8 00 00 6A 22
 (036.298965)  can0  100   [8]  70 17 80 25 28 04 2E C0
 (036.308967)  can0  100   [8]  70 17 80 25 28 04 2F C1
 (036.318958)  can0  100   [8]  70 17 80 25 28 04 30 DE
 (036.328966)  can0  100   [8]  70 17 80 25 28 04 31 DF
 (036.338961)  can0  100   [8]  70 17 80 25 28 04 32 DC
 (036.348968)  can0  100   [8]  70 17 80 25 28 04 33 DD
 (036.358960)  can0  100   [8]  70 17 80 25 28 04 34 DA
 (036.368961)  can0  100   [8]  70 17 80 25 28 04 35 DB
 (036.378963)  can0  100   [8]  70 17 80 25 28 04 36 D8
 (036.388962)  can0  100   [8]  70 17 80 25 28 04 37 D9
 (036.389172)  can0  101   [8]  E8 35 5D C8 00 00 6B 23
 (036.398957)  can0  100   [8]  70 17 80 25 28 04 38 D6
 (036.408954)  can0  100   [8]  70 17 80 25 28 04 39 D7
 (036.418961)  can0  100   [8]  70 17 80 25 28 04 3A D4
 (036.428942)  can0  100   [8]  70 17 80 25 28 04 3B D5
 (036.438964)  can0  100   [8]  70 17 80 25 28 04 3C D2
 (036.448962)  can0  100   [8]  70 17 80 25 28 04 3D D3
 (036.458959)  can0  100   [8]  70 17 80 25 28 04 3E D0
 (036.468962)  can0  100   [8]  70 17 80 25 28 04 3F D1
 (036.478956)  can0  100   [8]  70 17 80 25 28 04 40 AE
 (036.488959)  can0  100   [8]  70 17 80 25 28 04 41 AF
 (036.489165)  can0  101   [8]  E8 35 5D C8 00 00 6C 24
 (036.498961)  can0  100   [8]  70 17 80 25 28 04 42 AC
 (036.508934)  can0  100   [8]  70 17 80 25 28 04 43 AD
 (036.518961)  can0  100   [8]  70 17 80 25 28 04 44 AA
 (036.528958)  can0  100   [8]  70 17 80 25 28 04 45 AB
 (036.538957)  can0  100   [8]  70 17 80 25 28 04 46 A8
 (036.548954)  can0  100   [8]  70 17 80 25 28 04 47 A9
 (036.558958)  can0  100   [8]  70 17 80 25 28 04 48 A6
 (036.568960)  can0  100   [8]  70 17 80 25 28 04 49 A7
 (036.578958)  can0  100   [8]  70 17 80 25 28 04 4A A4
 (036.588954)  can0  100   [8]  70 17 80 25 28 04 4B A5
 (036.589164)  can0  101   [8]  E8 35 5D C8 00 00 6D 25
 (036.598956)  can0  100   [8]  70 17 80 25 28 04 4C A2
 (036.608951)  can0  100   [8]  70 17 80 25 28 04 4D A3
 (036.618955)  can0  100   [8]  70 17 80 25 28 04 4E A0
 (036.628960)  can0  100   [8]  70 17 80 25 28 04 4F A1
 (036.638953)  can0  100   [8]  70 17 80 25 28 04 50 BE
 (036.648957)  can0  100   [8]  70 17 80 25 28 04 51 BF
 (036.658952)  can0  100   [8]  70 17 80 25 28 04 52 BC
 (036.668953)  can0  100   [8]  70 17 80 25 28 04 53 BD
 (036.678950)  can0  100   [8]  70 17 80 25 28 04 54 BA
 (036.688955)  can0  100   [8]  70 17 80 25 28 04 55 BB
 (036.689161)  can0  101   [8]  E8 35 5D C8 00 00 6E 26
 (036.698953)  can0  100   [8]  70 17 80 25 28 04 56 B8
 (036.708949)  can0  100   [8]  70 17 80 25 28 04 57 B9
 (036.718950)  can0  100   [8]  70 17 80 25 28 04 58 B6
 (036.728974)  can0  100   [8]  70 17 80 25 28 04 59 B7
 (036.738950)  can0  100   [8]  70 17 80 25 28 04 5A B4
 (036.748930)  can0  100   [8]  70 17 80 25 28 04 5B B5
 (036.758932)  can0  100   [8]  70 17 80 25 28 04 5C B2
 (036.768955)  can0  100   [8]  70 17 80 25 28 04 5D B3
 (036.778952)  can0  100   [8]  70 17 80 25 28 04 5E B0
 (036.788953)  can0  100   [8]  70 17 80 25 28 04 5F B1
 (036.789162)  can0  101   [8]  E8 35 5D C8 00 00 6F 27
 (036.798950)  can0  100   [8]  70 17 80 25 28 04 60 8E
 (036.808953)  can0  100   [8]  70 17 80 25 28 04 61 8F
 (036.818947)  can0  100   [8]  70 17 80 25 28 04 62 8C
 (036.828926)  can0  100   [8]  70 17 80 25 28 04 63 8D
 (036.838953)  can0  100   [8]  70 17 80 25 28 04 64 8A
 (036.848948)  can0  100   [8]  70 17 80 25 28 04 65 8B
 (036.858933)  can0  100   [8]  70 17 80 25 28 04 66 88
 (036.868956)  can0  100   [8]  70 17 80 25 28 04 67 89
 (036.878954)  can0  100   [8]  70 17 80 25 28 04 68 86
 (036.888946)  can0  100   [8]  70 17 80 25 28 04 69 87
 (036.889153)  can0  101   [8]  E8 35 5D C8 00 00 70 38
 (036.898948)  can0  100   [8]  70 17 80 25 28 04 6A 84
 (036.908949)  can0  100   [8]  70 17 80 25 28 04 6B 85
 (036.918948)  can0  100   [8]  70 17 80 25 28 04 6C 82
 (036.928947)  can0  100   [8]  70 17 80 25 28 04 6D 83
 (036.938945)  can0  100   [8]  70 17 80 25 28 04 6E 80
 (036.948944)  can0  100   [8]  70 17 80 25 28 04 6F 81
 (036.958924)  can0  100   [8]  70 17 80 25 28 04 70 9E
 (036.968950)  can0  100   [8]  70 17 80 25 28 04 71 9F
 (036.978944)  can0  100   [8]  70 17 80 25 28 04 72 9C
 (036.988940)  can0  100   [8]  70 17 80 25 28 04 73 9D
 (036.989145)  can0  101   [8]  E8 35 5D C8 00 00 71 39
 (036.989383)  can0  102   [8]  8B D6 12 00 02 00 24 69
 (036.998943)  can0  100   [8]  70 17 80 25 28 04 74 9A
 (037.008939)  can0  100   [8]  70 17 80 25 28 04 75 9B
 (037.018942)  can0  100   [8]  70 17 80 25 28 04 76 98
 (037.028944)  can0  100   [8]  70 17 80 25 28 04 77 99
 (037.038944)  can0  100   [8]  70 17 80 25 28 04 78 96
 (037.048945)  can0  100   [8]  70 17 80 25 28 04 79 97
 (037.058921)  can0  100   [8]  70 17 80 25 28 04 7A 94
 (037.068945)  can0  100   [8]  70 17 80 25 28 04 7B 95
 (037.078947)  can0  100   [8]  70 17 80 25 28 04 7C 92
 (037.088941)  can0  100   [8]  70 17 80 25 28 04 7D 93
 (037.089146)  can0  101   [8]  E8 35 5E C8 00 00 72 39
 (037.098946)  can0  100   [8]  70 17 80 25 28 04 7E 90
 (037.108944)  can0  100   [8]  70 17 80 25 28 04 7F 91
 (037.118947)  can0  100   [8]  70 17 80 25 28 04 80 6E
 (037.128940)  can0  100   [8]  70 17 80 25 28 04 81 6F
 (037.138937)  can0  100   [8]  70 17 80 25 28 04 82 6C
 (037.148941)  can0  100   [8]  70 17 80 25 28 04 83 6D
 (037.158921)  can0  100   [8]  70 17 80 25 28 04 84 6A
 (037.168937)  can0  100   [8]  70 17 80 25 28 04 85 6B
 (037.178951)  can0  100   [8]  70 17 80 25 28 04 86 68
 (037.188944)  can0  100   [8]  70 17 80 25 28 04 87 69
 (037.189165)  can0  101   [8]  E8 35 5E C8 00 00 73 38
 (037.198944)  can0  100   [8]  70 17 80 25 28 04 88 66
 (037.208940)  can0  100   [8]  70 17 80 25 28 04 89 67
 (037.218944)  can0  100   [8]  70 17 80 25 28 04 8A 64
 (037.228916)  can0  100   [8]  70 17 80 25 28 04 8B 65
 (037.238939)  can0  100   [8]  70 17 80 25 28 04 8C 62
 (037.248935)  can0  100   [8]  70 17 80 25 28 04 8D 63
 (037.258921)  can0  100   [8]  70 17 80 25 28 04 8E 60
 (037.268941)  can0  100   [8]  70 17 80 25 28 04 8F 61
 (037.278937)  can0  100   [8]  70 17 80 25 28 04 90 7E
 (037.288941)  can0  100   [8]  70 17 80 25 28 04 91 7F
 (037.289145)  can0  101   [8]  E8 35 5E C8 00 00 74 3F
 (037.298946)  can0  100   [8]  70 17 80 25 28 04 92 7C
 (037.308939)  can0  100   [8]  70 17 80 25 28 04 93 7D
 (037.318935)  can0  100   [8]  70 17 80 25 28 04 94 7A
 (037.328937)  can0  100   [8]  70 17 80 25 28 04 95 7B
 (037.338939)  can0  100   [8]  70 17 80 25 28 04 96 78
 (037.348930)  can0  100   [8]  70 17 80 25 28 04 97 79
 (037.358911)  can0  100   [8]  70 17 80 25 28 04 98 76
 (037.368933)  can0  100   [8]  70 17 80 25 28 04 99 77
 (037.378936)  can0  100   [8]  70 17 80 25 28 04 9A 74
 (037.388935)  can0  100   [8]  70 17 80 25 28 04 9B 75
 (037.389145)  can0  101   [8]  E8 35 5E C8 00 00 75 3E
 (037.398935)  can0  100   [8]  70 17 80 25 28 04 9C 72
 (037.408933)  can0  100   [8]  70 17 80 25 28 04 9D 73
 (037.418936)  can0  100   [8]  70 17 80 25 28 04 9E 70
 (037.428935)  can0  100   [8]  70 17 80 25 28 04 9F 71
 (037.438934)  can0  100   [8]  70 17 80 25 28 04 A0 4E
 (037.448928)  can0  100   [8]  70 17 80 25 28 04 A1 4F
 (037.458927)  can0  100   [8]  70 17 80 25 28 04 A2 4C
 (037.468921)  can0  100   [8]  70 17 80 25 28 04 A3 4D
 (037.478913)  can0  100   [8]  70 17 80 25 28 04 A4 4A
 (037.488911)  can0  100   [8]  70 17 80 25 28 04 A5 4B
 (037.489139)  can0  101   [8]  E8 35 5E C8 00 00 76 3D
 (037.498936)  can0  100   [8]  70 17 80 25 28 04 A6 48
 (037.508931)  can0  100   [8]  70 17 80 25 28 04 A7 49
 (037.518926)  can0  100   [8]  70 17 80 25 28 04 A8 46
 (037.528933)  can0  100   [8]  70 17 80 25 28 04 A9 47
 (037.538932)  can0  100   [8]  70 17 80 25 28 04 AA 44
 (037.548911)  can0  100   [8]  70 17 80 25 28 04 AB 45
 (037.558910)  can0  100   [8]  70 17 80 25 28 04 AC 42
 (037.568930)  can0  100   [8]  70 17 80 25 28 04 AD 43
 (037.578931)  can0  100   [8]  70 17 80 25 28 04 AE 40
 (037.588929)  can0  100   [8]  70 17 80 25 28 04 AF 41
 (037.589137)  can0  101   [8]  E8 35 5E C8 00 00 77 3C
 (037.598932)  can0  100   [8]  70 17 80 25 28 04 B0 5E
 (037.608926)  can0  100   [8]  70 17 80 25 28 04 B1 5F
 (037.618926)  can0  100   [8]  70 17 80 25 28 04 B2 5C
 (037.628931)  can0  100   [8]  70 17 80 25 28 04 B3 5D
 (037.638923)  can0  100   [8]  70 17 80 25 28 04 B4 5A
 (037.648945)  can0  100   [8]  70 17 80 25 28 04 B5 5B
 (037.658905)  can0  100   [8]  70 17 80 25 28 04 B6 58
 (037.668929)  can0  100   [8]  70 17 80 25 28 04 B7 59
 (037.678925)  can0  100   [8]  70 17 80 25 28 04 B8 56
 (037.688926)  can0  100   [8]  70 17 80 25 28 04 B9 57
 (037.689130)  can0  101   [8]  E8 35 5E C8 00 00 78 33
 (037.698923)  can0  100   [8]  70 17 80 25 28 04 BA 54
 (037.708922)  can0  100   [8]  70 17 80 25 28 04 BB 55
 (037.718925)  can0  100   [8]  70 17 80 25 28 04 BC 52
 (037.728922)  can0  100   [8]  70 17 80 25 28 04 BD 53
 (037.738926)  can0  100   [8]  70 17 80 25 28 04 BE 50
 (037.748923)  can0  100   [8]  70 17 80 25 28 04 BF 51
 (037.758899)  can0  100   [8]  70 17 80 25 28 04 C0 2E
 (037.768926)  can0  100   [8]  70 17 80 25 28 04 C1 2F
 (037.778921)  can0  100   [8]  70 17 80 25 28 04 C2 2C
 (037.788901)  can0  100   [8]  70 17 80 25 28 04 C3 2D
 (037.789129)  can0  101   [8]  E8 35 5E C8 00 00 79 32
 (037.798926)  can0  100   [8]  70 17 80 25 28 04 C4 2A
 (037.808923)  can0  100   [8]  70 17 80 25 28 04 C5 2B
 (037.818918)  can0  100   [8]  70 17 80 25 28 04 C6 28
 (037.828924)  can0  100   [8]  70 17 80 25 28 04 C7 29
 (037.838921)  can0  100   [8]  70 17 80 25 28 04 C8 26
 (037.848923)  can0  100   [8]  70 17 80 25 28 04 C9 27
 (037.858917)  can0  100   [8]  70 17 80 25 28 04 CA 24
 (037.868922)  can0  100   [8]  70 17 80 25 28 04 CB 25
 (037.878915)  can0  100   [8]  70 17 80 25 28 04 CC 22
 (037.888918)  can0  100   [8]  70 17 80 25 28 04 CD 23
 (037.889129)  can0  101   [8]  E8 35 5E C8 00 00 7A 31
 (037.898918)  can0  100   [8]  70 17 80 25 28 04 CE 20
 (037.908916)  can0  100   [8]  70 17 80 25 28 04 CF 21
 (037.918919)  can0  100   [8]  70 17 80 25 28 04 D0 3E
 (037.928916)  can0  100   [8]  70 17 80 25 28 04 D1 3F
 (037.938918)  can0  100   [8]  70 17 80 25 28 04 D2 3C
 (037.948916)  can0  100   [8]  70 17 80 25 28 04 D3 3D
 (037.958917)  can0  100   [8]  70 17 80 25 28 04 D4 3A
 (037.968914)  can0  100   [8]  70 17 80 25 28 04 D5 3B
 (037.978916)  can0  100   [8]  70 17 80 25 28 04 D6 38
 (037.988917)  can0  100   [8]  70 17 80 25 28 04 D7 39
 (037.989127)  can0  101   [8]  E8 35 5E C8 00 00 7B 30
 (037.989389)  can0  102   [8]  8B D6 12 00 02 00 25 68
 (037.998915)  can0  100   [8]  70 17 80 25 28 04 D8 36
 (038.008920)  can0  100   [8]  70 17 80 25 28 04 D9 37
 (038.018917)  can0  100   [8]  70 17 80 25 28 04 DA 34
 (038.028899)  can0  100   [8]  70 17 80 25 28 04 DB 35
 (038.038915)  can0  100   [8]  70 17 80 25 28 04 DC 32
 (038.048914)  can0  100   [8]  70 17 80 25 28 04 DD 33
 (038.058913)  can0  100   [8]  70 17 80 25 28 04 DE 30
 (038.068919)  can0  100   [8]  70 17 80 25 28 04 DF 31
 (038.078914)  can0  100   [8]  70 17 80 25 28 04 E0 0E
 (038.088917)  can0  100   [8]  70 17 80 25 28 04 E1 0F
 (038.089129)  can0  101   [8]  E8 35 5F C8 00 00 7C 36
 (038.098916)  can0  100   [8]  70 17 80 25 28 04 E2 0C
 (038.108909)  can0  100   [8]  70 17 80 25 28 04 E3 0D
 (038.118930)  can0  100   [8]  70 17 80 25 28 04 E4 0A
 (038.128912)  can0  100   [8]  70 17 80 25 28 04 E5 0B
 (038.138912)  can0  100   [8]  70 17 80 25 28 04 E6 08
 (038.148910)  can0  100   [8]  70 17 80 25 28 04 E7 09
 (038.158911)  can0  100   [8]  70 17 80 25 28 04 E8 06
 (038.168916)  can0  100   [8]  70 17 80 25 28 04 E9 07
 (038.178925)  can0  100   [8]  70 17 80 25 28 04 EA 04
 (038.188915)  can0  100   [8]  70 17 80 25 28 04 EB 05
 (038.189121)  can0  101   [8]  E8 35 5F C8 00 00 7D 37
 (038.198915)  can0  100   [8]  70 17 80 25 28 04 EC 02
 (038.208915)  can0  100   [8]  70 17 80 25 28 04 ED 03
 (038.218913)  can0  100   [8]  70 17 80 25 28 04 EE 00
 (038.228915)  can0  100   [8]  70 17 80 25 28 04 EF 01
 (038.238912)  can0  100   [8]  70 17 80 25 28 04 F0 1E
 (038.248912)  can0  100   [8]  70 17 80 25 28 04 F1 1F
 (038.258908)  can0  100   [8]  70 17 80 25 28 04 F2 1C
 (038.268889)  can0  100   [8]  70 17 80 25 28 04 F3 1D
 (038.278920)  can0  100   [8]  70 17 80 25 28 04 F4 1A
 (038.288911)  can0  100   [8]  70 17 80 25 28 04 F5 1B
 (038.289120)  can0  101   [8]  E8 35 5F C8 00 00 7E 34
 (038.298910)  can0  100   [8]  70 17 80 25 28 04 F6 18
 (038.308913)  can0  100   [8]  70 17 80 25 28 04 F7 19
 (038.318908)  can0  100   [8]  70 17 80 25 28 04 F8 16
 (038.328910)  can0  100   [8]  70 17 80 25 28 04 F9 17
 (038.338908)  can0  100   [8]  70 17 80 25 28 04 FA 14
 (038.348907)  can0  100   [8]  70 17 80 25 28 04 FB 15
 (038.358906)  can0  100   [8]  70 17 80 25 28 04 FC 12
 (038.368910)  can0  100   [8]  70 17 80 25 28 04 FD 13
 (038.378906)  can0  100   [8]  70 17 80 25 28 04 FE 10
 (038.388907)  can0  100   [8]  70 17 80 25 28 04 FF 11
 (038.389117)  can0  101   [8]  E8 35 5F C8 00 00 7F 35
 (038.398907)  can0  100   [8]  70 17 80 25 28 04 00 EE
 (038.408905)  can0  100   [8]  70 17 80 25 28 04 01 EF
 (038.418905)  can0  100   [8]  70 17 80 25 28 04 02 EC
 (038.428913)  can0  100   [8]  70 17 80 25 28 04 03 ED
 (038.438905)  can0  100   [8]  70 17 80 25 28 04 04 EA
 (038.448905)  can0  100   [8]  70 17 80 25 28 04 05 EB
 (038.458910)  can0  100   [8]  70 17 80 25 28 04 06 E8
 (038.468903)  can0  100   [8]  70 17 80 25 28 04 07 E9
 (038.478907)  can0  100   [8]  70 17 80 25 28 04 08 E6
 (038.488903)  can0  100   [8]  70 17 80 25 28 04 09 E7
 (038.489116)  can0  101   [8]  E8 35 5F C8 00 00 80 CA
 (038.498902)  can0  100   [8]  70 17 80 25 28 04 0A E4
 (038.508887)  can0  100   [8]  70 17 80 25 28 04 0B E5
 (038.518909)  can0  100   [8]  70 17 80 25 28 04 0C E2
 (038.528906)  can0  100   [8]  70 17 80 25 28 04 0D E3
 (038.538906)  can0  100   [8]  70 17 80 25 28 04 0E E0
 (038.548906)  can0  100   [8]  70 17 80 25 28 04 0F E1
 (038.558904)  can0  100   [8]  70 17 80 25 28 04 10 FE
 (038.568904)  can0  100   [8]  70 17 80 25 28 04 11 FF
 (038.578904)  can0  100   [8]  70 17 80 25 28 04 12 FC
 (038.588903)  can0  100   [8]  70 17 80 25 28 04 13 FD
 (038.589114)  can0  101   [8]  E8 35 5F C8 00 00 81 CB
 (038.598908)  can0  100   [8]  70 17 80 25 28 04 14 FA
 (038.608904)  can0  100   [8]  70 17 80 25 28 04 15 FB
 (038.618907)  can0  100   [8]  70 17 80 25 28 04 16 F8
 (038.628904)  can0  100   [8]  70 17 80 25 28 04 17 F9
 (038.638905)  can0  100   [8]  70 17 80 25 28 04 18 F6
 (038.648904)  can0  100   [8]  70 17 80 25 28 04 19 F7
 (038.658901)  can0  100   [8]  70 17 80 25 28 04 1A F4
 (038.668900)  can0  100   [8]  70 17 80 25 28 04 1B F5
 (038.678901)  can0  100   [8]  70 17 80 25 28 04 1C F2
 (038.688904)  can0  100   [8]  70 17 80 25 28 04 1D F3
 (038.689111)  can0  101   [8]  E8 35 5F C8 00 00 82 C8
 (038.698902)  can0  100   [8]  70 17 80 25 28 04 1E F0
 (038.708901)  can0  100   [8]  70 17 80 25 28 04 1F F1
 (038.718897)  can0  100   [8]  70 17 80 25 28 04 20 CE
 (038.728892)  can0  100   [8]  70 17 80 25 28 04 21 CF
 (038.738896)  can0  100   [8]  70 17 80 25 28 04 22 CC
 (038.748894)  can0  100   [8]  70 17 80 25 28 04 23 CD
 (038.758899)  can0  100   [8]  70 17 80 25 28 04 24 CA
 (038.768904)  can0  100   [8]  70 17 80 25 28 04 25 CB
 (038.778904)  can0  100   [8]  70 17 80 25 28 04 26 C8
 (038.788896)  can0  100   [8]  70 17 80 25 28 04 27 C9
 (038.789109)  can0  101   [8]  E8 35 5F C8 00 00 83 C9
 (038.798891)  can0  100   [8]  70 17 80 25 28 04 28 C6
 (038.808891)  can0  100   [8]  70 17 80 25 28 04 29 C7
 (038.818892)  can0  100   [8]  70 17 80 25 28 04 2A C4
 (038.828872)  can0  100   [8]  70 17 80 25 28 04 2B C5
 (038.838897)  can0  100   [8]  70 17 80 25 28 04 2C C2
 (038.848894)  can0  100   [8]  70 17 80 25 28 04 2D C3
 (038.858891)  can0  100   [8]  70 17 80 25 28 04 2E C0
 (038.868895)  can0  100   [8]  70 17 80 25 28 04 2F C1
 (038.878892)  can0  100   [8]  70 17 80 25 28 04 30 DE
 (038.888896)  can0  100   [8]  70 17 80 25 28 04 31 DF
 (038.889100)  can0  101   [8]  E8 35 5F C8 00 00 84 CE
 (038.898891)  can0  100   [8]  70 17 80 25 28 04 32 DC
 (038.908893)  can0  100   [8]  70 17 80 25 28 04 33 DD
 (038.918892)  can0  100   [8]  70 17 80 25 28 04 34 DA
 (038.928891)  can0  100   [8]  70 17 80 25 28 04 35 DB
 (038.938889)  can0  100   [8]  70 17 80 25 28 04 36 D8
 (038.948890)  can0  100   [8]  70 17 80 25 28 04 37 D9
 (038.958888)  can0  100   [8]  70 17 80 25 28 04 38 D6
 (038.968890)  can0  100   [8]  70 17 80 25 28 04 39 D7
 (038.978889)  can0  100   [8]  70 17 80 25 28 04 3A D4
 (038.988891)  can0  100   [8]  70 17 80 25 28 04 3B D5
 (038.989094)  can0  101   [8]  E8 35 5F C8 00 00 85 CF
 (038.989333)  can0  102   [8]  8B D6 12 00 02 00 26 6B
 (038.998886)  can0  100   [8]  70 17 80 25 28 04 3C D2
 (039.008894)  can0  100   [8]  70 17 80 25 28 04 3D D3
 (039.018889)  can0  100   [8]  70 17 80 25 28 04 3E D0
 (039.028887)  can0  100   [8]  70 17 80 25 28 04 3F D1
 (039.038886)  can0  100   [8]  70 17 80 25 28 04 40 AE
 (039.048892)  can0  100   [8]  70 17 80 25 28 04 41 AF
 (039.058885)  can0  100   [8]  70 17 80 25 28 04 42 AC
 (039.068885)  can0  100   [8]  70 17 80 25 28 04 43 AD
 (039.078889)  can0  100   [8]  70 17 80 25 28 04 44 AA
 (039.088886)  can0  100   [8]  70 17 80 25 28 04 45 AB
 (039.089090)  can0  101   [8]  E8 35 60 C8 00 00 86 F3
 (039.098886)  can0  100   [8]  70 17 80 25 28 04 46 A8
 (039.108883)  can0  100   [8]  70 17 80 25 28 04 47 A9
 (039.118887)  can0  100   [8]  70 17 80 25 28 04 48 A6
 (039.128891)  can0  100   [8]  70 17 80 25 28 04 49 A7
 (039.138885)  can0  100   [8]  70 17 80 25 28 04 4A A4
 (039.148885)  can0  100   [8]  70 17 80 25 28 04 4B A5
 (039.158879)  can0  100   [8]  70 17 80 25 28 04 4C A2
 (039.168883)  can0  100   [8]  70 17 80 25 28 04 4D A3
 (039.178898)  can0  100   [8]  70 17 80 25 28 04 4E A0
 (039.188889)  can0  100   [8]  70 17 80 25 28 04 4F A1
 (039.189091)  can0  101   [8]  E8 35 60 C8 00 00 87 F2
 (039.198881)  can0  100   [8]  70 17 80 25 28 04 50 BE
 (039.208889)  can0  100   [8]  70 17 80 25 28 04 51 BF
 (039.218878)  can0  100   [8]  70 17 80 25 28 04 52 BC
 (039.228888)  can0  100   [8]  70 17 80 25 28 04 53 BD
 (039.238877)  can0  100   [8]  70 17 80 25 28 04 54 BA
 (039.248879)  can0  100   [8]  70 17 80 25 28 04 55 BB
 (039.258879)  can0  100   [8]  70 17 80 25 28 04 56 B8
 (039.268878)  can0  100   [8]  70 17 80 25 28 04 57 B9
 (039.278885)  can0  100   [8]  70 17 80 25 28 04 58 B6
 (039.288883)  can0  100   [8]  70 17 80 25 28 04 59 B7
 (039.289085)  can0  101   [8]  E8 35 60 C8 00 00 88 FD
 (039.298880)  can0  100   [8]  70 17 80 25 28 04 5A B4
 (039.308859)  can0  100   [8]  70 17 80 25 28 04 5B B5
 (039.318883)  can0  100   [8]  70 17 80 25 28 04 5C B2
 (039.328881)  can0  100   [8]  70 17 80 25 28 04 5D B3
 (039.338879)  can0  100   [8]  70 17 80 25 28 04 5E B0
 (039.348885)  can0  100   [8]  70 17 80 25 28 04 5F B1
 (039.358879)  can0  100   [8]  70 17 80 25 28 04 60 8E
 (039.368880)  can0  100   [8]  70 17 80 25 28 04 61 8F
 (039.378879)  can0  100   [8]  70 17 80 25 28 04 62 8C
 (039.388878)  can0  100   [8]  70 17 80 25 28 04 63 8D
 (039.389086)  can0  101   [8]  E8 35 60 C8 00 00 89 FC
 (039.398878)  can0  100   [8]  70 17 80 25 28 04 64 8A
 (039.408873)  can0  100   [8]  70 17 80 25 28 04 65 8B
 (039.418878)  can0  100   [8]  70 17 80 25 28 04 66 88
 (039.428882)  can0  100   [8]  70 17 80 25 28 04 67 89
 (039.438875)  can0  100   [8]  70 17 80 25 28 04 68 86
 (039.448878)  can0  100   [8]  70 17 80 25 28 04 69 87
 (039.458875)  can0  100   [8]  70 17 80 25 28 04 6A 84
 (039.468874)  can0  100   [8]  70 17 80 25 28 04 6B 85
 (039.478876)  can0  100   [8]  70 17 80 25 28 04 6C 82
 (039.488876)  can0  100   [8]  70 17 80 25 28 04 6D 83
 (039.489082)  can0  101   [8]  E8 35 60 C8 00 00 8A FF
 (039.498875)  can0  100   [8]  70 17 80 25 28 04 6E 80
 (039.508876)  can0  100   [8]  70 17 80 25 28 04 6F 81
 (039.518870)  can0  100   [8]  70 17 80 25 28 04 70 9E
 (039.528880)  can0  100   [8]  70 17 80 25 28 04 71 9F
 (039.538869)  can0  100   [8]  70 17 80 25 28 04 72 9C
 (039.548851)  can0  100   [8]  70 17 80 25 28 04 73 9D
 (039.558877)  can0  100   [8]  70 17 80 25 28 04 74 9A
 (039.568870)  can0  100   [8]  70 17 80 25 28 04 75 9B
 (039.578870)  can0  100   [8]  70 17 80 25 28 04 76 98
 (039.588868)  can0  100   [8]  70 17 80 25 28 04 77 99
 (039.589079)  can0  101   [8]  E8 35 60 C8 00 00 8B FE
 (039.598869)  can0  100   [8]  70 17 80 25 28 04 78 96
 (039.608868)  can0  100   [8]  70 17 80 25 28 04 79 97
 (039.618870)  can0  100   [8]  70 17 80 25 28 04 7A 94
 (039.628851)  can0  100   [8]  70 17 80 25 28 04 7B 95
 (039.638872)  can0  100   [8]  70 17 80 25 28 04 7C 92
 (039.648869)  can0  100   [8]  70 17 80 25 28 04 7D 93
 (039.658873)  can0  100   [8]  70 17 80 25 28 04 7E 90
 (039.668871)  can0  100   [8]  70 17 80 25 28 04 7F 91
 (039.678876)  can0  100   [8]  70 17 80 25 28 04 80 6E
 (039.688872)  can0  100   [8]  70 17 80 25 28 04 81 6F
 (039.689079)  can0  101   [8]  E8 35 60 C8 00 00 8C F9
 (039.698873)  can0  100   [8]  70 17 80 25 28 04 82 6C
 (039.708869)  can0  100   [8]  70 17 80 25 28 04 83 6D
 (039.718868)  can0  100   [8]  70 17 80 25 28 04 84 6A
 (039.728870)  can0  100   [8]  70 17 80 25 28 04 85 6B
 (039.738869)  can0  100   [8]  70 17 80 25 28 04 86 68
 (039.748870)  can0  100   [8]  70 17 80 25 28 04 87 69
 (039.758868)  can0  100   [8]  70 17 80 25 28 04 88 66
 (039.768846)  can0  100   [8]  70 17 80 25 28 04 89 67
 (039.778871)  can0  100   [8]  70 17 80 25 28 04 8A 64
 (039.788845)  can0  100   [8]  70 17 80 25 28 04 8B 65
 (039.789074)  can0  101   [8]  E8 35 60 C8 00 00 8D F8
 (039.798870)  can0  100   [8]  70 17 80 25 28 04 8C 62
 (039.808861)  can0  100   [8]  70 17 80 25 28 04 8D 63
 (039.818873)  can0  100   [8]  70 17 80 25 28 04 8E 60
 (039.828865)  can0  100   [8]  70 17 80 25 28 04 8F 61
 (039.838864)  can0  100   [8]  70 17 80 25 28 04 90 7E
 (039.848866)  can0  100   [8]  70 17 80 25 28 04 91 7F
 (039.858870)  can0  100   [8]  70 17 80 25 28 04 92 7C
 (039.868849)  can0  100   [8]  70 17 80 25 28 04 93 7D
 (039.878870)  can0  100   [8]  70 17 80 25 28 04 94 7A
 (039.888862)  can0  100   [8]  70 17 80 25 28 04 95 7B
 (039.889068)  can0  101   [8]  E8 35 60 C8 00 00 8E FB
 (039.898871)  can0  100   [8]  70 17 80 25 28 04 96 78
 (039.908866)  can0  100   [8]  70 17 80 25 28 04 97 79
 (039.918861)  can0  100   [8]  70 17 80 25 28 04 98 76
 (039.928863)  can0  100   [8]  70 17 80 25 28 04 99 77
 (039.938866)  can0  100   [8]  70 17 80 25 28 04 9A 74
 (039.948863)  can0  100   [8]  70 17 80 25 28 04 9B 75
 (039.958861)  can0  100   [8]  70 17 80 25 28 04 9C 72
 (039.968839)  can0  100   [8]  70 17 80 25 28 04 9D 73
 (039.978867)  can0  100   [8]  70 17 80 25 28 04 9E 70
 (039.988864)  can0  100   [8]  70 17 80 25 28 04 9F 71
 (039.989067)  can0  101   [8]  E8 35 60 C8 00 00 8F FA
 (039.989330)  can0  102   [8]  8B D6 12 00 02 00 27 6A
 (039.998861)  can0  100   [8]  70 17 80 25 00 04 A0 66
 (040.008862)  can0  100   [8]  6C 17 7C 25 00 04 A1 87
 (040.018863)  can0  100   [8]  68 17 78 25 00 04 A2 84
 (040.028862)  can0  100   [8]  64 17 74 25 00 04 A3 85
 (040.038864)  can0  100   [8]  60 17 70 25 00 04 A4 82
 (040.048859)  can0  100   [8]  5C 17 6C 25 00 04 A5 A3
 (040.058862)  can0  100   [8]  58 17 68 25 00 04 A6 A0
 (040.068839)  can0  100   [8]  54 17 64 25 00 04 A7 A1
 (040.078862)  can0  100   [8]  50 17 60 25 00 04 A8 AE
 (040.088859)  can0  100   [8]  4C 17 5C 25 00 04 A9 8F
 (040.089061)  can0  101   [8]  E8 35 61 C8 00 00 90 E4
 (040.098864)  can0  100   [8]  48 17 58 25 00 04 AA 8C
 (040.108837)  can0  100   [8]  44 17 54 25 00 04 AB 8D
 (040.118864)  can0  100   [8]  40 17 50 25 00 04 AC 8A
 (040.128867)  can0  100   [8]  3C 17 4C 25 00 04 AD EB
 (040.138864)  can0  100   [8]  38 17 48 25 00 04 AE E8
 (040.148861)  can0  100   [8]  34 17 44 25 00 04 AF E9
 (040.158863)  can0  100   [8]  30 17 40 25 00 04 B0 F6
 (040.168839)  can0  100   [8]  2C 17 3C 25 00 04 B1 97
 (040.178869)  can0  100   [8]  28 17 38 25 00 04 B2 94
 (040.188863)  can0  100   [8]  24 17 34 25 00 04 B3 95
 (040.189062)  can0  101   [8]  E8 35 61 C8 00 00 91 E5
 (040.198858)  can0  100   [8]  20 17 30 25 00 04 B4 92
 (040.208862)  can0  100   [8]  1C 17 2C 25 00 04 B5 B3
 (040.218865)  can0  100   [8]  18 17 28 25 00 04 B6 B0
 (040.228857)  can0  100   [8]  14 17 24 25 00 04 B7 B1
 (040.238860)  can0  100   [8]  10 17 20 25 00 04 B8 BE
 (040.248861)  can0  100   [8]  0C 17 1C 25 00 04 B9 9F
 (040.258852)  can0  100   [8]  08 17 18 25 00 04 BA 9C
 (040.268838)  can0  100   [8]  04 17 14 25 00 04 BB 9D
 (040.278861)  can0  100   [8]  00 17 10 25 00 04 BC 9A
 (040.288860)  can0  100   [8]  FC 16 0C 25 00 04 BD 7A
 (040.289062)  can0  101   [8]  E8 35 61 C8 00 00 92 E6
 (040.298860)  can0  100   [8]  F8 16 08 25 00 04 BE 79
 (040.308862)  can0  100   [8]  F4 16 04 25 00 04 BF 78
 (040.318859)  can0  100   [8]  F0 16 00 25 00 04 C0 07
 (040.328866)  can0  100   [8]  EC 16 FC 24 00 04 C1 E7
 (040.338857)  can0  100   [8]  E8 16 F8 24 00 04 C2 E4
 (040.348834)  can0  100   [8]  E4 16 F4 24 00 04 C3 E5
 (040.358860)  can0  100   [8]  E0 16 F0 24 00 04 C4 E2
 (040.368830)  can0  100   [8]  DC 16 EC 24 00 04 C5 C3
 (040.378856)  can0  100   [8]  D8 16 E8 24 00 04 C6 C0
 (040.388856)  can0  100   [8]  D4 16 E4 24 00 04 C7 C1
 (040.389063)  can0  101   [8]  E8 35 61 C8 00 00 93 E7
 (040.398856)  can0  100   [8]  D0 16 E0 24 00 04 C8 CE
 (040.408856)  can0  100   [8]  CC 16 DC 24 00 04 C9 EF
 (040.418853)  can0  100   [8]  C8 16 D8 24 00 04 CA EC
 (040.428854)  can0  100   [8]  C4 16 D4 24 00 04 CB ED
 (040.438854)  can0  100   [8]  C0 16 D0 24 00 04 CC EA
 (040.448848)  can0  100   [8]  BC 16 CC 24 00 04 CD 8B
 (040.458855)  can0  100   [8]  B8 16 C8 24 00 04 CE 88
 (040.468855)  can0  100   [8]  B4 16 C4 24 00 04 CF 89
 (040.478859)  can0  100   [8]  B0 16 C0 24 00 04 D0 96
 (040.488847)  can0  100   [8]  AC 16 BC 24 00 04 D1 F7
 (040.489052)  can0  101   [8]  E8 35 61 C8 00 00 94 E0
 (040.498850)  can0  100   [8]  A8 16 B8 24 00 04 D2 F4
 (040.508848)  can0  100   [8]  A4 16 B4 24 00 04 D3 F5
 (040.518847)  can0  100   [8]  A0 16 B0 24 00 04 D4 F2
 (040.528852)  can0  100   [8]  9C 16 AC 24 00 04 D5 D3
 (040.538852)  can0  100   [8]  98 16 A8 24 00 04 D6 D0
 (040.548844)  can0  100   [8]  94 16 A4 24 00 04 D7 D1
 (040.558849)  can0  100   [8]  90 16 A0 24 00 04 D8 DE
 (040.568826)  can0  100   [8]  8C 16 9C 24 00 04 D9 FF
 (040.578848)  can0  100   [8]  88 16 98 24 00 04 DA FC
 (040.588830)  can0  100   [8]  84 16 94 24 00 04 DB FD
 (040.589051)  can0  101   [8]  E8 35 61 C8 00 00 95 E1
 (040.598851)  can0  100   [8]  80 16 90 24 00 04 DC FA
 (040.608848)  can0  100   [8]  7C 16 8C 24 00 04 DD 1B
 (040.618847)  can0  100   [8]  78 16 88 24 00 04 DE 18
 (040.628848)  can0  100   [8]  74 16 84 24 00 04 DF 19
 (040.638850)  can0  100   [8]  70 16 80 24 00 04 E0 26
 (040.648847)  can0  100   [8]  6C 16 7C 24 00 04 E1 C7
 (040.658849)  can0  100   [8]  68 16 78 24 00 04 E2 C4
 (040.668822)  can0  100   [8]  64 16 74 24 00 04 E3 C5
 (040.678847)  can0  100   [8]  60 16 70 24 00 04 E4 C2
 (040.688845)  can0  100   [8]  5C 16 6C 24 00 04 E5 E3
 (040.689048)  can0  101   [8]  E8 35 61 C8 00 00 96 E2
 (040.698847)  can0  100   [8]  58 16 68 24 00 04 E6 E0
 (040.708848)  can0  100   [8]  54 16 64 24 00 04 E7 E1
 (040.718838)  can0  100   [8]  50 16 60 24 00 04 E8 EE
 (040.728847)  can0  100   [8]  4C 16 5C 24 00 04 E9 CF
 (040.738842)  can0  100   [8]  48 16 58 24 00 04 EA CC
 (040.748842)  can0  100   [8]  44 16 54 24 00 04 EB CD
 (040.758842)  can0  100   [8]  40 16 50 24 00 04 EC CA
 (040.768809)  can0  100   [8]  3C 16 4C 24 00 04 ED AB
 (040.778847)  can0  100   [8]  38 16 48 24 00 04 EE A8
 (040.788849)  can0  100   [8]  34 16 44 24 00 04 EF A9
 (040.789054)  can0  101   [8]  E8 35 61 C8 00 00 97 E3
 (040.798844)  can0  100   [8]  30 16 40 24 00 04 F0 B6
 (040.808841)  can0  100   [8]  2C 16 3C 24 00 04 F1 D7
 (040.818843)  can0  100   [8]  28 16 38 24 00 04 F2 D4
 (040.828824)  can0  100   [8]  24 16 34 24 00 04 F3 D5
 (040.838846)  can0  100   [8]  20 16 30 24 00 04 F4 D2
 (040.848843)  can0  100   [8]  1C 16 2C 24 00 04 F5 F3
 (040.858845)  can0  100   [8]  18 16 28 24 00 04 F6 F0
 (040.868841)  can0  100   [8]  14 16 24 24 00 04 F7 F1
 (040.878849)  can0  100   [8]  10 16 20 24 00 04 F8 FE
 (040.888848)  can0  100   [8]  0C 16 1C 24 00 04 F9 DF
 (040.889053)  can0  101   [8]  E8 35 61 C8 00 00 98 EC
 (040.898853)  can0  100   [8]  08 16 18 24 00 04 FA DC
 (040.908822)  can0  100   [8]  04 16 14 24 00 04 FB DD
 (040.918849)  can0  100   [8]  00 16 10 24 00 04 FC DA
 (040.928844)  can0  100   [8]  FC 15 0C 24 00 04 FD 38
 (040.938865)  can0  100   [8]  F8 15 08 24 00 04 FE 3B
 (040.948839)  can0  100   [8]  F4 15 04 24 00 04 FF 3A
 (040.958843)  can0  100   [8]  F0 15 00 24 00 04 00 C5
 (040.968836)  can0  100   [8]  EC 15 FC 23 00 04 01 23
 (040.978837)  can0  100   [8]  E8 15 F8 23 00 04 02 20
 (040.988839)  can0  100   [8]  E4 15 F4 23 00 04 03 21
 (040.989044)  can0  101   [8]  E8 35 61 C8 00 00 99 ED
 (040.989284)  can0  102   [8]  8B D6 12 00 02 00 28 65
 (040.998837)  can0  100   [8]  E0 15 F0 23 00 04 04 26
 (041.008837)  can0  100   [8]  DC 15 EC 23 00 04 05 07
 (041.018839)  can0  100   [8]  D8 15 E8 23 00 04 06 04
 (041.028835)  can0  100   [8]  D4 15 E4 23 00 04 07 05
 (041.038836)  can0  100   [8]  D0 15 E0 23 00 04 08 0A
 (041.048831)  can0  100   [8]  CC 15 DC 23 00 04 09 2B
 (041.058831)  can0  100   [8]  C8 15 D8 23 00 04 0A 28
 (041.068830)  can0  100   [8]  C4 15 D4 23 00 04 0B 29
 (041.078836)  can0  100   [8]  C0 15 D0 23 00 04 0C 2E
 (041.088833)  can0  100   [8]  BC 15 CC 23 00 04 0D 4F
 (041.089037)  can0  101   [8]  E8 35 62 C8 00 00 9A ED
 (041.098837)  can0  100   [8]  B8 15 C8 23 00 04 0E 4C
 (041.108830)  can0  100   [8]  B4 15 C4 23 00 04 0F 4D
 (041.118830)  can0  100   [8]  B0 15 C0 23 00 04 10 52
 (041.128830)  can0  100   [8]  AC 15 BC 23 00 04 11 33
 (041.138829)  can0  100   [8]  A8 15 B8 23 00 04 12 30
 (041.148829)  can0  100   [8]  A4 15 B4 23 00 04 13 31
 (041.158835)  can0  100   [8]  A0 15 B0 23 00 04 14 36
 (041.168833)  can0  100   [8]  9C 15 AC 23 00 04 15 17
 (041.178840)  can0  100   [8]  98 15 A8 23 00 04 16 14
 (041.188835)  can0  100   [8]  94 15 A4 23 00 04 17 15
 (041.189037)  can0  101   [8]  E8 35 62 C8 00 00 9B EC
 (041.198834)  can0  100   [8]  90 15 A0 23 00 04 18 1A
 (041.208834)  can0  100   [8]  8C 15 9C 23 00 04 19 3B
 (041.218831)  can0  100   [8]  88 15 98 23 00 04 1A 38
 (041.228831)  can0  100   [8]  84 15 94 23 00 04 1B 39
 (041.238836)  can0  100   [8]  80 15 90 23 00 04 1C 3E
 (041.248830)  can0  100   [8]  7C 15 8C 23 00 04 1D DF
 (041.258830)  can0  100   [8]  78 15 88 23 00 04 1E DC
 (041.268828)  can0  100   [8]  74 15 84 23 00 04 1F DD
 (041.278828)  can0  100   [8]  70 15 80 23 00 04 20 E2
 (041.288833)  can0  100   [8]  6C 15 7C 23 00 04 21 03
 (041.289037)  can0  101   [8]  E8 35 62 C8 00 00 9C EB
 (041.298838)  can0  100   [8]  68 15 78 23 00 04 22 00
 (041.308830)  can0  100   [8]  64 15 74 23 00 04 23 01
 (041.318826)  can0  100   [8]  60 15 70 23 00 04 24 06
 (041.328823)  can0  100   [8]  5C 15 6C 23 00 04 25 27
 (041.338831)  can0  100   [8]  58 15 68 23 00 04 26 24
 (041.348822)  can0  100   [8]  54 15 64 23 00 04 27 25
 (041.358829)  can0  100   [8]  50 15 60 23 00 04 28 2A
 (041.368821)  can0  100   [8]  4C 15 5C 23 00 04 29 0B
 (041.378821)  can0  100   [8]  48 15 58 23 00 04 2A 08
 (041.388801)  can0  100   [8]  44 15 54 23 00 04 2B 09
 (041.389028)  can0  101   [8]  E8 35 62 C8 00 00 9D EA
 (041.398830)  can0  100   [8]  40 15 50 23 00 04 2C 0E
 (041.408846)  can0  100   [8]  3C 15 4C 23 00 04 2D 6F
 (041.418826)  can0  100   [8]  38 15 48 23 00 04 2E 6C
 (041.428820)  can0  100   [8]  34 15 44 23 00 04 2F 6D
 (041.438830)  can0  100   [8]  30 15 40 23 00 04 30 72
 (041.448823)  can0  100   [8]  2C 15 3C 23 00 04 31 13
 (041.458820)  can0  100   [8]  28 15 38 23 00 04 32 10
 (041.468820)  can0  100   [8]  24 15 34 23 00 04 33 11
 (041.478829)  can0  100   [8]  20 15 30 23 00 04 34 16
 (041.488823)  can0  100   [8]  1C 15 2C 23 00 04 35 37
 (041.489021)  can0  101   [8]  E8 35 62 C8 00 00 9E E9
 (041.498822)  can0  100   [8]  18 15 28 23 00 04 36 34
 (041.508823)  can0  100   [8]  14 15 24 23 00 04 37 35
 (041.518825)  can0  100   [8]  10 15 20 23 00 04 38 3A
 (041.528824)  can0  100   [8]  0C 15 1C 23 00 04 39 1B
 (041.538822)  can0  100   [8]  08 15 18 23 00 04 3A 18
 (041.548816)  can0  100   [8]  04 15 14 23 00 04 3B 19
 (041.558827)  can0  100   [8]  00 15 10 23 00 04 3C 1E
 (041.568821)  can0  100   [8]  FC 14 0C 23 00 04 3D FE
 (041.578828)  can0  100   [8]  F8 14 08 23 00 04 3E FD
 (041.588822)  can0  100   [8]  F4 14 04 23 00 04 3F FC
 (041.589025)  can0  101   [8]  E8 35 62 C8 00 00 9F E8
 (041.598826)  can0  100   [8]  F0 14 00 23 00 04 40 83
 (041.608821)  can0  100   [8]  EC 14 FC 22 00 04 41 63
 (041.618826)  can0  100   [8]  E8 14 F8 22 00 04 42 60
 (041.628794)  can0  100   [8]  E4 14 F4 22 00 04 43 61
 (041.638818)  can0  100   [8]  E0 14 F0 22 00 04 44 66
 (041.648813)  can0  100   [8]  DC 14 EC 22 00 04 45 47
 (041.658815)  can0  100   [8]  D8 14 E8 22 00 04 46 44
 (041.668811)  can0  100   [8]  D4 14 E4 22 00 04 47 45
 (041.678815)  can0  100   [8]  D0 14 E0 22 00 04 48 4A
 (041.688818)  can0  100   [8]  CC 14 DC 22 00 04 49 6B
 (041.689017)  can0  101   [8]  E8 35 62 C8 00 00 A0 D7
 (041.698815)  can0  100   [8]  C8 14 D8 22 00 04 4A 68
 (041.708791)  can0  100   [8]  C4 14 D4 22 00 04 4B 69
 (041.718822)  can0  100   [8]  C0 14 D0 22 00 04 4C 6E
 (041.728814)  can0  100   [8]  BC 14 CC 22 00 04 4D 0F
 (041.738811)  can0  100   [8]  B8 14 C8 22 00 04 4E 0C
 (041.748813)  can0  100   [8]  B4 14 C4 22 00 04 4F 0D
 (041.758813)  can0  100   [8]  B0 14 C0 22 00 04 50 12
 (041.768809)  can0  100   [8]  AC 14 BC 22 00 04 51 73
 (041.778813)  can0  100   [8]  A8 14 B8 22 00 04 52 70
 (041.788795)  can0  100   [8]  A4 14 B4 22 00 04 53 71
 (041.789017)  can0  101   [8]  E8 35 62 C8 00 00 A1 D6
 (041.798820)  can0  100   [8]  A0 14 B0 22 00 04 54 76
 (041.808805)  can0  100   [8]  9C 14 AC 22 00 04 55 57
 (041.818814)  can0  100   [8]  98 14 A8 22 00 04 56 54
 (041.828813)  can0  100   [8]  94 14 A4 22 00 04 57 55
 (041.838815)  can0  100   [8]  90 14 A0 22 00 04 58 5A
 (041.848810)  can0  100   [8]  8C 14 9C 22 00 04 59 7B
 (041.858813)  can0  100   [8]  88 14 98 22 00 04 5A 78
 (041.868810)  can0  100   [8]  84 14 94 22 00 04 5B 79
 (041.878816)  can0  100   [8]  80 14 90 22 00 04 5C 7E
 (041.888811)  can0  100   [8]  7C 14 8C 22 00 04 5D 9F
 (041.889011)  can0  101   [8]  E8 35 62 C8 00 00 A2 D5
 (041.898810)  can0  100   [8]  78 14 88 22 00 04 5E 9C
 (041.908806)  can0  100   [8]  74 14 84 22 00 04 5F 9D
 (041.918823)  can0  100   [8]  70 14 80 22 00 04 60 A2
 (041.928812)  can0  100   [8]  6C 14 7C 22 00 04 61 43
 (041.938810)  can0  100   [8]  68 14 78 22 00 04 62 40
 (041.948788)  can0  100   [8]  64 14 74 22 00 04 63 41
 (041.958810)  can0  100   [8]  60 14 70 22 00 04 64 46
 (041.968811)  can0  100   [8]  5C 14 6C 22 00 04 65 67
 (041.978809)  can0  100   [8]  58 14 68 22 00 04 66 64
 (041.988810)  can0  100   [8]  54 14 64 22 00 04 67 65
 (041.989007)  can0  101   [8]  E8 35 62 C8 00 00 A3 D4
 (041.989247)  can0  102   [8]  8B D6 12 00 02 00 29 64
 (041.998804)  can0  100   [8]  50 14 60 22 00 04 68 6A
 (042.008803)  can0  100   [8]  4C 14 5C 22 00 04 69 4B
 (042.018806)  can0  100   [8]  48 14 58 22 00 04 6A 48
 (042.028805)  can0  100   [8]  44 14 54 22 00 04 6B 49
 (042.038803)  can0  100   [8]  40 14 50 22 00 04 6C 4E
 (042.048809)  can0  100   [8]  3C 14 4C 22 00 04 6D 2F
 (042.058806)  can0  100   [8]  38 14 48 22 00 04 6E 2C
 (042.068808)  can0  100   [8]  34 14 44 22 00 04 6F 2D
 (042.078807)  can0  100   [8]  30 14 40 22 00 04 70 32
 (042.088810)  can0  100   [8]  2C 14 3C 22 00 04 71 53
 (042.089008)  can0  101   [8]  E8 35 63 C8 00 00 A4 D2
 (042.098805)  can0  100   [8]  28 14 38 22 00 04 72 50
 (042.108805)  can0  100   [8]  24 14 34 22 00 04 73 51
 (042.118800)  can0  100   [8]  20 14 30 22 00 04 74 56
 (042.128811)  can0  100   [8]  1C 14 2C 22 00 04 75 77
 (042.138811)  can0  100   [8]  18 14 28 22 00 04 76 74
 (042.148808)  can0  100   [8]  14 14 24 22 00 04 77 75
 (042.158804)  can0  100   [8]  10 14 20 22 00 04 78 7A
 (042.168802)  can0  100   [8]  0C 14 1C 22 00 04 79 5B
 (042.178813)  can0  100   [8]  08 14 18 22 00 04 7A 58
 (042.188789)  can0  100   [8]  04 14 14 22 00 04 7B 59
 (042.189010)  can0  101   [8]  E8 35 63 C8 00 00 A5 D3
 (042.198815)  can0  100   [8]  00 14 10 22 00 04 7C 5E
 (042.208809)  can0  100   [8]  FC 13 0C 22 00 04 7D B8
 (042.218805)  can0  100   [8]  F8 13 08 22 00 04 7E BB
 (042.228804)  can0  100   [8]  F4 13 04 22 00 04 7F BA
 (042.238807)  can0  100   [8]  F0 13 00 22 00 04 80 45
 (042.248806)  can0  100   [8]  EC 13 FC 21 00 04 81 A7
 (042.258803)  can0  100   [8]  E8 13 F8 21 00 04 82 A4
 (042.268796)  can0  100   [8]  E4 13 F4 21 00 04 83 A5
 (042.278801)  can0  100   [8]  E0 13 F0 21 00 04 84 A2
 (042.288798)  can0  100   [8]  DC 13 EC 21 00 04 85 83
 (042.289006)  can0  101   [8]  E8 35 63 C8 00 00 A6 D0
 (042.298801)  can0  100   [8]  D8 13 E8 21 00 04 86 80
 (042.308799)  can0  100   [8]  D4 13 E4 21 00 04 87 81
 (042.318801)  can0  100   [8]  D0 13 E0 21 00 04 88 8E
 (042.328796)  can0  100   [8]  CC 13 DC 21 00 04 89 AF
 (042.338805)  can0  100   [8]  C8 13 D8 21 00 04 8A AC
 (042.348794)  can0  100   [8]  C4 13 D4 21 00 04 8B AD
 (042.358794)  can0  100   [8]  C0 13 D0 21 00 04 8C AA
 (042.368793)  can0  100   [8]  BC 13 CC 21 00 04 8D CB
 (042.378796)  can0  100   [8]  B8 13 C8 21 00 04 8E C8
 (042.388814)  can0  100   [8]  B4 13 C4 21 00 04 8F C9
 (042.389001)  can0  101   [8]  E8 35 63 C8 00 00 A7 D1
 (042.398799)  can0  100   [8]  B0 13 C0 21 00 04 90 D6
 (042.408794)  can0  100   [8]  AC 13 BC 21 00 04 91 B7
 (042.418791)  can0  100   [8]  A8 13 B8 21 00 04 92 B4
 (042.428774)  can0  100   [8]  A4 13 B4 21 00 04 93 B5
 (042.438800)  can0  100   [8]  A0 13 B0 21 00 04 94 B2
 (042.448792)  can0  100   [8]  9C 13 AC 21 00 04 95 93
 (042.458793)  can0  100   [8]  98 13 A8 21 00 04 96 90
 (042.468789)  can0  100   [8]  94 13 A4 21 00 04 97 91
 (042.478787)  can0  100   [8]  90 13 A0 21 00 04 98 9E
 (042.488797)  can0  100   [8]  8C 13 9C 21 00 04 99 BF
 (042.488995)  can0  101   [8]  E8 35 63 C8 00 00 A8 DE
 (042.498790)  can0  100   [8]  88 13 98 21 00 04 9A BC
 (042.508790)  can0  100   [8]  84 13 94 21 00 04 9B BD
 (042.518796)  can0  100   [8]  80 13 90 21 00 04 9C BA
 (042.528792)  can0  100   [8]  7C 13 8C 21 00 04 9D 5B
 (042.538790)  can0  100   [8]  78 13 88 21 00 04 9E 58
 (042.548785)  can0  100   [8]  74 13 84 21 00 04 9F 59
 (042.558788)  can0  100   [8]  70 13 80 21 00 04 A0 66
 (042.568792)  can0  100   [8]  6C 13 7C 21 00 04 A1 87
 (042.578784)  can0  100   [8]  68 13 78 21 00 04 A2 84
 (042.588789)  can0  100   [8]  64 13 74 21 00 04 A3 85
 (042.589016)  can0  101   [8]  E8 35 63 C8 00 00 A9 DF
 (042.598795)  can0  100   [8]  60 13 70 21 00 04 A4 82
 (042.608789)  can0  100   [8]  5C 13 6C 21 00 04 A5 A3
 (042.618791)  can0  100   [8]  58 13 68 21 00 04 A6 A0
 (042.628786)  can0  100   [8]  54 13 64 21 00 04 A7 A1
 (042.638791)  can0  100   [8]  50 13 60 21 00 04 A8 AE
 (042.648789)  can0  100   [8]  4C 13 5C 21 00 04 A9 8F
 (042.658787)  can0  100   [8]  48 13 58 21 00 04 AA 8C
 (042.668763)  can0  100   [8]  44 13 54 21 00 04 AB 8D
 (042.678793)  can0  100   [8]  40 13 50 21 00 04 AC 8A
 (042.688792)  can0  100   [8]  3C 13 4C 21 00 04 AD EB
 (042.688993)  can0  101   [8]  E8 35 63 C8 00 00 AA DC
 (042.698791)  can0  100   [8]  38 13 48 21 00 04 AE E8
 (042.708789)  can0  100   [8]  34 13 44 21 00 04 AF E9
 (042.718789)  can0  100   [8]  30 13 40 21 00 04 B0 F6
 (042.728790)  can0  100   [8]  2C 13 3C 21 00 04 B1 97
 (042.738787)  can0  100   [8]  28 13 38 21 00 04 B2 94
 (042.748763)  can0  100   [8]  24 13 34 21 00 04 B3 95
 (042.758801)  can0  100   [8]  20 13 30 21 00 04 B4 92
 (042.768789)  can0  100   [8]  1C 13 2C 21 00 04 B5 B3
 (042.778790)  can0  100   [8]  18 13 28 21 00 04 B6 B0
 (042.788789)  can0  100   [8]  14 13 24 21 00 04 B7 B1
 (042.788987)  can0  101   [8]  E8 35 63 C8 00 00 AB DD
 (042.798790)  can0  100   [8]  10 13 20 21 00 04 B8 BE
 (042.808789)  can0  100   [8]  0C 13 1C 21 00 04 B9 9F
 (042.818784)  can0  100   [8]  08 13 18 21 00 04 BA 9C
 (042.828768)  can0  100   [8]  04 13 14 21 00 04 BB 9D
 (042.838787)  can0  100   [8]  00 13 10 21 00 04 BC 9A
 (042.848801)  can0  100   [8]  FC 12 0C 21 00 04 BD 7A
 (042.858788)  can0  100   [8]  F8 12 08 21 00 04 BE 79
 (042.868788)  can0  100   [8]  F4 12 04 21 00 04 BF 78
 (042.878772)  can0  100   [8]  F0 12 00 21 00 04 C0 07
 (042.888787)  can0  100   [8]  EC 12 FC 20 00 04 C1 E7
 (042.888988)  can0  101   [8]  E8 35 63 C8 00 00 AC DA
 (042.898791)  can0  100   [8]  E8 12 F8 20 00 04 C2 E4
 (042.908782)  can0  100   [8]  E4 12 F4 20 00 04 C3 E5
 (042.918783)  can0  100   [8]  E0 12 F0 20 00 04 C4 E2
 (042.928779)  can0  100   [8]  DC 12 EC 20 00 04 C5 C3
 (042.938782)  can0  100   [8]  D8 12 E8 20 00 04 C6 C0
 (042.948782)  can0  100   [8]  D4 12 E4 20 00 04 C7 C1
 (042.958779)  can0  100   [8]  D0 12 E0 20 00 04 C8 CE
 (042.968776)  can0  100   [8]  CC 12 DC 20 00 04 C9 EF
 (042.978760)  can0  100   [8]  C8 12 D8 20 00 04 CA EC
 (042.988756)  can0  100   [8]  C4 12 D4 20 00 04 CB ED
 (042.988984)  can0  101   [8]  E8 35 63 C8 00 00 AD DB
 (042.989225)  can0  102   [8]  8C D6 12 00 02 00 2A 60
 (042.998786)  can0  100   [8]  C0 12 D0 20 00 04 CC EA
 (043.008779)  can0  100   [8]  BC 12 CC 20 00 04 CD 8B
 (043.018781)  can0  100   [8]  B8 12 C8 20 00 04 CE 88
 (043.028785)  can0  100   [8]  B4 12 C4 20 00 04 CF 89
 (043.038783)  can0  100   [8]  B0 12 C0 20 00 04 D0 96
 (043.048776)  can0  100   [8]  AC 12 BC 20 00 04 D1 F7
 (043.058773)  can0  100   [8]  A8 12 B8 20 00 04 D2 F4
 (043.068775)  can0  100   [8]  A4 12 B4 20 00 04 D3 F5
 (043.078757)  can0  100   [8]  A0 12 B0 20 00 04 D4 F2
 (043.088779)  can0  100   [8]  9C 12 AC 20 00 04 D5 D3
 (043.088980)  can0  101   [8]  E8 35 64 C8 00 00 AE DF
 (043.098774)  can0  100   [8]  98 12 A8 20 00 04 D6 D0
 (043.108776)  can0  100   [8]  94 12 A4 20 00 04 D7 D1
 (043.118773)  can0  100   [8]  90 12 A0 20 00 04 D8 DE
 (043.128780)  can0  100   [8]  8C 12 9C 20 00 04 D9 FF
 (043.138777)  can0  100   [8]  88 12 98 20 00 04 DA FC
 (043.148782)  can0  100   [8]  84 12 94 20 00 04 DB FD
 (043.158785)  can0  100   [8]  80 12 90 20 00 04 DC FA
 (043.168776)  can0  100   [8]  7C 12 8C 20 00 04 DD 1B
 (043.178763)  can0  100   [8]  78 12 88 20 00 04 DE 18
 (043.188785)  can0  100   [8]  74 12 84 20 00 04 DF 19
 (043.188981)  can0  101   [8]  E8 35 64 C8 00 00 AF DE
 (043.198777)  can0  100   [8]  70 12 80 20 00 04 E0 26
 (043.208782)  can0  100   [8]  6C 12 7C 20 00 04 E1 C7
 (043.218776)  can0  100   [8]  68 12 78 20 00 04 E2 C4
 (043.228774)  can0  100   [8]  64 12 74 20 00 04 E3 C5
 (043.238745)  can0  100   [8]  60 12 70 20 00 04 E4 C2
 (043.248792)  can0  100   [8]  5C 12 6C 20 00 04 E5 E3
 (043.258782)  can0  100   [8]  58 12 68 20 00 04 E6 E0
 (043.268778)  can0  100   [8]  54 12 64 20 00 04 E7 E1
 (043.278755)  can0  100   [8]  50 12 60 20 00 04 E8 EE
 (043.288755)  can0  100   [8]  4C 12 5C 20 00 04 E9 CF
 (043.288980)  can0  101   [8]  E8 35 64 C8 00 00 B0 C1
 (043.298780)  can0  100   [8]  48 12 58 20 00 04 EA CC
 (043.308770)  can0  100   [8]  44 12 54 20 00 04 EB CD
 (043.318771)  can0  100   [8]  40 12 50 20 00 04 EC CA
 (043.328777)  can0  100   [8]  3C 12 4C 20 00 04 ED AB
 (043.338774)  can0  100   [8]  38 12 48 20 00 04 EE A8
 (043.348771)  can0  100   [8]  34 12 44 20 00 04 EF A9
 (043.358770)  can0  100   [8]  30 12 40 20 00 04 F0 B6
 (043.368774)  can0  100   [8]  2C 12 3C 20 00 04 F1 D7
 (043.378748)  can0  100   [8]  28 12 38 20 00 04 F2 D4
 (043.388768)  can0  100   [8]  24 12 34 20 00 04 F3 D5
 (043.388976)  can0  101   [8]  E8 35 64 C8 00 00 B1 C0
 (043.398775)  can0  100   [8]  20 12 30 20 00 04 F4 D2
 (043.408771)  can0  100   [8]  1C 12 2C 20 00 04 F5 F3
 (043.418774)  can0  100   [8]  18 12 28 20 00 04 F6 F0
 (043.428769)  can0  100   [8]  14 12 24 20 00 04 F7 F1
 (043.438776)  can0  100   [8]  10 12 20 20 00 04 F8 FE
 (043.448771)  can0  100   [8]  0C 12 1C 20 00 04 F9 DF
 (043.458766)  can0  100   [8]  08 12 18 20 00 04 FA DC
 (043.468746)  can0  100   [8]  04 12 14 20 00 04 FB DD
 (043.478756)  can0  100   [8]  00 12 10 20 00 04 FC DA
 (043.488769)  can0  100   [8]  FC 11 0C 20 00 04 FD 38
 (043.488968)  can0  101   [8]  E8 35 64 C8 00 00 B2 C3
 (043.498779)  can0  100   [8]  F8 11 08 20 00 04 FE 3B
 (043.508772)  can0  100   [8]  F4 11 04 20 00 04 FF 3A
 (043.518772)  can0  100   [8]  F0 11 00 20 00 04 00 C5
 (043.528771)  can0  100   [8]  EC 11 FC 1F 00 04 01 1B
 (043.538764)  can0  100   [8]  E8 11 F8 1F 00 04 02 18
 (043.548755)  can0  100   [8]  E4 11 F4 1F 00 04 03 19
 (043.558781)  can0  100   [8]  E0 11 F0 1F 00 04 04 1E
 (043.568771)  can0  100   [8]  DC 11 EC 1F 00 04 05 3F
 (043.578750)  can0  100   [8]  D8 11 E8 1F 00 04 06 3C
 (043.588769)  can0  100   [8]  D4 11 E4 1F 00 04 07 3D
 (043.588969)  can0  101   [8]  E8 35 64 C8 00 00 B3 C2
 (043.598769)  can0  100   [8]  D0 11 E0 1F 00 04 08 32
 (043.608771)  can0  100   [8]  CC 11 DC 1F 00 04 09 13
 (043.618763)  can0  100   [8]  C8 11 D8 1F 00 04 0A 10
 (043.628766)  can0  100   [8]  C4 11 D4 1F 00 04 0B 11
 (043.638769)  can0  100   [8]  C0 11 D0 1F 00 04 0C 16
 (043.648769)  can0  100   [8]  BC 11 CC 1F 00 04 0D 77
 (043.658757)  can0  100   [8]  B8 11 C8 1F 00 04 0E 74
 (043.668758)  can0  100   [8]  B4 11 C4 1F 00 04 0F 75
 (043.678743)  can0  100   [8]  B0 11 C0 1F 00 04 10 6A
 (043.688762)  can0  100   [8]  AC 11 BC 1F 00 04 11 0B
 (043.688965)  can0  101   [8]  E8 35 64 C8 00 00 B4 C5
 (043.698785)  can0  100   [8]  A8 11 B8 1F 00 04 12 08
 (043.708739)  can0  100   [8]  A4 11 B4 1F 00 04 13 09
 (043.718764)  can0  100   [8]  A0 11 B0 1F 00 04 14 0E
 (043.728762)  can0  100   [8]  9C 11 AC 1F 00 04 15 2F
 (043.738764)  can0  100   [8]  98 11 A8 1F 00 04 16 2C
 (043.748763)  can0  100   [8]  94 11 A4 1F 00 04 17 2D
 (043.758766)  can0  100   [8]  90 11 A0 1F 00 04 18 22
 (043.768761)  can0  100   [8]  8C 11 9C 1F 00 04 19 03
 (043.778751)  can0  100   [8]  88 11 98 1F 00 04 1A 00
 (043.788744)  can0  100   [8]  84 11 94 1F 00 04 1B 01
 (043.788964)  can0  101   [8]  E8 35 64 C8 00 00 B5 C4
 (043.798770)  can0  100   [8]  80 11 90 1F 00 04 1C 06
 (043.808761)  can0  100   [8]  7C 11 8C 1F 00 04 1D E7
 (043.818761)  can0  100   [8]  78 11 88 1F 00 04 1E E4
 (043.828763)  can0  100   [8]  74 11 84 1F 00 04 1F E5
 (043.838756)  can0  100   [8]  70 11 80 1F 00 04 20 DA
 (043.848754)  can0  100   [8]  6C 11 7C 1F 00 04 21 3B
 (043.858756)  can0  100   [8]  68 11 78 1F 00 04 22 38
 (043.868758)  can0  100   [8]  64 11 74 1F 00 04 23 39
 (043.878825)  can0  100   [8]  60 11 70 1F 00 04 24 3E
 (043.888759)  can0  100   [8]  5C 11 6C 1F 00 04 25 1F
 (043.888961)  can0  101   [8]  E8 35 64 C8 00 00 B6 C7
 (043.898760)  can0  100   [8]  58 11 68 1F 00 04 26 1C
 (043.908756)  can0  100   [8]  54 11 64 1F 00 04 27 1D
 (043.918754)  can0  100   [8]  50 11 60 1F 00 04 28 12
 (043.928762)  can0  100   [8]  4C 11 5C 1F 00 04 29 33
 (043.938762)  can0  100   [8]  48 11 58 1F 00 04 2A 30
 (043.948752)  can0  100   [8]  44 11 54 1F 00 04 2B 31
 (043.958751)  can0  100   [8]  40 11 50 1F 00 04 2C 36
 (043.968757)  can0  100   [8]  3C 11 4C 1F 00 04 2D 57
 (043.978755)  can0  100   [8]  38 11 48 1F 00 04 2E 54
 (043.988754)  can0  100   [8]  34 11 44 1F 00 04 2F 55
 (043.988959)  can0  101   [8]  E8 35 64 C8 00 00 B7 C6
 (043.989197)  can0  102   [8]  8C D6 12 00 02 00 2B 61
 (043.998762)  can0  100   [8]  30 11 40 1F 00 04 30 4A
 (044.008751)  can0  100   [8]  2C 11 3C 1F 00 04 31 2B
 (044.018755)  can0  100   [8]  28 11 38 1F 00 04 32 28
 (044.028734)  can0  100   [8]  24 11 34 1F 00 04 33 29
 (044.038759)  can0  100   [8]  20 11 30 1F 00 04 34 2E
 (044.048751)  can0  100   [8]  1C 11 2C 1F 00 04 35 0F
 (044.058750)  can0  100   [8]  18 11 28 1F 00 04 36 0C
 (044.068755)  can0  100   [8]  14 11 24 1F 00 04 37 0D
 (044.078754)  can0  100   [8]  10 11 20 1F 00 04 38 02
 (044.088755)  can0  100   [8]  0C 11 1C 1F 00 04 39 23
 (044.088957)  can0  101   [8]  E8 35 65 C8 00 00 B8 C8
 (044.098747)  can0  100   [8]  08 11 18 1F 00 04 3A 20
 (044.108750)  can0  100   [8]  04 11 14 1F 00 04 3B 21
 (044.118745)  can0  100   [8]  00 11 10 1F 00 04 3C 26
 (044.128756)  can0  100   [8]  FC 10 0C 1F 00 04 3D C6
 (044.138756)  can0  100   [8]  F8 10 08 1F 00 04 3E C5
 (044.148752)  can0  100   [8]  F4 10 04 1F 00 04 3F C4
 (044.158756)  can0  100   [8]  F0 10 00 1F 00 04 40 BB
 (044.168752)  can0  100   [8]  EC 10 FC 1E 00 04 41 5B
 (044.178759)  can0  100   [8]  E8 10 F8 1E 00 04 42 58
 (044.188749)  can0  100   [8]  E4 10 F4 1E 00 04 43 59
 (044.188950)  can0  101   [8]  E8 35 65 C8 00 00 B9 C9
 (044.198752)  can0  100   [8]  E0 10 F0 1E 00 04 44 5E
 (044.208756)  can0  100   [8]  DC 10 EC 1E 00 04 45 7F
 (044.218746)  can0  100   [8]  D8 10 E8 1E 00 04 46 7C
 (044.228752)  can0  100   [8]  D4 10 E4 1E 00 04 47 7D
 (044.238744)  can0  100   [8]  D0 10 E0 1E 00 04 48 72
 (044.248748)  can0  100   [8]  CC 10 DC 1E 00 04 49 53
 (044.258751)  can0  100   [8]  C8 10 D8 1E 00 04 4A 50
 (044.268730)  can0  100   [8]  C4 10 D4 1E 00 04 4B 51
 (044.278746)  can0  100   [8]  C0 10 D0 1E 00 04 4C 56
 (044.288750)  can0  100   [8]  BC 10 CC 1E 00 04 4D 37
 (044.288952)  can0  101   [8]  E8 35 65 C8 00 00 BA CA
 (044.298741)  can0  100   [8]  B8 10 C8 1E 00 04 4E 34
 (044.308746)  can0  100   [8]  B4 10 C4 1E 00 04 4F 35
 (044.318743)  can0  100   [8]  B0 10 C0 1E 00 04 50 2A
 (044.328743)  can0  100   [8]  AC 10 BC 1E 00 04 51 4B
 (044.338746)  can0  100   [8]  A8 10 B8 1E 00 04 52 48
 (044.348744)  can0  100   [8]  A4 10 B4 1E 00 04 53 49
 (044.358740)  can0  100   [8]  A0 10 B0 1E 00 04 54 4E
 (044.368742)  can0  100   [8]  9C 10 AC 1E 00 04 55 6F
 (044.378738)  can0  100   [8]  98 10 A8 1E 00 04 56 6C
 (044.388740)  can0  100   [8]  94 10 A4 1E 00 04 57 6D
 (044.388946)  can0  101   [8]  E8 35 65 C8 00 00 BB CB
 (044.398738)  can0  100   [8]  90 10 A0 1E 00 04 58 62
 (044.408746)  can0  100   [8]  8C 10 9C 1E 00 04 59 43
 (044.418744)  can0  100   [8]  88 10 98 1E 00 04 5A 40
 (044.428746)  can0  100   [8]  84 10 94 1E 00 04 5B 41
 (044.438736)  can0  100   [8]  80 10 90 1E 00 04 5C 46
 (044.448749)  can0  100   [8]  7C 10 8C 1E 00 04 5D A7
 (044.458739)  can0  100   [8]  78 10 88 1E 00 04 5E A4
 (044.468742)  can0  100   [8]  74 10 84 1E 00 04 5F A5
 (044.478745)  can0  100   [8]  70 10 80 1E 00 04 60 9A
 (044.488741)  can0  100   [8]  6C 10 7C 1E 00 04 61 7B
 (044.488945)  can0  101   [8]  E8 35 65 C8 00 00 BC CC
 (044.498738)  can0  100   [8]  68 10 78 1E 00 04 62 78
 (044.508721)  can0  100   [8]  64 10 74 1E 00 04 63 79
 (044.518744)  can0  100   [8]  60 10 70 1E 00 04 64 7E
 (044.528745)  can0  100   [8]  5C 10 6C 1E 00 04 65 5F
 (044.538737)  can0  100   [8]  58 10 68 1E 00 04 66 5C
 (044.548742)  can0  100   [8]  54 10 64 1E 00 04 67 5D
 (044.558737)  can0  100   [8]  50 10 60 1E 00 04 68 52
 (044.568738)  can0  100   [8]  4C 10 5C 1E 00 04 69 73
 (044.578735)  can0  100   [8]  48 10 58 1E 00 04 6A 70
 (044.588737)  can0  100   [8]  44 10 54 1E 00 04 6B 71
 (044.588944)  can0  101   [8]  E8 35 65 C8 00 00 BD CD
 (044.598740)  can0  100   [8]  40 10 50 1E 00 04 6C 76
 (044.608742)  can0  100   [8]  3C 10 4C 1E 00 04 6D 17
 (044.618734)  can0  100   [8]  38 10 48 1E 00 04 6E 14
 (044.628740)  can0  100   [8]  34 10 44 1E 00 04 6F 15
 (044.638739)  can0  100   [8]  30 10 40 1E 00 04 70 0A
 (044.648758)  can0  100   [8]  2C 10 3C 1E 00 04 71 6B
 (044.658736)  can0  100   [8]  28 10 38 1E 00 04 72 68
 (044.668742)  can0  100   [8]  24 10 34 1E 00 04 73 69
 (044.678736)  can0  100   [8]  20 10 30 1E 00 04 74 6E
 (044.688733)  can0  100   [8]  1C 10 2C 1E 00 04 75 4F
 (044.688936)  can0  101   [8]  E8 35 65 C8 00 00 BE CE
 (044.698737)  can0  100   [8]  18 10 28 1E 00 04 76 4C
 (044.708740)  can0  100   [8]  14 10 24 1E 00 04 77 4D
 (044.718732)  can0  100   [8]  10 10 20 1E 00 04 78 42
 (044.728737)  can0  100   [8]  0C 10 1C 1E 00 04 79 63
 (044.738737)  can0  100   [8]  08 10 18 1E 00 04 7A 60
 (044.748719)  can0  100   [8]  04 10 14 1E 00 04 7B 61
 (044.758735)  can0  100   [8]  00 10 10 1E 00 04 7C 66
 (044.768738)  can0  100   [8]  FC 0F 0C 1E 00 04 7D 98
 (044.778733)  can0  100   [8]  F8 0F 08 1E 00 04 7E 9B
 (044.788735)  can0  100   [8]  F4 0F 04 1E 00 04 7F 9A
 (044.788948)  can0  101   [8]  E8 35 65 C8 00 00 BF CF
 (044.798733)  can0  100   [8]  F0 0F 00 1E 00 04 80 65
 (044.808735)  can0  100   [8]  EC 0F FC 1D 00 04 81 87
 (044.818728)  can0  100   [8]  E8 0F F8 1D 00 04 82 84
 (044.828715)  can0  100   [8]  E4 0F F4 1D 00 04 83 85
 (044.838736)  can0  100   [8]  E0 0F F0 1D 00 04 84 82
 (044.848728)  can0  100   [8]  DC 0F EC 1D 00 04 85 A3
 (044.858730)  can0  100   [8]  D8 0F E8 1D 00 04 86 A0
 (044.868726)  can0  100   [8]  D4 0F E4 1D 00 04 87 A1
 (044.878728)  can0  100   [8]  D0 0F E0 1D 00 04 88 AE
 (044.888728)  can0  100   [8]  CC 0F DC 1D 00 04 89 8F
 (044.888939)  can0  101   [8]  E8 35 65 C8 00 00 C0 B0
 (044.898725)  can0  100   [8]  C8 0F D8 1D 00 04 8A 8C
 (044.908727)  can0  100   [8]  C4 0F D4 1D 00 04 8B 8D
 (044.918732)  can0  100   [8]  C0 0F D0 1D 00 04 8C 8A
 (044.928730)  can0  100   [8]  BC 0F CC 1D 00 04 8D EB
 (044.938726)  can0  100   [8]  B8 0F C8 1D 00 04 8E E8
 (044.948723)  can0  100   [8]  B4 0F C4 1D 00 04 8F E9
 (044.958724)  can0  100   [8]  B0 0F C0 1D 00 04 90 F6
 (044.968724)  can0  100   [8]  AC 0F BC 1D 00 04 91 97
 (044.978724)  can0  100   [8]  A8 0F B8 1D 00 04 92 94
 (044.988720)  can0  100   [8]  A4 0F B4 1D 00 04 93 95
 (044.988928)  can0  101   [8]  E8 35 65 C8 00 00 C1 B1
 (044.989169)  can0  102   [8]  8C D6 12 00 02 00 2C 66
 (044.998725)  can0  100   [8]  A0 0F 30 2A 00 03 94 22
 (045.008732)  can0  100   [8]  9C 0F 28 2A 00 03 95 07
 (045.018727)  can0  100   [8]  98 0F 20 2A 00 03 96 08
 (045.028722)  can0  100   [8]  94 0F 18 2A 00 03 97 3D
 (045.038725)  can0  100   [8]  90 0F 10 2A 00 03 98 3E
 (045.048717)  can0  100   [8]  8C 0F 0C 2A 00 03 99 3F
 (045.058724)  can0  100   [8]  88 0F 04 2A 00 03 9A 30
 (045.068704)  can0  100   [8]  84 0F FC 29 00 03 9B C6
 (045.078728)  can0  100   [8]  80 0F F4 29 00 03 9C CD
 (045.088727)  can0  100   [8]  7C 0F EC 29 00 03 9D 28
 (045.088925)  can0  101   [8]  E8 35 66 C8 00 00 C2 B1
 (045.098725)  can0  100   [8]  78 0F E8 29 00 03 9E 2B
 (045.108740)  can0  100   [8]  74 0F E0 29 00 03 9F 2E
 (045.118724)  can0  100   [8]  70 0F D8 29 00 03 A0 2D
 (045.128722)  can0  100   [8]  6C 0F D0 29 00 03 A1 38
 (045.138720)  can0  100   [8]  68 0F C8 29 00 03 A2 27
 (045.148719)  can0  100   [8]  64 0F C4 29 00 03 A3 26
 (045.158716)  can0  100   [8]  60 0F BC 29 00 03 A4 5D
 (045.168716)  can0  100   [8]  5C 0F B4 29 00 03 A5 68
 (045.178726)  can0  100   [8]  58 0F AC 29 00 03 A6 77
 (045.188719)  can0  100   [8]  54 0F A4 29 00 03 A7 72
 (045.188925)  can0  101   [8]  E8 35 66 C8 00 00 C3 B0
 (045.198724)  can0  100   [8]  50 0F A0 29 00 03 A8 7D
 (045.208724)  can0  100   [8]  4C 0F 98 29 00 03 A9 58
 (045.218720)  can0  100   [8]  48 0F 90 29 00 03 AA 57
 (045.228723)  can0  100   [8]  44 0F 88 29 00 03 AB 42
 (045.238724)  can0  100   [8]  40 0F 80 29 00 03 AC 49
 (045.248725)  can0  100   [8]  3C 0F 7C 29 00 03 AD C8
 (045.258713)  can0  100   [8]  38 0F 74 29 00 03 AE C7
 (045.268718)  can0  100   [8]  34 0F 6C 29 00 03 AF D2
 (045.278717)  can0  100   [8]  30 0F 64 29 00 03 B0 C1
 (045.288716)  can0  100   [8]  2C 0F 5C 29 00 03 B1 E4
 (045.288924)  can0  101   [8]  E8 35 66 C8 00 00 C4 B7
 (045.298715)  can0  100   [8]  28 0F 58 29 00 03 B2 E7
 (045.308715)  can0  100   [8]  24 0F 50 29 00 03 B3 E2
 (045.318716)  can0  100   [8]  20 0F 48 29 00 03 B4 F9
 (045.328721)  can0  100   [8]  1C 0F 40 29 00 03 B5 CC
 (045.338716)  can0  100   [8]  18 0F 38 29 00 03 B6 B3
 (045.348710)  can0  100   [8]  14 0F 34 29 00 03 B7 B2
 (045.358711)  can0  100   [8]  10 0F 2C 29 00 03 B8 A1
 (045.368714)  can0  100   [8]  0C 0F 24 29 00 03 B9 B4
 (045.378711)  can0  100   [8]  08 0F 1C 29 00 03 BA 8B
 (045.388710)  can0  100   [8]  04 0F 14 29 00 03 BB 8E
 (045.388920)  can0  101   [8]  E8 35 66 C8 00 00 C5 B6
 (045.398720)  can0  100   [8]  00 0F 10 29 00 03 BC 89
 (045.408717)  can0  100   [8]  FC 0E 08 29 00 03 BD 6D
 (045.418715)  can0  100   [8]  F8 0E 00 29 00 03 BE 62
 (045.428718)  can0  100   [8]  F4 0E F8 28 00 03 BF 96
 (045.438712)  can0  100   [8]  F0 0E F0 28 00 03 C0 E5
 (045.448711)  can0  100   [8]  EC 0E EC 28 00 03 C1 E4
 (045.458709)  can0  100   [8]  E8 0E E4 28 00 03 C2 EB
 (045.468706)  can0  100   [8]  E4 0E DC 28 00 03 C3 DE
 (045.478709)  can0  100   [8]  E0 0E D4 28 00 03 C4 D5
 (045.488716)  can0  100   [8]  DC 0E CC 28 00 03 C5 F0
 (045.488919)  can0  101   [8]  E8 35 66 C8 00 00 C6 B5
 (045.498713)  can0  100   [8]  D8 0E C8 28 00 03 C6 F3
 (045.508710)  can0  100   [8]  D4 0E C0 28 00 03 C7 F6
 (045.518708)  can0  100   [8]  D0 0E B8 28 00 03 C8 85
 (045.528716)  can0  100   [8]  CC 0E B0 28 00 03 C9 90
 (045.538711)  can0  100   [8]  C8 0E A8 28 00 03 CA 8F
 (045.548691)  can0  100   [8]  C4 0E A4 28 00 03 CB 8E
 (045.558715)  can0  100   [8]  C0 0E 9C 28 00 03 CC B5
 (045.568708)  can0  100   [8]  BC 0E 94 28 00 03 CD C0
 (045.578709)  can0  100   [8]  B8 0E 8C 28 00 03 CE DF
 (045.588707)  can0  100   [8]  B4 0E 84 28 00 03 CF DA
 (045.588930)  can0  101   [8]  E8 35 66 C8 00 00 C7 B4
 (045.598718)  can0  100   [8]  B0 0E 80 28 00 03 D0 C5
 (045.608714)  can0  100   [8]  AC 0E 78 28 00 03 D1 20
 (045.618711)  can0  100   [8]  A8 0E 70 28 00 03 D2 2F
 (045.628710)  can0  100   [8]  A4 0E 68 28 00 03 D3 3A
 (045.638703)  can0  100   [8]  A0 0E 60 28 00 03 D4 31
 (045.648713)  can0  100   [8]  9C 0E 5C 28 00 03 D5 30
 (045.658707)  can0  100   [8]  98 0E 54 28 00 03 D6 3F
 (045.668704)  can0  100   [8]  94 0E 4C 28 00 03 D7 2A
 (045.678708)  can0  100   [8]  90 0E 44 28 00 03 D8 29
 (045.688700)  can0  100   [8]  8C 0E 3C 28 00 03 D9 4C
 (045.688907)  can0  101   [8]  E8 35 66 C8 00 00 C8 BB
 (045.698706)  can0  100   [8]  88 0E 38 28 00 03 DA 4F
 (045.708701)  can0  100   [8]  84 0E 30 28 00 03 DB 4A
 (045.718706)  can0  100   [8]  80 0E 28 28 00 03 DC 51
 (045.728709)  can0  100   [8]  7C 0E 20 28 00 03 DD A4
 (045.738703)  can0  100   [8]  78 0E 18 28 00 03 DE 9B
 (045.748709)  can0  100   [8]  74 0E 14 28 00 03 DF 9A
 (045.758702)  can0  100   [8]  70 0E 0C 28 00 03 E0 B9
 (045.768702)  can0  100   [8]  6C 0E 04 28 00 03 E1 AC
 (045.778702)  can0  100   [8]  68 0E FC 27 00 03 E2 5C
 (045.788679)  can0  100   [8]  64 0E F4 27 00 03 E3 59
 (045.788908)  can0  101   [8]  E8 35 66 C8 00 00 C9 BA
 (045.798706)  can0  100   [8]  60 0E F0 27 00 03 E4 5E
 (045.808699)  can0  100   [8]  5C 0E E8 27 00 03 E5 7B
 (045.818704)  can0  100   [8]  58 0E E0 27 00 03 E6 74
 (045.828702)  can0  100   [8]  54 0E D8 27 00 03 E7 41
 (045.838700)  can0  100   [8]  50 0E D0 27 00 03 E8 42
 (045.848703)  can0  100   [8]  4C 0E CC 27 00 03 E9 43
 (045.858701)  can0  100   [8]  48 0E C4 27 00 03 EA 4C
 (045.868680)  can0  100   [8]  44 0E BC 27 00 03 EB 39
 (045.878703)  can0  100   [8]  40 0E B4 27 00 03 EC 32
 (045.888700)  can0  100   [8]  3C 0E AC 27 00 03 ED 57
 (045.888904)  can0  101   [8]  E8 35 66 C8 00 00 CA B9
 (045.898710)  can0  100   [8]  38 0E A8 27 00 03 EE 54
 (045.908697)  can0  100   [8]  34 0E A0 27 00 03 EF 51
 (045.918699)  can0  100   [8]  30 0E 98 27 00 03 F0 72
 (045.928703)  can0  100   [8]  2C 0E 90 27 00 03 F1 67
 (045.938699)  can0  100   [8]  28 0E 88 27 00 03 F2 78
 (045.948697)  can0  100   [8]  24 0E 84 27 00 03 F3 79
 (045.958702)  can0  100   [8]  20 0E 7C 27 00 03 F4 82
 (045.968699)  can0  100   [8]  1C 0E 74 27 00 03 F5 B7
 (045.978699)  can0  100   [8]  18 0E 6C 27 00 03 F6 A8
 (045.988677)  can0  100   [8]  14 0E 64 27 00 03 F7 AD
 (045.988901)  can0  101   [8]  E8 35 66 C8 00 00 CB B8
 (045.989141)  can0  102   [8]  8C D6 12 00 02 00 2D 67
 (045.998700)  can0  100   [8]  10 0E 60 27 00 03 F8 A2
 (046.008695)  can0  100   [8]  0C 0E 58 27 00 03 F9 87
 (046.018699)  can0  100   [8]  08 0E 50 27 00 03 FA 88
 (046.028702)  can0  100   [8]  04 0E 48 27 00 03 FB 9D
 (046.038699)  can0  100   [8]  00 0E 40 27 00 03 FC 96
 (046.048695)  can0  100   [8]  FC 0D 3C 27 00 03 FD 14
 (046.058698)  can0  100   [8]  F8 0D 34 27 00 03 FE 1B
 (046.068692)  can0  100   [8]  F4 0D 2C 27 00 03 FF 0E
 (046.078697)  can0  100   [8]  F0 0D 24 27 00 03 00 FD
 (046.088671)  can0  100   [8]  EC 0D 1C 27 00 03 01 D8
 (046.088901)  can0  101   [8]  E8 35 67 C8 00 00 CC BE
 (046.098714)  can0  100   [8]  E8 0D 18 27 00 03 02 DB
 (046.108677)  can0  100   [8]  E4 0D 10 27 00 03 03 DE
 (046.118699)  can0  100   [8]  E0 0D 08 27 00 03 04 C5
 (046.128705)  can0  100   [8]  DC 0D 00 27 00 03 05 F0
 (046.138705)  can0  100   [8]  D8 0D F8 26 00 03 06 0E
 (046.148700)  can0  100   [8]  D4 0D F4 26 00 03 07 0F
 (046.158692)  can0  100   [8]  D0 0D EC 26 00 03 08 1C
 (046.168686)  can0  100   [8]  CC 0D E4 26 00 03 09 09
 (046.178699)  can0  100   [8]  C8 0D DC 26 00 03 0A 36
 (046.188671)  can0  100   [8]  C4 0D D4 26 00 03 0B 33
 (046.188900)  can0  101   [8]  E8 35 67 C8 00 00 CD BF
 (046.198701)  can0  100   [8]  C0 0D D0 26 00 03 0C 34
 (046.208698)  can0  100   [8]  BC 0D C8 26 00 03 0D 51
 (046.218692)  can0  100   [8]  B8 0D C0 26 00 03 0E 5E
 (046.228698)  can0  100   [8]  B4 0D B8 26 00 03 0F 2B
 (046.238690)  can0  100   [8]  B0 0D B0 26 00 03 10 38
 (046.248685)  can0  100   [8]  AC 0D AC 26 00 03 11 39
 (046.258688)  can0  100   [8]  A8 0D A4 26 00 03 12 36
 (046.268690)  can0  100   [8]  A4 0D 9C 26 00 03 13 03
 (046.278689)  can0  100   [8]  A0 0D 94 26 00 03 14 08
 (046.288665)  can0  100   [8]  9C 0D 8C 26 00 03 15 2D
 (046.288889)  can0  101   [8]  E8 35 67 C8 00 00 CE BC
 (046.298693)  can0  100   [8]  98 0D 88 26 00 03 16 2E
 (046.308689)  can0  100   [8]  94 0D 80 26 00 03 17 2B
 (046.318690)  can0  100   [8]  90 0D 78 26 00 03 18 D8
 (046.328685)  can0  100   [8]  8C 0D 70 26 00 03 19 CD
 (046.338688)  can0  100   [8]  88 0D 68 26 00 03 1A D2
 (046.348666)  can0  100   [8]  84 0D 64 26 00 03 1B D3
 (046.358693)  can0  100   [8]  80 0D 5C 26 00 03 1C E8
 (046.368688)  can0  100   [8]  7C 0D 54 26 00 03 1D 1D
 (046.378687)  can0  100   [8]  78 0D 4C 26 00 03 1E 02
 (046.388670)  can0  100   [8]  74 0D 44 26 00 03 1F 07
 (046.388894)  can0  101   [8]  E8 35 67 C8 00 00 CF BD
 (046.398690)  can0  100   [8]  70 0D 40 26 00 03 20 38
 (046.408682)  can0  100   [8]  6C 0D 38 26 00 03 21 5D
 (046.418683)  can0  100   [8]  68 0D 30 26 00 03 22 52
 (046.428684)  can0  100   [8]  64 0D 28 26 00 03 23 47
 (046.438685)  can0  100   [8]  60 0D 20 26 00 03 24 4C
 (046.448681)  can0  100   [8]  5C 0D 1C 26 00 03 25 4D
 (046.458683)  can0  100   [8]  58 0D 14 26 00 03 26 42
 (046.468683)  can0  100   [8]  54 0D 0C 26 00 03 27 57
 (046.478683)  can0  100   [8]  50 0D 04 26 00 03 28 54
 (046.488660)  can0  100   [8]  4C 0D FC 25 00 03 29 B2
 (046.488892)  can0  101   [8]  E8 35 67 C8 00 00 D0 A2
 (046.498689)  can0  100   [8]  48 0D F8 25 00 03 2A B1
 (046.508686)  can0  100   [8]  44 0D F0 25 00 03 2B B4
 (046.518677)  can0  100   [8]  40 0D E8 25 00 03 2C AF
 (046.528686)  can0  100   [8]  3C 0D E0 25 00 03 2D DA
 (046.538682)  can0  100   [8]  38 0D D8 25 00 03 2E E5
 (046.548685)  can0  100   [8]  34 0D D4 25 00 03 2F E4
 (046.558681)  can0  100   [8]  30 0D CC 25 00 03 30 E7
 (046.568684)  can0  100   [8]  2C 0D C4 25 00 03 31 F2
 (046.578672)  can0  100   [8]  28 0D BC 25 00 03 32 8D
 (046.588658)  can0  100   [8]  24 0D B4 25 00 03 33 88
 (046.588886)  can0  101   [8]  E8 35 67 C8 00 00 D1 A3
 (046.598690)  can0  100   [8]  20 0D B0 25 00 03 34 8F
 (046.608686)  can0  100   [8]  1C 0D A8 25 00 03 35 AA
 (046.618684)  can0  100   [8]  18 0D A0 25 00 03 36 A5
 (046.628681)  can0  100   [8]  14 0D 98 25 00 03 37 90
 (046.638678)  can0  100   [8]  10 0D 90 25 00 03 38 93
 (046.648674)  can0  100   [8]  0C 0D 8C 25 00 03 39 92
 (046.658674)  can0  100   [8]  08 0D 84 25 00 03 3A 9D
 (046.668678)  can0  100   [8]  04 0D 7C 25 00 03 3B 68
 (046.678676)  can0  100   [8]  00 0D 74 25 00 03 3C 63
 (046.688655)  can0  100   [8]  FC 0C 6C 25 00 03 3D 87
 (046.688887)  can0  101   [8]  E8 35 67 C8 00 00 D2 A0
 (046.698683)  can0  100   [8]  F8 0C 68 25 00 03 3E 84
 (046.708679)  can0  100   [8]  F4 0C 60 25 00 03 3F 81
 (046.718677)  can0  100   [8]  F0 0C 58 25 00 03 40 C2
 (046.728680)  can0  100   [8]  EC 0C 50 25 00 03 41 D7
 (046.738676)  can0  100   [8]  E8 0C 48 25 00 03 42 C8
 (046.748672)  can0  100   [8]  E4 0C 44 25 00 03 43 C9
 (046.758683)  can0  100   [8]  E0 0C 3C 25 00 03 44 B2
 (046.768675)  can0  100   [8]  DC 0C 34 25 00 03 45 87
 (046.778671)  can0  100   [8]  D8 0C 2C 25 00 03 46 98
 (046.788648)  can0  100   [8]  D4 0C 24 25 00 03 47 9D
 (046.788878)  can0  101   [8]  E8 35 67 C8 00 00 D3 A1
 (046.798681)  can0  100   [8]  D0 0C 20 25 00 03 48 92
 (046.808676)  can0  100   [8]  CC 0C 18 25 00 03 49 B7
 (046.818677)  can0  100   [8]  C8 0C 10 25 00 03 4A B8
 (046.828658)  can0  100   [8]  C4 0C 08 25 00 03 4B AD
 (046.838677)  can0  100   [8]  C0 0C 00 25 00 03 4C A6
 (046.848671)  can0  100   [8]  BC 0C FC 24 00 03 4D 26
 (046.858671)  can0  100   [8]  B8 0C F4 24 00 03 4E 29
 (046.868667)  can0  100   [8]  B4 0C EC 24 00 03 4F 3C
 (046.878671)  can0  100   [8]  B0 0C E4 24 00 03 50 2F
 (046.888673)  can0  100   [8]  AC 0C DC 24 00 03 51 0A
 (046.888873)  can0  101   [8]  E8 35 67 C8 00 00 D4 A6
 (046.898680)  can0  100   [8]  A8 0C D8 24 00 03 52 09
 (046.908649)  can0  100   [8]  A4 0C D0 24 00 03 53 0C
 (046.918672)  can0  100   [8]  A0 0C C8 24 00 03 54 17
 (046.928670)  can0  100   [8]  9C 0C C0 24 00 03 55 22
 (046.938669)  can0  100   [8]  98 0C B8 24 00 03 56 5D
 (046.948668)  can0  100   [8]  94 0C B4 24 00 03 57 5C
 (046.958671)  can0  100   [8]  90 0C AC 24 00 03 58 4F
 (046.968668)  can0  100   [8]  8C 0C A4 24 00 03 59 5A
 (046.978670)  can0  100   [8]  88 0C 9C 24 00 03 5A 65
 (046.988732)  can0  100   [8]  84 0C 94 24 00 03 5B 60
 (046.988876)  can0  101   [8]  E8 35 67 C8 00 00 D5 A7
 (046.989114)  can0  102   [8]  8C D6 12 00 02 00 2E 64
 (046.998680)  can0  100   [8]  80 0C 90 24 00 03 5C 67
 (047.008678)  can0  100   [8]  7C 0C 88 24 00 03 5D 82
 (047.018666)  can0  100   [8]  78 0C 80 24 00 03 5E 8D
 (047.028672)  can0  100   [8]  74 0C 78 24 00 03 5F 78
 (047.038690)  can0  100   [8]  70 0C 70 24 00 03 60 4B
 (047.048665)  can0  100   [8]  6C 0C 6C 24 00 03 61 4A
 (047.058667)  can0  100   [8]  68 0C 64 24 00 03 62 45
 (047.068667)  can0  100   [8]  64 0C 5C 24 00 03 63 70
 (047.078664)  can0  100   [8]  60 0C 54 24 00 03 64 7B
 (047.088661)  can0  100   [8]  5C 0C 4C 24 00 03 65 5E
 (047.088868)  can0  101   [8]  E8 35 68 C8 00 00 D6 AB
 (047.098668)  can0  100   [8]  58 0C 48 24 00 03 66 5D
 (047.108665)  can0  100   [8]  54 0C 40 24 00 03 67 58
 (047.118667)  can0  100   [8]  50 0C 38 24 00 03 68 2B
 (047.128670)  can0  100   [8]  4C 0C 30 24 00 03 69 3E
 (047.138665)  can0  100   [8]  48 0C 28 24 00 03 6A 21
 (047.148642)  can0  100   [8]  44 0C 24 24 00 03 6B 20
 (047.158673)  can0  100   [8]  40 0C 1C 24 00 03 6C 1B
 (047.168671)  can0  100   [8]  3C 0C 14 24 00 03 6D 6E
 (047.178674)  can0  100   [8]  38 0C 0C 24 00 03 6E 71
 (047.188670)  can0  100   [8]  34 0C 04 24 00 03 6F 74
 (047.188871)  can0  101   [8]  E8 35 68 C8 00 00 D7 AA
 (047.198672)  can0  100   [8]  30 0C 00 24 00 03 70 6B
 (047.208670)  can0  100   [8]  2C 0C F8 23 00 03 71 89
 (047.218668)  can0  100   [8]  28 0C F0 23 00 03 72 86
 (047.228668)  can0  100   [8]  24 0C E8 23 00 03 73 93
 (047.238664)  can0  100   [8]  20 0C E0 23 00 03 74 98
 (047.248662)  can0  100   [8]  1C 0C DC 23 00 03 75 99
 (047.258660)  can0  100   [8]  18 0C D4 23 00 03 76 96
 (047.268664)  can0  100   [8]  14 0C CC 23 00 03 77 83
 (047.278665)  can0  100   [8]  10 0C C4 23 00 03 78 80
 (047.288662)  can0  100   [8]  0C 0C BC 23 00 03 79 E5
 (047.288860)  can0  101   [8]  E8 35 68 C8 00 00 D8 A5
 (047.298664)  can0  100   [8]  08 0C B8 23 00 03 7A E6
 (047.308662)  can0  100   [8]  04 0C B0 23 00 03 7B E3
 (047.318670)  can0  100   [8]  00 0C A8 23 00 03 7C F8
 (047.328664)  can0  100   [8]  FC 0B A0 23 00 03 7D 0A
 (047.338663)  can0  100   [8]  F8 0B 98 23 00 03 7E 35
 (047.348655)  can0  100   [8]  F4 0B 94 23 00 03 7F 34
 (047.358661)  can0  100   [8]  F0 0B 8C 23 00 03 80 D7
 (047.368659)  can0  100   [8]  EC 0B 84 23 00 03 81 C2
 (047.378657)  can0  100   [8]  E8 0B 7C 23 00 03 82 3D
 (047.388651)  can0  100   [8]  E4 0B 74 23 00 03 83 38
 (047.388855)  can0  101   [8]  E8 35 68 C8 00 00 D9 A4
 (047.398656)  can0  100   [8]  E0 0B 70 23 00 03 84 3F
 (047.408659)  can0  100   [8]  DC 0B 68 23 00 03 85 1A
 (047.418655)  can0  100   [8]  D8 0B 60 23 00 03 86 15
 (047.428656)  can0  100   [8]  D4 0B 58 23 00 03 87 20
 (047.438653)  can0  100   [8]  D0 0B 50 23 00 03 88 23
 (047.448650)  can0  100   [8]  CC 0B 4C 23 00 03 89 22
 (047.458655)  can0  100   [8]  C8 0B 44 23 00 03 8A 2D
 (047.468645)  can0  100   [8]  C4 0B 3C 23 00 03 8B 58
 (047.478641)  can0  100   [8]  C0 0B 34 23 00 03 8C 53
 (047.488636)  can0  100   [8]  BC 0B 2C 23 00 03 8D 36
 (047.488874)  can0  101   [8]  E8 35 68 C8 00 00 DA A7
 (047.498636)  can0  100   [8]  B8 0B 28 23 00 03 8E 35
 (047.508665)  can0  100   [8]  B4 0B 20 23 00 03 8F 30
 (047.518657)  can0  100   [8]  B0 0B 18 23 00 03 90 13
 (047.528654)  can0  100   [8]  AC 0B 10 23 00 03 91 06
 (047.538649)  can0  100   [8]  A8 0B 08 23 00 03 92 19
 (047.548651)  can0  100   [8]  A4 0B 04 23 00 03 93 18
 (047.558653)  can0  100   [8]  A0 0B FC 22 00 03 94 E2
 (047.568650)  can0  100   [8]  9C 0B F4 22 00 03 95 D7
 (047.578654)  can0  100   [8]  98 0B EC 22 00 03 96 C8
 (047.588656)  can0  100   [8]  94 0B E4 22 00 03 97 CD
 (047.588863)  can0  101   [8]  E8 35 68 C8 00 00 DB A6
 (047.598652)  can0  100   [8]  90 0B E0 22 00 03 98 C2
 (047.608652)  can0  100   [8]  8C 0B D8 22 00 03 99 E7
 (047.618653)  can0  100   [8]  88 0B D0 22 00 03 9A E8
 (047.628635)  can0  100   [8]  84 0B C8 22 00 03 9B FD
 (047.638658)  can0  100   [8]  80 0B C0 22 00 03 9C F6
 (047.648652)  can0  100   [8]  7C 0B BC 22 00 03 9D 77
 (047.658646)  can0  100   [8]  78 0B B4 22 00 03 9E 78
 (047.668651)  can0  100   [8]  74 0B AC 22 00 03 9F 6D
 (047.678646)  can0  100   [8]  70 0B A4 22 00 03 A0 5E
 (047.688648)  can0  100   [8]  6C 0B 9C 22 00 03 A1 7B
 (047.688844)  can0  101   [8]  E8 35 68 C8 00 00 DC A1
 (047.698649)  can0  100   [8]  68 0B 98 22 00 03 A2 78
 (047.708651)  can0  100   [8]  64 0B 90 22 00 03 A3 7D
 (047.718649)  can0  100   [8]  60 0B 88 22 00 03 A4 66
 (047.728652)  can0  100   [8]  5C 0B 80 22 00 03 A5 53
 (047.738646)  can0  100   [8]  58 0B 78 22 00 03 A6 AC
 (047.748648)  can0  100   [8]  54 0B 74 22 00 03 A7 AD
 (047.758650)  can0  100   [8]  50 0B 6C 22 00 03 A8 BE
 (047.768646)  can0  100   [8]  4C 0B 64 22 00 03 A9 AB
 (047.778645)  can0  100   [8]  48 0B 5C 22 00 03 AA 94
 (047.788623)  can0  100   [8]  44 0B 54 22 00 03 AB 91
 (047.788852)  can0  101   [8]  E8 35 68 C8 00 00 DD A0
 (047.798647)  can0  100   [8]  40 0B 50 22 00 03 AC 96
 (047.808653)  can0  100   [8]  3C 0B 48 22 00 03 AD F3
 (047.818648)  can0  100   [8]  38 0B 40 22 00 03 AE FC
 (047.828652)  can0  100   [8]  34 0B 38 22 00 03 AF 89
 (047.838649)  can0  100   [8]  30 0B 30 22 00 03 B0 9A
 (047.848638)  can0  100   [8]  2C 0B 2C 22 00 03 B1 9B
 (047.858646)  can0  100   [8]  28 0B 24 22 00 03 B2 94
 (047.868625)  can0  100   [8]  24 0B 1C 22 00 03 B3 A1
 (047.878642)  can0  100   [8]  20 0B 14 22 00 03 B4 AA
 (047.888645)  can0  100   [8]  1C 0B 0C 22 00 03 B5 8F
 (047.888852)  can0  101   [8]  E8 35 68 C8 00 00 DE A3
 (047.898642)  can0  100   [8]  18 0B 08 22 00 03 B6 8C
 (047.908649)  can0  100   [8]  14 0B 00 22 00 03 B7 89
 (047.918648)  can0  100   [8]  10 0B F8 21 00 03 B8 79
 (047.928653)  can0  100   [8]  0C 0B F0 21 00 03 B9 6C
 (047.938648)  can0  100   [8]  08 0B E8 21 00 03 BA 73
 (047.948637)  can0  100   [8]  04 0B E4 21 00 03 BB 72
 (047.958643)  can0  100   [8]  00 0B DC 21 00 03 BC 49
 (047.968640)  can0  100   [8]  FC 0A D4 21 00 03 BD BD
 (047.978638)  can0  100   [8]  F8 0A CC 21 00 03 BE A2
 (047.988637)  can0  100   [8]  F4 0A C4 21 00 03 BF A7
 (047.988849)  can0  101   [8]  E8 35 68 C8 00 00 DF A2
 (047.989091)  can0  102   [8]  8C D6 12 00 02 00 2F 65
 (047.998643)  can0  100   [8]  F0 0A C0 21 00 03 C0 D8
 (048.008642)  can0  100   [8]  EC 0A B8 21 00 03 C1 BD
 (048.018637)  can0  100   [8]  E8 0A B0 21 00 03 C2 B2
 (048.028643)  can0  100   [8]  E4 0A A8 21 00 03 C3 A7
 (048.038639)  can0  100   [8]  E0 0A A0 21 00 03 C4 AC
 (048.048637)  can0  100   [8]  DC 0A 9C 21 00 03 C5 AD
 (048.058633)  can0  100   [8]  D8 0A 94 21 00 03 C6 A2
 (048.068638)  can0  100   [8]  D4 0A 8C 21 00 03 C7 B7
 (048.078634)  can0  100   [8]  D0 0A 84 21 00 03 C8 B4
 (048.088642)  can0  100   [8]  CC 0A 7C 21 00 03 C9 51
 (048.088841)  can0  101   [8]  E8 35 69 C8 00 00 E0 9C
 (048.098635)  can0  100   [8]  C8 0A 78 21 00 03 CA 52
 (048.108640)  can0  100   [8]  C4 0A 70 21 00 03 CB 57
 (048.118637)  can0  100   [8]  C0 0A 68 21 00 03 CC 4C
 (048.128638)  can0  100   [8]  BC 0A 60 21 00 03 CD 39
 (048.138638)  can0  100   [8]  B8 0A 58 21 00 03 CE 06
 (048.148641)  can0  100   [8]  B4 0A 54 21 00 03 CF 07
 (048.158633)  can0  100   [8]  B0 0A 4C 21 00 03 D0 04
 (048.168632)  can0  100   [8]  AC 0A 44 21 00 03 D1 11
 (048.178641)  can0  100   [8]  A8 0A 3C 21 00 03 D2 6E
 (048.188614)  can0  100   [8]  A4 0A 34 21 00 03 D3 6B
 (048.188837)  can0  101   [8]  E8 35 69 C8 00 00 E1 9D
 (048.198639)  can0  100   [8]  A0 0A 30 21 00 03 D4 6C
 (048.208640)  can0  100   [8]  9C 0A 28 21 00 03 D5 49
 (048.218633)  can0  100   [8]  98 0A 20 21 00 03 D6 46
 (048.228637)  can0  100   [8]  94 0A 18 21 00 03 D7 73
 (048.238632)  can0  100   [8]  90 0A 10 21 00 03 D8 70
 (048.248633)  can0  100   [8]  8C 0A 0C 21 00 03 D9 71
 (048.258635)  can0  100   [8]  88 0A 04 21 00 03 DA 7E
 (048.268633)  can0  100   [8]  84 0A FC 20 00 03 DB 8A
 (048.278634)  can0  100   [8]  80 0A F4 20 00 03 DC 81
 (048.288626)  can0  100   [8]  7C 0A EC 20 00 03 DD 64
 (048.288832)  can0  101   [8]  E8 35 69 C8 00 00 E2 9E
 (048.298632)  can0  100   [8]  78 0A E8 20 00 03 DE 67
 (048.308634)  can0  100   [8]  74 0A E0 20 00 03 DF 62
 (048.318636)  can0  100   [8]  70 0A D8 20 00 03 E0 61
 (048.328640)  can0  100   [8]  6C 0A D0 20 00 03 E1 74
 (048.338631)  can0  100   [8]  68 0A C8 20 00 03 E2 6B
 (048.348630)  can0  100   [8]  64 0A C4 20 00 03 E3 6A
 (048.358627)  can0  100   [8]  60 0A BC 20 00 03 E4 11
 (048.368630)  can0  100   [8]  5C 0A B4 20 00 03 E5 24
 (048.378630)  can0  100   [8]  58 0A AC 20 00 03 E6 3B
 (048.388628)  can0  100   [8]  54 0A A4 20 00 03 E7 3E
 (048.388834)  can0  101   [8]  E8 35 69 C8 00 00 E3 9F
 (048.398631)  can0  100   [8]  50 0A A0 20 00 03 E8 31
 (048.408629)  can0  100   [8]  4C 0A 98 20 00 03 E9 14
 (048.418646)  can0  100   [8]  48 0A 90 20 00 03 EA 1B
 (048.428615)  can0  100   [8]  44 0A 88 20 00 03 EB 0E
 (048.438644)  can0  100   [8]  40 0A 80 20 00 03 EC 05
 (048.448639)  can0  100   [8]  3C 0A 7C 20 00 03 ED 84
 (048.458627)  can0  100   [8]  38 0A 74 20 00 03 EE 8B
 (048.468631)  can0  100   [8]  34 0A 6C 20 00 03 EF 9E
 (048.478630)  can0  100   [8]  30 0A 64 20 00 03 F0 8D
 (048.488633)  can0  100   [8]  2C 0A 5C 20 00 03 F1 A8
 (048.488836)  can0  101   [8]  E8 35 69 C8 00 00 E4 98
 (048.498630)  can0  100   [8]  28 0A 58 20 00 03 F2 AB
 (048.508634)  can0  100   [8]  24 0A 50 20 00 03 F3 AE
 (048.518633)  can0  100   [8]  20 0A 48 20 00 03 F4 B5
 (048.528638)  can0  100   [8]  1C 0A 40 20 00 03 F5 80
 (048.538633)  can0  100   [8]  18 0A 38 20 00 03 F6 FF
 (048.548630)  can0  100   [8]  14 0A 34 20 00 03 F7 FE
 (048.558630)  can0  100   [8]  10 0A 2C 20 00 03 F8 ED
 (048.568628)  can0  100   [8]  0C 0A 24 20 00 03 F9 F8
 (048.578631)  can0  100   [8]  08 0A 1C 20 00 03 FA C7
 (048.588607)  can0  100   [8]  04 0A 14 20 00 03 FB C2
 (048.588829)  can0  101   [8]  E8 35 69 C8 00 00 E5 99
 (048.598635)  can0  100   [8]  00 0A 10 20 00 03 FC C5
 (048.608631)  can0  100   [8]  FC 09 08 20 00 03 FD 23
 (048.618627)  can0  100   [8]  F8 09 00 20 00 03 FE 2C
 (048.628636)  can0  100   [8]  F4 09 F8 1F 00 03 FF E6
 (048.638632)  can0  100   [8]  F0 09 F0 1F 00 03 00 15
 (048.648622)  can0  100   [8]  EC 09 EC 1F 00 03 01 14
 (048.658626)  can0  100   [8]  E8 09 E4 1F 00 03 02 1B
 (048.668599)  can0  100   [8]  E4 09 DC 1F 00 03 03 2E
 (048.678627)  can0  100   [8]  E0 09 D4 1F 00 03 04 25
 (048.688627)  can0  100   [8]  DC 09 CC 1F 00 03 05 00
 (048.688827)  can0  101   [8]  E8 35 69 C8 00 00 E6 9A
 (048.698628)  can0  100   [8]  D8 09 C8 1F 00 03 06 03
 (048.708626)  can0  100   [8]  D4 09 C0 1F 00 03 07 06
 (048.718619)  can0  100   [8]  D0 09 B8 1F 00 03 08 75
 (048.728625)  can0  100   [8]  CC 09 B0 1F 00 03 09 60
 (048.738630)  can0  100   [8]  C8 09 A8 1F 00 03 0A 7F
 (048.748617)  can0  100   [8]  C4 09 68 29 00 02 0B 85
 (048.758622)  can0  100   [8]  C0 09 5C 29 00 02 0C B2
 (048.768616)  can0  100   [8]  BC 09 50 29 00 02 0D C3
 (048.778613)  can0  100   [8]  B8 09 44 29 00 02 0E D0
 (048.788616)  can0  100   [8]  B4 09 38 29 00 02 0F A1
 (048.788822)  can0  101   [8]  E8 35 69 C8 00 00 E7 9B
 (048.798617)  can0  100   [8]  B0 09 30 29 00 02 10 B2
 (048.808616)  can0  100   [8]  AC 09 24 29 00 02 11 BB
 (048.818617)  can0  100   [8]  A8 09 18 29 00 02 12 80
 (048.828595)  can0  100   [8]  A4 09 0C 29 00 02 13 99
 (048.838620)  can0  100   [8]  A0 09 00 29 00 02 14 96
 (048.848621)  can0  100   [8]  9C 09 F8 28 00 02 15 52
 (048.858618)  can0  100   [8]  98 09 EC 28 00 02 16 41
 (048.868618)  can0  100   [8]  94 09 E0 28 00 02 17 40
 (048.878614)  can0  100   [8]  90 09 D4 28 00 02 18 7F
 (048.888618)  can0  100   [8]  8C 09 C8 28 00 02 19 7E
 (048.888841)  can0  101   [8]  E8 35 69 C8 00 00 E8 94
 (048.898611)  can0  100   [8]  88 09 C0 28 00 02 1A 71
 (048.908594)  can0  100   [8]  84 09 B4 28 00 02 1B 08
 (048.918622)  can0  100   [8]  80 09 A8 28 00 02 1C 17
 (048.928617)  can0  100   [8]  7C 09 9C 28 00 02 1D DE
 (048.938616)  can0  100   [8]  78 09 90 28 00 02 1E D5
 (048.948616)  can0  100   [8]  74 09 88 28 00 02 1F C0
 (048.958617)  can0  100   [8]  70 09 7C 28 00 02 20 0F
 (048.968615)  can0  100   [8]  6C 09 70 28 00 02 21 1E
 (048.978616)  can0  100   [8]  68 09 64 28 00 02 22 0D
 (048.988587)  can0  100   [8]  64 09 58 28 00 02 23 3C
 (048.988812)  can0  101   [8]  E8 35 69 C8 00 00 E9 95
 (048.989056)  can0  102   [8]  8C D6 12 00 02 00 30 7A
 (048.998611)  can0  100   [8]  60 09 50 28 00 02 24 37
 (049.008610)  can0  100   [8]  5C 09 44 28 00 02 25 1E
 (049.018607)  can0  100   [8]  58 09 38 28 00 02 26 65
 (049.028611)  can0  100   [8]  54 09 2C 28 00 02 27 7C
 (049.038610)  can0  100   [8]  50 09 20 28 00 02 28 7B
 (049.048611)  can0  100   [8]  4C 09 18 28 00 02 29 5E
 (049.058612)  can0  100   [8]  48 09 0C 28 00 02 2A 4D
 (049.068610)  can0  100   [8]  44 09 00 28 00 02 2B 4C
 (049.078611)  can0  100   [8]  40 09 F4 27 00 02 2C B4
 (049.088606)  can0  100   [8]  3C 09 E8 27 00 02 2D D5
 (049.088815)  can0  101   [8]  E8 35 6A C8 00 00 EA 95
 (049.098596)  can0  100   [8]  38 09 E0 27 00 02 2E DA
 (049.108610)  can0  100   [8]  34 09 D4 27 00 02 2F E3
 (049.118608)  can0  100   [8]  30 09 C8 27 00 02 30 E4
 (049.128608)  can0  100   [8]  2C 09 BC 27 00 02 31 8D
 (049.138607)  can0  100   [8]  28 09 B0 27 00 02 32 86
 (049.148611)  can0  100   [8]  24 09 A8 27 00 02 33 93
 (049.158607)  can0  100   [8]  20 09 9C 27 00 02 34 A4
 (049.168608)  can0  100   [8]  1C 09 90 27 00 02 35 95
 (049.178610)  can0  100   [8]  18 09 84 27 00 02 36 86
 (049.188614)  can0  100   [8]  14 09 78 27 00 02 37 77
 (049.188810)  can0  101   [8]  E8 35 6A C8 00 00 EB 94
 (049.198590)  can0  100   [8]  10 09 70 27 00 02 38 74
 (049.208617)  can0  100   [8]  0C 09 64 27 00 02 39 7D
 (049.218607)  can0  100   [8]  08 09 58 27 00 02 3A 46
 (049.228586)  can0  100   [8]  04 09 4C 27 00 02 3B 5F
 (049.238612)  can0  100   [8]  00 09 40 27 00 02 3C 50
 (049.248606)  can0  100   [8]  FC 08 38 27 00 02 3D D4
 (049.258606)  can0  100   [8]  F8 08 2C 27 00 02 3E C7
 (049.268607)  can0  100   [8]  F4 08 20 27 00 02 3F C6
 (049.278605)  can0  100   [8]  F0 08 14 27 00 02 40 89
 (049.288606)  can0  100   [8]  EC 08 08 27 00 02 41 88
 (049.288806)  can0  101   [8]  E8 35 6A C8 00 00 EC 93
 (049.298580)  can0  100   [8]  E8 08 00 27 00 02 42 87
 (049.308605)  can0  100   [8]  E4 08 F4 26 00 02 43 7F
 (049.318605)  can0  100   [8]  E0 08 E8 26 00 02 44 60
 (049.328600)  can0  100   [8]  DC 08 DC 26 00 02 45 69
 (049.338602)  can0  100   [8]  D8 08 D0 26 00 02 46 62
 (049.348623)  can0  100   [8]  D4 08 C8 26 00 02 47 77
 (049.358607)  can0  100   [8]  D0 08 BC 26 00 02 48 08
 (049.368601)  can0  100   [8]  CC 08 B0 26 00 02 49 19
 (049.378599)  can0  100   [8]  C8 08 A4 26 00 02 4A 0A
 (049.388600)  can0  100   [8]  C4 08 98 26 00 02 4B 3B
 (049.388807)  can0  101   [8]  E8 35 6A C8 00 00 ED 92
 (049.398584)  can0  100   [8]  C0 08 90 26 00 02 4C 30
 (049.408599)  can0  100   [8]  BC 08 84 26 00 02 4D 59
 (049.418599)  can0  100   [8]  B8 08 78 26 00 02 4E A2
 (049.428610)  can0  100   [8]  B4 08 6C 26 00 02 4F BB
 (049.438601)  can0  100   [8]  B0 08 60 26 00 02 50 AC
 (049.448595)  can0  100   [8]  AC 08 58 26 00 02 51 89
 (049.458595)  can0  100   [8]  A8 08 4C 26 00 02 52 9A
 (049.468598)  can0  100   [8]  A4 08 40 26 00 02 53 9B
 (049.478594)  can0  100   [8]  A0 08 34 26 00 02 54 EC
 (049.488599)  can0  100   [8]  9C 08 28 26 00 02 55 CD
 (049.488802)  can0  101   [8]  E8 35 6A C8 00 00 EE 91
 (049.498577)  can0  100   [8]  98 08 20 26 00 02 56 C2
 (049.508600)  can0  100   [8]  94 08 14 26 00 02 57 FB
 (049.518599)  can0  100   [8]  90 08 08 26 00 02 58 EC
 (049.528599)  can0  100   [8]  8C 08 FC 25 00 02 59 06
 (049.538603)  can0  100   [8]  88 08 F0 25 00 02 5A 0D
 (049.548589)  can0  100   [8]  84 08 E8 25 00 02 5B 18
 (049.558596)  can0  100   [8]  80 08 DC 25 00 02 5C 2F
 (049.568599)  can0  100   [8]  7C 08 D0 25 00 02 5D DE
 (049.578589)  can0  100   [8]  78 08 C4 25 00 02 5E CD
 (049.588594)  can0  100   [8]  74 08 B8 25 00 02 5F BC
 (049.588799)  can0  101   [8]  E8 35 6A C8 00 00 EF 90
 (049.598577)  can0  100   [8]  70 08 B0 25 00 02 60 8F
 (049.608590)  can0  100   [8]  6C 08 A4 25 00 02 61 86
 (049.618594)  can0  100   [8]  68 08 98 25 00 02 62 BD
 (049.628592)  can0  100   [8]  64 08 8C 25 00 02 63 A4
 (049.638592)  can0  100   [8]  60 08 80 25 00 02 64 AB
 (049.648591)  can0  100   [8]  5C 08 78 25 00 02 65 6E
 (049.658595)  can0  100   [8]  58 08 6C 25 00 02 66 7D
 (049.668593)  can0  100   [8]  54 08 60 25 00 02 67 7C
 (049.678585)  can0  100   [8]  50 08 54 25 00 02 68 43
 (049.688591)  can0  100   [8]  4C 08 48 25 00 02 69 42
 (049.688796)  can0  101   [8]  E8 35 6A C8 00 00 F0 8F
 (049.698568)  can0  100   [8]  48 08 40 25 00 02 6A 4D
 (049.708569)  can0  100   [8]  44 08 34 25 00 02 6B 34
 (049.718595)  can0  100   [8]  40 08 28 25 00 02 6C 2B
 (049.728592)  can0  100   [8]  3C 08 1C 25 00 02 6D 62
 (049.738594)  can0  100   [8]  38 08 10 25 00 02 6E 69
 (049.748593)  can0  100   [8]  34 08 08 25 00 02 6F 7C
 (049.758591)  can0  100   [8]  30 08 FC 24 00 02 70 92
 (049.768596)  can0  100   [8]  2C 08 F0 24 00 02 71 83
 (049.778586)  can0  100   [8]  28 08 E4 24 00 02 72 90
 (049.788570)  can0  100   [8]  24 08 D8 24 00 02 73 A1
 (049.788796)  can0  101   [8]  E8 35 6A C8 00 00 F1 8E
 (049.798579)  can0  100   [8]  20 08 D0 24 00 02 74 AA
 (049.808606)  can0  100   [8]  1C 08 C4 24 00 02 75 83
 (049.818594)  can0  100   [8]  18 08 B8 24 00 02 76 F8
 (049.828615)  can0  100   [8]  14 08 AC 24 00 02 77 E1
 (049.838594)  can0  100   [8]  10 08 A0 24 00 02 78 E6
 (049.848589)  can0  100   [8]  0C 08 98 24 00 02 79 C3
 (049.858592)  can0  100   [8]  08 08 8C 24 00 02 7A D0
 (049.868591)  can0  100   [8]  04 08 80 24 00 02 7B D1
 (049.878598)  can0  100   [8]  00 08 74 24 00 02 7C 26
 (049.888599)  can0  100   [8]  FC 07 68 24 00 02 7D C8
 (049.888793)  can0  101   [8]  E8 35 6A C8 00 00 F2 8D
 (049.898556)  can0  100   [8]  F8 07 60 24 00 02 7E C7
 (049.908590)  can0  100   [8]  F4 07 54 24 00 02 7F FE
 (049.918587)  can0  100   [8]  F0 07 48 24 00 02 80 19
 (049.928589)  can0  100   [8]  EC 07 3C 24 00 02 81 70
 (049.938587)  can0  100   [8]  E8 07 30 24 00 02 82 7B
 (049.948568)  can0  100   [8]  E4 07 28 24 00 02 83 6E
 (049.958587)  can0  100   [8]  E0 07 1C 24 00 02 84 59
 (049.968587)  can0  100   [8]  DC 07 10 24 00 02 85 68
 (049.978583)  can0  100   [8]  D8 07 04 24 00 02 86 7B
 (049.988582)  can0  100   [8]  D4 07 F8 23 00 02 87 8D
 (049.988786)  can0  101   [8]  E8 35 6A C8 00 00 F3 8C
 (049.989027)  can0  102   [8]  8C D6 12 00 02 00 31 7B
 (049.998583)  can0  100   [8]  D0 07 F0 23 00 02 88 8E
 (050.008582)  can0  100   [8]  CC 07 E4 23 00 02 89 87
 (050.018582)  can0  100   [8]  C8 07 D8 23 00 02 8A BC
 (050.028563)  can0  100   [8]  C4 07 CC 23 00 02 8B A5
 (050.038587)  can0  100   [8]  C0 07 C0 23 00 02 8C AA
 (050.048582)  can0  100   [8]  BC 07 B8 23 00 02 8D AF
 (050.058576)  can0  100   [8]  B8 07 AC 23 00 02 8E BC
 (050.068580)  can0  100   [8]  B4 07 A0 23 00 02 8F BD
 (050.078577)  can0  100   [8]  B0 07 94 23 00 02 90 92
 (050.088581)  can0  100   [8]  AC 07 88 23 00 02 91 93
 (050.088780)  can0  101   [8]  E8 35 6B C8 00 00 F4 8A
 (050.098580)  can0  100   [8]  A8 07 80 23 00 02 92 9C
 (050.108574)  can0  100   [8]  A4 07 74 23 00 02 93 65
 (050.118579)  can0  100   [8]  A0 07 68 23 00 02 94 7A
 (050.128579)  can0  100   [8]  9C 07 5C 23 00 02 95 73
 (050.138583)  can0  100   [8]  98 07 50 23 00 02 96 78
 (050.148577)  can0  100   [8]  94 07 48 23 00 02 97 6D
 (050.158578)  can0  100   [8]  90 07 3C 23 00 02 98 12
 (050.168579)  can0  100   [8]  8C 07 30 23 00 02 99 03
 (050.178580)  can0  100   [8]  88 07 24 23 00 02 9A 10
 (050.188584)  can0  100   [8]  84 07 18 23 00 02 9B 21
 (050.188780)  can0  101   [8]  E8 35 6B C8 00 00 F5 8B
 (050.198578)  can0  100   [8]  80 07 10 23 00 02 9C 2A
 (050.208581)  can0  100   [8]  7C 07 04 23 00 02 9D C3
 (050.218581)  can0  100   [8]  78 07 F8 22 00 02 9E 39
 (050.228586)  can0  100   [8]  74 07 EC 22 00 02 9F 20
 (050.238580)  can0  100   [8]  70 07 E0 22 00 02 A0 17
 (050.248579)  can0  100   [8]  6C 07 D8 22 00 02 A1 32
 (050.258577)  can0  100   [8]  68 07 CC 22 00 02 A2 21
 (050.268562)  can0  100   [8]  64 07 C0 22 00 02 A3 20
 (050.278581)  can0  100   [8]  60 07 B4 22 00 02 A4 57
 (050.288580)  can0  100   [8]  5C 07 A8 22 00 02 A5 76
 (050.288794)  can0  101   [8]  E8 35 6B C8 00 00 F6 88
 (050.298577)  can0  100   [8]  58 07 A0 22 00 02 A6 79
 (050.308576)  can0  100   [8]  54 07 94 22 00 02 A7 40
 (050.318575)  can0  100   [8]  50 07 88 22 00 02 A8 57
 (050.328582)  can0  100   [8]  4C 07 7C 22 00 02 A9 BE
 (050.338577)  can0  100   [8]  48 07 70 22 00 02 AA B5
 (050.348576)  can0  100   [8]  44 07 68 22 00 02 AB A0
 (050.358571)  can0  100   [8]  40 07 5C 22 00 02 AC 97
 (050.368581)  can0  100   [8]  3C 07 50 22 00 02 AD E6
 (050.378569)  can0  100   [8]  38 07 44 22 00 02 AE F5
 (050.388582)  can0  100   [8]  34 07 38 22 00 02 AF 84
 (050.388781)  can0  101   [8]  E8 35 6B C8 00 00 F7 89
 (050.398575)  can0  100   [8]  30 07 30 22 00 02 B0 97
 (050.408567)  can0  100   [8]  2C 07 24 22 00 02 B1 9E
 (050.418571)  can0  100   [8]  28 07 18 22 00 02 B2 A5
 (050.428575)  can0  100   [8]  24 07 0C 22 00 02 B3 BC
 (050.438578)  can0  100   [8]  20 07 00 22 00 02 B4 B3
 (050.448574)  can0  100   [8]  1C 07 F8 21 00 02 B5 75
 (050.458567)  can0  100   [8]  18 07 EC 21 00 02 B6 66
 (050.468572)  can0  100   [8]  14 07 E0 21 00 02 B7 67
 (050.478566)  can0  100   [8]  10 07 D4 21 00 02 B8 58
 (050.488575)  can0  100   [8]  0C 07 C8 21 00 02 B9 59
 (050.488784)  can0  101   [8]  E8 35 6B C8 00 00 F8 86
 (050.498572)  can0  100   [8]  08 07 C0 21 00 02 BA 56
 (050.508553)  can0  100   [8]  04 07 B4 21 00 02 BB 2F
 (050.518578)  can0  100   [8]  00 07 A8 21 00 02 BC 30
 (050.528579)  can0  100   [8]  FC 06 9C 21 00 02 BD F8
 (050.538574)  can0  100   [8]  F8 06 90 21 00 02 BE F3
 (050.548571)  can0  100   [8]  F4 06 88 21 00 02 BF E6
 (050.558569)  can0  100   [8]  F0 06 7C 21 00 02 C0 69
 (050.568564)  can0  100   [8]  EC 06 70 21 00 02 C1 78
 (050.578562)  can0  100   [8]  E8 06 64 21 00 02 C2 6B
 (050.588562)  can0  100   [8]  E4 06 58 21 00 02 C3 5A
 (050.588771)  can0  101   [8]  E8 35 6B C8 00 00 F9 87
 (050.598571)  can0  100   [8]  E0 06 50 21 00 02 C4 51
 (050.608561)  can0  100   [8]  DC 06 44 21 00 02 C5 78
 (050.618562)  can0  100   [8]  D8 06 38 21 00 02 C6 03
 (050.628564)  can0  100   [8]  D4 06 2C 21 00 02 C7 1A
 (050.638564)  can0  100   [8]  D0 06 20 21 00 02 C8 1D
 (050.648567)  can0  100   [8]  CC 06 18 21 00 02 C9 38
 (050.658567)  can0  100   [8]  C8 06 0C 21 00 02 CA 2B
 (050.668565)  can0  100   [8]  C4 06 00 21 00 02 CB 2A
 (050.678563)  can0  100   [8]  C0 06 F4 20 00 02 CC DC
 (050.688562)  can0  100   [8]  BC 06 E8 20 00 02 CD BD
 (050.688768)  can0  101   [8]  E8 35 6B C8 00 00 FA 84
 (050.698568)  can0  100   [8]  B8 06 E0 20 00 02 CE B2
 (050.708564)  can0  100   [8]  B4 06 D4 20 00 02 CF 8B
 (050.718566)  can0  100   [8]  B0 06 C8 20 00 02 D0 8C
 (050.728560)  can0  100   [8]  AC 06 BC 20 00 02 D1 E5
 (050.738567)  can0  100   [8]  A8 06 B0 20 00 02 D2 EE
 (050.748542)  can0  100   [8]  A4 06 A8 20 00 02 D3 FB
 (050.758579)  can0  100   [8]  A0 06 9C 20 00 02 D4 CC
 (050.768591)  can0  100   [8]  9C 06 90 20 00 02 D5 FD
 (050.778561)  can0  100   [8]  98 06 84 20 00 02 D6 EE
 (050.788569)  can0  100   [8]  94 06 78 20 00 02 D7 1F
 (050.788767)  can0  101   [8]  E8 35 6B C8 00 00 FB 85
 (050.798563)  can0  100   [8]  90 06 70 20 00 02 D8 1C
 (050.808560)  can0  100   [8]  8C 06 64 20 00 02 D9 15
 (050.818560)  can0  100   [8]  88 06 58 20 00 02 DA 2E
 (050.828540)  can0  100   [8]  84 06 4C 20 00 02 DB 37
 (050.838564)  can0  100   [8]  80 06 40 20 00 02 DC 38
 (050.848559)  can0  100   [8]  7C 06 38 20 00 02 DD BD
 (050.858556)  can0  100   [8]  78 06 2C 20 00 02 DE AE
 (050.868562)  can0  100   [8]  74 06 20 20 00 02 DF AF
 (050.878557)  can0  100   [8]  70 06 14 20 00 02 E0 A0
 (050.888558)  can0  100   [8]  6C 06 08 20 00 02 E1 A1
 (050.888767)  can0  101   [8]  E8 35 6B C8 00 00 FC 82
 (050.898560)  can0  100   [8]  68 06 00 20 00 02 E2 AE
 (050.908557)  can0  100   [8]  64 06 F4 1F 00 02 E3 68
 (050.918566)  can0  100   [8]  60 06 E8 1F 00 02 E4 77
 (050.928563)  can0  100   [8]  5C 06 DC 1F 00 02 E5 7E
 (050.938558)  can0  100   [8]  58 06 D0 1F 00 02 E6 75
 (050.948561)  can0  100   [8]  54 06 C8 1F 00 02 E7 60
 (050.958561)  can0  100   [8]  50 06 BC 1F 00 02 E8 1F
 (050.968564)  can0  100   [8]  4C 06 B0 1F 00 02 E9 0E
 (050.978555)  can0  100   [8]  48 06 A4 1F 00 02 EA 1D
 (050.988538)  can0  100   [8]  44 06 98 1F 00 02 EB 2C
 (050.988766)  can0  101   [8]  E8 35 6B C8 00 00 FD 83
 (050.989000)  can0  102   [8]  8C D6 12 00 02 00 32 78
 (050.998560)  can0  100   [8]  40 06 90 1F 00 02 EC 27
 (051.008557)  can0  100   [8]  3C 06 84 1F 00 02 ED 4E
 (051.018560)  can0  100   [8]  38 06 78 1F 00 02 EE B5
 (051.028560)  can0  100   [8]  34 06 6C 1F 00 02 EF AC
 (051.038559)  can0  100   [8]  30 06 60 1F 00 02 F0 BB
 (051.048555)  can0  100   [8]  2C 06 58 1F 00 02 F1 9E
 (051.058555)  can0  100   [8]  28 06 4C 1F 00 02 F2 8D
 (051.068536)  can0  100   [8]  24 06 40 1F 00 02 F3 8C
 (051.078564)  can0  100   [8]  20 06 34 1F 00 02 F4 FB
 (051.088559)  can0  100   [8]  1C 06 28 1F 00 02 F5 DA
 (051.088765)  can0  101   [8]  E8 35 6C C8 00 00 FE 87
 (051.098558)  can0  100   [8]  18 06 20 1F 00 02 F6 D5
 (051.108554)  can0  100   [8]  14 06 14 1F 00 02 F7 EC
 (051.118563)  can0  100   [8]  10 06 08 1F 00 02 F8 FB
 (051.128562)  can0  100   [8]  0C 06 FC 1E 00 02 F9 13
 (051.138556)  can0  100   [8]  08 06 F0 1E 00 02 FA 18
 (051.148556)  can0  100   [8]  04 06 E8 1E 00 02 FB 0D
 (051.158555)  can0  100   [8]  00 06 DC 1E 00 02 FC 3A
 (051.168557)  can0  100   [8]  FC 05 D0 1E 00 02 FD C8
 (051.178565)  can0  100   [8]  F8 05 C4 1E 00 02 FE DB
 (051.188560)  can0  100   [8]  F4 05 B8 1E 00 02 FF AA
 (051.188761)  can0  101   [8]  E8 35 6C C8 00 00 FF 86
 (051.198555)  can0  100   [8]  F0 05 B0 1E 00 02 00 59
 (051.208558)  can0  100   [8]  EC 05 A4 1E 00 02 01 50
 (051.218556)  can0  100   [8]  E8 05 98 1E 00 02 02 6B
 (051.228560)  can0  100   [8]  E4 05 8C 1E 00 02 03 72
 (051.238557)  can0  100   [8]  E0 05 80 1E 00 02 04 7D
 (051.248555)  can0  100   [8]  DC 05 78 1E 00 02 05 B8
 (051.258568)  can0  100   [8]  D8 05 6C 1E 00 02 06 AB
 (051.268547)  can0  100   [8]  D4 05 60 1E 00 02 07 AA
 (051.278552)  can0  100   [8]  D0 05 54 1E 00 02 08 95
 (051.288551)  can0  100   [8]  CC 05 48 1E 00 02 09 94
 (051.288762)  can0  101   [8]  E8 35 6C C8 00 00 00 79
 (051.298552)  can0  100   [8]  C8 05 40 1E 00 02 0A 9B
 (051.308532)  can0  100   [8]  C4 05 34 1E 00 02 0B E2
 (051.318560)  can0  100   [8]  C0 05 28 1E 00 02 0C FD
 (051.328555)  can0  100   [8]  BC 05 1C 1E 00 02 0D B4
 (051.338551)  can0  100   [8]  B8 05 10 1E 00 02 0E BF
 (051.348550)  can0  100   [8]  B4 05 08 1E 00 02 0F AA
 (051.358545)  can0  100   [8]  B0 05 FC 1D 00 02 10 46
 (051.368542)  can0  100   [8]  AC 05 F0 1D 00 02 11 57
 (051.378543)  can0  100   [8]  A8 05 E4 1D 00 02 12 44
 (051.388543)  can0  100   [8]  A4 05 D8 1D 00 02 13 75
 (051.388750)  can0  101   [8]  E8 35 6C C8 00 00 01 78
 (051.398544)  can0  100   [8]  A0 05 D0 1D 00 02 14 7E
 (051.408544)  can0  100   [8]  9C 05 C4 1D 00 02 15 57
 (051.418547)  can0  100   [8]  98 05 B8 1D 00 02 16 2C
 (051.428549)  can0  100   [8]  94 05 AC 1D 00 02 17 35
 (051.438541)  can0  100   [8]  90 05 A0 1D 00 02 18 32
 (051.448544)  can0  100   [8]  8C 05 98 1D 00 02 19 17
 (051.458542)  can0  100   [8]  88 05 8C 1D 00 02 1A 04
 (051.468540)  can0  100   [8]  84 05 80 1D 00 02 1B 05
 (051.478546)  can0  100   [8]  80 05 74 1D 00 02 1C F2
 (051.488548)  can0  100   [8]  7C 05 68 1D 00 02 1D 13
 (051.488756)  can0  101   [8]  E8 35 6C C8 00 00 02 7B
 (051.498538)  can0  100   [8]  78 05 60 1D 00 02 1E 1C
 (051.508542)  can0  100   [8]  74 05 54 1D 00 02 1F 25
 (051.518540)  can0  100   [8]  70 05 48 1D 00 02 20 02
 (051.528543)  can0  100   [8]  6C 05 3C 1D 00 02 21 6B
 (051.538539)  can0  100   [8]  68 05 30 1D 00 02 22 60
 (051.548538)  can0  100   [8]  64 05 28 1D 00 02 23 75
 (051.558534)  can0  100   [8]  60 05 1C 1D 00 02 24 42
 (051.568537)  can0  100   [8]  5C 05 10 1D 00 02 25 73
 (051.578542)  can0  100   [8]  58 05 04 1D 00 02 26 60
 (051.588543)  can0  100   [8]  54 05 F8 1C 00 02 27 90
 (051.588748)  can0  101   [8]  E8 35 6C C8 00 00 03 7A
 (051.598543)  can0  100   [8]  50 05 F0 1C 00 02 28 93
 (051.608539)  can0  100   [8]  4C 05 E4 1C 00 02 29 9A
 (051.618541)  can0  100   [8]  48 05 D8 1C 00 02 2A A1
 (051.628540)  can0  100   [8]  44 05 CC 1C 00 02 2B B8
 (051.638541)  can0  100   [8]  40 05 C0 1C 00 02 2C B7
 (051.648544)  can0  100   [8]  3C 05 B8 1C 00 02 2D B2
 (051.658540)  can0  100   [8]  38 05 AC 1C 00 02 2E A1
 (051.668545)  can0  100   [8]  34 05 A0 1C 00 02 2F A0
 (051.678540)  can0  100   [8]  30 05 94 1C 00 02 30 8F
 (051.688536)  can0  100   [8]  2C 05 88 1C 00 02 31 8E
 (051.688744)  can0  101   [8]  E8 35 6C C8 00 00 04 7D
 (051.698546)  can0  100   [8]  28 05 80 1C 00 02 32 81
 (051.708538)  can0  100   [8]  24 05 74 1C 00 02 33 78
 (051.718539)  can0  100   [8]  20 05 68 1C 00 02 34 67
 (051.728537)  can0  100   [8]  1C 05 5C 1C 00 02 35 6E
 (051.738537)  can0  100   [8]  18 05 50 1C 00 02 36 65
 (051.748553)  can0  100   [8]  14 05 48 1C 00 02 37 70
 (051.758537)  can0  100   [8]  10 05 3C 1C 00 02 38 0F
 (051.768531)  can0  100   [8]  0C 05 30 1C 00 02 39 1E
 (051.778538)  can0  100   [8]  08 05 24 1C 00 02 3A 0D
 (051.788519)  can0  100   [8]  04 05 18 1C 00 02 3B 3C
 (051.788747)  can0  101   [8]  E8 35 6C C8 00 00 05 7C
 (051.798546)  can0  100   [8]  00 05 10 1C 00 02 3C 37
 (051.808537)  can0  100   [8]  FC 04 04 1C 00 02 3D DF
 (051.818542)  can0  100   [8]  F8 04 F8 1B 00 02 3E 23
 (051.828533)  can0  100   [8]  F4 04 EC 1B 00 02 3F 3A
 (051.838533)  can0  100   [8]  F0 04 E0 1B 00 02 40 4D
 (051.848535)  can0  100   [8]  EC 04 D8 1B 00 02 41 68
 (051.858527)  can0  100   [8]  E8 04 CC 1B 00 02 42 7B
 (051.868525)  can0  100   [8]  E4 04 C0 1B 00 02 43 7A
 (051.878536)  can0  100   [8]  E0 04 B4 1B 00 02 44 0D
 (051.888529)  can0  100   [8]  DC 04 A8 1B 00 02 45 2C
 (051.888735)  can0  101   [8]  E8 35 6C C8 00 00 06 7F
 (051.898526)  can0  100   [8]  D8 04 A0 1B 00 02 46 23
 (051.908525)  can0  100   [8]  D4 04 94 1B 00 02 47 1A
 (051.918533)  can0  100   [8]  D0 04 88 1B 00 02 48 0D
 (051.928533)  can0  100   [8]  CC 04 7C 1B 00 02 49 E4
 (051.938529)  can0  100   [8]  C8 04 70 1B 00 02 4A EF
 (051.948530)  can0  100   [8]  C4 04 68 1B 00 02 4B FA
 (051.958532)  can0  100   [8]  C0 04 5C 1B 00 02 4C CD
 (051.968529)  can0  100   [8]  BC 04 50 1B 00 02 4D BC
 (051.978524)  can0  100   [8]  B8 04 44 1B 00 02 4E AF
 (051.988524)  can0  100   [8]  B4 04 38 1B 00 02 4F DE
 (051.988732)  can0  101   [8]  E8 35 6C C8 00 00 07 7E
 (051.988972)  can0  102   [8]  8C D6 12 00 02 00 33 79
 (051.998528)  can0  100   [8]  B0 04 50 28 00 01 50 9D
 (052.008528)  can0  100   [8]  AC 04 38 28 00 01 51 E8
 (052.018527)  can0  100   [8]  A8 04 20 28 00 01 52 F7
 (052.028510)  can0  100   [8]  A4 04 0C 28 00 01 53 D6
 (052.038531)  can0  100   [8]  A0 04 F4 27 00 01 54 22
 (052.048530)  can0  100   [8]  9C 04 E0 27 00 01 55 0B
 (052.058532)  can0  100   [8]  98 04 C8 27 00 01 56 24
 (052.068530)  can0  100   [8]  94 04 B0 27 00 01 57 51
 (052.078523)  can0  100   [8]  90 04 9C 27 00 01 58 76
 (052.088518)  can0  100   [8]  8C 04 84 27 00 01 59 73
 (052.088726)  can0  101   [8]  E8 35 6D C8 00 00 08 70
 (052.098527)  can0  100   [8]  88 04 70 27 00 01 5A 80
 (052.108509)  can0  100   [8]  84 04 58 27 00 01 5B A5
 (052.118533)  can0  100   [8]  80 04 40 27 00 01 5C BE
 (052.128527)  can0  100   [8]  7C 04 2C 27 00 01 5D 2F
 (052.138525)  can0  100   [8]  78 04 14 27 00 01 5E 10
 (052.148528)  can0  100   [8]  74 04 00 27 00 01 5F 09
 (052.158528)  can0  100   [8]  70 04 E8 26 00 01 60 DB
 (052.168523)  can0  100   [8]  6C 04 D0 26 00 01 61 FE
 (052.178531)  can0  100   [8]  68 04 BC 26 00 01 62 95
 (052.188529)  can0  100   [8]  64 04 A4 26 00 01 63 80
 (052.188730)  can0  101   [8]  E8 35 6D C8 00 00 09 71
 (052.198527)  can0  100   [8]  60 04 90 26 00 01 64 B7
 (052.208506)  can0  100   [8]  5C 04 78 26 00 01 65 62
 (052.218532)  can0  100   [8]  58 04 60 26 00 01 66 7D
 (052.228524)  can0  100   [8]  54 04 4C 26 00 01 67 5C
 (052.238517)  can0  100   [8]  50 04 34 26 00 01 68 2F
 (052.248523)  can0  100   [8]  4C 04 20 26 00 01 69 26
 (052.258527)  can0  100   [8]  48 04 08 26 00 01 6A 09
 (052.268525)  can0  100   [8]  44 04 F0 25 00 01 6B FF
 (052.278524)  can0  100   [8]  40 04 DC 25 00 01 6C D0
 (052.288525)  can0  100   [8]  3C 04 C4 25 00 01 6D B5
 (052.288732)  can0  101   [8]  E8 35 6D C8 00 00 0A 72
 (052.298522)  can0  100   [8]  38 04 B0 25 00 01 6E C6
 (052.308506)  can0  100   [8]  34 04 98 25 00 01 6F E3
 (052.318526)  can0  100   [8]  30 04 80 25 00 01 70 E0
 (052.328528)  can0  100   [8]  2C 04 6C 25 00 01 71 11
 (052.338520)  can0  100   [8]  28 04 54 25 00 01 72 2E
 (052.348501)  can0  100   [8]  24 04 40 25 00 01 73 37
 (052.358522)  can0  100   [8]  20 04 28 25 00 01 74 5C
 (052.368518)  can0  100   [8]  1C 04 10 25 00 01 75 59
 (052.378518)  can0  100   [8]  18 04 FC 24 00 01 76 B3
 (052.388518)  can0  100   [8]  14 04 E4 24 00 01 77 A6
 (052.388725)  can0  101   [8]  E8 35 6D C8 00 00 0B 73
 (052.398522)  can0  100   [8]  10 04 D0 24 00 01 78 99
 (052.408497)  can0  100   [8]  0C 04 B8 24 00 01 79 EC
 (052.418519)  can0  100   [8]  08 04 A0 24 00 01 7A F3
 (052.428516)  can0  100   [8]  04 04 8C 24 00 01 7B D2
 (052.438520)  can0  100   [8]  00 04 74 24 00 01 7C 29
 (052.448517)  can0  100   [8]  FC 03 60 24 00 01 7D C7
 (052.458521)  can0  100   [8]  F8 03 48 24 00 01 7E E8
 (052.468515)  can0  100   [8]  F4 03 30 24 00 01 7F 9D
 (052.478519)  can0  100   [8]  F0 03 1C 24 00 01 80 4A
 (052.488515)  can0  100   [8]  EC 03 04 24 00 01 81 4F
 (052.488720)  can0  101   [8]  E8 35 6D C8 00 00 0C 74
 (052.498521)  can0  100   [8]  E8 03 F0 23 00 01 82 BB
 (052.508493)  can0  100   [8]  E4 03 D8 23 00 01 83 9E
 (052.518515)  can0  100   [8]  E0 03 C0 23 00 01 84 85
 (052.528511)  can0  100   [8]  DC 03 AC 23 00 01 85 D4
 (052.538514)  can0  100   [8]  D8 03 94 23 00 01 86 EB
 (052.548519)  can0  100   [8]  D4 03 80 23 00 01 87 F2
 (052.558513)  can0  100   [8]  D0 03 68 23 00 01 88 11
 (052.568512)  can0  100   [8]  CC 03 50 23 00 01 89 34
 (052.578512)  can0  100   [8]  C8 03 3C 23 00 01 8A 5F
 (052.588488)  can0  100   [8]  C4 03 24 23 00 01 8B 4A
 (052.588713)  can0  101   [8]  E8 35 6D C8 00 00 0D 75
 (052.598522)  can0  100   [8]  C0 03 10 23 00 01 8C 7D
 (052.608491)  can0  100   [8]  BC 03 F8 22 00 01 8D E9
 (052.618515)  can0  100   [8]  B8 03 E0 22 00 01 8E F6
 (052.628510)  can0  100   [8]  B4 03 CC 22 00 01 8F D7
 (052.638509)  can0  100   [8]  B0 03 B4 22 00 01 90 B4
 (052.648509)  can0  100   [8]  AC 03 A0 22 00 01 91 BD
 (052.658507)  can0  100   [8]  A8 03 88 22 00 01 92 92
 (052.668508)  can0  100   [8]  A4 03 70 22 00 01 93 67
 (052.678514)  can0  100   [8]  A0 03 5C 22 00 01 94 48
 (052.688507)  can0  100   [8]  9C 03 44 22 00 01 95 6D
 (052.688733)  can0  101   [8]  E8 35 6D C8 00 00 0E 76
 (052.698509)  can0  100   [8]  98 03 30 22 00 01 96 1E
 (052.708485)  can0  100   [8]  94 03 18 22 00 01 97 3B
 (052.718514)  can0  100   [8]  90 03 00 22 00 01 98 28
 (052.728511)  can0  100   [8]  8C 03 EC 21 00 01 99 DA
 (052.738509)  can0  100   [8]  88 03 D4 21 00 01 9A E5
 (052.748509)  can0  100   [8]  84 03 C0 21 00 01 9B FC
 (052.758507)  can0  100   [8]  80 03 A8 21 00 01 9C 97
 (052.768504)  can0  100   [8]  7C 03 90 21 00 01 9D 52
 (052.778510)  can0  100   [8]  78 03 7C 21 00 01 9E B9
 (052.788507)  can0  100   [8]  74 03 64 21 00 01 9F AC
 (052.788709)  can0  101   [8]  E8 35 6D C8 00 00 0F 77
 (052.798505)  can0  100   [8]  70 03 50 21 00 01 A0 A3
 (052.808486)  can0  100   [8]  6C 03 38 21 00 01 A1 D6
 (052.818510)  can0  100   [8]  68 03 20 21 00 01 A2 C9
 (052.828495)  can0  100   [8]  64 03 0C 21 00 01 A3 E8
 (052.838491)  can0  100   [8]  60 03 F4 20 00 01 A4 12
 (052.848525)  can0  100   [8]  5C 03 E0 20 00 01 A5 3B
 (052.858516)  can0  100   [8]  58 03 C8 20 00 01 A6 14
 (052.868506)  can0  100   [8]  54 03 B0 20 00 01 A7 61
 (052.878509)  can0  100   [8]  50 03 9C 20 00 01 A8 46
 (052.888485)  can0  100   [8]  4C 03 84 20 00 01 A9 43
 (052.888710)  can0  101   [8]  E8 35 6D C8 00 00 10 68
 (052.898506)  can0  100   [8]  48 03 70 20 00 01 AA B0
 (052.908487)  can0  100   [8]  44 03 58 20 00 01 AB 95
 (052.918507)  can0  100   [8]  40 03 40 20 00 01 AC 8E
 (052.928515)  can0  100   [8]  3C 03 2C 20 00 01 AD 9F
 (052.938506)  can0  100   [8]  38 03 14 20 00 01 AE A0
 (052.948508)  can0  100   [8]  34 03 00 20 00 01 AF B9
 (052.958510)  can0  100   [8]  30 03 E8 1F 00 01 B0 75
 (052.968509)  can0  100   [8]  2C 03 D0 1F 00 01 B1 50
 (052.978505)  can0  100   [8]  28 03 BC 1F 00 01 B2 3B
 (052.988500)  can0  100   [8]  24 03 A4 1F 00 01 B3 2E
 (052.988707)  can0  101   [8]  E8 35 6D C8 00 00 11 69
 (052.988951)  can0  102   [8]  8C D6 12 00 02 00 34 7E
 (052.998512)  can0  100   [8]  20 03 90 1F 00 01 B4 19
 (053.008497)  can0  100   [8]  1C 03 78 1F 00 01 B5 CC
 (053.018500)  can0  100   [8]  18 03 60 1F 00 01 B6 D3
 (053.028509)  can0  100   [8]  14 03 4C 1F 00 01 B7 F2
 (053.038512)  can0  100   [8]  10 03 34 1F 00 01 B8 81
 (053.048504)  can0  100   [8]  0C 03 20 1F 00 01 B9 88
 (053.058499)  can0  100   [8]  08 03 08 1F 00 01 BA A7
 (053.068482)  can0  100   [8]  04 03 F0 1E 00 01 BB 53
 (053.078509)  can0  100   [8]  00 03 DC 1E 00 01 BC 7C
 (053.088522)  can0  100   [8]  FC 02 C4 1E 00 01 BD 98
 (053.088710)  can0  101   [8]  E8 35 6E C8 00 00 12 69
 (053.098505)  can0  100   [8]  F8 02 B0 1E 00 01 BE EB
 (053.108570)  can0  100   [8]  F4 02 98 1E 00 01 BF CE
 (053.118507)  can0  100   [8]  F0 02 80 1E 00 01 C0 AD
 (053.128501)  can0  100   [8]  EC 02 6C 1E 00 01 C1 5C
 (053.138499)  can0  100   [8]  E8 02 54 1E 00 01 C2 63
 (053.148479)  can0  100   [8]  E4 02 40 1E 00 01 C3 7A
 (053.158504)  can0  100   [8]  E0 02 28 1E 00 01 C4 11
 (053.168494)  can0  100   [8]  DC 02 10 1E 00 01 C5 14
 (053.178511)  can0  100   [8]  D8 02 FC 1D 00 01 C6 FC
 (053.188501)  can0  100   [8]  D4 02 E4 1D 00 01 C7 E9
 (053.188703)  can0  101   [8]  E8 35 6E C8 00 00 13 68
 (053.198497)  can0  100   [8]  D0 02 D0 1D 00 01 C8 D6
 (053.208494)  can0  100   [8]  CC 02 B8 1D 00 01 C9 A3
 (053.218497)  can0  100   [8]  C8 02 A0 1D 00 01 CA BC
 (053.228496)  can0  100   [8]  C4 02 8C 1D 00 01 CB 9D
 (053.238497)  can0  100   [8]  C0 02 74 1D 00 01 CC 66
 (053.248495)  can0  100   [8]  BC 02 60 1D 00 01 CD 0F
 (053.258497)  can0  100   [8]  B8 02 48 1D 00 01 CE 20
 (053.268491)  can0  100   [8]  B4 02 30 1D 00 01 CF 55
 (053.278505)  can0  100   [8]  B0 02 1C 1D 00 01 D0 62
 (053.288495)  can0  100   [8]  AC 02 04 1D 00 01 D1 67
 (053.288695)  can0  101   [8]  E8 35 6E C8 00 00 14 6F
 (053.298492)  can0  100   [8]  A8 02 F0 1C 00 01 D2 95
 (053.308492)  can0  100   [8]  A4 02 D8 1C 00 01 D3 B0
 (053.318495)  can0  100   [8]  A0 02 C0 1C 00 01 D4 AB
 (053.328497)  can0  100   [8]  9C 02 AC 1C 00 01 D5 FA
 (053.338490)  can0  100   [8]  98 02 94 1C 00 01 D6 C5
 (053.348491)  can0  100   [8]  94 02 80 1C 00 01 D7 DC
 (053.358495)  can0  100   [8]  90 02 68 1C 00 01 D8 3F
 (053.368489)  can0  100   [8]  8C 02 50 1C 00 01 D9 1A
 (053.378486)  can0  100   [8]  88 02 3C 1C 00 01 DA 71
 (053.388467)  can0  100   [8]  84 02 24 1C 00 01 DB 64
 (053.388692)  can0  101   [8]  E8 35 6E C8 00 00 15 6E
 (053.398495)  can0  100   [8]  80 02 10 1C 00 01 DC 53
 (053.408495)  can0  100   [8]  7C 02 F8 1B 00 01 DD 41
 (053.418487)  can0  100   [8]  78 02 E0 1B 00 01 DE 5E
 (053.428498)  can0  100   [8]  74 02 CC 1B 00 01 DF 7F
 (053.438496)  can0  100   [8]  70 02 B4 1B 00 01 E0 3C
 (053.448493)  can0  100   [8]  6C 02 A0 1B 00 01 E1 35
 (053.458487)  can0  100   [8]  68 02 88 1B 00 01 E2 1A
 (053.468494)  can0  100   [8]  64 02 70 1B 00 01 E3 EF
 (053.478490)  can0  100   [8]  60 02 5C 1B 00 01 E4 C0
 (053.488488)  can0  100   [8]  5C 02 44 1B 00 01 E5 E5
 (053.488695)  can0  101   [8]  E8 35 6E C8 00 00 16 6D
 (053.498489)  can0  100   [8]  58 02 30 1B 00 01 E6 96
 (053.508485)  can0  100   [8]  54 02 18 1B 00 01 E7 B3
 (053.518495)  can0  100   [8]  50 02 00 1B 00 01 E8 A0
 (053.528485)  can0  100   [8]  4C 02 EC 1A 00 01 E9 50
 (053.538488)  can0  100   [8]  48 02 D4 1A 00 01 EA 6F
 (053.548483)  can0  100   [8]  44 02 C0 1A 00 01 EB 76
 (053.558507)  can0  100   [8]  40 02 A8 1A 00 01 EC 1D
 (053.568486)  can0  100   [8]  3C 02 90 1A 00 01 ED 58
 (053.578487)  can0  100   [8]  38 02 7C 1A 00 01 EE B3
 (053.588487)  can0  100   [8]  34 02 64 1A 00 01 EF A6
 (053.588693)  can0  101   [8]  E8 35 6E C8 00 00 17 6C
 (053.598491)  can0  100   [8]  30 02 50 1A 00 01 F0 89
 (053.608490)  can0  100   [8]  2C 02 38 1A 00 01 F1 FC
 (053.618485)  can0  100   [8]  28 02 20 1A 00 01 F2 E3
 (053.628488)  can0  100   [8]  24 02 0C 1A 00 01 F3 C2
 (053.638507)  can0  100   [8]  20 02 F4 19 00 01 F4 3A
 (053.648492)  can0  100   [8]  1C 02 E0 19 00 01 F5 13
 (053.658492)  can0  100   [8]  18 02 C8 19 00 01 F6 3C
 (053.668492)  can0  100   [8]  14 02 B0 19 00 01 F7 49
 (053.678488)  can0  100   [8]  10 02 9C 19 00 01 F8 6E
 (053.688469)  can0  100   [8]  0C 02 84 19 00 01 F9 6B
 (053.688691)  can0  101   [8]  E8 35 6E C8 00 00 18 63
 (053.698494)  can0  100   [8]  08 02 70 19 00 01 FA 98
 (053.708483)  can0  100   [8]  04 02 58 19 00 01 FB BD
 (053.718488)  can0  100   [8]  00 02 40 19 00 01 FC A6
 (053.728485)  can0  100   [8]  FC 01 2C 19 00 01 FD 34
 (053.738488)  can0  100   [8]  F8 01 14 19 00 01 FE 0B
 (053.748486)  can0  100   [8]  F4 01 00 19 00 01 FF 12
 (053.758490)  can0  100   [8]  F0 01 E8 18 00 01 00 00
 (053.768480)  can0  100   [8]  EC 01 D0 18 00 01 01 25
 (053.778483)  can0  100   [8]  E8 01 BC 18 00 01 02 4E
 (053.788458)  can0  100   [8]  E4 01 A4 18 00 01 03 5B
 (053.788686)  can0  101   [8]  E8 35 6E C8 00 00 19 62
 (053.798490)  can0  100   [8]  E0 01 90 18 00 01 04 6C
 (053.808480)  can0  100   [8]  DC 01 78 18 00 01 05 B9
 (053.818486)  can0  100   [8]  D8 01 60 18 00 01 06 A6
 (053.828484)  can0  100   [8]  D4 01 4C 18 00 01 07 87
 (053.838480)  can0  100   [8]  D0 01 34 18 00 01 08 F4
 (053.848479)  can0  100   [8]  CC 01 20 18 00 01 09 FD
 (053.858478)  can0  100   [8]  C8 01 08 18 00 01 0A D2
 (053.868457)  can0  100   [8]  C4 01 F0 17 00 01 0B 28
 (053.878481)  can0  100   [8]  C0 01 DC 17 00 01 0C 07
 (053.888476)  can0  100   [8]  BC 01 C4 17 00 01 0D 62
 (053.888683)  can0  101   [8]  E8 35 6E C8 00 00 1A 61
 (053.898475)  can0  100   [8]  B8 01 B0 17 00 01 0E 11
 (053.908477)  can0  100   [8]  B4 01 98 17 00 01 0F 34
 (053.918478)  can0  100   [8]  B0 01 80 17 00 01 10 37
 (053.928476)  can0  100   [8]  AC 01 6C 17 00 01 11 C6
 (053.938479)  can0  100   [8]  A8 01 54 17 00 01 12 F9
 (053.948482)  can0  100   [8]  A4 01 40 17 00 01 13 E0
 (053.958473)  can0  100   [8]  A0 01 28 17 00 01 14 8B
 (053.968473)  can0  100   [8]  9C 01 10 17 00 01 15 8E
 (053.978473)  can0  100   [8]  98 01 FC 16 00 01 16 64
 (053.988468)  can0  100   [8]  94 01 E4 16 00 01 17 71
 (053.988697)  can0  101   [8]  E8 35 6E C8 00 00 1B 60
 (053.988919)  can0  102   [8]  8C D6 12 00 02 00 35 7F
 (053.998477)  can0  100   [8]  90 01 D0 16 00 01 18 4E
 (054.008469)  can0  100   [8]  8C 01 B8 16 00 01 19 3B
 (054.018477)  can0  100   [8]  88 01 A0 16 00 01 1A 24
 (054.028474)  can0  100   [8]  84 01 8C 16 00 01 1B 05
 (054.038478)  can0  100   [8]  80 01 74 16 00 01 1C FE
 (054.048476)  can0  100   [8]  7C 01 60 16 00 01 1D 17
 (054.058471)  can0  100   [8]  78 01 48 16 00 01 1E 38
 (054.068469)  can0  100   [8]  74 01 30 16 00 01 1F 4D
 (054.078470)  can0  100   [8]  70 01 1C 16 00 01 20 5A
 (054.088473)  can0  100   [8]  6C 01 04 16 00 01 21 5F
 (054.088683)  can0  101   [8]  E8 35 6F C8 00 00 1C 66
 (054.098475)  can0  100   [8]  68 01 F0 15 00 01 22 AF
 (054.108451)  can0  100   [8]  64 01 D8 15 00 01 23 8A
 (054.118476)  can0  100   [8]  60 01 C0 15 00 01 24 91
 (054.128474)  can0  100   [8]  5C 01 AC 15 00 01 25 C0
 (054.138473)  can0  100   [8]  58 01 94 15 00 01 26 FF
 (054.148466)  can0  100   [8]  54 01 80 15 00 01 27 E6
 (054.158466)  can0  100   [8]  50 01 68 15 00 01 28 05
 (054.168470)  can0  100   [8]  4C 01 50 15 00 01 29 20
 (054.178480)  can0  100   [8]  48 01 3C 15 00 01 2A 4B
 (054.188446)  can0  100   [8]  44 01 24 15 00 01 2B 5E
 (054.188675)  can0  101   [8]  E8 35 6F C8 00 00 1D 67
 (054.198468)  can0  100   [8]  40 01 10 15 00 01 2C 69
 (054.208481)  can0  100   [8]  3C 01 F8 14 00 01 2D FD
 (054.218473)  can0  100   [8]  38 01 E0 14 00 01 2E E2
 (054.228472)  can0  100   [8]  34 01 CC 14 00 01 2F C3
 (054.238474)  can0  100   [8]  30 01 B4 14 00 01 30 A0
 (054.248466)  can0  100   [8]  2C 01 A0 14 00 01 31 A9
 (054.258467)  can0  100   [8]  28 01 88 14 00 01 32 86
 (054.268468)  can0  100   [8]  24 01 70 14 00 01 33 73
 (054.278470)  can0  100   [8]  20 01 5C 14 00 01 34 5C
 (054.288468)  can0  100   [8]  1C 01 44 14 00 01 35 79
 (054.288671)  can0  101   [8]  E8 35 6F C8 00 00 1E 64
 (054.298470)  can0  100   [8]  18 01 30 14 00 01 36 0A
 (054.308469)  can0  100   [8]  14 01 18 14 00 01 37 2F
 (054.318471)  can0  100   [8]  10 01 00 14 00 01 38 3C
 (054.328464)  can0  100   [8]  0C 01 EC 13 00 01 39 CA
 (054.338469)  can0  100   [8]  08 01 D4 13 00 01 3A F5
 (054.348463)  can0  100   [8]  04 01 C0 13 00 01 3B EC
 (054.358469)  can0  100   [8]  00 01 A8 13 00 01 3C 87
 (054.368470)  can0  100   [8]  FC 00 90 13 00 01 3D 43
 (054.378475)  can0  100   [8]  F8 00 7C 13 00 01 3E A8
 (054.388463)  can0  100   [8]  F4 00 64 13 00 01 3F BD
 (054.388679)  can0  101   [8]  E8 35 6F C8 00 00 1F 65
 (054.398466)  can0  100   [8]  F0 00 50 13 00 01 40 F2
 (054.408465)  can0  100   [8]  EC 00 38 13 00 01 41 87
 (054.418459)  can0  100   [8]  E8 00 20 13 00 01 42 98
 (054.428443)  can0  100   [8]  E4 00 0C 13 00 01 43 B9
 (054.438469)  can0  100   [8]  E0 00 F4 12 00 01 44 43
 (054.448477)  can0  100   [8]  DC 00 E0 12 00 01 45 6A
 (054.458461)  can0  100   [8]  D8 00 C8 12 00 01 46 45
 (054.468459)  can0  100   [8]  D4 00 B0 12 00 01 47 30
 (054.478456)  can0  100   [8]  D0 00 9C 12 00 01 48 17
 (054.488461)  can0  100   [8]  CC 00 84 12 00 01 49 12
 (054.488665)  can0  101   [8]  E8 35 6F C8 00 00 20 5A
 (054.498457)  can0  100   [8]  C8 00 70 12 00 01 4A E1
 (054.508464)  can0  100   [8]  C4 00 58 12 00 01 4B C4
 (054.518467)  can0  100   [8]  C0 00 40 12 00 01 4C DF
 (054.528462)  can0  100   [8]  BC 00 2C 12 00 01 4D CE
 (054.538460)  can0  100   [8]  B8 00 14 12 00 01 4E F1
 (054.548461)  can0  100   [8]  B4 00 00 12 00 01 4F E8
 (054.558459)  can0  100   [8]  B0 00 E8 11 00 01 50 18
 (054.568451)  can0  100   [8]  AC 00 D0 11 00 01 51 3D
 (054.578459)  can0  100   [8]  A8 00 BC 11 00 01 52 56
 (054.588456)  can0  100   [8]  A4 00 A4 11 00 01 53 43
 (054.588663)  can0  101   [8]  E8 35 6F C8 00 00 21 5B
 (054.598458)  can0  100   [8]  A0 00 90 11 00 01 54 74
 (054.608459)  can0  100   [8]  9C 00 78 11 00 01 55 A1
 (054.618459)  can0  100   [8]  98 00 60 11 00 01 56 BE
 (054.628457)  can0  100   [8]  94 00 4C 11 00 01 57 9F
 (054.638454)  can0  100   [8]  90 00 34 11 00 01 58 EC
 (054.648454)  can0  100   [8]  8C 00 20 11 00 01 59 E5
 (054.658458)  can0  100   [8]  88 00 08 11 00 01 5A CA
 (054.668446)  can0  100   [8]  84 00 F0 10 00 01 5B 3E
 (054.678464)  can0  100   [8]  80 00 DC 10 00 01 5C 11
 (054.688454)  can0  100   [8]  7C 00 C4 10 00 01 5D F4
 (054.688665)  can0  101   [8]  E8 35 6F C8 00 00 22 58
 (054.698456)  can0  100   [8]  78 00 B0 10 00 01 5E 87
 (054.708461)  can0  100   [8]  74 00 98 10 00 01 5F A2
 (054.718461)  can0  100   [8]  70 00 80 10 00 01 60 81
 (054.728451)  can0  100   [8]  6C 00 6C 10 00 01 61 70
 (054.738452)  can0  100   [8]  68 00 54 10 00 01 62 4F
 (054.748453)  can0  100   [8]  64 00 40 10 00 01 63 56
 (054.758464)  can0  100   [8]  60 00 28 10 00 01 64 3D
 (054.768458)  can0  100   [8]  5C 00 10 10 00 01 65 38
 (054.778456)  can0  100   [8]  58 00 FC 0F 00 01 66 CC
 (054.788456)  can0  100   [8]  54 00 E4 0F 00 01 67 D9
 (054.788663)  can0  101   [8]  E8 35 6F C8 00 00 23 59
 (054.798454)  can0  100   [8]  50 00 D0 0F 00 01 68 E6
 (054.808453)  can0  100   [8]  4C 00 B8 0F 00 01 69 93
 (054.818451)  can0  100   [8]  48 00 A0 0F 00 01 6A 8C
 (054.828431)  can0  100   [8]  44 00 8C 0F 00 01 6B AD
 (054.838456)  can0  100   [8]  40 00 74 0F 00 01 6C 56
 (054.848456)  can0  100   [8]  3C 00 60 0F 00 01 6D 3F
 (054.858453)  can0  100   [8]  38 00 48 0F 00 01 6E 10
 (054.868450)  can0  100   [8]  34 00 30 0F 00 01 6F 65
 (054.878454)  can0  100   [8]  30 00 1C 0F 00 01 70 52
 (054.888452)  can0  100   [8]  2C 00 04 0F 00 01 71 57
 (054.888666)  can0  101   [8]  E8 35 6F C8 00 00 24 5E
 (054.898450)  can0  100   [8]  28 00 F0 0E 00 01 72 A5
 (054.908434)  can0  100   [8]  24 00 D8 0E 00 01 73 80
 (054.918456)  can0  100   [8]  20 00 C0 0E 00 01 74 9B
 (054.928452)  can0  100   [8]  1C 00 AC 0E 00 01 75 CA
 (054.938455)  can0  100   [8]  18 00 94 0E 00 01 76 F5
 (054.948450)  can0  100   [8]  14 00 80 0E 00 01 77 EC
 (054.958454)  can0  100   [8]  10 00 68 0E 00 01 78 0F
 (054.968449)  can0  100   [8]  0C 00 50 0E 00 01 79 2A
 (054.978454)  can0  100   [8]  08 00 3C 0E 00 01 7A 41
 (054.988448)  can0  100   [8]  04 00 24 0E 00 01 7B 54
 (054.988658)  can0  101   [8]  E8 35 6F C8 00 00 25 5F
 (054.988896)  can0  102   [8]  8C D6 12 00 02 00 36 7C
 (054.998453)  can0  100   [8]  00 00 80 0C 00 00 7C F0
 (055.008453)  can0  100   [8]  00 00 80 0C 00 00 7D F1
 (055.018451)  can0  100   [8]  00 00 80 0C 00 00 7E F2
 (055.028453)  can0  100   [8]  00 00 80 0C 00 00 7F F3
 (055.038449)  can0  100   [8]  00 00 80 0C 00 00 80 0C
 (055.048447)  can0  100   [8]  00 00 80 0C 00 00 81 0D
 (055.058451)  can0  100   [8]  00 00 80 0C 00 00 82 0E
 (055.068448)  can0  100   [8]  00 00 80 0C 00 00 83 0F
 (055.078446)  can0  100   [8]  00 00 80 0C 00 00 84 08
 (055.088445)  can0  100   [8]  00 00 80 0C 00 00 85 09
 (055.088652)  can0  101   [8]  E8 35 70 C8 00 00 26 43
 (055.098450)  can0  100   [8]  00 00 80 0C 00 00 86 0A
 (055.108450)  can0  100   [8]  00 00 80 0C 00 00 87 0B
 (055.118443)  can0  100   [8]  00 00 80 0C 00 00 88 04
 (055.128450)  can0  100   [8]  00 00 80 0C 00 00 89 05
 (055.138445)  can0  100   [8]  00 00 80 0C 00 00 8A 06
 (055.148428)  can0  100   [8]  00 00 80 0C 00 00 8B 07
 (055.158447)  can0  100   [8]  00 00 80 0C 00 00 8C 00
 (055.168444)  can0  100   [8]  00 00 80 0C 00 00 8D 01
 (055.178455)  can0  100   [8]  00 00 80 0C 00 00 8E 02
 (055.188448)  can0  100   [8]  00 00 80 0C 00 00 8F 03
 (055.188650)  can0  101   [8]  E8 35 70 C8 00 00 27 42
 (055.198448)  can0  100   [8]  00 00 80 0C 00 00 90 1C
 (055.208450)  can0  100   [8]  00 00 80 0C 00 00 91 1D
 (055.218420)  can0  100   [8]  00 00 80 0C 00 00 92 1E
 (055.228425)  can0  100   [8]  00 00 80 0C 00 00 93 1F
 (055.238452)  can0  100   [8]  00 00 80 0C 00 00 94 18
 (055.248441)  can0  100   [8]  00 00 80 0C 00 00 95 19
 (055.258443)  can0  100   [8]  00 00 80 0C 00 00 96 1A
 (055.268443)  can0  100   [8]  00 00 80 0C 00 00 97 1B
 (055.278445)  can0  100   [8]  00 00 80 0C 00 00 98 14
 (055.288441)  can0  100   [8]  00 00 80 0C 00 00 99 15
 (055.288648)  can0  101   [8]  E8 35 70 C8 00 00 28 4D
 (055.298439)  can0  100   [8]  00 00 80 0C 00 00 9A 16
 (055.308441)  can0  100   [8]  00 00 80 0C 00 00 9B 17
 (055.318422)  can0  100   [8]  00 00 80 0C 00 00 9C 10
 (055.328439)  can0  100   [8]  00 00 80 0C 00 00 9D 11
 (055.338439)  can0  100   [8]  00 00 80 0C 00 00 9E 12
 (055.348441)  can0  100   [8]  00 00 80 0C 00 00 9F 13
 (055.358438)  can0  100   [8]  00 00 80 0C 00 00 A0 2C
 (055.368440)  can0  100   [8]  00 00 80 0C 00 00 A1 2D
 (055.378438)  can0  100   [8]  00 00 80 0C 00 00 A2 2E
 (055.388436)  can0  100   [8]  00 00 80 0C 00 00 A3 2F
 (055.388645)  can0  101   [8]  E8 35 70 C8 00 00 29 4C
 (055.398437)  can0  100   [8]  00 00 80 0C 00 00 A4 28
 (055.408455)  can0  100   [8]  00 00 80 0C 00 00 A5 29
 (055.418417)  can0  100   [8]  00 00 80 0C 00 00 A6 2A
 (055.428442)  can0  100   [8]  00 00 80 0C 00 00 A7 2B
 (055.438441)  can0  100   [8]  00 00 80 0C 00 00 A8 24
 (055.448437)  can0  100   [8]  00 00 80 0C 00 00 A9 25
 (055.458437)  can0  100   [8]  00 00 80 0C 00 00 AA 26
 (055.468414)  can0  100   [8]  00 00 80 0C 00 00 AB 27
 (055.478446)  can0  100   [8]  00 00 80 0C 00 00 AC 20
 (055.488435)  can0  100   [8]  00 00 80 0C 00 00 AD 21
 (055.488640)  can0  101   [8]  E8 35 70 C8 00 00 2A 4F
 (055.498431)  can0  100   [8]  00 00 80 0C 00 00 AE 22
 (055.508438)  can0  100   [8]  00 00 80 0C 00 00 AF 23
 (055.518419)  can0  100   [8]  00 00 80 0C 00 00 B0 3C
 (055.528436)  can0  100   [8]  00 00 80 0C 00 00 B1 3D
 (055.538434)  can0  100   [8]  00 00 80 0C 00 00 B2 3E
 (055.548438)  can0  100   [8]  00 00 80 0C 00 00 B3 3F
 (055.558433)  can0  100   [8]  00 00 80 0C 00 00 B4 38
 (055.568435)  can0  100   [8]  00 00 80 0C 00 00 B5 39
 (055.578428)  can0  100   [8]  00 00 80 0C 00 00 B6 3A
 (055.588436)  can0  100   [8]  00 00 80 0C 00 00 B7 3B
 (055.588640)  can0  101   [8]  E8 35 70 C8 00 00 2B 4E
 (055.598438)  can0  100   [8]  00 00 80 0C 00 00 B8 34
 (055.608432)  can0  100   [8]  00 00 80 0C 00 00 B9 35
 (055.618409)  can0  100   [8]  00 00 80 0C 00 00 BA 36
 (055.628434)  can0  100   [8]  00 00 80 0C 00 00 BB 37
 (055.638427)  can0  100   [8]  00 00 80 0C 00 00 BC 30
 (055.648435)  can0  100   [8]  00 00 80 0C 00 00 BD 31
 (055.658430)  can0  100   [8]  00 00 80 0C 00 00 BE 32
 (055.668429)  can0  100   [8]  00 00 80 0C 00 00 BF 33
 (055.678428)  can0  100   [8]  00 00 80 0C 00 00 C0 4C
 (055.688431)  can0  100   [8]  00 00 80 0C 00 00 C1 4D
 (055.688636)  can0  101   [8]  E8 35 70 C8 00 00 2C 49
 (055.698429)  can0  100   [8]  00 00 80 0C 00 00 C2 4E
 (055.708430)  can0  100   [8]  00 00 80 0C 00 00 C3 4F
 (055.718407)  can0  100   [8]  00 00 80 0C 00 00 C4 48
 (055.728430)  can0  100   [8]  00 00 80 0C 00 00 C5 49
 (055.738429)  can0  100   [8]  00 00 80 0C 00 00 C6 4A
 (055.748428)  can0  100   [8]  00 00 80 0C 00 00 C7 4B
 (055.758426)  can0  100   [8]  00 00 80 0C 00 00 C8 44
 (055.768426)  can0  100   [8]  00 00 80 0C 00 00 C9 45
 (055.778424)  can0  100   [8]  00 00 80 0C 00 00 CA 46
 (055.788408)  can0  100   [8]  00 00 80 0C 00 00 CB 47
 (055.788634)  can0  101   [8]  E8 35 70 C8 00 00 2D 48
 (055.798430)  can0  100   [8]  00 00 80 0C 00 00 CC 40
 (055.808430)  can0  100   [8]  00 00 80 0C 00 00 CD 41
 (055.818406)  can0  100   [8]  00 00 80 0C 00 00 CE 42
 (055.828426)  can0  100   [8]  00 00 80 0C 00 00 CF 43
 (055.838427)  can0  100   [8]  00 00 80 0C 00 00 D0 5C
 (055.848421)  can0  100   [8]  00 00 80 0C 00 00 D1 5D
 (055.858420)  can0  100   [8]  00 00 80 0C 00 00 D2 5E
 (055.868424)  can0  100   [8]  00 00 80 0C 00 00 D3 5F
 (055.878421)  can0  100   [8]  00 00 80 0C 00 00 D4 58
 (055.888422)  can0  100   [8]  00 00 80 0C 00 00 D5 59
 (055.888647)  can0  101   [8]  E8 35 70 C8 00 00 2E 4B
 (055.898424)  can0  100   [8]  00 00 80 0C 00 00 D6 5A
 (055.908422)  can0  100   [8]  00 00 80 0C 00 00 D7 5B
 (055.918404)  can0  100   [8]  00 00 80 0C 00 00 D8 54
 (055.928424)  can0  100   [8]  00 00 80 0C 00 00 D9 55
 (055.938423)  can0  100   [8]  00 00 80 0C 00 00 DA 56
 (055.948405)  can0  100   [8]  00 00 80 0C 00 00 DB 57
 (055.958426)  can0  100   [8]  00 00 80 0C 00 00 DC 50
 (055.968423)  can0  100   [8]  00 00 80 0C 00 00 DD 51
 (055.978417)  can0  100   [8]  00 00 80 0C 00 00 DE 52
 (055.988420)  can0  100   [8]  00 00 80 0C 00 00 DF 53
 (055.988631)  can0  101   [8]  E8 35 70 C8 00 00 2F 4A
 (055.988867)  can0  102   [8]  8C D6 12 00 02 00 37 7D
 (055.998423)  can0  100   [8]  00 00 80 0C 00 00 E0 6C
 (056.008419)  can0  100   [8]  00 00 80 0C 00 00 E1 6D
 (056.018398)  can0  100   [8]  00 00 80 0C 00 00 E2 6E
 (056.028422)  can0  100   [8]  00 00 80 0C 00 00 E3 6F
 (056.038423)  can0  100   [8]  00 00 80 0C 00 00 E4 68
 (056.048418)  can0  100   [8]  00 00 80 0C 00 00 E5 69
 (056.058415)  can0  100   [8]  00 00 80 0C 00 00 E6 6A
 (056.068420)  can0  100   [8]  00 00 80 0C 00 00 E7 6B
 (056.078422)  can0  100   [8]  00 00 80 0C 00 00 E8 64
 (056.088416)  can0  100   [8]  00 00 80 0C 00 00 E9 65
 (056.088622)  can0  101   [8]  E8 35 71 C8 00 00 30 54
 (056.098417)  can0  100   [8]  00 00 80 0C 00 00 EA 66
 (056.108420)  can0  100   [8]  00 00 80 0C 00 00 EB 67
 (056.118446)  can0  100   [8]  00 00 80 0C 00 00 EC 60
 (056.128420)  can0  100   [8]  00 00 80 0C 00 00 ED 61
 (056.138416)  can0  100   [8]  00 00 80 0C 00 00 EE 62
 (056.148418)  can0  100   [8]  00 00 80 0C 00 00 EF 63
 (056.158422)  can0  100   [8]  00 00 80 0C 00 00 F0 7C
 (056.168418)  can0  100   [8]  00 00 80 0C 00 00 F1 7D
 (056.178428)  can0  100   [8]  00 00 80 0C 00 00 F2 7E
 (056.188399)  can0  100   [8]  00 00 80 0C 00 00 F3 7F
 (056.188625)  can0  101   [8]  E8 35 71 C8 00 00 31 55
 (056.198426)  can0  100   [8]  00 00 80 0C 00 00 F4 78
 (056.208424)  can0  100   [8]  00 00 80 0C 00 00 F5 79
 (056.218420)  can0  100   [8]  00 00 80 0C 00 00 F6 7A
 (056.228425)  can0  100   [8]  00 00 80 0C 00 00 F7 7B
 (056.238425)  can0  100   [8]  00 00 80 0C 00 00 F8 74
 (056.248418)  can0  100   [8]  00 00 80 0C 00 00 F9 75
 (056.258418)  can0  100   [8]  00 00 80 0C 00 00 FA 76
 (056.268391)  can0  100   [8]  00 00 80 0C 00 00 FB 77
 (056.278426)  can0  100   [8]  00 00 80 0C 00 00 FC 70
 (056.288411)  can0  100   [8]  00 00 80 0C 00 00 FD 71
 (056.288616)  can0  101   [8]  E8 35 71 C8 00 00 32 56
 (056.298421)  can0  100   [8]  00 00 80 0C 00 00 FE 72
 (056.308412)  can0  100   [8]  00 00 80 0C 00 00 FF 73
 (056.318415)  can0  100   [8]  00 00 80 0C 00 00 00 8C
 (056.328417)  can0  100   [8]  00 00 80 0C 00 00 01 8D
 (056.338411)  can0  100   [8]  00 00 80 0C 00 00 02 8E
 (056.348436)  can0  100   [8]  00 00 80 0C 00 00 03 8F
 (056.358411)  can0  100   [8]  00 00 80 0C 00 00 04 88
 (056.368412)  can0  100   [8]  00 00 80 0C 00 00 05 89
 (056.378412)  can0  100   [8]  00 00 80 0C 00 00 06 8A
 (056.388420)  can0  100   [8]  00 00 80 0C 00 00 07 8B
 (056.388616)  can0  101   [8]  E8 35 71 C8 00 00 33 57
 (056.398410)  can0  100   [8]  00 00 80 0C 00 00 08 84
 (056.408409)  can0  100   [8]  00 00 80 0C 00 00 09 85
 (056.418411)  can0  100   [8]  00 00 80 0C 00 00 0A 86
 (056.428409)  can0  100   [8]  00 00 80 0C 00 00 0B 87
 (056.438413)  can0  100   [8]  00 00 80 0C 00 00 0C 80
 (056.448413)  can0  100   [8]  00 00 80 0C 00 00 0D 81
 (056.458410)  can0  100   [8]  00 00 80 0C 00 00 0E 82
 (056.468412)  can0  100   [8]  00 00 80 0C 00 00 0F 83
 (056.478408)  can0  100   [8]  00 00 80 0C 00 00 10 9C
 (056.488414)  can0  100   [8]  00 00 80 0C 00 00 11 9D
 (056.488620)  can0  101   [8]  E8 35 71 C8 00 00 34 50
 (056.498410)  can0  100   [8]  00 00 80 0C 00 00 12 9E
 (056.508391)  can0  100   [8]  00 00 80 0C 00 00 13 9F
 (056.518411)  can0  100   [8]  00 00 80 0C 00 00 14 98
 (056.528410)  can0  100   [8]  00 00 80 0C 00 00 15 99
 (056.538412)  can0  100   [8]  00 00 80 0C 00 00 16 9A
 (056.548410)  can0  100   [8]  00 00 80 0C 00 00 17 9B
 (056.558409)  can0  100   [8]  00 00 80 0C 00 00 18 94
 (056.568408)  can0  100   [8]  00 00 80 0C 00 00 19 95
 (056.578404)  can0  100   [8]  00 00 80 0C 00 00 1A 96
 (056.588413)  can0  100   [8]  00 00 80 0C 00 00 1B 97
 (056.588611)  can0  101   [8]  E8 35 71 C8 00 00 35 51
 (056.598407)  can0  100   [8]  00 00 80 0C 00 00 1C 90
 (056.608407)  can0  100   [8]  00 00 80 0C 00 00 1D 91
 (056.618408)  can0  100   [8]  00 00 80 0C 00 00 1E 92
 (056.628409)  can0  100   [8]  00 00 80 0C 00 00 1F 93
 (056.638404)  can0  100   [8]  00 00 80 0C 00 00 20 AC
 (056.648405)  can0  100   [8]  00 00 80 0C 00 00 21 AD
 (056.658407)  can0  100   [8]  00 00 80 0C 00 00 22 AE
 (056.668405)  can0  100   [8]  00 00 80 0C 00 00 23 AF
 (056.678401)  can0  100   [8]  00 00 80 0C 00 00 24 A8
 (056.688405)  can0  100   [8]  00 00 80 0C 00 00 25 A9
 (056.688604)  can0  101   [8]  E8 35 71 C8 00 00 36 52
 (056.698404)  can0  100   [8]  00 00 80 0C 00 00 26 AA
 (056.708403)  can0  100   [8]  00 00 80 0C 00 00 27 AB
 (056.718406)  can0  100   [8]  00 00 80 0C 00 00 28 A4
 (056.728401)  can0  100   [8]  00 00 80 0C 00 00 29 A5
 (056.738401)  can0  100   [8]  00 00 80 0C 00 00 2A A6
 (056.748383)  can0  100   [8]  00 00 80 0C 00 00 2B A7
 (056.758403)  can0  100   [8]  00 00 80 0C 00 00 2C A0
 (056.768402)  can0  100   [8]  00 00 80 0C 00 00 2D A1
 (056.778401)  can0  100   [8]  00 00 80 0C 00 00 2E A2
 (056.788401)  can0  100   [8]  00 00 80 0C 00 00 2F A3
 (056.788611)  can0  101   [8]  E8 35 71 C8 00 00 37 53
 (056.798399)  can0  100   [8]  00 00 80 0C 00 00 30 BC
 (056.808402)  can0  100   [8]  00 00 80 0C 00 00 31 BD
 (056.818402)  can0  100   [8]  00 00 80 0C 00 00 32 BE
 (056.828386)  can0  100   [8]  00 00 80 0C 00 00 33 BF
 (056.838403)  can0  100   [8]  00 00 80 0C 00 00 34 B8
 (056.848399)  can0  100   [8]  00 00 80 0C 00 00 35 B9
 (056.858401)  can0  100   [8]  00 00 80 0C 00 00 36 BA
 (056.868398)  can0  100   [8]  00 00 80 0C 00 00 37 BB
 (056.878398)  can0  100   [8]  00 00 80 0C 00 00 38 B4
 (056.888397)  can0  100   [8]  00 00 80 0C 00 00 39 B5
 (056.888605)  can0  101   [8]  E8 35 71 C8 00 00 38 5C
 (056.898400)  can0  100   [8]  00 00 80 0C 00 00 3A B6
 (056.908396)  can0  100   [8]  00 00 80 0C 00 00 3B B7
 (056.918398)  can0  100   [8]  00 00 80 0C 00 00 3C B0
 (056.928397)  can0  100   [8]  00 00 80 0C 00 00 3D B1
 (056.938399)  can0  100   [8]  00 00 80 0C 00 00 3E B2
 (056.948402)  can0  100   [8]  00 00 80 0C 00 00 3F B3
 (056.958400)  can0  100   [8]  00 00 80 0C 00 00 40 CC
 (056.968399)  can0  100   [8]  00 00 80 0C 00 00 41 CD
 (056.978397)  can0  100   [8]  00 00 80 0C 00 00 42 CE
 (056.988377)  can0  100   [8]  00 00 80 0C 00 00 43 CF
 (056.988600)  can0  101   [8]  E8 35 71 C8 00 00 39 5D
 (056.988840)  can0  102   [8]  8C D6 12 00 02 00 38 72
 (056.998361)  can0  100   [8]  00 00 80 0C 00 00 44 C8
 (057.008371)  can0  100   [8]  00 00 80 0C 00 00 45 C9
 (057.018361)  can0  100   [8]  00 00 80 0C 00 00 46 CA
 (057.028362)  can0  100   [8]  00 00 80 0C 00 00 47 CB
 (057.038363)  can0  100   [8]  00 00 80 0C 00 00 48 C4
 (057.048357)  can0  100   [8]  00 00 80 0C 00 00 49 C5
 (057.058360)  can0  100   [8]  00 00 80 0C 00 00 4A C6
 (057.068358)  can0  100   [8]  00 00 80 0C 00 00 4B C7
 (057.078359)  can0  100   [8]  00 00 80 0C 00 00 4C C0
 (057.088356)  can0  100   [8]  00 00 80 0C 00 00 4D C1
 (057.088606)  can0  101   [8]  E8 35 72 C8 00 00 3A 5D
 (057.098400)  can0  100   [8]  00 00 80 0C 00 00 4E C2
 (057.108395)  can0  100   [8]  00 00 80 0C 00 00 4F C3
 (057.118388)  can0  100   [8]  00 00 80 0C 00 00 50 DC
 (057.128392)  can0  100   [8]  00 00 80 0C 00 00 51 DD
 (057.138391)  can0  100   [8]  00 00 80 0C 00 00 52 DE
 (057.148390)  can0  100   [8]  00 00 80 0C 00 00 53 DF
 (057.158392)  can0  100   [8]  00 00 80 0C 00 00 54 D8
 (057.168386)  can0  100   [8]  00 00 80 0C 00 00 55 D9
 (057.178403)  can0  100   [8]  00 00 80 0C 00 00 56 DA
 (057.188392)  can0  100   [8]  00 00 80 0C 00 00 57 DB
 (057.188615)  can0  101   [8]  E8 35 72 C8 00 00 3B 5C
 (057.198391)  can0  100   [8]  00 00 80 0C 00 00 58 D4
 (057.208393)  can0  100   [8]  00 00 80 0C 00 00 59 D5
 (057.218388)  can0  100   [8]  00 00 80 0C 00 00 5A D6
 (057.228365)  can0  100   [8]  00 00 80 0C 00 00 5B D7
 (057.238392)  can0  100   [8]  00 00 80 0C 00 00 5C D0
 (057.248386)  can0  100   [8]  00 00 80 0C 00 00 5D D1
 (057.258403)  can0  100   [8]  00 00 80 0C 00 00 5E D2
 (057.268388)  can0  100   [8]  00 00 80 0C 00 00 5F D3
 (057.278388)  can0  100   [8]  00 00 80 0C 00 00 60 EC
 (057.288379)  can0  100   [8]  00 00 80 0C 00 00 61 ED
 (057.288630)  can0  101   [8]  E8 35 72 C8 00 00 3C 5B
 (057.298388)  can0  100   [8]  00 00 80 0C 00 00 62 EE
 (057.308369)  can0  100   [8]  00 00 80 0C 00 00 63 EF
 (057.318388)  can0  100   [8]  00 00 80 0C 00 00 64 E8
 (057.328388)  can0  100   [8]  00 00 80 0C 00 00 65 E9
 (057.338393)  can0  100   [8]  00 00 80 0C 00 00 66 EA
 (057.348389)  can0  100   [8]  00 00 80 0C 00 00 67 EB
 (057.358389)  can0  100   [8]  00 00 80 0C 00 00 68 E4
 (057.368382)  can0  100   [8]  00 00 80 0C 00 00 69 E5
 (057.378386)  can0  100   [8]  00 00 80 0C 00 00 6A E6
 (057.388384)  can0  100   [8]  00 00 80 0C 00 00 6B E7
 (057.388603)  can0  101   [8]  E8 35 72 C8 00 00 3D 5A
 (057.398386)  can0  100   [8]  00 00 80 0C 00 00 6C E0
 (057.408383)  can0  100   [8]  00 00 80 0C 00 00 6D E1
 (057.418377)  can0  100   [8]  00 00 80 0C 00 00 6E E2
 (057.428383)  can0  100   [8]  00 00 80 0C 00 00 6F E3
 (057.438380)  can0  100   [8]  00 00 80 0C 00 00 70 FC
 (057.448383)  can0  100   [8]  00 00 80 0C 00 00 71 FD
 (057.458386)  can0  100   [8]  00 00 80 0C 00 00 72 FE
 (057.468384)  can0  100   [8]  00 00 80 0C 00 00 73 FF
 (057.478372)  can0  100   [8]  00 00 80 0C 00 00 74 F8
 (057.488364)  can0  100   [8]  00 00 80 0C 00 00 75 F9
 (057.488591)  can0  101   [8]  E8 35 72 C8 00 00 3E 59
 (057.498364)  can0  100   [8]  00 00 80 0C 00 00 76 FA
 (057.508389)  can0  100   [8]  00 00 80 0C 00 00 77 FB
 (057.518384)  can0  100   [8]  00 00 80 0C 00 00 78 F4
 (057.528382)  can0  100   [8]  00 00 80 0C 00 00 79 F5
 (057.538379)  can0  100   [8]  00 00 80 0C 00 00 7A F6
 (057.548358)  can0  100   [8]  00 00 80 0C 00 00 7B F7
 (057.558384)  can0  100   [8]  00 00 80 0C 00 00 7C F0
 (057.568379)  can0  100   [8]  00 00 80 0C 00 00 7D F1
 (057.578382)  can0  100   [8]  00 00 80 0C 00 00 7E F2
 (057.588385)  can0  100   [8]  00 00 80 0C 00 00 7F F3
 (057.588589)  can0  101   [8]  E8 35 72 C8 00 00 3F 58
 (057.598377)  can0  100   [8]  00 00 80 0C 00 00 80 0C
 (057.608377)  can0  100   [8]  00 00 80 0C 00 00 81 0D
 (057.618380)  can0  100   [8]  00 00 80 0C 00 00 82 0E
 (057.628378)  can0  100   [8]  00 00 80 0C 00 00 83 0F
 (057.638374)  can0  100   [8]  00 00 80 0C 00 00 84 08
 (057.648370)  can0  100   [8]  00 00 80 0C 00 00 85 09
 (057.658375)  can0  100   [8]  00 00 80 0C 00 00 86 0A
 (057.668378)  can0  100   [8]  00 00 80 0C 00 00 87 0B
 (057.678376)  can0  100   [8]  00 00 80 0C 00 00 88 04
 (057.688375)  can0  100   [8]  00 00 80 0C 00 00 89 05
 (057.688585)  can0  101   [8]  E8 35 72 C8 00 00 40 27
 (057.698396)  can0  100   [8]  00 00 80 0C 00 00 8A 06
 (057.708378)  can0  100   [8]  00 00 80 0C 00 00 8B 07
 (057.718373)  can0  100   [8]  00 00 80 0C 00 00 8C 00
 (057.728371)  can0  100   [8]  00 00 80 0C 00 00 8D 01
 (057.738374)  can0  100   [8]  00 00 80 0C 00 00 8E 02
 (057.748379)  can0  100   [8]  00 00 80 0C 00 00 8F 03
 (057.758375)  can0  100   [8]  00 00 80 0C 00 00 90 1C
 (057.768369)  can0  100   [8]  00 00 80 0C 00 00 91 1D
 (057.778368)  can0  100   [8]  00 00 80 0C 00 00 92 1E
 (057.788355)  can0  100   [8]  00 00 80 0C 00 00 93 1F
 (057.788586)  can0  101   [8]  E8 35 72 C8 00 00 41 26
 (057.798375)  can0  100   [8]  00 00 80 0C 00 00 94 18
 (057.808369)  can0  100   [8]  00 00 80 0C 00 00 95 19
 (057.818368)  can0  100   [8]  00 00 80 0C 00 00 96 1A
 (057.828371)  can0  100   [8]  00 00 80 0C 00 00 97 1B
 (057.838374)  can0  100   [8]  00 00 80 0C 00 00 98 14
 (057.848371)  can0  100   [8]  00 00 80 0C 00 00 99 15
 (057.858368)  can0  100   [8]  00 00 80 0C 00 00 9A 16
 (057.868364)  can0  100   [8]  00 00 80 0C 00 00 9B 17
 (057.878368)  can0  100   [8]  00 00 80 0C 00 00 9C 10
 (057.888368)  can0  100   [8]  00 00 80 0C 00 00 9D 11
 (057.888574)  can0  101   [8]  E8 35 72 C8 00 00 42 25
 (057.898370)  can0  100   [8]  00 00 80 0C 00 00 9E 12
 (057.908370)  can0  100   [8]  00 00 80 0C 00 00 9F 13
 (057.918368)  can0  100   [8]  00 00 80 0C 00 00 A0 2C
 (057.928365)  can0  100   [8]  00 00 80 0C 00 00 A1 2D
 (057.938371)  can0  100   [8]  00 00 80 0C 00 00 A2 2E
 (057.948367)  can0  100   [8]  00 00 80 0C 00 00 A3 2F
 (057.958364)  can0  100   [8]  00 00 80 0C 00 00 A4 28
 (057.968360)  can0  100   [8]  00 00 80 0C 00 00 A5 29
 (057.978364)  can0  100   [8]  00 00 80 0C 00 00 A6 2A
 (057.988369)  can0  100   [8]  00 00 80 0C 00 00 A7 2B
 (057.988575)  can0  101   [8]  E8 35 72 C8 00 00 43 24
 (057.988814)  can0  102   [8]  8C D6 12 00 02 00 39 73
 (057.998372)  can0  100   [8]  00 00 00 00 00 00 A8 A8
 (058.008367)  can0  100   [8]  00 00 00 00 00 00 A9 A9
 (058.018367)  can0  100   [8]  00 00 00 00 00 00 AA AA
 (058.028350)  can0  100   [8]  00 00 00 00 00 00 AB AB
 (058.038375)  can0  100   [8]  00 00 00 00 00 00 AC AC
 (058.048370)  can0  100   [8]  00 00 00 00 00 00 AD AD
 (058.058364)  can0  100   [8]  00 00 00 00 00 00 AE AE
 (058.068370)  can0  100   [8]  00 00 00 00 00 00 AF AF
 (058.078366)  can0  100   [8]  00 00 00 00 00 00 B0 B0
 (058.088370)  can0  100   [8]  00 00 00 00 00 00 B1 B1
 (058.088573)  can0  101   [8]  38 31 73 C8 00 00 44 F6
 (058.098374)  can0  100   [8]  00 00 00 00 00 00 B2 B2
 (058.108368)  can0  100   [8]  00 00 00 00 00 00 B3 B3
 (058.118365)  can0  100   [8]  00 00 00 00 00 00 B4 B4
 (058.128363)  can0  100   [8]  00 00 00 00 00 00 B5 B5
 (058.138364)  can0  100   [8]  00 00 00 00 00 00 B6 B6
 (058.148363)  can0  100   [8]  00 00 00 00 00 00 B7 B7
 (058.158364)  can0  100   [8]  00 00 00 00 00 00 B8 B8
 (058.168360)  can0  100   [8]  00 00 00 00 00 00 B9 B9
 (058.178376)  can0  100   [8]  00 00 00 00 00 00 BA BA
 (058.188370)  can0  100   [8]  00 00 00 00 00 00 BB BB
 (058.188573)  can0  101   [8]  38 31 73 C8 00 00 45 F7
 (058.198369)  can0  100   [8]  00 00 00 00 00 00 BC BC
 (058.208368)  can0  100   [8]  00 00 00 00 00 00 BD BD
 (058.218365)  can0  100   [8]  00 00 00 00 00 00 BE BE
 (058.228364)  can0  100   [8]  00 00 00 00 00 00 BF BF
 (058.238369)  can0  100   [8]  00 00 00 00 00 00 C0 C0
 (058.248368)  can0  100   [8]  00 00 00 00 00 00 C1 C1
 (058.258362)  can0  100   [8]  00 00 00 00 00 00 C2 C2
 (058.268339)  can0  100   [8]  00 00 00 00 00 00 C3 C3
 (058.278365)  can0  100   [8]  00 00 00 00 00 00 C4 C4
 (058.288364)  can0  100   [8]  00 00 00 00 00 00 C5 C5
 (058.288565)  can0  101   [8]  38 31 73 C8 00 00 46 F4
 (058.298359)  can0  100   [8]  00 00 00 00 00 00 C6 C6
 (058.308364)  can0  100   [8]  00 00 00 00 00 00 C7 C7
 (058.318365)  can0  100   [8]  00 00 00 00 00 00 C8 C8
 (058.328336)  can0  100   [8]  00 00 00 00 00 00 C9 C9
 (058.338365)  can0  100   [8]  00 00 00 00 00 00 CA CA
 (058.348337)  can0  100   [8]  00 00 00 00 00 00 CB CB
 (058.358362)  can0  100   [8]  00 00 00 00 00 00 CC CC
 (058.368357)  can0  100   [8]  00 00 00 00 00 00 CD CD
 (058.378356)  can0  100   [8]  00 00 00 00 00 00 CE CE
 (058.388361)  can0  100   [8]  00 00 00 00 00 00 CF CF
 (058.388572)  can0  101   [8]  38 31 73 C8 00 00 47 F5
 (058.398355)  can0  100   [8]  00 00 00 00 00 00 D0 D0
 (058.408357)  can0  100   [8]  00 00 00 00 00 00 D1 D1
 (058.418358)  can0  100   [8]  00 00 00 00 00 00 D2 D2
 (058.428337)  can0  100   [8]  00 00 00 00 00 00 D3 D3
 (058.438360)  can0  100   [8]  00 00 00 00 00 00 D4 D4
 (058.448358)  can0  100   [8]  00 00 00 00 00 00 D5 D5
 (058.458358)  can0  100   [8]  00 00 00 00 00 00 D6 D6
 (058.468357)  can0  100   [8]  00 00 00 00 00 00 D7 D7
 (058.478355)  can0  100   [8]  00 00 00 00 00 00 D8 D8
 (058.488352)  can0  100   [8]  00 00 00 00 00 00 D9 D9
 (058.488562)  can0  101   [8]  38 31 73 C8 00 00 48 FA
 (058.498354)  can0  100   [8]  00 00 00 00 00 00 DA DA
 (058.508354)  can0  100   [8]  00 00 00 00 00 00 DB DB
 (058.518355)  can0  100   [8]  00 00 00 00 00 00 DC DC
 (058.528335)  can0  100   [8]  00 00 00 00 00 00 DD DD
 (058.538356)  can0  100   [8]  00 00 00 00 00 00 DE DE
 (058.548353)  can0  100   [8]  00 00 00 00 00 00 DF DF
 (058.558355)  can0  100   [8]  00 00 00 00 00 00 E0 E0
 (058.568358)  can0  100   [8]  00 00 00 00 00 00 E1 E1
 (058.578351)  can0  100   [8]  00 00 00 00 00 00 E2 E2
 (058.588334)  can0  100   [8]  00 00 00 00 00 00 E3 E3
 (058.588566)  can0  101   [8]  38 31 73 C8 00 00 49 FB
 (058.598354)  can0  100   [8]  00 00 00 00 00 00 E4 E4
 (058.608349)  can0  100   [8]  00 00 00 00 00 00 E5 E5
 (058.618353)  can0  100   [8]  00 00 00 00 00 00 E6 E6
 (058.628350)  can0  100   [8]  00 00 00 00 00 00 E7 E7
 (058.638353)  can0  100   [8]  00 00 00 00 00 00 E8 E8
 (058.648351)  can0  100   [8]  00 00 00 00 00 00 E9 E9
 (058.658352)  can0  100   [8]  00 00 00 00 00 00 EA EA
 (058.668336)  can0  100   [8]  00 00 00 00 00 00 EB EB
 (058.678357)  can0  100   [8]  00 00 00 00 00 00 EC EC
 (058.688350)  can0  100   [8]  00 00 00 00 00 00 ED ED
 (058.688560)  can0  101   [8]  38 31 73 C8 00 00 4A F8
 (058.698352)  can0  100   [8]  00 00 00 00 00 00 EE EE
 (058.708356)  can0  100   [8]  00 00 00 00 00 00 EF EF
 (058.718348)  can0  100   [8]  00 00 00 00 00 00 F0 F0
 (058.728330)  can0  100   [8]  00 00 00 00 00 00 F1 F1
 (058.738351)  can0  100   [8]  00 00 00 00 00 00 F2 F2
 (058.748351)  can0  100   [8]  00 00 00 00 00 00 F3 F3
 (058.758359)  can0  100   [8]  00 00 00 00 00 00 F4 F4
 (058.768357)  can0  100   [8]  00 00 00 00 00 00 F5 F5
 (058.778349)  can0  100   [8]  00 00 00 00 00 00 F6 F6
 (058.788350)  can0  100   [8]  00 00 00 00 00 00 F7 F7
 (058.788561)  can0  101   [8]  38 31 73 C8 00 00 4B F9
 (058.798350)  can0  100   [8]  00 00 00 00 00 00 F8 F8
 (058.808346)  can0  100   [8]  00 00 00 00 00 00 F9 F9
 (058.818349)  can0  100   [8]  00 00 00 00 00 00 FA FA
 (058.828330)  can0  100   [8]  00 00 00 00 00 00 FB FB
 (058.838354)  can0  100   [8]  00 00 00 00 00 00 FC FC
 (058.848349)  can0  100   [8]  00 00 00 00 00 00 FD FD
 (058.858350)  can0  100   [8]  00 00 00 00 00 00 FE FE
 (058.868349)  can0  100   [8]  00 00 00 00 00 00 FF FF
 (058.878346)  can0  100   [8]  00 00 00 00 00 00 00 00
 (058.888346)  can0  100   [8]  00 00 00 00 00 00 01 01
 (058.888559)  can0  101   [8]  38 31 73 C8 00 00 4C FE
 (058.898354)  can0  100   [8]  00 00 00 00 00 00 02 02
 (058.908344)  can0  100   [8]  00 00 00 00 00 00 03 03
 (058.918342)  can0  100   [8]  00 00 00 00 00 00 04 04
 (058.928326)  can0  100   [8]  00 00 00 00 00 00 05 05
 (058.938344)  can0  100   [8]  00 00 00 00 00 00 06 06
 (058.948346)  can0  100   [8]  00 00 00 00 00 00 07 07
 (058.958347)  can0  100   [8]  00 00 00 00 00 00 08 08
 (058.968342)  can0  100   [8]  00 00 00 00 00 00 09 09
 (058.978345)  can0  100   [8]  00 00 00 00 00 00 0A 0A
 (058.988340)  can0  100   [8]  00 00 00 00 00 00 0B 0B
 (058.988554)  can0  101   [8]  38 31 73 C8 00 00 4D FF
 (058.988789)  can0  102   [8]  8C D6 12 01 00 00 3A 73
 (058.998345)  can0  100   [8]  00 00 00 00 00 00 0C 0C
 (059.008344)  can0  100   [8]  00 00 00 00 00 00 0D 0D
 (059.018344)  can0  100   [8]  00 00 00 00 00 00 0E 0E
 (059.028324)  can0  100   [8]  00 00 00 00 00 00 0F 0F
 (059.038346)  can0  100   [8]  00 00 00 00 00 00 10 10
 (059.048341)  can0  100   [8]  00 00 00 00 00 00 11 11
 (059.058339)  can0  100   [8]  00 00 00 00 00 00 12 12
 (059.068316)  can0  100   [8]  00 00 00 00 00 00 13 13
 (059.078339)  can0  100   [8]  00 00 00 00 00 00 14 14
 (059.088340)  can0  100   [8]  00 00 00 00 00 00 15 15
 (059.088568)  can0  101   [8]  38 31 73 C8 00 00 4E FC
 (059.098342)  can0  100   [8]  00 00 00 00 00 00 16 16
 (059.108339)  can0  100   [8]  00 00 00 00 00 00 17 17
 (059.118340)  can0  100   [8]  00 00 00 00 00 00 18 18
 (059.128321)  can0  100   [8]  00 00 00 00 00 00 19 19
 (059.138340)  can0  100   [8]  00 00 00 00 00 00 1A 1A
 (059.148337)  can0  100   [8]  00 00 00 00 00 00 1B 1B
 (059.158338)  can0  100   [8]  00 00 00 00 00 00 1C 1C
 (059.168336)  can0  100   [8]  00 00 00 00 00 00 1D 1D
 (059.178347)  can0  100   [8]  00 00 00 00 00 00 1E 1E
 (059.188344)  can0  100   [8]  00 00 00 00 00 00 1F 1F
 (059.188551)  can0  101   [8]  38 31 73 C8 00 00 4F FD
 (059.198342)  can0  100   [8]  00 00 00 00 00 00 20 20
 (059.208344)  can0  100   [8]  00 00 00 00 00 00 21 21
 (059.218338)  can0  100   [8]  00 00 00 00 00 00 22 22
 (059.228301)  can0  100   [8]  00 00 00 00 00 00 23 23
 (059.238341)  can0  100   [8]  00 00 00 00 00 00 24 24
 (059.248337)  can0  100   [8]  00 00 00 00 00 00 25 25
 (059.258340)  can0  100   [8]  00 00 00 00 00 00 26 26
 (059.268335)  can0  100   [8]  00 00 00 00 00 00 27 27
 (059.278336)  can0  100   [8]  00 00 00 00 00 00 28 28
 (059.288328)  can0  100   [8]  00 00 00 00 00 00 29 29
 (059.288540)  can0  101   [8]  38 31 73 C8 00 00 50 E2
 (059.298332)  can0  100   [8]  00 00 00 00 00 00 2A 2A
 (059.308315)  can0  100   [8]  00 00 00 00 00 00 2B 2B
 (059.318337)  can0  100   [8]  00 00 00 00 00 00 2C 2C
 (059.328332)  can0  100   [8]  00 00 00 00 00 00 2D 2D
 (059.338337)  can0  100   [8]  00 00 00 00 00 00 2E 2E
 (059.348333)  can0  100   [8]  00 00 00 00 00 00 2F 2F
 (059.358338)  can0  100   [8]  00 00 00 00 00 00 30 30
 (059.368332)  can0  100   [8]  00 00 00 00 00 00 31 31
 (059.378332)  can0  100   [8]  00 00 00 00 00 00 32 32
 (059.388312)  can0  100   [8]  00 00 00 00 00 00 33 33
 (059.388541)  can0  101   [8]  38 31 73 C8 00 00 51 E3
 (059.398331)  can0  100   [8]  00 00 00 00 00 00 34 34
 (059.408329)  can0  100   [8]  00 00 00 00 00 00 35 35
 (059.418326)  can0  100   [8]  00 00 00 00 00 00 36 36
 (059.428328)  can0  100   [8]  00 00 00 00 00 00 37 37
 (059.438328)  can0  100   [8]  00 00 00 00 00 00 38 38
 (059.448328)  can0  100   [8]  00 00 00 00 00 00 39 39
 (059.458330)  can0  100   [8]  00 00 00 00 00 00 3A 3A
 (059.468330)  can0  100   [8]  00 00 00 00 00 00 3B 3B
 (059.478324)  can0  100   [8]  00 00 00 00 00 00 3C 3C
 (059.488327)  can0  100   [8]  00 00 00 00 00 00 3D 3D
 (059.488538)  can0  101   [8]  38 31 73 C8 00 00 52 E0
 (059.498331)  can0  100   [8]  00 00 00 00 00 00 3E 3E
 (059.508331)  can0  100   [8]  00 00 00 00 00 00 3F 3F
 (059.518330)  can0  100   [8]  00 00 00 00 00 00 40 40
 (059.528329)  can0  100   [8]  00 00 00 00 00 00 41 41
 (059.538327)  can0  100   [8]  00 00 00 00 00 00 42 42
 (059.548326)  can0  100   [8]  00 00 00 00 00 00 43 43
 (059.558325)  can0  100   [8]  00 00 00 00 00 00 44 44
 (059.568325)  can0  100   [8]  00 00 00 00 00 00 45 45
 (059.578324)  can0  100   [8]  00 00 00 00 00 00 46 46
 (059.588325)  can0  100   [8]  00 00 00 00 00 00 47 47
 (059.588539)  can0  101   [8]  38 31 73 C8 00 00 53 E1
 (059.598341)  can0  100   [8]  00 00 00 00 00 00 48 48
 (059.608327)  can0  100   [8]  00 00 00 00 00 00 49 49
 (059.618320)  can0  100   [8]  00 00 00 00 00 00 4A 4A
 (059.628301)  can0  100   [8]  00 00 00 00 00 00 4B 4B
 (059.638325)  can0  100   [8]  00 00 00 00 00 00 4C 4C
 (059.648324)  can0  100   [8]  00 00 00 00 00 00 4D 4D
 (059.658323)  can0  100   [8]  00 00 00 00 00 00 4E 4E
 (059.668323)  can0  100   [8]  00 00 00 00 00 00 4F 4F
 (059.678327)  can0  100   [8]  00 00 00 00 00 00 50 50
 (059.688327)  can0  100   [8]  00 00 00 00 00 00 51 51
 (059.688529)  can0  101   [8]  38 31 73 C8 00 00 54 E6
 (059.698321)  can0  100   [8]  00 00 00 00 00 00 52 52
 (059.708323)  can0  100   [8]  00 00 00 00 00 00 53 53
 (059.718317)  can0  100   [8]  00 00 00 00 00 00 54 54
 (059.728322)  can0  100   [8]  00 00 00 00 00 00 55 55
 (059.738322)  can0  100   [8]  00 00 00 00 00 00 56 56
 (059.748320)  can0  100   [8]  00 00 00 00 00 00 57 57
 (059.758327)  can0  100   [8]  00 00 00 00 00 00 58 58
 (059.768320)  can0  100   [8]  00 00 00 00 00 00 59 59
 (059.778317)  can0  100   [8]  00 00 00 00 00 00 5A 5A
 (059.788300)  can0  100   [8]  00 00 00 00 00 00 5B 5B
 (059.788528)  can0  101   [8]  38 31 73 C8 00 00 55 E7
 (059.798319)  can0  100   [8]  00 00 00 00 00 00 5C 5C
 (059.808319)  can0  100   [8]  00 00 00 00 00 00 5D 5D
 (059.818316)  can0  100   [8]  00 00 00 00 00 00 5E 5E
 (059.828323)  can0  100   [8]  00 00 00 00 00 00 5F 5F
 (059.838312)  can0  100   [8]  00 00 00 00 00 00 60 60
 (059.848319)  can0  100   [8]  00 00 00 00 00 00 61 61
 (059.858321)  can0  100   [8]  00 00 00 00 00 00 62 62
 (059.868315)  can0  100   [8]  00 00 00 00 00 00 63 63
 (059.878313)  can0  100   [8]  00 00 00 00 00 00 64 64
 (059.888315)  can0  100   [8]  00 00 00 00 00 00 65 65
 (059.888522)  can0  101   [8]  38 31 73 C8 00 00 56 E4
 (059.898316)  can0  100   [8]  00 00 00 00 00 00 66 66
 (059.908321)  can0  100   [8]  00 00 00 00 00 00 67 67
 (059.918312)  can0  100   [8]  00 00 00 00 00 00 68 68
 (059.928317)  can0  100   [8]  00 00 00 00 00 00 69 69
 (059.938311)  can0  100   [8]  00 00 00 00 00 00 6A 6A
 (059.948314)  can0  100   [8]  00 00 00 00 00 00 6B 6B
 (059.958316)  can0  100   [8]  00 00 00 00 00 00 6C 6C
 (059.968312)  can0  100   [8]  00 00 00 00 00 00 6D 6D
 (059.978311)  can0  100   [8]  00 00 00 00 00 00 6E 6E
 (059.988317)  can0  100   [8]  00 00 00 00 00 00 6F 6F
 (059.988525)  can0  101   [8]  38 31 73 C8 00 00 57 E5
 (059.988758)  can0  102   [8]  8C D6 12 01 00 00 3B 72
