1788185506: mosquitto version 2.1.2 starting
1788185506: Config loaded from E:\imx6ull-can-mqtt-gateway\imx6ull-can-mqtt-gateway\artifacts\20260831T220718p0800-m6-lan-1000\mosquitto.conf.
1788185506: Bridge support available.
1788185506: Persistence support available.
1788185506: TLS support available.
1788185506: TLS-PSK support available.
1788185506: Websockets support available.
1788185506: Opening ipv4 listen socket on port 18884.
1788185506: mosquitto version 2.1.2 running
1788185602: New connection from 192.168.50.1:51113 on port 18884.
1788185602: New client connected from 192.168.50.1:51113 as auto-19037D05-C300-A681-E22D-6D0012BC0587 (p4, c1, k60).
1788185602: No will message specified.
1788185602: Sending CONNACK to auto-19037D05-C300-A681-E22D-6D0012BC0587 (0, 0)
1788185602: Received SUBSCRIBE from auto-19037D05-C300-A681-E22D-6D0012BC0587
1788185602: 	vehicle/imx6ull-gateway-m6/telemetry/20260831T220718p0800-m6-lan-1000 (QoS 1)
1788185602: auto-19037D05-C300-A681-E22D-6D0012BC0587 1 vehicle/imx6ull-gateway-m6/telemetry/20260831T220718p0800-m6-lan-1000
1788185602: Sending SUBACK to auto-19037D05-C300-A681-E22D-6D0012BC0587
1788185663: Received PINGREQ from auto-19037D05-C300-A681-E22D-6D0012BC0587
1788185663: Sending PINGRESP to auto-19037D05-C300-A681-E22D-6D0012BC0587
    
      
        vehicle
          imx6ull-gateway-m6
            telemetry
              20260831T220718p0800-m6-lan-1000 (auto-19037D05-C300-A681-E22D-6D0012BC0587, 1)
    $SYS
    
1788185723: Received PINGREQ from auto-19037D05-C300-A681-E22D-6D0012BC0587
1788185723: Sending PINGRESP to auto-19037D05-C300-A681-E22D-6D0012BC0587
1788185749: Client auto-19037D05-C300-A681-E22D-6D0012BC0587 [192.168.50.1:51113] disconnected: connection closed by client.
1788185866: New connection from 192.168.50.1:64188 on port 18884.
1788185866: New client connected from 192.168.50.1:64188 as auto-DBEDF8A0-A4E3-0B72-485E-CCA944956F15 (p4, c1, k60).
1788185866: No will message specified.
1788185866: Sending CONNACK to auto-DBEDF8A0-A4E3-0B72-485E-CCA944956F15 (0, 0)
1788185866: Received SUBSCRIBE from auto-DBEDF8A0-A4E3-0B72-485E-CCA944956F15
1788185866: 	vehicle/imx6ull-gateway-m6/telemetry/20260831T220718p0800-m6-lan-1000 (QoS 1)
1788185866: auto-DBEDF8A0-A4E3-0B72-485E-CCA944956F15 1 vehicle/imx6ull-gateway-m6/telemetry/20260831T220718p0800-m6-lan-1000
1788185866: Sending SUBACK to auto-DBEDF8A0-A4E3-0B72-485E-CCA944956F15
1788185926: Received PINGREQ from auto-DBEDF8A0-A4E3-0B72-485E-CCA944956F15
1788185926: Sending PINGRESP to auto-DBEDF8A0-A4E3-0B72-485E-CCA944956F15
1788185931: Client auto-DBEDF8A0-A4E3-0B72-485E-CCA944956F15 [192.168.50.1:64188] disconnected: connection closed by client.
1788185999: New connection from 192.168.50.1:60202 on port 18884.
1788185999: New client connected from 192.168.50.1:60202 as auto-9ACF5720-ADDF-DD07-C4E8-67E9F83C7AFD (p4, c1, k60).
1788185999: No will message specified.
1788185999: Sending CONNACK to auto-9ACF5720-ADDF-DD07-C4E8-67E9F83C7AFD (0, 0)
1788185999: Received SUBSCRIBE from auto-9ACF5720-ADDF-DD07-C4E8-67E9F83C7AFD
1788185999: 	vehicle/imx6ull-gateway-m6/telemetry/20260831T220718p0800-m6-lan-1000 (QoS 1)
1788185999: auto-9ACF5720-ADDF-DD07-C4E8-67E9F83C7AFD 1 vehicle/imx6ull-gateway-m6/telemetry/20260831T220718p0800-m6-lan-1000
1788185999: Sending SUBACK to auto-9ACF5720-ADDF-DD07-C4E8-67E9F83C7AFD
1788186058: Received PINGREQ from auto-9ACF5720-ADDF-DD07-C4E8-67E9F83C7AFD
1788186058: Sending PINGRESP to auto-9ACF5720-ADDF-DD07-C4E8-67E9F83C7AFD
1788186119: Received PINGREQ from auto-9ACF5720-ADDF-DD07-C4E8-67E9F83C7AFD
1788186119: Sending PINGRESP to auto-9ACF5720-ADDF-DD07-C4E8-67E9F83C7AFD
1788186179: Received PINGREQ from auto-9ACF5720-ADDF-DD07-C4E8-67E9F83C7AFD
1788186179: Sending PINGRESP to auto-9ACF5720-ADDF-DD07-C4E8-67E9F83C7AFD
1788186239: Received PINGREQ from auto-9ACF5720-ADDF-DD07-C4E8-67E9F83C7AFD
1788186239: Sending PINGRESP to auto-9ACF5720-ADDF-DD07-C4E8-67E9F83C7AFD
1788186299: Received PINGREQ from auto-9ACF5720-ADDF-DD07-C4E8-67E9F83C7AFD
1788186299: Sending PINGRESP to auto-9ACF5720-ADDF-DD07-C4E8-67E9F83C7AFD
1788186360: Received PINGREQ from auto-9ACF5720-ADDF-DD07-C4E8-67E9F83C7AFD
1788186360: Sending PINGRESP to auto-9ACF5720-ADDF-DD07-C4E8-67E9F83C7AFD
1788186420: Received PINGREQ from auto-9ACF5720-ADDF-DD07-C4E8-67E9F83C7AFD
1788186420: Sending PINGRESP to auto-9ACF5720-ADDF-DD07-C4E8-67E9F83C7AFD
1788186480: Received PINGREQ from auto-9ACF5720-ADDF-DD07-C4E8-67E9F83C7AFD
1788186480: Sending PINGRESP to auto-9ACF5720-ADDF-DD07-C4E8-67E9F83C7AFD
1788186540: Received PINGREQ from auto-9ACF5720-ADDF-DD07-C4E8-67E9F83C7AFD
1788186540: Sending PINGRESP to auto-9ACF5720-ADDF-DD07-C4E8-67E9F83C7AFD
1788186599: Received PINGREQ from auto-9ACF5720-ADDF-DD07-C4E8-67E9F83C7AFD
1788186599: Sending PINGRESP to auto-9ACF5720-ADDF-DD07-C4E8-67E9F83C7AFD
1788186660: Received PINGREQ from auto-9ACF5720-ADDF-DD07-C4E8-67E9F83C7AFD
1788186660: Sending PINGRESP to auto-9ACF5720-ADDF-DD07-C4E8-67E9F83C7AFD
1788186720: Received PINGREQ from auto-9ACF5720-ADDF-DD07-C4E8-67E9F83C7AFD
1788186720: Sending PINGRESP to auto-9ACF5720-ADDF-DD07-C4E8-67E9F83C7AFD
1788186780: Received PINGREQ from auto-9ACF5720-ADDF-DD07-C4E8-67E9F83C7AFD
1788186780: Sending PINGRESP to auto-9ACF5720-ADDF-DD07-C4E8-67E9F83C7AFD
1788186840: Received PINGREQ from auto-9ACF5720-ADDF-DD07-C4E8-67E9F83C7AFD
1788186840: Sending PINGRESP to auto-9ACF5720-ADDF-DD07-C4E8-67E9F83C7AFD
1788186899: Received PINGREQ from auto-9ACF5720-ADDF-DD07-C4E8-67E9F83C7AFD
1788186899: Sending PINGRESP to auto-9ACF5720-ADDF-DD07-C4E8-67E9F83C7AFD
1788186960: Received PINGREQ from auto-9ACF5720-ADDF-DD07-C4E8-67E9F83C7AFD
1788186960: Sending PINGRESP to auto-9ACF5720-ADDF-DD07-C4E8-67E9F83C7AFD
1788187020: Received PINGREQ from auto-9ACF5720-ADDF-DD07-C4E8-67E9F83C7AFD
1788187020: Sending PINGRESP to auto-9ACF5720-ADDF-DD07-C4E8-67E9F83C7AFD
1788187080: Received PINGREQ from auto-9ACF5720-ADDF-DD07-C4E8-67E9F83C7AFD
1788187080: Sending PINGRESP to auto-9ACF5720-ADDF-DD07-C4E8-67E9F83C7AFD
1788187140: Received PINGREQ from auto-9ACF5720-ADDF-DD07-C4E8-67E9F83C7AFD
1788187140: Sending PINGRESP to auto-9ACF5720-ADDF-DD07-C4E8-67E9F83C7AFD
1788187200: Received PINGREQ from auto-9ACF5720-ADDF-DD07-C4E8-67E9F83C7AFD
1788187200: Sending PINGRESP to auto-9ACF5720-ADDF-DD07-C4E8-67E9F83C7AFD
1788187259: Received PINGREQ from auto-9ACF5720-ADDF-DD07-C4E8-67E9F83C7AFD
1788187259: Sending PINGRESP to auto-9ACF5720-ADDF-DD07-C4E8-67E9F83C7AFD
1788187320: Received PINGREQ from auto-9ACF5720-ADDF-DD07-C4E8-67E9F83C7AFD
1788187320: Sending PINGRESP to auto-9ACF5720-ADDF-DD07-C4E8-67E9F83C7AFD
1788187380: Received PINGREQ from auto-9ACF5720-ADDF-DD07-C4E8-67E9F83C7AFD
1788187380: Sending PINGRESP to auto-9ACF5720-ADDF-DD07-C4E8-67E9F83C7AFD
1788187440: Received PINGREQ from auto-9ACF5720-ADDF-DD07-C4E8-67E9F83C7AFD
1788187440: Sending PINGRESP to auto-9ACF5720-ADDF-DD07-C4E8-67E9F83C7AFD
1788187499: Received PINGREQ from auto-9ACF5720-ADDF-DD07-C4E8-67E9F83C7AFD
1788187499: Sending PINGRESP to auto-9ACF5720-ADDF-DD07-C4E8-67E9F83C7AFD
1788187560: Received PINGREQ from auto-9ACF5720-ADDF-DD07-C4E8-67E9F83C7AFD
1788187560: Sending PINGRESP to auto-9ACF5720-ADDF-DD07-C4E8-67E9F83C7AFD
1788187620: Received PINGREQ from auto-9ACF5720-ADDF-DD07-C4E8-67E9F83C7AFD
1788187620: Sending PINGRESP to auto-9ACF5720-ADDF-DD07-C4E8-67E9F83C7AFD
1788187646: New connection from 192.168.50.2:51964 on port 18884.
1788187646: New client connected from 192.168.50.2:51964 as gatewayd-imx6ull-gateway-m6-838 (p4, c1, k60).
1788187646: No will message specified.
1788187646: Sending CONNACK to gatewayd-imx6ull-gateway-m6-838 (0, 0)
1788187647: Received PUBLISH from gatewayd-imx6ull-gateway-m6-838 (d0, q1, r0, m1, 'vehicle/imx6ull-gateway-m6/telemetry/20260831T220718p0800-m6-lan-1000', ... (23303 bytes))
1788187647: Sending PUBLISH to auto-9ACF5720-ADDF-DD07-C4E8-67E9F83C7AFD (d0, q1, r0, m1, 'vehicle/imx6ull-gateway-m6/telemetry/20260831T220718p0800-m6-lan-1000', ... (23303 bytes))
1788187647: Sending PUBACK to gatewayd-imx6ull-gateway-m6-838 (m1, rc0)
1788187647: Received PUBACK from auto-9ACF5720-ADDF-DD07-C4E8-67E9F83C7AFD (Mid: 1, RC:0)
1788187648: Received PUBLISH from gatewayd-imx6ull-gateway-m6-838 (d0, q1, r0, m2, 'vehicle/imx6ull-gateway-m6/telemetry/20260831T220718p0800-m6-lan-1000', ... (24249 bytes))
1788187648: Sending PUBLISH to auto-9ACF5720-ADDF-DD07-C4E8-67E9F83C7AFD (d0, q1, r0, m2, 'vehicle/imx6ull-gateway-m6/telemetry/20260831T220718p0800-m6-lan-1000', ... (24249 bytes))
1788187648: Sending PUBACK to gatewayd-imx6ull-gateway-m6-838 (m2, rc0)
1788187648: Received PUBACK from auto-9ACF5720-ADDF-DD07-C4E8-67E9F83C7AFD (Mid: 2, RC:0)
1788187649: Received PUBLISH from gatewayd-imx6ull-gateway-m6-838 (d0, q1, r0, m3, 'vehicle/imx6ull-gateway-m6/telemetry/20260831T220718p0800-m6-lan-1000', ... (24410 bytes))
1788187649: Sending PUBLISH to auto-9ACF5720-ADDF-DD07-C4E8-67E9F83C7AFD (d0, q1, r0, m3, 'vehicle/imx6ull-gateway-m6/telemetry/20260831T220718p0800-m6-lan-1000', ... (24410 bytes))
1788187649: Sending PUBACK to gatewayd-imx6ull-gateway-m6-838 (m3, rc0)
1788187649: Received PUBACK from auto-9ACF5720-ADDF-DD07-C4E8-67E9F83C7AFD (Mid: 3, RC:0)
1788187650: Received PUBLISH from gatewayd-imx6ull-gateway-m6-838 (d0, q1, r0, m4, 'vehicle/imx6ull-gateway-m6/telemetry/20260831T220718p0800-m6-lan-1000', ... (24281 bytes))
1788187650: Sending PUBLISH to auto-9ACF5720-ADDF-DD07-C4E8-67E9F83C7AFD (d0, q1, r0, m4, 'vehicle/imx6ull-gateway-m6/telemetry/20260831T220718p0800-m6-lan-1000', ... (24281 bytes))
1788187650: Sending PUBACK to gatewayd-imx6ull-gateway-m6-838 (m4, rc0)
1788187650: Received PUBACK from auto-9ACF5720-ADDF-DD07-C4E8-67E9F83C7AFD (Mid: 4, RC:0)
1788187651: Received PUBLISH from gatewayd-imx6ull-gateway-m6-838 (d0, q1, r0, m5, 'vehicle/imx6ull-gateway-m6/telemetry/20260831T220718p0800-m6-lan-1000', ... (24403 bytes))
1788187651: Sending PUBLISH to auto-9ACF5720-ADDF-DD07-C4E8-67E9F83C7AFD (d0, q1, r0, m5, 'vehicle/imx6ull-gateway-m6/telemetry/20260831T220718p0800-m6-lan-1000', ... (24403 bytes))
1788187651: Sending PUBACK to gatewayd-imx6ull-gateway-m6-838 (m5, rc0)
1788187651: Received PUBACK from auto-9ACF5720-ADDF-DD07-C4E8-67E9F83C7AFD (Mid: 5, RC:0)
1788187652: Received PUBLISH from gatewayd-imx6ull-gateway-m6-838 (d0, q1, r0, m6, 'vehicle/imx6ull-gateway-m6/telemetry/20260831T220718p0800-m6-lan-1000', ... (24258 bytes))
1788187652: Sending PUBLISH to auto-9ACF5720-ADDF-DD07-C4E8-67E9F83C7AFD (d0, q1, r0, m6, 'vehicle/imx6ull-gateway-m6/telemetry/20260831T220718p0800-m6-lan-1000', ... (24258 bytes))
1788187652: Sending PUBACK to gatewayd-imx6ull-gateway-m6-838 (m6, rc0)
1788187652: Received PUBACK from auto-9ACF5720-ADDF-DD07-C4E8-67E9F83C7AFD (Mid: 6, RC:0)
1788187653: Received PUBLISH from gatewayd-imx6ull-gateway-m6-838 (d0, q1, r0, m7, 'vehicle/imx6ull-gateway-m6/telemetry/20260831T220718p0800-m6-lan-1000', ... (24252 bytes))
1788187653: Sending PUBLISH to auto-9ACF5720-ADDF-DD07-C4E8-67E9F83C7AFD (d0, q1, r0, m7, 'vehicle/imx6ull-gateway-m6/telemetry/20260831T220718p0800-m6-lan-1000', ... (24252 bytes))
1788187653: Sending PUBACK to gatewayd-imx6ull-gateway-m6-838 (m7, rc0)
1788187653: Received PUBACK from auto-9ACF5720-ADDF-DD07-C4E8-67E9F83C7AFD (Mid: 7, RC:0)
1788187654: Received PUBLISH from gatewayd-imx6ull-gateway-m6-838 (d0, q1, r0, m8, 'vehicle/imx6ull-gateway-m6/telemetry/20260831T220718p0800-m6-lan-1000', ... (24430 bytes))
1788187654: Sending PUBLISH to auto-9ACF5720-ADDF-DD07-C4E8-67E9F83C7AFD (d0, q1, r0, m8, 'vehicle/imx6ull-gateway-m6/telemetry/20260831T220718p0800-m6-lan-1000', ... (24430 bytes))
1788187654: Sending PUBACK to gatewayd-imx6ull-gateway-m6-838 (m8, rc0)
1788187654: Received PUBACK from auto-9ACF5720-ADDF-DD07-C4E8-67E9F83C7AFD (Mid: 8, RC:0)
1788187655: Received PUBLISH from gatewayd-imx6ull-gateway-m6-838 (d0, q1, r0, m9, 'vehicle/imx6ull-gateway-m6/telemetry/20260831T220718p0800-m6-lan-1000', ... (24327 bytes))
1788187655: Sending PUBLISH to auto-9ACF5720-ADDF-DD07-C4E8-67E9F83C7AFD (d0, q1, r0, m9, 'vehicle/imx6ull-gateway-m6/telemetry/20260831T220718p0800-m6-lan-1000', ... (24327 bytes))
1788187655: Sending PUBACK to gatewayd-imx6ull-gateway-m6-838 (m9, rc0)
1788187655: Received PUBACK from auto-9ACF5720-ADDF-DD07-C4E8-67E9F83C7AFD (Mid: 9, RC:0)
1788187656: Received PUBLISH from gatewayd-imx6ull-gateway-m6-838 (d0, q1, r0, m10, 'vehicle/imx6ull-gateway-m6/telemetry/20260831T220718p0800-m6-lan-1000', ... (24525 bytes))
1788187656: Sending PUBLISH to auto-9ACF5720-ADDF-DD07-C4E8-67E9F83C7AFD (d0, q1, r0, m10, 'vehicle/imx6ull-gateway-m6/telemetry/20260831T220718p0800-m6-lan-1000', ... (24525 bytes))
1788187656: Sending PUBACK to gatewayd-imx6ull-gateway-m6-838 (m10, rc0)
1788187656: Received PUBACK from auto-9ACF5720-ADDF-DD07-C4E8-67E9F83C7AFD (Mid: 10, RC:0)
1788187657: Received PUBLISH from gatewayd-imx6ull-gateway-m6-838 (d0, q1, r0, m11, 'vehicle/imx6ull-gateway-m6/telemetry/20260831T220718p0800-m6-lan-1000', ... (24394 bytes))
1788187657: Sending PUBLISH to auto-9ACF5720-ADDF-DD07-C4E8-67E9F83C7AFD (d0, q1, r0, m11, 'vehicle/imx6ull-gateway-m6/telemetry/20260831T220718p0800-m6-lan-1000', ... (24394 bytes))
1788187657: Sending PUBACK to gatewayd-imx6ull-gateway-m6-838 (m11, rc0)
1788187657: Received PUBACK from auto-9ACF5720-ADDF-DD07-C4E8-67E9F83C7AFD (Mid: 11, RC:0)
1788187658: Received PUBLISH from gatewayd-imx6ull-gateway-m6-838 (d0, q1, r0, m12, 'vehicle/imx6ull-gateway-m6/telemetry/20260831T220718p0800-m6-lan-1000', ... (24362 bytes))
1788187658: Sending PUBLISH to auto-9ACF5720-ADDF-DD07-C4E8-67E9F83C7AFD (d0, q1, r0, m12, 'vehicle/imx6ull-gateway-m6/telemetry/20260831T220718p0800-m6-lan-1000', ... (24362 bytes))
1788187658: Sending PUBACK to gatewayd-imx6ull-gateway-m6-838 (m12, rc0)
1788187658: Received PUBACK from auto-9ACF5720-ADDF-DD07-C4E8-67E9F83C7AFD (Mid: 12, RC:0)
1788187659: Received PUBLISH from gatewayd-imx6ull-gateway-m6-838 (d0, q1, r0, m13, 'vehicle/imx6ull-gateway-m6/telemetry/20260831T220718p0800-m6-lan-1000', ... (24557 bytes))
1788187659: Sending PUBLISH to auto-9ACF5720-ADDF-DD07-C4E8-67E9F83C7AFD (d0, q1, r0, m13, 'vehicle/imx6ull-gateway-m6/telemetry/20260831T220718p0800-m6-lan-1000', ... (24557 bytes))
1788187659: Sending PUBACK to gatewayd-imx6ull-gateway-m6-838 (m13, rc0)
1788187659: Received PUBACK from auto-9ACF5720-ADDF-DD07-C4E8-67E9F83C7AFD (Mid: 13, RC:0)
1788187661: Received PUBLISH from gatewayd-imx6ull-gateway-m6-838 (d0, q1, r0, m14, 'vehicle/imx6ull-gateway-m6/telemetry/20260831T220718p0800-m6-lan-1000', ... (24409 bytes))
1788187661: Sending PUBLISH to auto-9ACF5720-ADDF-DD07-C4E8-67E9F83C7AFD (d0, q1, r0, m14, 'vehicle/imx6ull-gateway-m6/telemetry/20260831T220718p0800-m6-lan-1000', ... (24409 bytes))
1788187661: Sending PUBACK to gatewayd-imx6ull-gateway-m6-838 (m14, rc0)
1788187661: Received PUBACK from auto-9ACF5720-ADDF-DD07-C4E8-67E9F83C7AFD (Mid: 14, RC:0)
1788187662: Received PUBLISH from gatewayd-imx6ull-gateway-m6-838 (d0, q1, r0, m15, 'vehicle/imx6ull-gateway-m6/telemetry/20260831T220718p0800-m6-lan-1000', ... (24727 bytes))
1788187662: Sending PUBLISH to auto-9ACF5720-ADDF-DD07-C4E8-67E9F83C7AFD (d0, q1, r0, m15, 'vehicle/imx6ull-gateway-m6/telemetry/20260831T220718p0800-m6-lan-1000', ... (24727 bytes))
1788187662: Sending PUBACK to gatewayd-imx6ull-gateway-m6-838 (m15, rc0)
1788187662: Received PUBACK from auto-9ACF5720-ADDF-DD07-C4E8-67E9F83C7AFD (Mid: 15, RC:0)
1788187663: Received PUBLISH from gatewayd-imx6ull-gateway-m6-838 (d0, q1, r0, m16, 'vehicle/imx6ull-gateway-m6/telemetry/20260831T220718p0800-m6-lan-1000', ... (24402 bytes))
1788187663: Sending PUBLISH to auto-9ACF5720-ADDF-DD07-C4E8-67E9F83C7AFD (d0, q1, r0, m16, 'vehicle/imx6ull-gateway-m6/telemetry/20260831T220718p0800-m6-lan-1000', ... (24402 bytes))
1788187663: Sending PUBACK to gatewayd-imx6ull-gateway-m6-838 (m16, rc0)
1788187663: Received PUBACK from auto-9ACF5720-ADDF-DD07-C4E8-67E9F83C7AFD (Mid: 16, RC:0)
1788187664: Received PUBLISH from gatewayd-imx6ull-gateway-m6-838 (d0, q1, r0, m17, 'vehicle/imx6ull-gateway-m6/telemetry/20260831T220718p0800-m6-lan-1000', ... (24354 bytes))
1788187664: Sending PUBLISH to auto-9ACF5720-ADDF-DD07-C4E8-67E9F83C7AFD (d0, q1, r0, m17, 'vehicle/imx6ull-gateway-m6/telemetry/20260831T220718p0800-m6-lan-1000', ... (24354 bytes))
1788187664: Sending PUBACK to gatewayd-imx6ull-gateway-m6-838 (m17, rc0)
1788187664: Received PUBACK from auto-9ACF5720-ADDF-DD07-C4E8-67E9F83C7AFD (Mid: 17, RC:0)
1788187665: Received PUBLISH from gatewayd-imx6ull-gateway-m6-838 (d0, q1, r0, m18, 'vehicle/imx6ull-gateway-m6/telemetry/20260831T220718p0800-m6-lan-1000', ... (24565 bytes))
1788187665: Sending PUBLISH to auto-9ACF5720-ADDF-DD07-C4E8-67E9F83C7AFD (d0, q1, r0, m18, 'vehicle/imx6ull-gateway-m6/telemetry/20260831T220718p0800-m6-lan-1000', ... (24565 bytes))
1788187665: Sending PUBACK to gatewayd-imx6ull-gateway-m6-838 (m18, rc0)
1788187665: Received PUBACK from auto-9ACF5720-ADDF-DD07-C4E8-67E9F83C7AFD (Mid: 18, RC:0)
1788187666: Received PUBLISH from gatewayd-imx6ull-gateway-m6-838 (d0, q1, r0, m19, 'vehicle/imx6ull-gateway-m6/telemetry/20260831T220718p0800-m6-lan-1000', ... (24409 bytes))
1788187666: Sending PUBLISH to auto-9ACF5720-ADDF-DD07-C4E8-67E9F83C7AFD (d0, q1, r0, m19, 'vehicle/imx6ull-gateway-m6/telemetry/20260831T220718p0800-m6-lan-1000', ... (24409 bytes))
1788187666: Sending PUBACK to gatewayd-imx6ull-gateway-m6-838 (m19, rc0)
1788187666: Received PUBACK from auto-9ACF5720-ADDF-DD07-C4E8-67E9F83C7AFD (Mid: 19, RC:0)
1788187667: Received PUBLISH from gatewayd-imx6ull-gateway-m6-838 (d0, q1, r0, m20, 'vehicle/imx6ull-gateway-m6/telemetry/20260831T220718p0800-m6-lan-1000', ... (24721 bytes))
1788187667: Sending PUBLISH to auto-9ACF5720-ADDF-DD07-C4E8-67E9F83C7AFD (d0, q1, r0, m20, 'vehicle/imx6ull-gateway-m6/telemetry/20260831T220718p0800-m6-lan-1000', ... (24721 bytes))
1788187667: Sending PUBACK to gatewayd-imx6ull-gateway-m6-838 (m20, rc0)
1788187667: Received PUBACK from auto-9ACF5720-ADDF-DD07-C4E8-67E9F83C7AFD (Mid: 20, RC:0)
1788187668: Received PUBLISH from gatewayd-imx6ull-gateway-m6-838 (d0, q1, r0, m21, 'vehicle/imx6ull-gateway-m6/telemetry/20260831T220718p0800-m6-lan-1000', ... (24409 bytes))
1788187668: Sending PUBLISH to auto-9ACF5720-ADDF-DD07-C4E8-67E9F83C7AFD (d0, q1, r0, m21, 'vehicle/imx6ull-gateway-m6/telemetry/20260831T220718p0800-m6-lan-1000', ... (24409 bytes))
1788187668: Sending PUBACK to gatewayd-imx6ull-gateway-m6-838 (m21, rc0)
1788187668: Received PUBACK from auto-9ACF5720-ADDF-DD07-C4E8-67E9F83C7AFD (Mid: 21, RC:0)
1788187669: Received PUBLISH from gatewayd-imx6ull-gateway-m6-838 (d0, q1, r0, m22, 'vehicle/imx6ull-gateway-m6/telemetry/20260831T220718p0800-m6-lan-1000', ... (24535 bytes))
1788187669: Sending PUBLISH to auto-9ACF5720-ADDF-DD07-C4E8-67E9F83C7AFD (d0, q1, r0, m22, 'vehicle/imx6ull-gateway-m6/telemetry/20260831T220718p0800-m6-lan-1000', ... (24535 bytes))
1788187669: Sending PUBACK to gatewayd-imx6ull-gateway-m6-838 (m22, rc0)
1788187669: Received PUBACK from auto-9ACF5720-ADDF-DD07-C4E8-67E9F83C7AFD (Mid: 22, RC:0)
1788187670: Received PUBLISH from gatewayd-imx6ull-gateway-m6-838 (d0, q1, r0, m23, 'vehicle/imx6ull-gateway-m6/telemetry/20260831T220718p0800-m6-lan-1000', ... (24353 bytes))
1788187670: Sending PUBLISH to auto-9ACF5720-ADDF-DD07-C4E8-67E9F83C7AFD (d0, q1, r0, m23, 'vehicle/imx6ull-gateway-m6/telemetry/20260831T220718p0800-m6-lan-1000', ... (24353 bytes))
1788187670: Sending PUBACK to gatewayd-imx6ull-gateway-m6-838 (m23, rc0)
1788187670: Received PUBACK from auto-9ACF5720-ADDF-DD07-C4E8-67E9F83C7AFD (Mid: 23, RC:0)
1788187671: Received PUBLISH from gatewayd-imx6ull-gateway-m6-838 (d0, q1, r0, m24, 'vehicle/imx6ull-gateway-m6/telemetry/20260831T220718p0800-m6-lan-1000', ... (24387 bytes))
1788187671: Sending PUBLISH to auto-9ACF5720-ADDF-DD07-C4E8-67E9F83C7AFD (d0, q1, r0, m24, 'vehicle/imx6ull-gateway-m6/telemetry/20260831T220718p0800-m6-lan-1000', ... (24387 bytes))
1788187671: Sending PUBACK to gatewayd-imx6ull-gateway-m6-838 (m24, rc0)
1788187671: Received PUBACK from auto-9ACF5720-ADDF-DD07-C4E8-67E9F83C7AFD (Mid: 24, RC:0)
1788187672: Received PUBLISH from gatewayd-imx6ull-gateway-m6-838 (d0, q1, r0, m25, 'vehicle/imx6ull-gateway-m6/telemetry/20260831T220718p0800-m6-lan-1000', ... (24511 bytes))
1788187672: Sending PUBLISH to auto-9ACF5720-ADDF-DD07-C4E8-67E9F83C7AFD (d0, q1, r0, m25, 'vehicle/imx6ull-gateway-m6/telemetry/20260831T220718p0800-m6-lan-1000', ... (24511 bytes))
1788187672: Sending PUBACK to gatewayd-imx6ull-gateway-m6-838 (m25, rc0)
1788187672: Received PUBACK from auto-9ACF5720-ADDF-DD07-C4E8-67E9F83C7AFD (Mid: 25, RC:0)
1788187673: Received PUBLISH from gatewayd-imx6ull-gateway-m6-838 (d0, q1, r0, m26, 'vehicle/imx6ull-gateway-m6/telemetry/20260831T220718p0800-m6-lan-1000', ... (24399 bytes))
1788187673: Sending PUBLISH to auto-9ACF5720-ADDF-DD07-C4E8-67E9F83C7AFD (d0, q1, r0, m26, 'vehicle/imx6ull-gateway-m6/telemetry/20260831T220718p0800-m6-lan-1000', ... (24399 bytes))
1788187673: Sending PUBACK to gatewayd-imx6ull-gateway-m6-838 (m26, rc0)
1788187673: Received PUBACK from auto-9ACF5720-ADDF-DD07-C4E8-67E9F83C7AFD (Mid: 26, RC:0)
1788187674: Received PUBLISH from gatewayd-imx6ull-gateway-m6-838 (d0, q1, r0, m27, 'vehicle/imx6ull-gateway-m6/telemetry/20260831T220718p0800-m6-lan-1000', ... (24537 bytes))
1788187674: Sending PUBLISH to auto-9ACF5720-ADDF-DD07-C4E8-67E9F83C7AFD (d0, q1, r0, m27, 'vehicle/imx6ull-gateway-m6/telemetry/20260831T220718p0800-m6-lan-1000', ... (24537 bytes))
1788187674: Sending PUBACK to gatewayd-imx6ull-gateway-m6-838 (m27, rc0)
1788187674: Received PUBACK from auto-9ACF5720-ADDF-DD07-C4E8-67E9F83C7AFD (Mid: 27, RC:0)
1788187675: Received PUBLISH from gatewayd-imx6ull-gateway-m6-838 (d0, q1, r0, m28, 'vehicle/imx6ull-gateway-m6/telemetry/20260831T220718p0800-m6-lan-1000', ... (24361 bytes))
1788187675: Sending PUBLISH to auto-9ACF5720-ADDF-DD07-C4E8-67E9F83C7AFD (d0, q1, r0, m28, 'vehicle/imx6ull-gateway-m6/telemetry/20260831T220718p0800-m6-lan-1000', ... (24361 bytes))
1788187675: Sending PUBACK to gatewayd-imx6ull-gateway-m6-838 (m28, rc0)
1788187675: Received PUBACK from auto-9ACF5720-ADDF-DD07-C4E8-67E9F83C7AFD (Mid: 28, RC:0)
1788187676: Received PUBLISH from gatewayd-imx6ull-gateway-m6-838 (d0, q1, r0, m29, 'vehicle/imx6ull-gateway-m6/telemetry/20260831T220718p0800-m6-lan-1000', ... (24375 bytes))
1788187676: Sending PUBLISH to auto-9ACF5720-ADDF-DD07-C4E8-67E9F83C7AFD (d0, q1, r0, m29, 'vehicle/imx6ull-gateway-m6/telemetry/20260831T220718p0800-m6-lan-1000', ... (24375 bytes))
1788187676: Sending PUBACK to gatewayd-imx6ull-gateway-m6-838 (m29, rc0)
1788187676: Received PUBACK from auto-9ACF5720-ADDF-DD07-C4E8-67E9F83C7AFD (Mid: 29, RC:0)
1788187677: Received PUBLISH from gatewayd-imx6ull-gateway-m6-838 (d0, q1, r0, m30, 'vehicle/imx6ull-gateway-m6/telemetry/20260831T220718p0800-m6-lan-1000', ... (24523 bytes))
1788187677: Sending PUBLISH to auto-9ACF5720-ADDF-DD07-C4E8-67E9F83C7AFD (d0, q1, r0, m30, 'vehicle/imx6ull-gateway-m6/telemetry/20260831T220718p0800-m6-lan-1000', ... (24523 bytes))
1788187677: Sending PUBACK to gatewayd-imx6ull-gateway-m6-838 (m30, rc0)
1788187677: Received PUBACK from auto-9ACF5720-ADDF-DD07-C4E8-67E9F83C7AFD (Mid: 30, RC:0)
1788187678: Received PUBLISH from gatewayd-imx6ull-gateway-m6-838 (d0, q1, r0, m31, 'vehicle/imx6ull-gateway-m6/telemetry/20260831T220718p0800-m6-lan-1000', ... (24403 bytes))
1788187678: Sending PUBLISH to auto-9ACF5720-ADDF-DD07-C4E8-67E9F83C7AFD (d0, q1, r0, m31, 'vehicle/imx6ull-gateway-m6/telemetry/20260831T220718p0800-m6-lan-1000', ... (24403 bytes))
1788187678: Sending PUBACK to gatewayd-imx6ull-gateway-m6-838 (m31, rc0)
1788187678: Received PUBACK from auto-9ACF5720-ADDF-DD07-C4E8-67E9F83C7AFD (Mid: 31, RC:0)
1788187679: Received PUBLISH from gatewayd-imx6ull-gateway-m6-838 (d0, q1, r0, m32, 'vehicle/imx6ull-gateway-m6/telemetry/20260831T220718p0800-m6-lan-1000', ... (24540 bytes))
1788187679: Sending PUBLISH to auto-9ACF5720-ADDF-DD07-C4E8-67E9F83C7AFD (d0, q1, r0, m32, 'vehicle/imx6ull-gateway-m6/telemetry/20260831T220718p0800-m6-lan-1000', ... (24540 bytes))
1788187679: Sending PUBACK to gatewayd-imx6ull-gateway-m6-838 (m32, rc0)
1788187679: Received PUBACK from auto-9ACF5720-ADDF-DD07-C4E8-67E9F83C7AFD (Mid: 32, RC:0)
1788187680: Received PUBLISH from gatewayd-imx6ull-gateway-m6-838 (d0, q1, r0, m33, 'vehicle/imx6ull-gateway-m6/telemetry/20260831T220718p0800-m6-lan-1000', ... (24379 bytes))
1788187680: Sending PUBLISH to auto-9ACF5720-ADDF-DD07-C4E8-67E9F83C7AFD (d0, q1, r0, m33, 'vehicle/imx6ull-gateway-m6/telemetry/20260831T220718p0800-m6-lan-1000', ... (24379 bytes))
1788187680: Sending PUBACK to gatewayd-imx6ull-gateway-m6-838 (m33, rc0)
1788187680: Received PUBACK from auto-9ACF5720-ADDF-DD07-C4E8-67E9F83C7AFD (Mid: 33, RC:0)
1788187681: Received PUBLISH from gatewayd-imx6ull-gateway-m6-838 (d0, q1, r0, m34, 'vehicle/imx6ull-gateway-m6/telemetry/20260831T220718p0800-m6-lan-1000', ... (24377 bytes))
1788187681: Sending PUBLISH to auto-9ACF5720-ADDF-DD07-C4E8-67E9F83C7AFD (d0, q1, r0, m34, 'vehicle/imx6ull-gateway-m6/telemetry/20260831T220718p0800-m6-lan-1000', ... (24377 bytes))
1788187681: Sending PUBACK to gatewayd-imx6ull-gateway-m6-838 (m34, rc0)
1788187681: Received PUBACK from auto-9ACF5720-ADDF-DD07-C4E8-67E9F83C7AFD (Mid: 34, RC:0)
1788187682: Received PUBLISH from gatewayd-imx6ull-gateway-m6-838 (d0, q1, r0, m35, 'vehicle/imx6ull-gateway-m6/telemetry/20260831T220718p0800-m6-lan-1000', ... (24331 bytes))
1788187682: Sending PUBLISH to auto-9ACF5720-ADDF-DD07-C4E8-67E9F83C7AFD (d0, q1, r0, m35, 'vehicle/imx6ull-gateway-m6/telemetry/20260831T220718p0800-m6-lan-1000', ... (24331 bytes))
1788187682: Sending PUBACK to gatewayd-imx6ull-gateway-m6-838 (m35, rc0)
1788187682: Received PUBACK from auto-9ACF5720-ADDF-DD07-C4E8-67E9F83C7AFD (Mid: 35, RC:0)
1788187683: Received PUBLISH from gatewayd-imx6ull-gateway-m6-838 (d0, q1, r0, m36, 'vehicle/imx6ull-gateway-m6/telemetry/20260831T220718p0800-m6-lan-1000', ... (24409 bytes))
1788187683: Sending PUBLISH to auto-9ACF5720-ADDF-DD07-C4E8-67E9F83C7AFD (d0, q1, r0, m36, 'vehicle/imx6ull-gateway-m6/telemetry/20260831T220718p0800-m6-lan-1000', ... (24409 bytes))
1788187683: Sending PUBACK to gatewayd-imx6ull-gateway-m6-838 (m36, rc0)
1788187683: Received PUBACK from auto-9ACF5720-ADDF-DD07-C4E8-67E9F83C7AFD (Mid: 36, RC:0)
1788187684: Received PUBLISH from gatewayd-imx6ull-gateway-m6-838 (d0, q1, r0, m37, 'vehicle/imx6ull-gateway-m6/telemetry/20260831T220718p0800-m6-lan-1000', ... (24322 bytes))
1788187684: Sending PUBLISH to auto-9ACF5720-ADDF-DD07-C4E8-67E9F83C7AFD (d0, q1, r0, m37, 'vehicle/imx6ull-gateway-m6/telemetry/20260831T220718p0800-m6-lan-1000', ... (24322 bytes))
1788187684: Sending PUBACK to gatewayd-imx6ull-gateway-m6-838 (m37, rc0)
1788187684: Received PUBACK from auto-9ACF5720-ADDF-DD07-C4E8-67E9F83C7AFD (Mid: 37, RC:0)
1788187685: Received PUBLISH from gatewayd-imx6ull-gateway-m6-838 (d0, q1, r0, m38, 'vehicle/imx6ull-gateway-m6/telemetry/20260831T220718p0800-m6-lan-1000', ... (24597 bytes))
1788187685: Sending PUBLISH to auto-9ACF5720-ADDF-DD07-C4E8-67E9F83C7AFD (d0, q1, r0, m38, 'vehicle/imx6ull-gateway-m6/telemetry/20260831T220718p0800-m6-lan-1000', ... (24597 bytes))
1788187685: Sending PUBACK to gatewayd-imx6ull-gateway-m6-838 (m38, rc0)
1788187685: Received PUBACK from auto-9ACF5720-ADDF-DD07-C4E8-67E9F83C7AFD (Mid: 38, RC:0)
1788187687: Received PUBLISH from gatewayd-imx6ull-gateway-m6-838 (d0, q1, r0, m39, 'vehicle/imx6ull-gateway-m6/telemetry/20260831T220718p0800-m6-lan-1000', ... (24370 bytes))
1788187687: Sending PUBLISH to auto-9ACF5720-ADDF-DD07-C4E8-67E9F83C7AFD (d0, q1, r0, m39, 'vehicle/imx6ull-gateway-m6/telemetry/20260831T220718p0800-m6-lan-1000', ... (24370 bytes))
1788187687: Sending PUBACK to gatewayd-imx6ull-gateway-m6-838 (m39, rc0)
1788187687: Received PUBACK from auto-9ACF5720-ADDF-DD07-C4E8-67E9F83C7AFD (Mid: 39, RC:0)
1788187688: Received PUBLISH from gatewayd-imx6ull-gateway-m6-838 (d0, q1, r0, m40, 'vehicle/imx6ull-gateway-m6/telemetry/20260831T220718p0800-m6-lan-1000', ... (24759 bytes))
1788187688: Sending PUBLISH to auto-9ACF5720-ADDF-DD07-C4E8-67E9F83C7AFD (d0, q1, r0, m40, 'vehicle/imx6ull-gateway-m6/telemetry/20260831T220718p0800-m6-lan-1000', ... (24759 bytes))
1788187688: Sending PUBACK to gatewayd-imx6ull-gateway-m6-838 (m40, rc0)
1788187688: Received PUBACK from auto-9ACF5720-ADDF-DD07-C4E8-67E9F83C7AFD (Mid: 40, RC:0)
1788187689: Received PUBLISH from gatewayd-imx6ull-gateway-m6-838 (d0, q1, r0, m41, 'vehicle/imx6ull-gateway-m6/telemetry/20260831T220718p0800-m6-lan-1000', ... (24409 bytes))
1788187689: Sending PUBLISH to auto-9ACF5720-ADDF-DD07-C4E8-67E9F83C7AFD (d0, q1, r0, m41, 'vehicle/imx6ull-gateway-m6/telemetry/20260831T220718p0800-m6-lan-1000', ... (24409 bytes))
1788187689: Sending PUBACK to gatewayd-imx6ull-gateway-m6-838 (m41, rc0)
1788187689: Received PUBACK from auto-9ACF5720-ADDF-DD07-C4E8-67E9F83C7AFD (Mid: 41, RC:0)
1788187690: Received PUBLISH from gatewayd-imx6ull-gateway-m6-838 (d0, q1, r0, m42, 'vehicle/imx6ull-gateway-m6/telemetry/20260831T220718p0800-m6-lan-1000', ... (24314 bytes))
1788187690: Sending PUBLISH to auto-9ACF5720-ADDF-DD07-C4E8-67E9F83C7AFD (d0, q1, r0, m42, 'vehicle/imx6ull-gateway-m6/telemetry/20260831T220718p0800-m6-lan-1000', ... (24314 bytes))
1788187690: Sending PUBACK to gatewayd-imx6ull-gateway-m6-838 (m42, rc0)
1788187690: Received PUBACK from auto-9ACF5720-ADDF-DD07-C4E8-67E9F83C7AFD (Mid: 42, RC:0)
1788187691: Received PUBLISH from gatewayd-imx6ull-gateway-m6-838 (d0, q1, r0, m43, 'vehicle/imx6ull-gateway-m6/telemetry/20260831T220718p0800-m6-lan-1000', ... (24605 bytes))
1788187691: Sending PUBLISH to auto-9ACF5720-ADDF-DD07-C4E8-67E9F83C7AFD (d0, q1, r0, m43, 'vehicle/imx6ull-gateway-m6/telemetry/20260831T220718p0800-m6-lan-1000', ... (24605 bytes))
1788187691: Sending PUBACK to gatewayd-imx6ull-gateway-m6-838 (m43, rc0)
1788187691: Received PUBACK from auto-9ACF5720-ADDF-DD07-C4E8-67E9F83C7AFD (Mid: 43, RC:0)
1788187692: Received PUBLISH from gatewayd-imx6ull-gateway-m6-838 (d0, q1, r0, m44, 'vehicle/imx6ull-gateway-m6/telemetry/20260831T220718p0800-m6-lan-1000', ... (24362 bytes))
1788187692: Sending PUBLISH to auto-9ACF5720-ADDF-DD07-C4E8-67E9F83C7AFD (d0, q1, r0, m44, 'vehicle/imx6ull-gateway-m6/telemetry/20260831T220718p0800-m6-lan-1000', ... (24362 bytes))
1788187692: Sending PUBACK to gatewayd-imx6ull-gateway-m6-838 (m44, rc0)
1788187692: Received PUBACK from auto-9ACF5720-ADDF-DD07-C4E8-67E9F83C7AFD (Mid: 44, RC:0)
1788187693: Received PUBLISH from gatewayd-imx6ull-gateway-m6-838 (d0, q1, r0, m45, 'vehicle/imx6ull-gateway-m6/telemetry/20260831T220718p0800-m6-lan-1000', ... (24768 bytes))
1788187693: Sending PUBLISH to auto-9ACF5720-ADDF-DD07-C4E8-67E9F83C7AFD (d0, q1, r0, m45, 'vehicle/imx6ull-gateway-m6/telemetry/20260831T220718p0800-m6-lan-1000', ... (24768 bytes))
1788187693: Sending PUBACK to gatewayd-imx6ull-gateway-m6-838 (m45, rc0)
1788187693: Received PUBACK from auto-9ACF5720-ADDF-DD07-C4E8-67E9F83C7AFD (Mid: 45, RC:0)
1788187694: Received PUBLISH from gatewayd-imx6ull-gateway-m6-838 (d0, q1, r0, m46, 'vehicle/imx6ull-gateway-m6/telemetry/20260831T220718p0800-m6-lan-1000', ... (24401 bytes))
1788187694: Sending PUBLISH to auto-9ACF5720-ADDF-DD07-C4E8-67E9F83C7AFD (d0, q1, r0, m46, 'vehicle/imx6ull-gateway-m6/telemetry/20260831T220718p0800-m6-lan-1000', ... (24401 bytes))
1788187694: Sending PUBACK to gatewayd-imx6ull-gateway-m6-838 (m46, rc0)
1788187694: Received PUBACK from auto-9ACF5720-ADDF-DD07-C4E8-67E9F83C7AFD (Mid: 46, RC:0)
1788187695: Received PUBLISH from gatewayd-imx6ull-gateway-m6-838 (d0, q1, r0, m47, 'vehicle/imx6ull-gateway-m6/telemetry/20260831T220718p0800-m6-lan-1000', ... (24499 bytes))
1788187695: Sending PUBLISH to auto-9ACF5720-ADDF-DD07-C4E8-67E9F83C7AFD (d0, q1, r0, m47, 'vehicle/imx6ull-gateway-m6/telemetry/20260831T220718p0800-m6-lan-1000', ... (24499 bytes))
1788187695: Sending PUBACK to gatewayd-imx6ull-gateway-m6-838 (m47, rc0)
1788187695: Received PUBACK from auto-9ACF5720-ADDF-DD07-C4E8-67E9F83C7AFD (Mid: 47, RC:0)
1788187696: Received PUBLISH from gatewayd-imx6ull-gateway-m6-838 (d0, q1, r0, m48, 'vehicle/imx6ull-gateway-m6/telemetry/20260831T220718p0800-m6-lan-1000', ... (24393 bytes))
1788187696: Sending PUBLISH to auto-9ACF5720-ADDF-DD07-C4E8-67E9F83C7AFD (d0, q1, r0, m48, 'vehicle/imx6ull-gateway-m6/telemetry/20260831T220718p0800-m6-lan-1000', ... (24393 bytes))
1788187696: Sending PUBACK to gatewayd-imx6ull-gateway-m6-838 (m48, rc0)
1788187696: Received PUBACK from auto-9ACF5720-ADDF-DD07-C4E8-67E9F83C7AFD (Mid: 48, RC:0)
1788187697: Received PUBLISH from gatewayd-imx6ull-gateway-m6-838 (d0, q1, r0, m49, 'vehicle/imx6ull-gateway-m6/telemetry/20260831T220718p0800-m6-lan-1000', ... (24343 bytes))
1788187697: Sending PUBLISH to auto-9ACF5720-ADDF-DD07-C4E8-67E9F83C7AFD (d0, q1, r0, m49, 'vehicle/imx6ull-gateway-m6/telemetry/20260831T220718p0800-m6-lan-1000', ... (24343 bytes))
1788187697: Sending PUBACK to gatewayd-imx6ull-gateway-m6-838 (m49, rc0)
1788187697: Received PUBACK from auto-9ACF5720-ADDF-DD07-C4E8-67E9F83C7AFD (Mid: 49, RC:0)
1788187698: Received PUBLISH from gatewayd-imx6ull-gateway-m6-838 (d0, q1, r0, m50, 'vehicle/imx6ull-gateway-m6/telemetry/20260831T220718p0800-m6-lan-1000', ... (24555 bytes))
1788187698: Sending PUBLISH to auto-9ACF5720-ADDF-DD07-C4E8-67E9F83C7AFD (d0, q1, r0, m50, 'vehicle/imx6ull-gateway-m6/telemetry/20260831T220718p0800-m6-lan-1000', ... (24555 bytes))
1788187698: Sending PUBACK to gatewayd-imx6ull-gateway-m6-838 (m50, rc0)
1788187698: Received PUBACK from auto-9ACF5720-ADDF-DD07-C4E8-67E9F83C7AFD (Mid: 50, RC:0)
1788187699: Received PUBLISH from gatewayd-imx6ull-gateway-m6-838 (d0, q1, r0, m51, 'vehicle/imx6ull-gateway-m6/telemetry/20260831T220718p0800-m6-lan-1000', ... (24399 bytes))
1788187699: Sending PUBLISH to auto-9ACF5720-ADDF-DD07-C4E8-67E9F83C7AFD (d0, q1, r0, m51, 'vehicle/imx6ull-gateway-m6/telemetry/20260831T220718p0800-m6-lan-1000', ... (24399 bytes))
1788187699: Sending PUBACK to gatewayd-imx6ull-gateway-m6-838 (m51, rc0)
1788187699: Received PUBACK from auto-9ACF5720-ADDF-DD07-C4E8-67E9F83C7AFD (Mid: 51, RC:0)
1788187700: Received PUBLISH from gatewayd-imx6ull-gateway-m6-838 (d0, q1, r0, m52, 'vehicle/imx6ull-gateway-m6/telemetry/20260831T220718p0800-m6-lan-1000', ... (24499 bytes))
1788187700: Sending PUBLISH to auto-9ACF5720-ADDF-DD07-C4E8-67E9F83C7AFD (d0, q1, r0, m52, 'vehicle/imx6ull-gateway-m6/telemetry/20260831T220718p0800-m6-lan-1000', ... (24499 bytes))
1788187700: Sending PUBACK to gatewayd-imx6ull-gateway-m6-838 (m52, rc0)
1788187700: Received PUBACK from auto-9ACF5720-ADDF-DD07-C4E8-67E9F83C7AFD (Mid: 52, RC:0)
1788187701: Received PUBLISH from gatewayd-imx6ull-gateway-m6-838 (d0, q1, r0, m53, 'vehicle/imx6ull-gateway-m6/telemetry/20260831T220718p0800-m6-lan-1000', ... (24399 bytes))
1788187701: Sending PUBLISH to auto-9ACF5720-ADDF-DD07-C4E8-67E9F83C7AFD (d0, q1, r0, m53, 'vehicle/imx6ull-gateway-m6/telemetry/20260831T220718p0800-m6-lan-1000', ... (24399 bytes))
1788187701: Sending PUBACK to gatewayd-imx6ull-gateway-m6-838 (m53, rc0)
1788187701: Received PUBACK from auto-9ACF5720-ADDF-DD07-C4E8-67E9F83C7AFD (Mid: 53, RC:0)
1788187702: Received PUBLISH from gatewayd-imx6ull-gateway-m6-838 (d0, q1, r0, m54, 'vehicle/imx6ull-gateway-m6/telemetry/20260831T220718p0800-m6-lan-1000', ... (24335 bytes))
1788187702: Sending PUBLISH to auto-9ACF5720-ADDF-DD07-C4E8-67E9F83C7AFD (d0, q1, r0, m54, 'vehicle/imx6ull-gateway-m6/telemetry/20260831T220718p0800-m6-lan-1000', ... (24335 bytes))
1788187702: Sending PUBACK to gatewayd-imx6ull-gateway-m6-838 (m54, rc0)
1788187702: Received PUBACK from auto-9ACF5720-ADDF-DD07-C4E8-67E9F83C7AFD (Mid: 54, RC:0)
1788187703: Received PUBLISH from gatewayd-imx6ull-gateway-m6-838 (d0, q1, r0, m55, 'vehicle/imx6ull-gateway-m6/telemetry/20260831T220718p0800-m6-lan-1000', ... (24352 bytes))
1788187703: Sending PUBLISH to auto-9ACF5720-ADDF-DD07-C4E8-67E9F83C7AFD (d0, q1, r0, m55, 'vehicle/imx6ull-gateway-m6/telemetry/20260831T220718p0800-m6-lan-1000', ... (24352 bytes))
1788187703: Sending PUBACK to gatewayd-imx6ull-gateway-m6-838 (m55, rc0)
1788187703: Received PUBACK from auto-9ACF5720-ADDF-DD07-C4E8-67E9F83C7AFD (Mid: 55, RC:0)
1788187704: Received PUBLISH from gatewayd-imx6ull-gateway-m6-838 (d0, q1, r0, m56, 'vehicle/imx6ull-gateway-m6/telemetry/20260831T220718p0800-m6-lan-1000', ... (24397 bytes))
1788187704: Sending PUBLISH to auto-9ACF5720-ADDF-DD07-C4E8-67E9F83C7AFD (d0, q1, r0, m56, 'vehicle/imx6ull-gateway-m6/telemetry/20260831T220718p0800-m6-lan-1000', ... (24397 bytes))
1788187704: Sending PUBACK to gatewayd-imx6ull-gateway-m6-838 (m56, rc0)
1788187704: Received PUBACK from auto-9ACF5720-ADDF-DD07-C4E8-67E9F83C7AFD (Mid: 56, RC:0)
1788187705: Received PUBLISH from gatewayd-imx6ull-gateway-m6-838 (d0, q1, r0, m57, 'vehicle/imx6ull-gateway-m6/telemetry/20260831T220718p0800-m6-lan-1000', ... (24309 bytes))
1788187705: Sending PUBLISH to auto-9ACF5720-ADDF-DD07-C4E8-67E9F83C7AFD (d0, q1, r0, m57, 'vehicle/imx6ull-gateway-m6/telemetry/20260831T220718p0800-m6-lan-1000', ... (24309 bytes))
1788187705: Sending PUBACK to gatewayd-imx6ull-gateway-m6-838 (m57, rc0)
1788187705: Received PUBACK from auto-9ACF5720-ADDF-DD07-C4E8-67E9F83C7AFD (Mid: 57, RC:0)
1788187706: Received PUBLISH from gatewayd-imx6ull-gateway-m6-838 (d0, q1, r0, m58, 'vehicle/imx6ull-gateway-m6/telemetry/20260831T220718p0800-m6-lan-1000', ... (24620 bytes))
1788187706: Sending PUBLISH to auto-9ACF5720-ADDF-DD07-C4E8-67E9F83C7AFD (d0, q1, r0, m58, 'vehicle/imx6ull-gateway-m6/telemetry/20260831T220718p0800-m6-lan-1000', ... (24620 bytes))
1788187706: Sending PUBACK to gatewayd-imx6ull-gateway-m6-838 (m58, rc0)
1788187706: Received PUBACK from auto-9ACF5720-ADDF-DD07-C4E8-67E9F83C7AFD (Mid: 58, RC:0)
1788187707: Received PUBLISH from gatewayd-imx6ull-gateway-m6-838 (d0, q1, r0, m59, 'vehicle/imx6ull-gateway-m6/telemetry/20260831T220718p0800-m6-lan-1000', ... (24338 bytes))
1788187707: Sending PUBLISH to auto-9ACF5720-ADDF-DD07-C4E8-67E9F83C7AFD (d0, q1, r0, m59, 'vehicle/imx6ull-gateway-m6/telemetry/20260831T220718p0800-m6-lan-1000', ... (24338 bytes))
1788187707: Sending PUBACK to gatewayd-imx6ull-gateway-m6-838 (m59, rc0)
1788187707: Received PUBACK from auto-9ACF5720-ADDF-DD07-C4E8-67E9F83C7AFD (Mid: 59, RC:0)
1788187708: Received PUBLISH from gatewayd-imx6ull-gateway-m6-838 (d0, q1, r0, m60, 'vehicle/imx6ull-gateway-m6/telemetry/20260831T220718p0800-m6-lan-1000', ... (24581 bytes))
1788187708: Sending PUBLISH to auto-9ACF5720-ADDF-DD07-C4E8-67E9F83C7AFD (d0, q1, r0, m60, 'vehicle/imx6ull-gateway-m6/telemetry/20260831T220718p0800-m6-lan-1000', ... (24581 bytes))
1788187708: Sending PUBACK to gatewayd-imx6ull-gateway-m6-838 (m60, rc0)
1788187708: Received PUBACK from auto-9ACF5720-ADDF-DD07-C4E8-67E9F83C7AFD (Mid: 60, RC:0)
1788187709: Received PUBLISH from gatewayd-imx6ull-gateway-m6-838 (d0, q1, r0, m61, 'vehicle/imx6ull-gateway-m6/telemetry/20260831T220718p0800-m6-lan-1000', ... (24386 bytes))
1788187709: Sending PUBLISH to auto-9ACF5720-ADDF-DD07-C4E8-67E9F83C7AFD (d0, q1, r0, m61, 'vehicle/imx6ull-gateway-m6/telemetry/20260831T220718p0800-m6-lan-1000', ... (24386 bytes))
1788187709: Sending PUBACK to gatewayd-imx6ull-gateway-m6-838 (m61, rc0)
1788187709: Received PUBACK from auto-9ACF5720-ADDF-DD07-C4E8-67E9F83C7AFD (Mid: 61, RC:0)
1788187710: Received PUBLISH from gatewayd-imx6ull-gateway-m6-838 (d0, q1, r0, m62, 'vehicle/imx6ull-gateway-m6/telemetry/20260831T220718p0800-m6-lan-1000', ... (24744 bytes))
1788187710: Sending PUBLISH to auto-9ACF5720-ADDF-DD07-C4E8-67E9F83C7AFD (d0, q1, r0, m62, 'vehicle/imx6ull-gateway-m6/telemetry/20260831T220718p0800-m6-lan-1000', ... (24744 bytes))
1788187710: Sending PUBACK to gatewayd-imx6ull-gateway-m6-838 (m62, rc0)
1788187710: Received PUBACK from auto-9ACF5720-ADDF-DD07-C4E8-67E9F83C7AFD (Mid: 62, RC:0)
1788187711: Received PUBLISH from gatewayd-imx6ull-gateway-m6-838 (d0, q1, r0, m63, 'vehicle/imx6ull-gateway-m6/telemetry/20260831T220718p0800-m6-lan-1000', ... (24409 bytes))
1788187711: Sending PUBLISH to auto-9ACF5720-ADDF-DD07-C4E8-67E9F83C7AFD (d0, q1, r0, m63, 'vehicle/imx6ull-gateway-m6/telemetry/20260831T220718p0800-m6-lan-1000', ... (24409 bytes))
1788187711: Sending PUBACK to gatewayd-imx6ull-gateway-m6-838 (m63, rc0)
1788187711: Received PUBACK from auto-9ACF5720-ADDF-DD07-C4E8-67E9F83C7AFD (Mid: 63, RC:0)
1788187713: Received PUBLISH from gatewayd-imx6ull-gateway-m6-838 (d0, q1, r0, m64, 'vehicle/imx6ull-gateway-m6/telemetry/20260831T220718p0800-m6-lan-1000', ... (24329 bytes))
1788187713: Sending PUBLISH to auto-9ACF5720-ADDF-DD07-C4E8-67E9F83C7AFD (d0, q1, r0, m64, 'vehicle/imx6ull-gateway-m6/telemetry/20260831T220718p0800-m6-lan-1000', ... (24329 bytes))
1788187713: Sending PUBACK to gatewayd-imx6ull-gateway-m6-838 (m64, rc0)
1788187713: Received PUBACK from auto-9ACF5720-ADDF-DD07-C4E8-67E9F83C7AFD (Mid: 64, RC:0)
1788187714: Received PUBLISH from gatewayd-imx6ull-gateway-m6-838 (d0, q1, r0, m65, 'vehicle/imx6ull-gateway-m6/telemetry/20260831T220718p0800-m6-lan-1000', ... (24800 bytes))
1788187714: Sending PUBLISH to auto-9ACF5720-ADDF-DD07-C4E8-67E9F83C7AFD (d0, q1, r0, m65, 'vehicle/imx6ull-gateway-m6/telemetry/20260831T220718p0800-m6-lan-1000', ... (24800 bytes))
1788187714: Sending PUBACK to gatewayd-imx6ull-gateway-m6-838 (m65, rc0)
1788187714: Received PUBACK from auto-9ACF5720-ADDF-DD07-C4E8-67E9F83C7AFD (Mid: 65, RC:0)
1788187715: Received PUBLISH from gatewayd-imx6ull-gateway-m6-838 (d0, q1, r0, m66, 'vehicle/imx6ull-gateway-m6/telemetry/20260831T220718p0800-m6-lan-1000', ... (24377 bytes))
1788187715: Sending PUBLISH to auto-9ACF5720-ADDF-DD07-C4E8-67E9F83C7AFD (d0, q1, r0, m66, 'vehicle/imx6ull-gateway-m6/telemetry/20260831T220718p0800-m6-lan-1000', ... (24377 bytes))
1788187715: Sending PUBACK to gatewayd-imx6ull-gateway-m6-838 (m66, rc0)
1788187715: Received PUBACK from auto-9ACF5720-ADDF-DD07-C4E8-67E9F83C7AFD (Mid: 66, RC:0)
1788187716: Received PUBLISH from gatewayd-imx6ull-gateway-m6-838 (d0, q1, r0, m67, 'vehicle/imx6ull-gateway-m6/telemetry/20260831T220718p0800-m6-lan-1000', ... (24542 bytes))
1788187716: Sending PUBLISH to auto-9ACF5720-ADDF-DD07-C4E8-67E9F83C7AFD (d0, q1, r0, m67, 'vehicle/imx6ull-gateway-m6/telemetry/20260831T220718p0800-m6-lan-1000', ... (24542 bytes))
1788187716: Sending PUBACK to gatewayd-imx6ull-gateway-m6-838 (m67, rc0)
1788187716: Received PUBACK from auto-9ACF5720-ADDF-DD07-C4E8-67E9F83C7AFD (Mid: 67, RC:0)
1788187717: Received PUBLISH from gatewayd-imx6ull-gateway-m6-838 (d0, q1, r0, m68, 'vehicle/imx6ull-gateway-m6/telemetry/20260831T220718p0800-m6-lan-1000', ... (24409 bytes))
1788187717: Sending PUBLISH to auto-9ACF5720-ADDF-DD07-C4E8-67E9F83C7AFD (d0, q1, r0, m68, 'vehicle/imx6ull-gateway-m6/telemetry/20260831T220718p0800-m6-lan-1000', ... (24409 bytes))
1788187717: Sending PUBACK to gatewayd-imx6ull-gateway-m6-838 (m68, rc0)
1788187717: Received PUBACK from auto-9ACF5720-ADDF-DD07-C4E8-67E9F83C7AFD (Mid: 68, RC:0)
1788187718: Received PUBLISH from gatewayd-imx6ull-gateway-m6-838 (d0, q1, r0, m69, 'vehicle/imx6ull-gateway-m6/telemetry/20260831T220718p0800-m6-lan-1000', ... (24321 bytes))
1788187718: Sending PUBLISH to auto-9ACF5720-ADDF-DD07-C4E8-67E9F83C7AFD (d0, q1, r0, m69, 'vehicle/imx6ull-gateway-m6/telemetry/20260831T220718p0800-m6-lan-1000', ... (24321 bytes))
1788187718: Sending PUBACK to gatewayd-imx6ull-gateway-m6-838 (m69, rc0)
1788187718: Received PUBACK from auto-9ACF5720-ADDF-DD07-C4E8-67E9F83C7AFD (Mid: 69, RC:0)
1788187719: Received PUBLISH from gatewayd-imx6ull-gateway-m6-838 (d0, q1, r0, m70, 'vehicle/imx6ull-gateway-m6/telemetry/20260831T220718p0800-m6-lan-1000', ... (24598 bytes))
1788187719: Sending PUBLISH to auto-9ACF5720-ADDF-DD07-C4E8-67E9F83C7AFD (d0, q1, r0, m70, 'vehicle/imx6ull-gateway-m6/telemetry/20260831T220718p0800-m6-lan-1000', ... (24598 bytes))
1788187719: Sending PUBACK to gatewayd-imx6ull-gateway-m6-838 (m70, rc0)
1788187719: Received PUBACK from auto-9ACF5720-ADDF-DD07-C4E8-67E9F83C7AFD (Mid: 70, RC:0)
1788187720: Received PUBLISH from gatewayd-imx6ull-gateway-m6-838 (d0, q1, r0, m71, 'vehicle/imx6ull-gateway-m6/telemetry/20260831T220718p0800-m6-lan-1000', ... (24353 bytes))
1788187720: Sending PUBLISH to auto-9ACF5720-ADDF-DD07-C4E8-67E9F83C7AFD (d0, q1, r0, m71, 'vehicle/imx6ull-gateway-m6/telemetry/20260831T220718p0800-m6-lan-1000', ... (24353 bytes))
1788187720: Sending PUBACK to gatewayd-imx6ull-gateway-m6-838 (m71, rc0)
1788187720: Received PUBACK from auto-9ACF5720-ADDF-DD07-C4E8-67E9F83C7AFD (Mid: 71, RC:0)
1788187721: Received PUBLISH from gatewayd-imx6ull-gateway-m6-838 (d0, q1, r0, m72, 'vehicle/imx6ull-gateway-m6/telemetry/20260831T220718p0800-m6-lan-1000', ... (24116 bytes))
1788187721: Sending PUBLISH to auto-9ACF5720-ADDF-DD07-C4E8-67E9F83C7AFD (d0, q1, r0, m72, 'vehicle/imx6ull-gateway-m6/telemetry/20260831T220718p0800-m6-lan-1000', ... (24116 bytes))
1788187721: Sending PUBACK to gatewayd-imx6ull-gateway-m6-838 (m72, rc0)
1788187721: Received PUBACK from auto-9ACF5720-ADDF-DD07-C4E8-67E9F83C7AFD (Mid: 72, RC:0)
1788187722: Received PUBLISH from gatewayd-imx6ull-gateway-m6-838 (d0, q1, r0, m73, 'vehicle/imx6ull-gateway-m6/telemetry/20260831T220718p0800-m6-lan-1000', ... (24609 bytes))
1788187722: Sending PUBLISH to auto-9ACF5720-ADDF-DD07-C4E8-67E9F83C7AFD (d0, q1, r0, m73, 'vehicle/imx6ull-gateway-m6/telemetry/20260831T220718p0800-m6-lan-1000', ... (24609 bytes))
1788187722: Sending PUBACK to gatewayd-imx6ull-gateway-m6-838 (m73, rc0)
1788187722: Received PUBACK from auto-9ACF5720-ADDF-DD07-C4E8-67E9F83C7AFD (Mid: 73, RC:0)
1788187723: Received PUBLISH from gatewayd-imx6ull-gateway-m6-838 (d0, q1, r0, m74, 'vehicle/imx6ull-gateway-m6/telemetry/20260831T220718p0800-m6-lan-1000', ... (24304 bytes))
1788187723: Sending PUBLISH to auto-9ACF5720-ADDF-DD07-C4E8-67E9F83C7AFD (d0, q1, r0, m74, 'vehicle/imx6ull-gateway-m6/telemetry/20260831T220718p0800-m6-lan-1000', ... (24304 bytes))
1788187723: Sending PUBACK to gatewayd-imx6ull-gateway-m6-838 (m74, rc0)
1788187723: Received PUBACK from auto-9ACF5720-ADDF-DD07-C4E8-67E9F83C7AFD (Mid: 74, RC:0)
1788187724: Received PUBLISH from gatewayd-imx6ull-gateway-m6-838 (d0, q1, r0, m75, 'vehicle/imx6ull-gateway-m6/telemetry/20260831T220718p0800-m6-lan-1000', ... (24594 bytes))
1788187724: Sending PUBLISH to auto-9ACF5720-ADDF-DD07-C4E8-67E9F83C7AFD (d0, q1, r0, m75, 'vehicle/imx6ull-gateway-m6/telemetry/20260831T220718p0800-m6-lan-1000', ... (24594 bytes))
1788187724: Sending PUBACK to gatewayd-imx6ull-gateway-m6-838 (m75, rc0)
1788187724: Received PUBACK from auto-9ACF5720-ADDF-DD07-C4E8-67E9F83C7AFD (Mid: 75, RC:0)
1788187725: Received PUBLISH from gatewayd-imx6ull-gateway-m6-838 (d0, q1, r0, m76, 'vehicle/imx6ull-gateway-m6/telemetry/20260831T220718p0800-m6-lan-1000', ... (24352 bytes))
1788187725: Sending PUBLISH to auto-9ACF5720-ADDF-DD07-C4E8-67E9F83C7AFD (d0, q1, r0, m76, 'vehicle/imx6ull-gateway-m6/telemetry/20260831T220718p0800-m6-lan-1000', ... (24352 bytes))
1788187725: Sending PUBACK to gatewayd-imx6ull-gateway-m6-838 (m76, rc0)
1788187725: Received PUBACK from auto-9ACF5720-ADDF-DD07-C4E8-67E9F83C7AFD (Mid: 76, RC:0)
1788187726: Received PUBLISH from gatewayd-imx6ull-gateway-m6-838 (d0, q1, r0, m77, 'vehicle/imx6ull-gateway-m6/telemetry/20260831T220718p0800-m6-lan-1000', ... (24336 bytes))
1788187726: Sending PUBLISH to auto-9ACF5720-ADDF-DD07-C4E8-67E9F83C7AFD (d0, q1, r0, m77, 'vehicle/imx6ull-gateway-m6/telemetry/20260831T220718p0800-m6-lan-1000', ... (24336 bytes))
1788187726: Sending PUBACK to gatewayd-imx6ull-gateway-m6-838 (m77, rc0)
1788187726: Received PUBACK from auto-9ACF5720-ADDF-DD07-C4E8-67E9F83C7AFD (Mid: 77, RC:0)
1788187727: Received PUBLISH from gatewayd-imx6ull-gateway-m6-838 (d0, q1, r0, m78, 'vehicle/imx6ull-gateway-m6/telemetry/20260831T220718p0800-m6-lan-1000', ... (24609 bytes))
1788187727: Sending PUBLISH to auto-9ACF5720-ADDF-DD07-C4E8-67E9F83C7AFD (d0, q1, r0, m78, 'vehicle/imx6ull-gateway-m6/telemetry/20260831T220718p0800-m6-lan-1000', ... (24609 bytes))
1788187727: Sending PUBACK to gatewayd-imx6ull-gateway-m6-838 (m78, rc0)
1788187727: Received PUBACK from auto-9ACF5720-ADDF-DD07-C4E8-67E9F83C7AFD (Mid: 78, RC:0)
1788187728: Received PUBLISH from gatewayd-imx6ull-gateway-m6-838 (d0, q1, r0, m79, 'vehicle/imx6ull-gateway-m6/telemetry/20260831T220718p0800-m6-lan-1000', ... (24296 bytes))
1788187728: Sending PUBLISH to auto-9ACF5720-ADDF-DD07-C4E8-67E9F83C7AFD (d0, q1, r0, m79, 'vehicle/imx6ull-gateway-m6/telemetry/20260831T220718p0800-m6-lan-1000', ... (24296 bytes))
1788187728: Sending PUBACK to gatewayd-imx6ull-gateway-m6-838 (m79, rc0)
1788187728: Received PUBACK from auto-9ACF5720-ADDF-DD07-C4E8-67E9F83C7AFD (Mid: 79, RC:0)
1788187729: Received PUBLISH from gatewayd-imx6ull-gateway-m6-838 (d0, q1, r0, m80, 'vehicle/imx6ull-gateway-m6/telemetry/20260831T220718p0800-m6-lan-1000', ... (24604 bytes))
1788187729: Sending PUBLISH to auto-9ACF5720-ADDF-DD07-C4E8-67E9F83C7AFD (d0, q1, r0, m80, 'vehicle/imx6ull-gateway-m6/telemetry/20260831T220718p0800-m6-lan-1000', ... (24604 bytes))
1788187729: Sending PUBACK to gatewayd-imx6ull-gateway-m6-838 (m80, rc0)
1788187729: Received PUBACK from auto-9ACF5720-ADDF-DD07-C4E8-67E9F83C7AFD (Mid: 80, RC:0)
1788187730: Received PUBLISH from gatewayd-imx6ull-gateway-m6-838 (d0, q1, r0, m81, 'vehicle/imx6ull-gateway-m6/telemetry/20260831T220718p0800-m6-lan-1000', ... (24354 bytes))
1788187730: Sending PUBLISH to auto-9ACF5720-ADDF-DD07-C4E8-67E9F83C7AFD (d0, q1, r0, m81, 'vehicle/imx6ull-gateway-m6/telemetry/20260831T220718p0800-m6-lan-1000', ... (24354 bytes))
1788187730: Sending PUBACK to gatewayd-imx6ull-gateway-m6-838 (m81, rc0)
1788187730: Received PUBACK from auto-9ACF5720-ADDF-DD07-C4E8-67E9F83C7AFD (Mid: 81, RC:0)
1788187731: Received PUBLISH from gatewayd-imx6ull-gateway-m6-838 (d0, q1, r0, m82, 'vehicle/imx6ull-gateway-m6/telemetry/20260831T220718p0800-m6-lan-1000', ... (24354 bytes))
1788187731: Sending PUBLISH to auto-9ACF5720-ADDF-DD07-C4E8-67E9F83C7AFD (d0, q1, r0, m82, 'vehicle/imx6ull-gateway-m6/telemetry/20260831T220718p0800-m6-lan-1000', ... (24354 bytes))
1788187731: Sending PUBACK to gatewayd-imx6ull-gateway-m6-838 (m82, rc0)
1788187731: Received PUBACK from auto-9ACF5720-ADDF-DD07-C4E8-67E9F83C7AFD (Mid: 82, RC:0)
1788187732: Received PUBLISH from gatewayd-imx6ull-gateway-m6-838 (d0, q1, r0, m83, 'vehicle/imx6ull-gateway-m6/telemetry/20260831T220718p0800-m6-lan-1000', ... (24620 bytes))
1788187732: Sending PUBLISH to auto-9ACF5720-ADDF-DD07-C4E8-67E9F83C7AFD (d0, q1, r0, m83, 'vehicle/imx6ull-gateway-m6/telemetry/20260831T220718p0800-m6-lan-1000', ... (24620 bytes))
1788187732: Sending PUBACK to gatewayd-imx6ull-gateway-m6-838 (m83, rc0)
1788187732: Received PUBACK from auto-9ACF5720-ADDF-DD07-C4E8-67E9F83C7AFD (Mid: 83, RC:0)
1788187733: Received PUBLISH from gatewayd-imx6ull-gateway-m6-838 (d0, q1, r0, m84, 'vehicle/imx6ull-gateway-m6/telemetry/20260831T220718p0800-m6-lan-1000', ... (24299 bytes))
1788187733: Sending PUBLISH to auto-9ACF5720-ADDF-DD07-C4E8-67E9F83C7AFD (d0, q1, r0, m84, 'vehicle/imx6ull-gateway-m6/telemetry/20260831T220718p0800-m6-lan-1000', ... (24299 bytes))
1788187733: Sending PUBACK to gatewayd-imx6ull-gateway-m6-838 (m84, rc0)
1788187733: Received PUBACK from auto-9ACF5720-ADDF-DD07-C4E8-67E9F83C7AFD (Mid: 84, RC:0)
1788187734: Received PUBLISH from gatewayd-imx6ull-gateway-m6-838 (d0, q1, r0, m85, 'vehicle/imx6ull-gateway-m6/telemetry/20260831T220718p0800-m6-lan-1000', ... (24620 bytes))
1788187734: Sending PUBLISH to auto-9ACF5720-ADDF-DD07-C4E8-67E9F83C7AFD (d0, q1, r0, m85, 'vehicle/imx6ull-gateway-m6/telemetry/20260831T220718p0800-m6-lan-1000', ... (24620 bytes))
1788187734: Sending PUBACK to gatewayd-imx6ull-gateway-m6-838 (m85, rc0)
1788187734: Received PUBACK from auto-9ACF5720-ADDF-DD07-C4E8-67E9F83C7AFD (Mid: 85, RC:0)
1788187735: Received PUBLISH from gatewayd-imx6ull-gateway-m6-838 (d0, q1, r0, m86, 'vehicle/imx6ull-gateway-m6/telemetry/20260831T220718p0800-m6-lan-1000', ... (24346 bytes))
1788187735: Sending PUBLISH to auto-9ACF5720-ADDF-DD07-C4E8-67E9F83C7AFD (d0, q1, r0, m86, 'vehicle/imx6ull-gateway-m6/telemetry/20260831T220718p0800-m6-lan-1000', ... (24346 bytes))
1788187735: Sending PUBACK to gatewayd-imx6ull-gateway-m6-838 (m86, rc0)
1788187735: Received PUBACK from auto-9ACF5720-ADDF-DD07-C4E8-67E9F83C7AFD (Mid: 86, RC:0)
1788187736: Received PUBLISH from gatewayd-imx6ull-gateway-m6-838 (d0, q1, r0, m87, 'vehicle/imx6ull-gateway-m6/telemetry/20260831T220718p0800-m6-lan-1000', ... (24402 bytes))
1788187736: Sending PUBLISH to auto-9ACF5720-ADDF-DD07-C4E8-67E9F83C7AFD (d0, q1, r0, m87, 'vehicle/imx6ull-gateway-m6/telemetry/20260831T220718p0800-m6-lan-1000', ... (24402 bytes))
1788187736: Sending PUBACK to gatewayd-imx6ull-gateway-m6-838 (m87, rc0)
1788187736: Received PUBACK from auto-9ACF5720-ADDF-DD07-C4E8-67E9F83C7AFD (Mid: 87, RC:0)
1788187737: Received PUBLISH from gatewayd-imx6ull-gateway-m6-838 (d0, q1, r0, m88, 'vehicle/imx6ull-gateway-m6/telemetry/20260831T220718p0800-m6-lan-1000', ... (24938 bytes))
1788187737: Sending PUBLISH to auto-9ACF5720-ADDF-DD07-C4E8-67E9F83C7AFD (d0, q1, r0, m88, 'vehicle/imx6ull-gateway-m6/telemetry/20260831T220718p0800-m6-lan-1000', ... (24938 bytes))
1788187737: Sending PUBACK to gatewayd-imx6ull-gateway-m6-838 (m88, rc0)
1788187737: Received PUBACK from auto-9ACF5720-ADDF-DD07-C4E8-67E9F83C7AFD (Mid: 88, RC:0)
1788187739: Received PUBLISH from gatewayd-imx6ull-gateway-m6-838 (d0, q1, r0, m89, 'vehicle/imx6ull-gateway-m6/telemetry/20260831T220718p0800-m6-lan-1000', ... (24216 bytes))
1788187739: Sending PUBLISH to auto-9ACF5720-ADDF-DD07-C4E8-67E9F83C7AFD (d0, q1, r0, m89, 'vehicle/imx6ull-gateway-m6/telemetry/20260831T220718p0800-m6-lan-1000', ... (24216 bytes))
1788187739: Sending PUBACK to gatewayd-imx6ull-gateway-m6-838 (m89, rc0)
1788187739: Received PUBACK from auto-9ACF5720-ADDF-DD07-C4E8-67E9F83C7AFD (Mid: 89, RC:0)
1788187740: Received PUBLISH from gatewayd-imx6ull-gateway-m6-838 (d0, q1, r0, m90, 'vehicle/imx6ull-gateway-m6/telemetry/20260831T220718p0800-m6-lan-1000', ... (24950 bytes))
1788187740: Sending PUBLISH to auto-9ACF5720-ADDF-DD07-C4E8-67E9F83C7AFD (d0, q1, r0, m90, 'vehicle/imx6ull-gateway-m6/telemetry/20260831T220718p0800-m6-lan-1000', ... (24950 bytes))
1788187740: Sending PUBACK to gatewayd-imx6ull-gateway-m6-838 (m90, rc0)
1788187740: Received PUBACK from auto-9ACF5720-ADDF-DD07-C4E8-67E9F83C7AFD (Mid: 90, RC:0)
1788187741: Received PUBLISH from gatewayd-imx6ull-gateway-m6-838 (d0, q1, r0, m91, 'vehicle/imx6ull-gateway-m6/telemetry/20260831T220718p0800-m6-lan-1000', ... (24456 bytes))
1788187741: Sending PUBLISH to auto-9ACF5720-ADDF-DD07-C4E8-67E9F83C7AFD (d0, q1, r0, m91, 'vehicle/imx6ull-gateway-m6/telemetry/20260831T220718p0800-m6-lan-1000', ... (24456 bytes))
1788187741: Sending PUBACK to gatewayd-imx6ull-gateway-m6-838 (m91, rc0)
1788187741: Received PUBACK from auto-9ACF5720-ADDF-DD07-C4E8-67E9F83C7AFD (Mid: 91, RC:0)
1788187742: Received PUBLISH from gatewayd-imx6ull-gateway-m6-838 (d0, q1, r0, m92, 'vehicle/imx6ull-gateway-m6/telemetry/20260831T220718p0800-m6-lan-1000', ... (24488 bytes))
1788187742: Sending PUBLISH to auto-9ACF5720-ADDF-DD07-C4E8-67E9F83C7AFD (d0, q1, r0, m92, 'vehicle/imx6ull-gateway-m6/telemetry/20260831T220718p0800-m6-lan-1000', ... (24488 bytes))
1788187742: Sending PUBACK to gatewayd-imx6ull-gateway-m6-838 (m92, rc0)
1788187742: Received PUBACK from auto-9ACF5720-ADDF-DD07-C4E8-67E9F83C7AFD (Mid: 92, RC:0)
1788187743: Received PUBLISH from gatewayd-imx6ull-gateway-m6-838 (d0, q1, r0, m93, 'vehicle/imx6ull-gateway-m6/telemetry/20260831T220718p0800-m6-lan-1000', ... (24716 bytes))
1788187743: Sending PUBLISH to auto-9ACF5720-ADDF-DD07-C4E8-67E9F83C7AFD (d0, q1, r0, m93, 'vehicle/imx6ull-gateway-m6/telemetry/20260831T220718p0800-m6-lan-1000', ... (24716 bytes))
1788187743: Sending PUBACK to gatewayd-imx6ull-gateway-m6-838 (m93, rc0)
1788187743: Received PUBACK from auto-9ACF5720-ADDF-DD07-C4E8-67E9F83C7AFD (Mid: 93, RC:0)
1788187744: Received PUBLISH from gatewayd-imx6ull-gateway-m6-838 (d0, q1, r0, m94, 'vehicle/imx6ull-gateway-m6/telemetry/20260831T220718p0800-m6-lan-1000', ... (24440 bytes))
1788187744: Sending PUBLISH to auto-9ACF5720-ADDF-DD07-C4E8-67E9F83C7AFD (d0, q1, r0, m94, 'vehicle/imx6ull-gateway-m6/telemetry/20260831T220718p0800-m6-lan-1000', ... (24440 bytes))
1788187744: Sending PUBACK to gatewayd-imx6ull-gateway-m6-838 (m94, rc0)
1788187744: Received PUBACK from auto-9ACF5720-ADDF-DD07-C4E8-67E9F83C7AFD (Mid: 94, RC:0)
1788187745: Received PUBLISH from gatewayd-imx6ull-gateway-m6-838 (d0, q1, r0, m95, 'vehicle/imx6ull-gateway-m6/telemetry/20260831T220718p0800-m6-lan-1000', ... (24735 bytes))
1788187745: Sending PUBLISH to auto-9ACF5720-ADDF-DD07-C4E8-67E9F83C7AFD (d0, q1, r0, m95, 'vehicle/imx6ull-gateway-m6/telemetry/20260831T220718p0800-m6-lan-1000', ... (24735 bytes))
1788187745: Sending PUBACK to gatewayd-imx6ull-gateway-m6-838 (m95, rc0)
1788187745: Received PUBACK from auto-9ACF5720-ADDF-DD07-C4E8-67E9F83C7AFD (Mid: 95, RC:0)
1788187746: Received PUBLISH from gatewayd-imx6ull-gateway-m6-838 (d0, q1, r0, m96, 'vehicle/imx6ull-gateway-m6/telemetry/20260831T220718p0800-m6-lan-1000', ... (24430 bytes))
1788187746: Sending PUBLISH to auto-9ACF5720-ADDF-DD07-C4E8-67E9F83C7AFD (d0, q1, r0, m96, 'vehicle/imx6ull-gateway-m6/telemetry/20260831T220718p0800-m6-lan-1000', ... (24430 bytes))
1788187746: Sending PUBACK to gatewayd-imx6ull-gateway-m6-838 (m96, rc0)
1788187746: Received PUBACK from auto-9ACF5720-ADDF-DD07-C4E8-67E9F83C7AFD (Mid: 96, RC:0)
1788187747: Received PUBLISH from gatewayd-imx6ull-gateway-m6-838 (d0, q1, r0, m97, 'vehicle/imx6ull-gateway-m6/telemetry/20260831T220718p0800-m6-lan-1000', ... (24486 bytes))
1788187747: Sending PUBLISH to auto-9ACF5720-ADDF-DD07-C4E8-67E9F83C7AFD (d0, q1, r0, m97, 'vehicle/imx6ull-gateway-m6/telemetry/20260831T220718p0800-m6-lan-1000', ... (24486 bytes))
1788187747: Sending PUBACK to gatewayd-imx6ull-gateway-m6-838 (m97, rc0)
1788187747: Received PUBACK from auto-9ACF5720-ADDF-DD07-C4E8-67E9F83C7AFD (Mid: 97, RC:0)
1788187748: Received PUBLISH from gatewayd-imx6ull-gateway-m6-838 (d0, q1, r0, m98, 'vehicle/imx6ull-gateway-m6/telemetry/20260831T220718p0800-m6-lan-1000', ... (24697 bytes))
1788187748: Sending PUBLISH to auto-9ACF5720-ADDF-DD07-C4E8-67E9F83C7AFD (d0, q1, r0, m98, 'vehicle/imx6ull-gateway-m6/telemetry/20260831T220718p0800-m6-lan-1000', ... (24697 bytes))
1788187748: Sending PUBACK to gatewayd-imx6ull-gateway-m6-838 (m98, rc0)
1788187748: Received PUBACK from auto-9ACF5720-ADDF-DD07-C4E8-67E9F83C7AFD (Mid: 98, RC:0)
1788187749: Received PUBLISH from gatewayd-imx6ull-gateway-m6-838 (d0, q1, r0, m99, 'vehicle/imx6ull-gateway-m6/telemetry/20260831T220718p0800-m6-lan-1000', ... (24438 bytes))
1788187749: Sending PUBLISH to auto-9ACF5720-ADDF-DD07-C4E8-67E9F83C7AFD (d0, q1, r0, m99, 'vehicle/imx6ull-gateway-m6/telemetry/20260831T220718p0800-m6-lan-1000', ... (24438 bytes))
1788187749: Sending PUBACK to gatewayd-imx6ull-gateway-m6-838 (m99, rc0)
1788187749: Received PUBACK from auto-9ACF5720-ADDF-DD07-C4E8-67E9F83C7AFD (Mid: 99, RC:0)
1788187750: Received PUBLISH from gatewayd-imx6ull-gateway-m6-838 (d0, q1, r0, m100, 'vehicle/imx6ull-gateway-m6/telemetry/20260831T220718p0800-m6-lan-1000', ... (24729 bytes))
1788187750: Sending PUBLISH to auto-9ACF5720-ADDF-DD07-C4E8-67E9F83C7AFD (d0, q1, r0, m100, 'vehicle/imx6ull-gateway-m6/telemetry/20260831T220718p0800-m6-lan-1000', ... (24729 bytes))
1788187750: Sending PUBACK to gatewayd-imx6ull-gateway-m6-838 (m100, rc0)
1788187750: Received PUBACK from auto-9ACF5720-ADDF-DD07-C4E8-67E9F83C7AFD (Mid: 100, RC:0)
1788187751: Received PUBLISH from gatewayd-imx6ull-gateway-m6-838 (d0, q1, r0, m101, 'vehicle/imx6ull-gateway-m6/telemetry/20260831T220718p0800-m6-lan-1000', ... (24431 bytes))
1788187751: Sending PUBLISH to auto-9ACF5720-ADDF-DD07-C4E8-67E9F83C7AFD (d0, q1, r0, m101, 'vehicle/imx6ull-gateway-m6/telemetry/20260831T220718p0800-m6-lan-1000', ... (24431 bytes))
1788187751: Sending PUBACK to gatewayd-imx6ull-gateway-m6-838 (m101, rc0)
1788187751: Received PUBACK from auto-9ACF5720-ADDF-DD07-C4E8-67E9F83C7AFD (Mid: 101, RC:0)
1788187752: Received PUBLISH from gatewayd-imx6ull-gateway-m6-838 (d0, q1, r0, m102, 'vehicle/imx6ull-gateway-m6/telemetry/20260831T220718p0800-m6-lan-1000', ... (24495 bytes))
1788187752: Sending PUBLISH to auto-9ACF5720-ADDF-DD07-C4E8-67E9F83C7AFD (d0, q1, r0, m102, 'vehicle/imx6ull-gateway-m6/telemetry/20260831T220718p0800-m6-lan-1000', ... (24495 bytes))
1788187752: Sending PUBACK to gatewayd-imx6ull-gateway-m6-838 (m102, rc0)
1788187752: Received PUBACK from auto-9ACF5720-ADDF-DD07-C4E8-67E9F83C7AFD (Mid: 102, RC:0)
1788187753: Received PUBLISH from gatewayd-imx6ull-gateway-m6-838 (d0, q1, r0, m103, 'vehicle/imx6ull-gateway-m6/telemetry/20260831T220718p0800-m6-lan-1000', ... (24690 bytes))
1788187753: Sending PUBLISH to auto-9ACF5720-ADDF-DD07-C4E8-67E9F83C7AFD (d0, q1, r0, m103, 'vehicle/imx6ull-gateway-m6/telemetry/20260831T220718p0800-m6-lan-1000', ... (24690 bytes))
1788187753: Sending PUBACK to gatewayd-imx6ull-gateway-m6-838 (m103, rc0)
1788187753: Received PUBACK from auto-9ACF5720-ADDF-DD07-C4E8-67E9F83C7AFD (Mid: 103, RC:0)
1788187754: Received PUBLISH from gatewayd-imx6ull-gateway-m6-838 (d0, q1, r0, m104, 'vehicle/imx6ull-gateway-m6/telemetry/20260831T220718p0800-m6-lan-1000', ... (24447 bytes))
1788187754: Sending PUBLISH to auto-9ACF5720-ADDF-DD07-C4E8-67E9F83C7AFD (d0, q1, r0, m104, 'vehicle/imx6ull-gateway-m6/telemetry/20260831T220718p0800-m6-lan-1000', ... (24447 bytes))
1788187754: Sending PUBACK to gatewayd-imx6ull-gateway-m6-838 (m104, rc0)
1788187754: Received PUBACK from auto-9ACF5720-ADDF-DD07-C4E8-67E9F83C7AFD (Mid: 104, RC:0)
1788187755: Received PUBLISH from gatewayd-imx6ull-gateway-m6-838 (d0, q1, r0, m105, 'vehicle/imx6ull-gateway-m6/telemetry/20260831T220718p0800-m6-lan-1000', ... (24735 bytes))
1788187755: Sending PUBLISH to auto-9ACF5720-ADDF-DD07-C4E8-67E9F83C7AFD (d0, q1, r0, m105, 'vehicle/imx6ull-gateway-m6/telemetry/20260831T220718p0800-m6-lan-1000', ... (24735 bytes))
1788187755: Sending PUBACK to gatewayd-imx6ull-gateway-m6-838 (m105, rc0)
1788187755: Received PUBACK from auto-9ACF5720-ADDF-DD07-C4E8-67E9F83C7AFD (Mid: 105, RC:0)
1788187756: Received PUBLISH from gatewayd-imx6ull-gateway-m6-838 (d0, q1, r0, m106, 'vehicle/imx6ull-gateway-m6/telemetry/20260831T220718p0800-m6-lan-1000', ... (24222 bytes))
1788187756: Sending PUBLISH to auto-9ACF5720-ADDF-DD07-C4E8-67E9F83C7AFD (d0, q1, r0, m106, 'vehicle/imx6ull-gateway-m6/telemetry/20260831T220718p0800-m6-lan-1000', ... (24222 bytes))
1788187756: Sending PUBACK to gatewayd-imx6ull-gateway-m6-838 (m106, rc0)
1788187756: Received PUBACK from auto-9ACF5720-ADDF-DD07-C4E8-67E9F83C7AFD (Mid: 106, RC:0)
1788187757: Received PUBLISH from gatewayd-imx6ull-gateway-m6-838 (d0, q1, r0, m107, 'vehicle/imx6ull-gateway-m6/telemetry/20260831T220718p0800-m6-lan-1000', ... (24512 bytes))
1788187757: Sending PUBLISH to auto-9ACF5720-ADDF-DD07-C4E8-67E9F83C7AFD (d0, q1, r0, m107, 'vehicle/imx6ull-gateway-m6/telemetry/20260831T220718p0800-m6-lan-1000', ... (24512 bytes))
1788187757: Sending PUBACK to gatewayd-imx6ull-gateway-m6-838 (m107, rc0)
1788187757: Received PUBACK from auto-9ACF5720-ADDF-DD07-C4E8-67E9F83C7AFD (Mid: 107, RC:0)
1788187758: Received PUBLISH from gatewayd-imx6ull-gateway-m6-838 (d0, q1, r0, m108, 'vehicle/imx6ull-gateway-m6/telemetry/20260831T220718p0800-m6-lan-1000', ... (24483 bytes))
1788187758: Sending PUBLISH to auto-9ACF5720-ADDF-DD07-C4E8-67E9F83C7AFD (d0, q1, r0, m108, 'vehicle/imx6ull-gateway-m6/telemetry/20260831T220718p0800-m6-lan-1000', ... (24483 bytes))
1788187758: Sending PUBACK to gatewayd-imx6ull-gateway-m6-838 (m108, rc0)
1788187758: Received PUBACK from auto-9ACF5720-ADDF-DD07-C4E8-67E9F83C7AFD (Mid: 108, RC:0)
1788187759: Received PUBLISH from gatewayd-imx6ull-gateway-m6-838 (d0, q1, r0, m109, 'vehicle/imx6ull-gateway-m6/telemetry/20260831T220718p0800-m6-lan-1000', ... (24463 bytes))
1788187759: Sending PUBLISH to auto-9ACF5720-ADDF-DD07-C4E8-67E9F83C7AFD (d0, q1, r0, m109, 'vehicle/imx6ull-gateway-m6/telemetry/20260831T220718p0800-m6-lan-1000', ... (24463 bytes))
1788187759: Sending PUBACK to gatewayd-imx6ull-gateway-m6-838 (m109, rc0)
1788187759: Received PUBACK from auto-9ACF5720-ADDF-DD07-C4E8-67E9F83C7AFD (Mid: 109, RC:0)
1788187760: Received PUBLISH from gatewayd-imx6ull-gateway-m6-838 (d0, q1, r0, m110, 'vehicle/imx6ull-gateway-m6/telemetry/20260831T220718p0800-m6-lan-1000', ... (24528 bytes))
1788187760: Sending PUBLISH to auto-9ACF5720-ADDF-DD07-C4E8-67E9F83C7AFD (d0, q1, r0, m110, 'vehicle/imx6ull-gateway-m6/telemetry/20260831T220718p0800-m6-lan-1000', ... (24528 bytes))
1788187760: Sending PUBACK to gatewayd-imx6ull-gateway-m6-838 (m110, rc0)
1788187760: Received PUBACK from auto-9ACF5720-ADDF-DD07-C4E8-67E9F83C7AFD (Mid: 110, RC:0)
1788187761: Received PUBLISH from gatewayd-imx6ull-gateway-m6-838 (d0, q1, r0, m111, 'vehicle/imx6ull-gateway-m6/telemetry/20260831T220718p0800-m6-lan-1000', ... (24639 bytes))
1788187761: Sending PUBLISH to auto-9ACF5720-ADDF-DD07-C4E8-67E9F83C7AFD (d0, q1, r0, m111, 'vehicle/imx6ull-gateway-m6/telemetry/20260831T220718p0800-m6-lan-1000', ... (24639 bytes))
1788187761: Sending PUBACK to gatewayd-imx6ull-gateway-m6-838 (m111, rc0)
1788187761: Received PUBACK from auto-9ACF5720-ADDF-DD07-C4E8-67E9F83C7AFD (Mid: 111, RC:0)
1788187762: Received PUBLISH from gatewayd-imx6ull-gateway-m6-838 (d0, q1, r0, m112, 'vehicle/imx6ull-gateway-m6/telemetry/20260831T220718p0800-m6-lan-1000', ... (24519 bytes))
1788187762: Sending PUBLISH to auto-9ACF5720-ADDF-DD07-C4E8-67E9F83C7AFD (d0, q1, r0, m112, 'vehicle/imx6ull-gateway-m6/telemetry/20260831T220718p0800-m6-lan-1000', ... (24519 bytes))
1788187762: Sending PUBACK to gatewayd-imx6ull-gateway-m6-838 (m112, rc0)
1788187762: Received PUBACK from auto-9ACF5720-ADDF-DD07-C4E8-67E9F83C7AFD (Mid: 112, RC:0)
1788187763: Received PUBLISH from gatewayd-imx6ull-gateway-m6-838 (d0, q1, r0, m113, 'vehicle/imx6ull-gateway-m6/telemetry/20260831T220718p0800-m6-lan-1000', ... (24687 bytes))
1788187763: Sending PUBLISH to auto-9ACF5720-ADDF-DD07-C4E8-67E9F83C7AFD (d0, q1, r0, m113, 'vehicle/imx6ull-gateway-m6/telemetry/20260831T220718p0800-m6-lan-1000', ... (24687 bytes))
1788187763: Sending PUBACK to gatewayd-imx6ull-gateway-m6-838 (m113, rc0)
1788187763: Received PUBACK from auto-9ACF5720-ADDF-DD07-C4E8-67E9F83C7AFD (Mid: 113, RC:0)
1788187765: Received PUBLISH from gatewayd-imx6ull-gateway-m6-838 (d0, q1, r0, m114, 'vehicle/imx6ull-gateway-m6/telemetry/20260831T220718p0800-m6-lan-1000', ... (24471 bytes))
1788187765: Sending PUBLISH to auto-9ACF5720-ADDF-DD07-C4E8-67E9F83C7AFD (d0, q1, r0, m114, 'vehicle/imx6ull-gateway-m6/telemetry/20260831T220718p0800-m6-lan-1000', ... (24471 bytes))
1788187765: Sending PUBACK to gatewayd-imx6ull-gateway-m6-838 (m114, rc0)
1788187765: Received PUBACK from auto-9ACF5720-ADDF-DD07-C4E8-67E9F83C7AFD (Mid: 114, RC:0)
1788187766: Received PUBLISH from gatewayd-imx6ull-gateway-m6-838 (d0, q1, r0, m115, 'vehicle/imx6ull-gateway-m6/telemetry/20260831T220718p0800-m6-lan-1000', ... (24528 bytes))
1788187766: Sending PUBLISH to auto-9ACF5720-ADDF-DD07-C4E8-67E9F83C7AFD (d0, q1, r0, m115, 'vehicle/imx6ull-gateway-m6/telemetry/20260831T220718p0800-m6-lan-1000', ... (24528 bytes))
1788187766: Sending PUBACK to gatewayd-imx6ull-gateway-m6-838 (m115, rc0)
1788187766: Received PUBACK from auto-9ACF5720-ADDF-DD07-C4E8-67E9F83C7AFD (Mid: 115, RC:0)
1788187767: Received PUBLISH from gatewayd-imx6ull-gateway-m6-838 (d0, q1, r0, m116, 'vehicle/imx6ull-gateway-m6/telemetry/20260831T220718p0800-m6-lan-1000', ... (24632 bytes))
1788187767: Sending PUBLISH to auto-9ACF5720-ADDF-DD07-C4E8-67E9F83C7AFD (d0, q1, r0, m116, 'vehicle/imx6ull-gateway-m6/telemetry/20260831T220718p0800-m6-lan-1000', ... (24632 bytes))
1788187767: Sending PUBACK to gatewayd-imx6ull-gateway-m6-838 (m116, rc0)
1788187767: Received PUBACK from auto-9ACF5720-ADDF-DD07-C4E8-67E9F83C7AFD (Mid: 116, RC:0)
1788187768: Received PUBLISH from gatewayd-imx6ull-gateway-m6-838 (d0, q1, r0, m117, 'vehicle/imx6ull-gateway-m6/telemetry/20260831T220718p0800-m6-lan-1000', ... (24526 bytes))
1788187768: Sending PUBLISH to auto-9ACF5720-ADDF-DD07-C4E8-67E9F83C7AFD (d0, q1, r0, m117, 'vehicle/imx6ull-gateway-m6/telemetry/20260831T220718p0800-m6-lan-1000', ... (24526 bytes))
1788187768: Sending PUBACK to gatewayd-imx6ull-gateway-m6-838 (m117, rc0)
1788187768: Received PUBACK from auto-9ACF5720-ADDF-DD07-C4E8-67E9F83C7AFD (Mid: 117, RC:0)
1788187769: Received PUBLISH from gatewayd-imx6ull-gateway-m6-838 (d0, q1, r0, m118, 'vehicle/imx6ull-gateway-m6/telemetry/20260831T220718p0800-m6-lan-1000', ... (24680 bytes))
1788187769: Sending PUBLISH to auto-9ACF5720-ADDF-DD07-C4E8-67E9F83C7AFD (d0, q1, r0, m118, 'vehicle/imx6ull-gateway-m6/telemetry/20260831T220718p0800-m6-lan-1000', ... (24680 bytes))
1788187769: Sending PUBACK to gatewayd-imx6ull-gateway-m6-838 (m118, rc0)
1788187769: Received PUBACK from auto-9ACF5720-ADDF-DD07-C4E8-67E9F83C7AFD (Mid: 118, RC:0)
1788187770: Received PUBLISH from gatewayd-imx6ull-gateway-m6-838 (d0, q1, r0, m119, 'vehicle/imx6ull-gateway-m6/telemetry/20260831T220718p0800-m6-lan-1000', ... (24478 bytes))
1788187770: Sending PUBLISH to auto-9ACF5720-ADDF-DD07-C4E8-67E9F83C7AFD (d0, q1, r0, m119, 'vehicle/imx6ull-gateway-m6/telemetry/20260831T220718p0800-m6-lan-1000', ... (24478 bytes))
1788187770: Sending PUBACK to gatewayd-imx6ull-gateway-m6-838 (m119, rc0)
1788187770: Received PUBACK from auto-9ACF5720-ADDF-DD07-C4E8-67E9F83C7AFD (Mid: 119, RC:0)
1788187771: Received PUBLISH from gatewayd-imx6ull-gateway-m6-838 (d0, q1, r0, m120, 'vehicle/imx6ull-gateway-m6/telemetry/20260831T220718p0800-m6-lan-1000', ... (24514 bytes))
1788187771: Sending PUBLISH to auto-9ACF5720-ADDF-DD07-C4E8-67E9F83C7AFD (d0, q1, r0, m120, 'vehicle/imx6ull-gateway-m6/telemetry/20260831T220718p0800-m6-lan-1000', ... (24514 bytes))
1788187771: Sending PUBACK to gatewayd-imx6ull-gateway-m6-838 (m120, rc0)
1788187771: Received PUBACK from auto-9ACF5720-ADDF-DD07-C4E8-67E9F83C7AFD (Mid: 120, RC:0)
1788187772: Received PUBLISH from gatewayd-imx6ull-gateway-m6-838 (d0, q1, r0, m121, 'vehicle/imx6ull-gateway-m6/telemetry/20260831T220718p0800-m6-lan-1000', ... (24618 bytes))
1788187772: Sending PUBLISH to auto-9ACF5720-ADDF-DD07-C4E8-67E9F83C7AFD (d0, q1, r0, m121, 'vehicle/imx6ull-gateway-m6/telemetry/20260831T220718p0800-m6-lan-1000', ... (24618 bytes))
1788187772: Sending PUBACK to gatewayd-imx6ull-gateway-m6-838 (m121, rc0)
1788187772: Received PUBACK from auto-9ACF5720-ADDF-DD07-C4E8-67E9F83C7AFD (Mid: 121, RC:0)
1788187773: Received PUBLISH from gatewayd-imx6ull-gateway-m6-838 (d0, q1, r0, m122, 'vehicle/imx6ull-gateway-m6/telemetry/20260831T220718p0800-m6-lan-1000', ... (24518 bytes))
1788187773: Sending PUBLISH to auto-9ACF5720-ADDF-DD07-C4E8-67E9F83C7AFD (d0, q1, r0, m122, 'vehicle/imx6ull-gateway-m6/telemetry/20260831T220718p0800-m6-lan-1000', ... (24518 bytes))
1788187773: Sending PUBACK to gatewayd-imx6ull-gateway-m6-838 (m122, rc0)
1788187773: Received PUBACK from auto-9ACF5720-ADDF-DD07-C4E8-67E9F83C7AFD (Mid: 122, RC:0)
1788187774: Received PUBLISH from gatewayd-imx6ull-gateway-m6-838 (d0, q1, r0, m123, 'vehicle/imx6ull-gateway-m6/telemetry/20260831T220718p0800-m6-lan-1000', ... (24661 bytes))
1788187774: Sending PUBLISH to auto-9ACF5720-ADDF-DD07-C4E8-67E9F83C7AFD (d0, q1, r0, m123, 'vehicle/imx6ull-gateway-m6/telemetry/20260831T220718p0800-m6-lan-1000', ... (24661 bytes))
1788187774: Sending PUBACK to gatewayd-imx6ull-gateway-m6-838 (m123, rc0)
1788187774: Received PUBACK from auto-9ACF5720-ADDF-DD07-C4E8-67E9F83C7AFD (Mid: 123, RC:0)
1788187775: Received PUBLISH from gatewayd-imx6ull-gateway-m6-838 (d0, q1, r0, m124, 'vehicle/imx6ull-gateway-m6/telemetry/20260831T220718p0800-m6-lan-1000', ... (24476 bytes))
1788187775: Sending PUBLISH to auto-9ACF5720-ADDF-DD07-C4E8-67E9F83C7AFD (d0, q1, r0, m124, 'vehicle/imx6ull-gateway-m6/telemetry/20260831T220718p0800-m6-lan-1000', ... (24476 bytes))
1788187775: Sending PUBACK to gatewayd-imx6ull-gateway-m6-838 (m124, rc0)
1788187775: Received PUBACK from auto-9ACF5720-ADDF-DD07-C4E8-67E9F83C7AFD (Mid: 124, RC:0)
1788187776: Received PUBLISH from gatewayd-imx6ull-gateway-m6-838 (d0, q1, r0, m125, 'vehicle/imx6ull-gateway-m6/telemetry/20260831T220718p0800-m6-lan-1000', ... (24498 bytes))
1788187776: Sending PUBLISH to auto-9ACF5720-ADDF-DD07-C4E8-67E9F83C7AFD (d0, q1, r0, m125, 'vehicle/imx6ull-gateway-m6/telemetry/20260831T220718p0800-m6-lan-1000', ... (24498 bytes))
1788187776: Sending PUBACK to gatewayd-imx6ull-gateway-m6-838 (m125, rc0)
1788187776: Received PUBACK from auto-9ACF5720-ADDF-DD07-C4E8-67E9F83C7AFD (Mid: 125, RC:0)
1788187777: Received PUBLISH from gatewayd-imx6ull-gateway-m6-838 (d0, q1, r0, m126, 'vehicle/imx6ull-gateway-m6/telemetry/20260831T220718p0800-m6-lan-1000', ... (24427 bytes))
1788187777: Sending PUBLISH to auto-9ACF5720-ADDF-DD07-C4E8-67E9F83C7AFD (d0, q1, r0, m126, 'vehicle/imx6ull-gateway-m6/telemetry/20260831T220718p0800-m6-lan-1000', ... (24427 bytes))
1788187777: Sending PUBACK to gatewayd-imx6ull-gateway-m6-838 (m126, rc0)
1788187777: Received PUBACK from auto-9ACF5720-ADDF-DD07-C4E8-67E9F83C7AFD (Mid: 126, RC:0)
1788187778: Received PUBLISH from gatewayd-imx6ull-gateway-m6-838 (d0, q1, r0, m127, 'vehicle/imx6ull-gateway-m6/telemetry/20260831T220718p0800-m6-lan-1000', ... (24942 bytes))
1788187778: Sending PUBLISH to auto-9ACF5720-ADDF-DD07-C4E8-67E9F83C7AFD (d0, q1, r0, m127, 'vehicle/imx6ull-gateway-m6/telemetry/20260831T220718p0800-m6-lan-1000', ... (24942 bytes))
1788187778: Sending PUBACK to gatewayd-imx6ull-gateway-m6-838 (m127, rc0)
1788187778: Received PUBACK from auto-9ACF5720-ADDF-DD07-C4E8-67E9F83C7AFD (Mid: 127, RC:0)
1788187779: Received PUBLISH from gatewayd-imx6ull-gateway-m6-838 (d0, q1, r0, m128, 'vehicle/imx6ull-gateway-m6/telemetry/20260831T220718p0800-m6-lan-1000', ... (24652 bytes))
1788187779: Sending PUBLISH to auto-9ACF5720-ADDF-DD07-C4E8-67E9F83C7AFD (d0, q1, r0, m128, 'vehicle/imx6ull-gateway-m6/telemetry/20260831T220718p0800-m6-lan-1000', ... (24652 bytes))
1788187779: Sending PUBACK to gatewayd-imx6ull-gateway-m6-838 (m128, rc0)
1788187779: Received PUBACK from auto-9ACF5720-ADDF-DD07-C4E8-67E9F83C7AFD (Mid: 128, RC:0)
1788187780: Received PUBLISH from gatewayd-imx6ull-gateway-m6-838 (d0, q1, r0, m129, 'vehicle/imx6ull-gateway-m6/telemetry/20260831T220718p0800-m6-lan-1000', ... (24485 bytes))
1788187780: Sending PUBLISH to auto-9ACF5720-ADDF-DD07-C4E8-67E9F83C7AFD (d0, q1, r0, m129, 'vehicle/imx6ull-gateway-m6/telemetry/20260831T220718p0800-m6-lan-1000', ... (24485 bytes))
1788187780: Sending PUBACK to gatewayd-imx6ull-gateway-m6-838 (m129, rc0)
1788187780: Received PUBACK from auto-9ACF5720-ADDF-DD07-C4E8-67E9F83C7AFD (Mid: 129, RC:0)
1788187781: Received PUBLISH from gatewayd-imx6ull-gateway-m6-838 (d0, q1, r0, m130, 'vehicle/imx6ull-gateway-m6/telemetry/20260831T220718p0800-m6-lan-1000', ... (24498 bytes))
1788187781: Sending PUBLISH to auto-9ACF5720-ADDF-DD07-C4E8-67E9F83C7AFD (d0, q1, r0, m130, 'vehicle/imx6ull-gateway-m6/telemetry/20260831T220718p0800-m6-lan-1000', ... (24498 bytes))
1788187781: Sending PUBACK to gatewayd-imx6ull-gateway-m6-838 (m130, rc0)
1788187781: Received PUBACK from auto-9ACF5720-ADDF-DD07-C4E8-67E9F83C7AFD (Mid: 130, RC:0)
1788187782: Received PUBLISH from gatewayd-imx6ull-gateway-m6-838 (d0, q1, r0, m131, 'vehicle/imx6ull-gateway-m6/telemetry/20260831T220718p0800-m6-lan-1000', ... (24659 bytes))
1788187782: Sending PUBLISH to auto-9ACF5720-ADDF-DD07-C4E8-67E9F83C7AFD (d0, q1, r0, m131, 'vehicle/imx6ull-gateway-m6/telemetry/20260831T220718p0800-m6-lan-1000', ... (24659 bytes))
1788187782: Sending PUBACK to gatewayd-imx6ull-gateway-m6-838 (m131, rc0)
1788187782: Received PUBACK from auto-9ACF5720-ADDF-DD07-C4E8-67E9F83C7AFD (Mid: 131, RC:0)
1788187783: Received PUBLISH from gatewayd-imx6ull-gateway-m6-838 (d0, q1, r0, m132, 'vehicle/imx6ull-gateway-m6/telemetry/20260831T220718p0800-m6-lan-1000', ... (24528 bytes))
1788187783: Sending PUBLISH to auto-9ACF5720-ADDF-DD07-C4E8-67E9F83C7AFD (d0, q1, r0, m132, 'vehicle/imx6ull-gateway-m6/telemetry/20260831T220718p0800-m6-lan-1000', ... (24528 bytes))
1788187783: Sending PUBACK to gatewayd-imx6ull-gateway-m6-838 (m132, rc0)
1788187783: Received PUBACK from auto-9ACF5720-ADDF-DD07-C4E8-67E9F83C7AFD (Mid: 132, RC:0)
1788187784: Received PUBLISH from gatewayd-imx6ull-gateway-m6-838 (d0, q1, r0, m133, 'vehicle/imx6ull-gateway-m6/telemetry/20260831T220718p0800-m6-lan-1000', ... (24655 bytes))
1788187784: Sending PUBLISH to auto-9ACF5720-ADDF-DD07-C4E8-67E9F83C7AFD (d0, q1, r0, m133, 'vehicle/imx6ull-gateway-m6/telemetry/20260831T220718p0800-m6-lan-1000', ... (24655 bytes))
1788187784: Sending PUBACK to gatewayd-imx6ull-gateway-m6-838 (m133, rc0)
1788187784: Received PUBACK from auto-9ACF5720-ADDF-DD07-C4E8-67E9F83C7AFD (Mid: 133, RC:0)
1788187785: Received PUBLISH from gatewayd-imx6ull-gateway-m6-838 (d0, q1, r0, m134, 'vehicle/imx6ull-gateway-m6/telemetry/20260831T220718p0800-m6-lan-1000', ... (24503 bytes))
1788187785: Sending PUBLISH to auto-9ACF5720-ADDF-DD07-C4E8-67E9F83C7AFD (d0, q1, r0, m134, 'vehicle/imx6ull-gateway-m6/telemetry/20260831T220718p0800-m6-lan-1000', ... (24503 bytes))
1788187785: Sending PUBACK to gatewayd-imx6ull-gateway-m6-838 (m134, rc0)
1788187785: Received PUBACK from auto-9ACF5720-ADDF-DD07-C4E8-67E9F83C7AFD (Mid: 134, RC:0)
1788187786: Received PUBLISH from gatewayd-imx6ull-gateway-m6-838 (d0, q1, r0, m135, 'vehicle/imx6ull-gateway-m6/telemetry/20260831T220718p0800-m6-lan-1000', ... (24491 bytes))
1788187786: Sending PUBLISH to auto-9ACF5720-ADDF-DD07-C4E8-67E9F83C7AFD (d0, q1, r0, m135, 'vehicle/imx6ull-gateway-m6/telemetry/20260831T220718p0800-m6-lan-1000', ... (24491 bytes))
1788187786: Sending PUBACK to gatewayd-imx6ull-gateway-m6-838 (m135, rc0)
1788187786: Received PUBACK from auto-9ACF5720-ADDF-DD07-C4E8-67E9F83C7AFD (Mid: 135, RC:0)
1788187787: Received PUBLISH from gatewayd-imx6ull-gateway-m6-838 (d0, q1, r0, m136, 'vehicle/imx6ull-gateway-m6/telemetry/20260831T220718p0800-m6-lan-1000', ... (24667 bytes))
1788187787: Sending PUBLISH to auto-9ACF5720-ADDF-DD07-C4E8-67E9F83C7AFD (d0, q1, r0, m136, 'vehicle/imx6ull-gateway-m6/telemetry/20260831T220718p0800-m6-lan-1000', ... (24667 bytes))
1788187787: Sending PUBACK to gatewayd-imx6ull-gateway-m6-838 (m136, rc0)
1788187787: Received PUBACK from auto-9ACF5720-ADDF-DD07-C4E8-67E9F83C7AFD (Mid: 136, RC:0)
1788187788: Received PUBLISH from gatewayd-imx6ull-gateway-m6-838 (d0, q1, r0, m137, 'vehicle/imx6ull-gateway-m6/telemetry/20260831T220718p0800-m6-lan-1000', ... (24528 bytes))
1788187788: Sending PUBLISH to auto-9ACF5720-ADDF-DD07-C4E8-67E9F83C7AFD (d0, q1, r0, m137, 'vehicle/imx6ull-gateway-m6/telemetry/20260831T220718p0800-m6-lan-1000', ... (24528 bytes))
1788187788: Sending PUBACK to gatewayd-imx6ull-gateway-m6-838 (m137, rc0)
1788187788: Received PUBACK from auto-9ACF5720-ADDF-DD07-C4E8-67E9F83C7AFD (Mid: 137, RC:0)
1788187789: Received PUBLISH from gatewayd-imx6ull-gateway-m6-838 (d0, q1, r0, m138, 'vehicle/imx6ull-gateway-m6/telemetry/20260831T220718p0800-m6-lan-1000', ... (24647 bytes))
1788187789: Sending PUBLISH to auto-9ACF5720-ADDF-DD07-C4E8-67E9F83C7AFD (d0, q1, r0, m138, 'vehicle/imx6ull-gateway-m6/telemetry/20260831T220718p0800-m6-lan-1000', ... (24647 bytes))
1788187789: Sending PUBACK to gatewayd-imx6ull-gateway-m6-838 (m138, rc0)
1788187789: Received PUBACK from auto-9ACF5720-ADDF-DD07-C4E8-67E9F83C7AFD (Mid: 138, RC:0)
1788187790: Received PUBLISH from gatewayd-imx6ull-gateway-m6-838 (d0, q1, r0, m139, 'vehicle/imx6ull-gateway-m6/telemetry/20260831T220718p0800-m6-lan-1000', ... (24299 bytes))
1788187790: Sending PUBLISH to auto-9ACF5720-ADDF-DD07-C4E8-67E9F83C7AFD (d0, q1, r0, m139, 'vehicle/imx6ull-gateway-m6/telemetry/20260831T220718p0800-m6-lan-1000', ... (24299 bytes))
1788187790: Sending PUBACK to gatewayd-imx6ull-gateway-m6-838 (m139, rc0)
1788187790: Received PUBACK from auto-9ACF5720-ADDF-DD07-C4E8-67E9F83C7AFD (Mid: 139, RC:0)
1788187792: Received PUBLISH from gatewayd-imx6ull-gateway-m6-838 (d0, q1, r0, m140, 'vehicle/imx6ull-gateway-m6/telemetry/20260831T220718p0800-m6-lan-1000', ... (24484 bytes))
1788187792: Sending PUBLISH to auto-9ACF5720-ADDF-DD07-C4E8-67E9F83C7AFD (d0, q1, r0, m140, 'vehicle/imx6ull-gateway-m6/telemetry/20260831T220718p0800-m6-lan-1000', ... (24484 bytes))
1788187792: Sending PUBACK to gatewayd-imx6ull-gateway-m6-838 (m140, rc0)
1788187792: Received PUBACK from auto-9ACF5720-ADDF-DD07-C4E8-67E9F83C7AFD (Mid: 140, RC:0)
1788187793: Received PUBLISH from gatewayd-imx6ull-gateway-m6-838 (d0, q1, r0, m141, 'vehicle/imx6ull-gateway-m6/telemetry/20260831T220718p0800-m6-lan-1000', ... (24886 bytes))
1788187793: Sending PUBLISH to auto-9ACF5720-ADDF-DD07-C4E8-67E9F83C7AFD (d0, q1, r0, m141, 'vehicle/imx6ull-gateway-m6/telemetry/20260831T220718p0800-m6-lan-1000', ... (24886 bytes))
1788187793: Sending PUBACK to gatewayd-imx6ull-gateway-m6-838 (m141, rc0)
1788187793: Received PUBACK from auto-9ACF5720-ADDF-DD07-C4E8-67E9F83C7AFD (Mid: 141, RC:0)
1788187794: Received PUBLISH from gatewayd-imx6ull-gateway-m6-838 (d0, q1, r0, m142, 'vehicle/imx6ull-gateway-m6/telemetry/20260831T220718p0800-m6-lan-1000', ... (24528 bytes))
1788187794: Sending PUBLISH to auto-9ACF5720-ADDF-DD07-C4E8-67E9F83C7AFD (d0, q1, r0, m142, 'vehicle/imx6ull-gateway-m6/telemetry/20260831T220718p0800-m6-lan-1000', ... (24528 bytes))
1788187794: Sending PUBACK to gatewayd-imx6ull-gateway-m6-838 (m142, rc0)
1788187794: Received PUBACK from auto-9ACF5720-ADDF-DD07-C4E8-67E9F83C7AFD (Mid: 142, RC:0)
1788187795: Received PUBLISH from gatewayd-imx6ull-gateway-m6-838 (d0, q1, r0, m143, 'vehicle/imx6ull-gateway-m6/telemetry/20260831T220718p0800-m6-lan-1000', ... (24640 bytes))
1788187795: Sending PUBLISH to auto-9ACF5720-ADDF-DD07-C4E8-67E9F83C7AFD (d0, q1, r0, m143, 'vehicle/imx6ull-gateway-m6/telemetry/20260831T220718p0800-m6-lan-1000', ... (24640 bytes))
1788187795: Sending PUBACK to gatewayd-imx6ull-gateway-m6-838 (m143, rc0)
1788187795: Received PUBACK from auto-9ACF5720-ADDF-DD07-C4E8-67E9F83C7AFD (Mid: 143, RC:0)
1788187796: Received PUBLISH from gatewayd-imx6ull-gateway-m6-838 (d0, q1, r0, m144, 'vehicle/imx6ull-gateway-m6/telemetry/20260831T220718p0800-m6-lan-1000', ... (24306 bytes))
1788187796: Sending PUBLISH to auto-9ACF5720-ADDF-DD07-C4E8-67E9F83C7AFD (d0, q1, r0, m144, 'vehicle/imx6ull-gateway-m6/telemetry/20260831T220718p0800-m6-lan-1000', ... (24306 bytes))
1788187796: Sending PUBACK to gatewayd-imx6ull-gateway-m6-838 (m144, rc0)
1788187796: Received PUBACK from auto-9ACF5720-ADDF-DD07-C4E8-67E9F83C7AFD (Mid: 144, RC:0)
1788187797: Received PUBLISH from gatewayd-imx6ull-gateway-m6-838 (d0, q1, r0, m145, 'vehicle/imx6ull-gateway-m6/telemetry/20260831T220718p0800-m6-lan-1000', ... (24459 bytes))
1788187797: Sending PUBLISH to auto-9ACF5720-ADDF-DD07-C4E8-67E9F83C7AFD (d0, q1, r0, m145, 'vehicle/imx6ull-gateway-m6/telemetry/20260831T220718p0800-m6-lan-1000', ... (24459 bytes))
1788187797: Sending PUBACK to gatewayd-imx6ull-gateway-m6-838 (m145, rc0)
1788187797: Received PUBACK from auto-9ACF5720-ADDF-DD07-C4E8-67E9F83C7AFD (Mid: 145, RC:0)
1788187798: Received PUBLISH from gatewayd-imx6ull-gateway-m6-838 (d0, q1, r0, m146, 'vehicle/imx6ull-gateway-m6/telemetry/20260831T220718p0800-m6-lan-1000', ... (24669 bytes))
1788187798: Sending PUBLISH to auto-9ACF5720-ADDF-DD07-C4E8-67E9F83C7AFD (d0, q1, r0, m146, 'vehicle/imx6ull-gateway-m6/telemetry/20260831T220718p0800-m6-lan-1000', ... (24669 bytes))
1788187798: Sending PUBACK to gatewayd-imx6ull-gateway-m6-838 (m146, rc0)
1788187798: Received PUBACK from auto-9ACF5720-ADDF-DD07-C4E8-67E9F83C7AFD (Mid: 146, RC:0)
1788187799: Received PUBLISH from gatewayd-imx6ull-gateway-m6-838 (d0, q1, r0, m147, 'vehicle/imx6ull-gateway-m6/telemetry/20260831T220718p0800-m6-lan-1000', ... (24518 bytes))
1788187799: Sending PUBLISH to auto-9ACF5720-ADDF-DD07-C4E8-67E9F83C7AFD (d0, q1, r0, m147, 'vehicle/imx6ull-gateway-m6/telemetry/20260831T220718p0800-m6-lan-1000', ... (24518 bytes))
1788187799: Sending PUBACK to gatewayd-imx6ull-gateway-m6-838 (m147, rc0)
1788187799: Received PUBACK from auto-9ACF5720-ADDF-DD07-C4E8-67E9F83C7AFD (Mid: 147, RC:0)
1788187800: Received PUBLISH from gatewayd-imx6ull-gateway-m6-838 (d0, q1, r0, m148, 'vehicle/imx6ull-gateway-m6/telemetry/20260831T220718p0800-m6-lan-1000', ... (24411 bytes))
1788187800: Sending PUBLISH to auto-9ACF5720-ADDF-DD07-C4E8-67E9F83C7AFD (d0, q1, r0, m148, 'vehicle/imx6ull-gateway-m6/telemetry/20260831T220718p0800-m6-lan-1000', ... (24411 bytes))
1788187800: Sending PUBACK to gatewayd-imx6ull-gateway-m6-838 (m148, rc0)
1788187800: Received PUBACK from auto-9ACF5720-ADDF-DD07-C4E8-67E9F83C7AFD (Mid: 148, RC:0)
1788187801: Received PUBLISH from gatewayd-imx6ull-gateway-m6-838 (d0, q1, r0, m149, 'vehicle/imx6ull-gateway-m6/telemetry/20260831T220718p0800-m6-lan-1000', ... (24726 bytes))
1788187801: Sending PUBLISH to auto-9ACF5720-ADDF-DD07-C4E8-67E9F83C7AFD (d0, q1, r0, m149, 'vehicle/imx6ull-gateway-m6/telemetry/20260831T220718p0800-m6-lan-1000', ... (24726 bytes))
1788187801: Sending PUBACK to gatewayd-imx6ull-gateway-m6-838 (m149, rc0)
1788187801: Received PUBACK from auto-9ACF5720-ADDF-DD07-C4E8-67E9F83C7AFD (Mid: 149, RC:0)
1788187802: Received PUBLISH from gatewayd-imx6ull-gateway-m6-838 (d0, q1, r0, m150, 'vehicle/imx6ull-gateway-m6/telemetry/20260831T220718p0800-m6-lan-1000', ... (24459 bytes))
1788187802: Sending PUBLISH to auto-9ACF5720-ADDF-DD07-C4E8-67E9F83C7AFD (d0, q1, r0, m150, 'vehicle/imx6ull-gateway-m6/telemetry/20260831T220718p0800-m6-lan-1000', ... (24459 bytes))
1788187802: Sending PUBACK to gatewayd-imx6ull-gateway-m6-838 (m150, rc0)
1788187802: Received PUBACK from auto-9ACF5720-ADDF-DD07-C4E8-67E9F83C7AFD (Mid: 150, RC:0)
1788187803: Received PUBLISH from gatewayd-imx6ull-gateway-m6-838 (d0, q1, r0, m151, 'vehicle/imx6ull-gateway-m6/telemetry/20260831T220718p0800-m6-lan-1000', ... (24043 bytes))
1788187803: Sending PUBLISH to auto-9ACF5720-ADDF-DD07-C4E8-67E9F83C7AFD (d0, q1, r0, m151, 'vehicle/imx6ull-gateway-m6/telemetry/20260831T220718p0800-m6-lan-1000', ... (24043 bytes))
1788187803: Sending PUBACK to gatewayd-imx6ull-gateway-m6-838 (m151, rc0)
1788187803: Received PUBACK from auto-9ACF5720-ADDF-DD07-C4E8-67E9F83C7AFD (Mid: 151, RC:0)
1788187804: Received PUBLISH from gatewayd-imx6ull-gateway-m6-838 (d0, q1, r0, m152, 'vehicle/imx6ull-gateway-m6/telemetry/20260831T220718p0800-m6-lan-1000', ... (24729 bytes))
1788187804: Sending PUBLISH to auto-9ACF5720-ADDF-DD07-C4E8-67E9F83C7AFD (d0, q1, r0, m152, 'vehicle/imx6ull-gateway-m6/telemetry/20260831T220718p0800-m6-lan-1000', ... (24729 bytes))
1788187804: Sending PUBACK to gatewayd-imx6ull-gateway-m6-838 (m152, rc0)
1788187804: Received PUBACK from auto-9ACF5720-ADDF-DD07-C4E8-67E9F83C7AFD (Mid: 152, RC:0)
1788187805: Received PUBLISH from gatewayd-imx6ull-gateway-m6-838 (d0, q1, r0, m153, 'vehicle/imx6ull-gateway-m6/telemetry/20260831T220718p0800-m6-lan-1000', ... (24408 bytes))
1788187805: Sending PUBLISH to auto-9ACF5720-ADDF-DD07-C4E8-67E9F83C7AFD (d0, q1, r0, m153, 'vehicle/imx6ull-gateway-m6/telemetry/20260831T220718p0800-m6-lan-1000', ... (24408 bytes))
1788187805: Sending PUBACK to gatewayd-imx6ull-gateway-m6-838 (m153, rc0)
1788187805: Received PUBACK from auto-9ACF5720-ADDF-DD07-C4E8-67E9F83C7AFD (Mid: 153, RC:0)
1788187806: Received PUBLISH from gatewayd-imx6ull-gateway-m6-838 (d0, q1, r0, m154, 'vehicle/imx6ull-gateway-m6/telemetry/20260831T220718p0800-m6-lan-1000', ... (24732 bytes))
1788187806: Sending PUBLISH to auto-9ACF5720-ADDF-DD07-C4E8-67E9F83C7AFD (d0, q1, r0, m154, 'vehicle/imx6ull-gateway-m6/telemetry/20260831T220718p0800-m6-lan-1000', ... (24732 bytes))
1788187806: Sending PUBACK to gatewayd-imx6ull-gateway-m6-838 (m154, rc0)
1788187806: Received PUBACK from auto-9ACF5720-ADDF-DD07-C4E8-67E9F83C7AFD (Mid: 154, RC:0)
1788187807: Received PUBLISH from gatewayd-imx6ull-gateway-m6-838 (d0, q1, r0, m155, 'vehicle/imx6ull-gateway-m6/telemetry/20260831T220718p0800-m6-lan-1000', ... (24463 bytes))
1788187807: Sending PUBLISH to auto-9ACF5720-ADDF-DD07-C4E8-67E9F83C7AFD (d0, q1, r0, m155, 'vehicle/imx6ull-gateway-m6/telemetry/20260831T220718p0800-m6-lan-1000', ... (24463 bytes))
1788187807: Sending PUBACK to gatewayd-imx6ull-gateway-m6-838 (m155, rc0)
1788187807: Received PUBACK from auto-9ACF5720-ADDF-DD07-C4E8-67E9F83C7AFD (Mid: 155, RC:0)
1788187808: Received PUBLISH from gatewayd-imx6ull-gateway-m6-838 (d0, q1, r0, m156, 'vehicle/imx6ull-gateway-m6/telemetry/20260831T220718p0800-m6-lan-1000', ... (24271 bytes))
1788187808: Sending PUBLISH to auto-9ACF5720-ADDF-DD07-C4E8-67E9F83C7AFD (d0, q1, r0, m156, 'vehicle/imx6ull-gateway-m6/telemetry/20260831T220718p0800-m6-lan-1000', ... (24271 bytes))
1788187808: Sending PUBACK to gatewayd-imx6ull-gateway-m6-838 (m156, rc0)
1788187808: Received PUBACK from auto-9ACF5720-ADDF-DD07-C4E8-67E9F83C7AFD (Mid: 156, RC:0)
1788187809: Received PUBLISH from gatewayd-imx6ull-gateway-m6-838 (d0, q1, r0, m157, 'vehicle/imx6ull-gateway-m6/telemetry/20260831T220718p0800-m6-lan-1000', ... (24728 bytes))
1788187809: Sending PUBLISH to auto-9ACF5720-ADDF-DD07-C4E8-67E9F83C7AFD (d0, q1, r0, m157, 'vehicle/imx6ull-gateway-m6/telemetry/20260831T220718p0800-m6-lan-1000', ... (24728 bytes))
1788187809: Sending PUBACK to gatewayd-imx6ull-gateway-m6-838 (m157, rc0)
1788187809: Received PUBACK from auto-9ACF5720-ADDF-DD07-C4E8-67E9F83C7AFD (Mid: 157, RC:0)
1788187810: Received PUBLISH from gatewayd-imx6ull-gateway-m6-838 (d0, q1, r0, m158, 'vehicle/imx6ull-gateway-m6/telemetry/20260831T220718p0800-m6-lan-1000', ... (24430 bytes))
1788187810: Sending PUBLISH to auto-9ACF5720-ADDF-DD07-C4E8-67E9F83C7AFD (d0, q1, r0, m158, 'vehicle/imx6ull-gateway-m6/telemetry/20260831T220718p0800-m6-lan-1000', ... (24430 bytes))
1788187810: Sending PUBACK to gatewayd-imx6ull-gateway-m6-838 (m158, rc0)
1788187810: Received PUBACK from auto-9ACF5720-ADDF-DD07-C4E8-67E9F83C7AFD (Mid: 158, RC:0)
1788187811: Received PUBLISH from gatewayd-imx6ull-gateway-m6-838 (d0, q1, r0, m159, 'vehicle/imx6ull-gateway-m6/telemetry/20260831T220718p0800-m6-lan-1000', ... (24740 bytes))
1788187811: Sending PUBLISH to auto-9ACF5720-ADDF-DD07-C4E8-67E9F83C7AFD (d0, q1, r0, m159, 'vehicle/imx6ull-gateway-m6/telemetry/20260831T220718p0800-m6-lan-1000', ... (24740 bytes))
1788187811: Sending PUBACK to gatewayd-imx6ull-gateway-m6-838 (m159, rc0)
1788187811: Received PUBACK from auto-9ACF5720-ADDF-DD07-C4E8-67E9F83C7AFD (Mid: 159, RC:0)
1788187812: Received PUBLISH from gatewayd-imx6ull-gateway-m6-838 (d0, q1, r0, m160, 'vehicle/imx6ull-gateway-m6/telemetry/20260831T220718p0800-m6-lan-1000', ... (24456 bytes))
1788187812: Sending PUBLISH to auto-9ACF5720-ADDF-DD07-C4E8-67E9F83C7AFD (d0, q1, r0, m160, 'vehicle/imx6ull-gateway-m6/telemetry/20260831T220718p0800-m6-lan-1000', ... (24456 bytes))
1788187812: Sending PUBACK to gatewayd-imx6ull-gateway-m6-838 (m160, rc0)
1788187812: Received PUBACK from auto-9ACF5720-ADDF-DD07-C4E8-67E9F83C7AFD (Mid: 160, RC:0)
1788187813: Received PUBLISH from gatewayd-imx6ull-gateway-m6-838 (d0, q1, r0, m161, 'vehicle/imx6ull-gateway-m6/telemetry/20260831T220718p0800-m6-lan-1000', ... (24278 bytes))
1788187813: Sending PUBLISH to auto-9ACF5720-ADDF-DD07-C4E8-67E9F83C7AFD (d0, q1, r0, m161, 'vehicle/imx6ull-gateway-m6/telemetry/20260831T220718p0800-m6-lan-1000', ... (24278 bytes))
1788187813: Sending PUBACK to gatewayd-imx6ull-gateway-m6-838 (m161, rc0)
1788187813: Received PUBACK from auto-9ACF5720-ADDF-DD07-C4E8-67E9F83C7AFD (Mid: 161, RC:0)
1788187814: Received PUBLISH from gatewayd-imx6ull-gateway-m6-838 (d0, q1, r0, m162, 'vehicle/imx6ull-gateway-m6/telemetry/20260831T220718p0800-m6-lan-1000', ... (24717 bytes))
1788187814: Sending PUBLISH to auto-9ACF5720-ADDF-DD07-C4E8-67E9F83C7AFD (d0, q1, r0, m162, 'vehicle/imx6ull-gateway-m6/telemetry/20260831T220718p0800-m6-lan-1000', ... (24717 bytes))
1788187814: Sending PUBACK to gatewayd-imx6ull-gateway-m6-838 (m162, rc0)
1788187814: Received PUBACK from auto-9ACF5720-ADDF-DD07-C4E8-67E9F83C7AFD (Mid: 162, RC:0)
1788187815: Received PUBLISH from gatewayd-imx6ull-gateway-m6-838 (d0, q1, r0, m163, 'vehicle/imx6ull-gateway-m6/telemetry/20260831T220718p0800-m6-lan-1000', ... (24229 bytes))
1788187815: Sending PUBLISH to auto-9ACF5720-ADDF-DD07-C4E8-67E9F83C7AFD (d0, q1, r0, m163, 'vehicle/imx6ull-gateway-m6/telemetry/20260831T220718p0800-m6-lan-1000', ... (24229 bytes))
1788187815: Sending PUBACK to gatewayd-imx6ull-gateway-m6-838 (m163, rc0)
1788187815: Received PUBACK from auto-9ACF5720-ADDF-DD07-C4E8-67E9F83C7AFD (Mid: 163, RC:0)
1788187816: Received PUBLISH from gatewayd-imx6ull-gateway-m6-838 (d0, q1, r0, m164, 'vehicle/imx6ull-gateway-m6/telemetry/20260831T220718p0800-m6-lan-1000', ... (24528 bytes))
1788187816: Sending PUBLISH to auto-9ACF5720-ADDF-DD07-C4E8-67E9F83C7AFD (d0, q1, r0, m164, 'vehicle/imx6ull-gateway-m6/telemetry/20260831T220718p0800-m6-lan-1000', ... (24528 bytes))
1788187816: Sending PUBACK to gatewayd-imx6ull-gateway-m6-838 (m164, rc0)
1788187816: Received PUBACK from auto-9ACF5720-ADDF-DD07-C4E8-67E9F83C7AFD (Mid: 164, RC:0)
1788187817: Received PUBLISH from gatewayd-imx6ull-gateway-m6-838 (d0, q1, r0, m165, 'vehicle/imx6ull-gateway-m6/telemetry/20260831T220718p0800-m6-lan-1000', ... (24662 bytes))
1788187817: Sending PUBLISH to auto-9ACF5720-ADDF-DD07-C4E8-67E9F83C7AFD (d0, q1, r0, m165, 'vehicle/imx6ull-gateway-m6/telemetry/20260831T220718p0800-m6-lan-1000', ... (24662 bytes))
1788187817: Sending PUBACK to gatewayd-imx6ull-gateway-m6-838 (m165, rc0)
1788187817: Received PUBACK from auto-9ACF5720-ADDF-DD07-C4E8-67E9F83C7AFD (Mid: 165, RC:0)
1788187819: Received PUBLISH from gatewayd-imx6ull-gateway-m6-838 (d0, q1, r0, m166, 'vehicle/imx6ull-gateway-m6/telemetry/20260831T220718p0800-m6-lan-1000', ... (24284 bytes))
1788187819: Sending PUBLISH to auto-9ACF5720-ADDF-DD07-C4E8-67E9F83C7AFD (d0, q1, r0, m166, 'vehicle/imx6ull-gateway-m6/telemetry/20260831T220718p0800-m6-lan-1000', ... (24284 bytes))
1788187819: Sending PUBACK to gatewayd-imx6ull-gateway-m6-838 (m166, rc0)
1788187819: Received PUBACK from auto-9ACF5720-ADDF-DD07-C4E8-67E9F83C7AFD (Mid: 166, RC:0)
1788187820: Received PUBLISH from gatewayd-imx6ull-gateway-m6-838 (d0, q1, r0, m167, 'vehicle/imx6ull-gateway-m6/telemetry/20260831T220718p0800-m6-lan-1000', ... (24499 bytes))
1788187820: Sending PUBLISH to auto-9ACF5720-ADDF-DD07-C4E8-67E9F83C7AFD (d0, q1, r0, m167, 'vehicle/imx6ull-gateway-m6/telemetry/20260831T220718p0800-m6-lan-1000', ... (24499 bytes))
1788187820: Sending PUBACK to gatewayd-imx6ull-gateway-m6-838 (m167, rc0)
1788187820: Received PUBACK from auto-9ACF5720-ADDF-DD07-C4E8-67E9F83C7AFD (Mid: 167, RC:0)
1788187821: Received PUBLISH from gatewayd-imx6ull-gateway-m6-838 (d0, q1, r0, m168, 'vehicle/imx6ull-gateway-m6/telemetry/20260831T220718p0800-m6-lan-1000', ... (24871 bytes))
1788187821: Sending PUBLISH to auto-9ACF5720-ADDF-DD07-C4E8-67E9F83C7AFD (d0, q1, r0, m168, 'vehicle/imx6ull-gateway-m6/telemetry/20260831T220718p0800-m6-lan-1000', ... (24871 bytes))
1788187821: Sending PUBACK to gatewayd-imx6ull-gateway-m6-838 (m168, rc0)
1788187821: Received PUBACK from auto-9ACF5720-ADDF-DD07-C4E8-67E9F83C7AFD (Mid: 168, RC:0)
1788187822: Received PUBLISH from gatewayd-imx6ull-gateway-m6-838 (d0, q1, r0, m169, 'vehicle/imx6ull-gateway-m6/telemetry/20260831T220718p0800-m6-lan-1000', ... (24524 bytes))
1788187822: Sending PUBLISH to auto-9ACF5720-ADDF-DD07-C4E8-67E9F83C7AFD (d0, q1, r0, m169, 'vehicle/imx6ull-gateway-m6/telemetry/20260831T220718p0800-m6-lan-1000', ... (24524 bytes))
1788187822: Sending PUBACK to gatewayd-imx6ull-gateway-m6-838 (m169, rc0)
1788187822: Received PUBACK from auto-9ACF5720-ADDF-DD07-C4E8-67E9F83C7AFD (Mid: 169, RC:0)
1788187823: Received PUBLISH from gatewayd-imx6ull-gateway-m6-838 (d0, q1, r0, m170, 'vehicle/imx6ull-gateway-m6/telemetry/20260831T220718p0800-m6-lan-1000', ... (24636 bytes))
1788187823: Sending PUBLISH to auto-9ACF5720-ADDF-DD07-C4E8-67E9F83C7AFD (d0, q1, r0, m170, 'vehicle/imx6ull-gateway-m6/telemetry/20260831T220718p0800-m6-lan-1000', ... (24636 bytes))
1788187823: Sending PUBACK to gatewayd-imx6ull-gateway-m6-838 (m170, rc0)
1788187823: Received PUBACK from auto-9ACF5720-ADDF-DD07-C4E8-67E9F83C7AFD (Mid: 170, RC:0)
1788187824: Received PUBLISH from gatewayd-imx6ull-gateway-m6-838 (d0, q1, r0, m171, 'vehicle/imx6ull-gateway-m6/telemetry/20260831T220718p0800-m6-lan-1000', ... (24493 bytes))
1788187824: Sending PUBLISH to auto-9ACF5720-ADDF-DD07-C4E8-67E9F83C7AFD (d0, q1, r0, m171, 'vehicle/imx6ull-gateway-m6/telemetry/20260831T220718p0800-m6-lan-1000', ... (24493 bytes))
1788187824: Sending PUBACK to gatewayd-imx6ull-gateway-m6-838 (m171, rc0)
1788187824: Received PUBACK from auto-9ACF5720-ADDF-DD07-C4E8-67E9F83C7AFD (Mid: 171, RC:0)
1788187825: Received PUBLISH from gatewayd-imx6ull-gateway-m6-838 (d0, q1, r0, m172, 'vehicle/imx6ull-gateway-m6/telemetry/20260831T220718p0800-m6-lan-1000', ... (24481 bytes))
1788187825: Sending PUBLISH to auto-9ACF5720-ADDF-DD07-C4E8-67E9F83C7AFD (d0, q1, r0, m172, 'vehicle/imx6ull-gateway-m6/telemetry/20260831T220718p0800-m6-lan-1000', ... (24481 bytes))
1788187825: Sending PUBACK to gatewayd-imx6ull-gateway-m6-838 (m172, rc0)
1788187825: Received PUBACK from auto-9ACF5720-ADDF-DD07-C4E8-67E9F83C7AFD (Mid: 172, RC:0)
1788187826: Received PUBLISH from gatewayd-imx6ull-gateway-m6-838 (d0, q1, r0, m173, 'vehicle/imx6ull-gateway-m6/telemetry/20260831T220718p0800-m6-lan-1000', ... (24656 bytes))
1788187826: Sending PUBLISH to auto-9ACF5720-ADDF-DD07-C4E8-67E9F83C7AFD (d0, q1, r0, m173, 'vehicle/imx6ull-gateway-m6/telemetry/20260831T220718p0800-m6-lan-1000', ... (24656 bytes))
1788187826: Sending PUBACK to gatewayd-imx6ull-gateway-m6-838 (m173, rc0)
1788187826: Received PUBACK from auto-9ACF5720-ADDF-DD07-C4E8-67E9F83C7AFD (Mid: 173, RC:0)
1788187827: Received PUBLISH from gatewayd-imx6ull-gateway-m6-838 (d0, q1, r0, m174, 'vehicle/imx6ull-gateway-m6/telemetry/20260831T220718p0800-m6-lan-1000', ... (24518 bytes))
1788187827: Sending PUBLISH to auto-9ACF5720-ADDF-DD07-C4E8-67E9F83C7AFD (d0, q1, r0, m174, 'vehicle/imx6ull-gateway-m6/telemetry/20260831T220718p0800-m6-lan-1000', ... (24518 bytes))
1788187827: Sending PUBACK to gatewayd-imx6ull-gateway-m6-838 (m174, rc0)
1788187827: Received PUBACK from auto-9ACF5720-ADDF-DD07-C4E8-67E9F83C7AFD (Mid: 174, RC:0)
1788187828: Received PUBLISH from gatewayd-imx6ull-gateway-m6-838 (d0, q1, r0, m175, 'vehicle/imx6ull-gateway-m6/telemetry/20260831T220718p0800-m6-lan-1000', ... (24636 bytes))
1788187828: Sending PUBLISH to auto-9ACF5720-ADDF-DD07-C4E8-67E9F83C7AFD (d0, q1, r0, m175, 'vehicle/imx6ull-gateway-m6/telemetry/20260831T220718p0800-m6-lan-1000', ... (24636 bytes))
1788187828: Sending PUBACK to gatewayd-imx6ull-gateway-m6-838 (m175, rc0)
1788187828: Received PUBACK from auto-9ACF5720-ADDF-DD07-C4E8-67E9F83C7AFD (Mid: 175, RC:0)
1788187829: Received PUBLISH from gatewayd-imx6ull-gateway-m6-838 (d0, q1, r0, m176, 'vehicle/imx6ull-gateway-m6/telemetry/20260831T220718p0800-m6-lan-1000', ... (24501 bytes))
1788187829: Sending PUBLISH to auto-9ACF5720-ADDF-DD07-C4E8-67E9F83C7AFD (d0, q1, r0, m176, 'vehicle/imx6ull-gateway-m6/telemetry/20260831T220718p0800-m6-lan-1000', ... (24501 bytes))
1788187829: Sending PUBACK to gatewayd-imx6ull-gateway-m6-838 (m176, rc0)
1788187829: Received PUBACK from auto-9ACF5720-ADDF-DD07-C4E8-67E9F83C7AFD (Mid: 176, RC:0)
1788187830: Received PUBLISH from gatewayd-imx6ull-gateway-m6-838 (d0, q1, r0, m177, 'vehicle/imx6ull-gateway-m6/telemetry/20260831T220718p0800-m6-lan-1000', ... (24473 bytes))
1788187830: Sending PUBLISH to auto-9ACF5720-ADDF-DD07-C4E8-67E9F83C7AFD (d0, q1, r0, m177, 'vehicle/imx6ull-gateway-m6/telemetry/20260831T220718p0800-m6-lan-1000', ... (24473 bytes))
1788187830: Sending PUBACK to gatewayd-imx6ull-gateway-m6-838 (m177, rc0)
1788187830: Received PUBACK from auto-9ACF5720-ADDF-DD07-C4E8-67E9F83C7AFD (Mid: 177, RC:0)
1788187831: Received PUBLISH from gatewayd-imx6ull-gateway-m6-838 (d0, q1, r0, m178, 'vehicle/imx6ull-gateway-m6/telemetry/20260831T220718p0800-m6-lan-1000', ... (24664 bytes))
1788187831: Sending PUBLISH to auto-9ACF5720-ADDF-DD07-C4E8-67E9F83C7AFD (d0, q1, r0, m178, 'vehicle/imx6ull-gateway-m6/telemetry/20260831T220718p0800-m6-lan-1000', ... (24664 bytes))
1788187831: Sending PUBACK to gatewayd-imx6ull-gateway-m6-838 (m178, rc0)
1788187831: Received PUBACK from auto-9ACF5720-ADDF-DD07-C4E8-67E9F83C7AFD (Mid: 178, RC:0)
1788187832: Received PUBLISH from gatewayd-imx6ull-gateway-m6-838 (d0, q1, r0, m179, 'vehicle/imx6ull-gateway-m6/telemetry/20260831T220718p0800-m6-lan-1000', ... (24312 bytes))
1788187832: Sending PUBLISH to auto-9ACF5720-ADDF-DD07-C4E8-67E9F83C7AFD (d0, q1, r0, m179, 'vehicle/imx6ull-gateway-m6/telemetry/20260831T220718p0800-m6-lan-1000', ... (24312 bytes))
1788187832: Sending PUBACK to gatewayd-imx6ull-gateway-m6-838 (m179, rc0)
1788187832: Received PUBACK from auto-9ACF5720-ADDF-DD07-C4E8-67E9F83C7AFD (Mid: 179, RC:0)
1788187833: Received PUBLISH from gatewayd-imx6ull-gateway-m6-838 (d0, q1, r0, m180, 'vehicle/imx6ull-gateway-m6/telemetry/20260831T220718p0800-m6-lan-1000', ... (24640 bytes))
1788187833: Sending PUBLISH to auto-9ACF5720-ADDF-DD07-C4E8-67E9F83C7AFD (d0, q1, r0, m180, 'vehicle/imx6ull-gateway-m6/telemetry/20260831T220718p0800-m6-lan-1000', ... (24640 bytes))
1788187833: Sending PUBACK to gatewayd-imx6ull-gateway-m6-838 (m180, rc0)
1788187833: Received PUBACK from auto-9ACF5720-ADDF-DD07-C4E8-67E9F83C7AFD (Mid: 180, RC:0)
1788187834: Received PUBLISH from gatewayd-imx6ull-gateway-m6-838 (d0, q1, r0, m181, 'vehicle/imx6ull-gateway-m6/telemetry/20260831T220718p0800-m6-lan-1000', ... (24518 bytes))
1788187834: Sending PUBLISH to auto-9ACF5720-ADDF-DD07-C4E8-67E9F83C7AFD (d0, q1, r0, m181, 'vehicle/imx6ull-gateway-m6/telemetry/20260831T220718p0800-m6-lan-1000', ... (24518 bytes))
1788187834: Sending PUBACK to gatewayd-imx6ull-gateway-m6-838 (m181, rc0)
1788187834: Received PUBACK from auto-9ACF5720-ADDF-DD07-C4E8-67E9F83C7AFD (Mid: 181, RC:0)
1788187835: Received PUBLISH from gatewayd-imx6ull-gateway-m6-838 (d0, q1, r0, m182, 'vehicle/imx6ull-gateway-m6/telemetry/20260831T220718p0800-m6-lan-1000', ... (24476 bytes))
1788187835: Sending PUBLISH to auto-9ACF5720-ADDF-DD07-C4E8-67E9F83C7AFD (d0, q1, r0, m182, 'vehicle/imx6ull-gateway-m6/telemetry/20260831T220718p0800-m6-lan-1000', ... (24476 bytes))
1788187835: Sending PUBACK to gatewayd-imx6ull-gateway-m6-838 (m182, rc0)
1788187835: Received PUBACK from auto-9ACF5720-ADDF-DD07-C4E8-67E9F83C7AFD (Mid: 182, RC:0)
1788187836: Received PUBLISH from gatewayd-imx6ull-gateway-m6-838 (d0, q1, r0, m183, 'vehicle/imx6ull-gateway-m6/telemetry/20260831T220718p0800-m6-lan-1000', ... (24682 bytes))
1788187836: Sending PUBLISH to auto-9ACF5720-ADDF-DD07-C4E8-67E9F83C7AFD (d0, q1, r0, m183, 'vehicle/imx6ull-gateway-m6/telemetry/20260831T220718p0800-m6-lan-1000', ... (24682 bytes))
1788187836: Sending PUBACK to gatewayd-imx6ull-gateway-m6-838 (m183, rc0)
1788187836: Received PUBACK from auto-9ACF5720-ADDF-DD07-C4E8-67E9F83C7AFD (Mid: 183, RC:0)
1788187837: Received PUBLISH from gatewayd-imx6ull-gateway-m6-838 (d0, q1, r0, m184, 'vehicle/imx6ull-gateway-m6/telemetry/20260831T220718p0800-m6-lan-1000', ... (24316 bytes))
1788187837: Sending PUBLISH to auto-9ACF5720-ADDF-DD07-C4E8-67E9F83C7AFD (d0, q1, r0, m184, 'vehicle/imx6ull-gateway-m6/telemetry/20260831T220718p0800-m6-lan-1000', ... (24316 bytes))
1788187837: Sending PUBACK to gatewayd-imx6ull-gateway-m6-838 (m184, rc0)
1788187837: Received PUBACK from auto-9ACF5720-ADDF-DD07-C4E8-67E9F83C7AFD (Mid: 184, RC:0)
1788187838: Received PUBLISH from gatewayd-imx6ull-gateway-m6-838 (d0, q1, r0, m185, 'vehicle/imx6ull-gateway-m6/telemetry/20260831T220718p0800-m6-lan-1000', ... (24421 bytes))
1788187838: Sending PUBLISH to auto-9ACF5720-ADDF-DD07-C4E8-67E9F83C7AFD (d0, q1, r0, m185, 'vehicle/imx6ull-gateway-m6/telemetry/20260831T220718p0800-m6-lan-1000', ... (24421 bytes))
1788187838: Sending PUBACK to gatewayd-imx6ull-gateway-m6-838 (m185, rc0)
1788187838: Received PUBACK from auto-9ACF5720-ADDF-DD07-C4E8-67E9F83C7AFD (Mid: 185, RC:0)
1788187839: Received PUBLISH from gatewayd-imx6ull-gateway-m6-838 (d0, q1, r0, m186, 'vehicle/imx6ull-gateway-m6/telemetry/20260831T220718p0800-m6-lan-1000', ... (24525 bytes))
1788187839: Sending PUBLISH to auto-9ACF5720-ADDF-DD07-C4E8-67E9F83C7AFD (d0, q1, r0, m186, 'vehicle/imx6ull-gateway-m6/telemetry/20260831T220718p0800-m6-lan-1000', ... (24525 bytes))
1788187839: Sending PUBACK to gatewayd-imx6ull-gateway-m6-838 (m186, rc0)
1788187839: Received PUBACK from auto-9ACF5720-ADDF-DD07-C4E8-67E9F83C7AFD (Mid: 186, RC:0)
1788187840: Received PUBLISH from gatewayd-imx6ull-gateway-m6-838 (d0, q1, r0, m187, 'vehicle/imx6ull-gateway-m6/telemetry/20260831T220718p0800-m6-lan-1000', ... (24470 bytes))
1788187840: Sending PUBLISH to auto-9ACF5720-ADDF-DD07-C4E8-67E9F83C7AFD (d0, q1, r0, m187, 'vehicle/imx6ull-gateway-m6/telemetry/20260831T220718p0800-m6-lan-1000', ... (24470 bytes))
1788187840: Sending PUBACK to gatewayd-imx6ull-gateway-m6-838 (m187, rc0)
1788187840: Received PUBACK from auto-9ACF5720-ADDF-DD07-C4E8-67E9F83C7AFD (Mid: 187, RC:0)
1788187841: Received PUBLISH from gatewayd-imx6ull-gateway-m6-838 (d0, q1, r0, m188, 'vehicle/imx6ull-gateway-m6/telemetry/20260831T220718p0800-m6-lan-1000', ... (24688 bytes))
1788187841: Sending PUBLISH to auto-9ACF5720-ADDF-DD07-C4E8-67E9F83C7AFD (d0, q1, r0, m188, 'vehicle/imx6ull-gateway-m6/telemetry/20260831T220718p0800-m6-lan-1000', ... (24688 bytes))
1788187841: Sending PUBACK to gatewayd-imx6ull-gateway-m6-838 (m188, rc0)
1788187841: Received PUBACK from auto-9ACF5720-ADDF-DD07-C4E8-67E9F83C7AFD (Mid: 188, RC:0)
1788187842: Received PUBLISH from gatewayd-imx6ull-gateway-m6-838 (d0, q1, r0, m189, 'vehicle/imx6ull-gateway-m6/telemetry/20260831T220718p0800-m6-lan-1000', ... (24528 bytes))
1788187842: Sending PUBLISH to auto-9ACF5720-ADDF-DD07-C4E8-67E9F83C7AFD (d0, q1, r0, m189, 'vehicle/imx6ull-gateway-m6/telemetry/20260831T220718p0800-m6-lan-1000', ... (24528 bytes))
1788187842: Sending PUBACK to gatewayd-imx6ull-gateway-m6-838 (m189, rc0)
1788187842: Received PUBACK from auto-9ACF5720-ADDF-DD07-C4E8-67E9F83C7AFD (Mid: 189, RC:0)
1788187843: Received PUBLISH from gatewayd-imx6ull-gateway-m6-838 (d0, q1, r0, m190, 'vehicle/imx6ull-gateway-m6/telemetry/20260831T220718p0800-m6-lan-1000', ... (24418 bytes))
1788187843: Sending PUBLISH to auto-9ACF5720-ADDF-DD07-C4E8-67E9F83C7AFD (d0, q1, r0, m190, 'vehicle/imx6ull-gateway-m6/telemetry/20260831T220718p0800-m6-lan-1000', ... (24418 bytes))
1788187843: Sending PUBACK to gatewayd-imx6ull-gateway-m6-838 (m190, rc0)
1788187843: Received PUBACK from auto-9ACF5720-ADDF-DD07-C4E8-67E9F83C7AFD (Mid: 190, RC:0)
1788187844: Received PUBLISH from gatewayd-imx6ull-gateway-m6-838 (d0, q1, r0, m191, 'vehicle/imx6ull-gateway-m6/telemetry/20260831T220718p0800-m6-lan-1000', ... (24528 bytes))
1788187844: Sending PUBLISH to auto-9ACF5720-ADDF-DD07-C4E8-67E9F83C7AFD (d0, q1, r0, m191, 'vehicle/imx6ull-gateway-m6/telemetry/20260831T220718p0800-m6-lan-1000', ... (24528 bytes))
1788187844: Sending PUBACK to gatewayd-imx6ull-gateway-m6-838 (m191, rc0)
1788187844: Received PUBACK from auto-9ACF5720-ADDF-DD07-C4E8-67E9F83C7AFD (Mid: 191, RC:0)
1788187846: Received PUBLISH from gatewayd-imx6ull-gateway-m6-838 (d0, q1, r0, m192, 'vehicle/imx6ull-gateway-m6/telemetry/20260831T220718p0800-m6-lan-1000', ... (24463 bytes))
1788187846: Sending PUBLISH to auto-9ACF5720-ADDF-DD07-C4E8-67E9F83C7AFD (d0, q1, r0, m192, 'vehicle/imx6ull-gateway-m6/telemetry/20260831T220718p0800-m6-lan-1000', ... (24463 bytes))
1788187846: Sending PUBACK to gatewayd-imx6ull-gateway-m6-838 (m192, rc0)
1788187846: Received PUBACK from auto-9ACF5720-ADDF-DD07-C4E8-67E9F83C7AFD (Mid: 192, RC:0)
1788187847: Received PUBLISH from gatewayd-imx6ull-gateway-m6-838 (d0, q1, r0, m193, 'vehicle/imx6ull-gateway-m6/telemetry/20260831T220718p0800-m6-lan-1000', ... (24483 bytes))
1788187847: Sending PUBLISH to auto-9ACF5720-ADDF-DD07-C4E8-67E9F83C7AFD (d0, q1, r0, m193, 'vehicle/imx6ull-gateway-m6/telemetry/20260831T220718p0800-m6-lan-1000', ... (24483 bytes))
1788187847: Sending PUBACK to gatewayd-imx6ull-gateway-m6-838 (m193, rc0)
1788187847: Received PUBACK from auto-9ACF5720-ADDF-DD07-C4E8-67E9F83C7AFD (Mid: 193, RC:0)
1788187848: Received PUBLISH from gatewayd-imx6ull-gateway-m6-838 (d0, q1, r0, m194, 'vehicle/imx6ull-gateway-m6/telemetry/20260831T220718p0800-m6-lan-1000', ... (24926 bytes))
1788187848: Sending PUBLISH to auto-9ACF5720-ADDF-DD07-C4E8-67E9F83C7AFD (d0, q1, r0, m194, 'vehicle/imx6ull-gateway-m6/telemetry/20260831T220718p0800-m6-lan-1000', ... (24926 bytes))
1788187848: Sending PUBACK to gatewayd-imx6ull-gateway-m6-838 (m194, rc0)
1788187848: Received PUBACK from auto-9ACF5720-ADDF-DD07-C4E8-67E9F83C7AFD (Mid: 194, RC:0)
1788187849: Received PUBLISH from gatewayd-imx6ull-gateway-m6-838 (d0, q1, r0, m195, 'vehicle/imx6ull-gateway-m6/telemetry/20260831T220718p0800-m6-lan-1000', ... (24418 bytes))
1788187849: Sending PUBLISH to auto-9ACF5720-ADDF-DD07-C4E8-67E9F83C7AFD (d0, q1, r0, m195, 'vehicle/imx6ull-gateway-m6/telemetry/20260831T220718p0800-m6-lan-1000', ... (24418 bytes))
1788187849: Sending PUBACK to gatewayd-imx6ull-gateway-m6-838 (m195, rc0)
1788187849: Received PUBACK from auto-9ACF5720-ADDF-DD07-C4E8-67E9F83C7AFD (Mid: 195, RC:0)
1788187850: Received PUBLISH from gatewayd-imx6ull-gateway-m6-838 (d0, q1, r0, m196, 'vehicle/imx6ull-gateway-m6/telemetry/20260831T220718p0800-m6-lan-1000', ... (24729 bytes))
1788187850: Sending PUBLISH to auto-9ACF5720-ADDF-DD07-C4E8-67E9F83C7AFD (d0, q1, r0, m196, 'vehicle/imx6ull-gateway-m6/telemetry/20260831T220718p0800-m6-lan-1000', ... (24729 bytes))
1788187850: Sending PUBACK to gatewayd-imx6ull-gateway-m6-838 (m196, rc0)
1788187850: Received PUBACK from auto-9ACF5720-ADDF-DD07-C4E8-67E9F83C7AFD (Mid: 196, RC:0)
1788187851: Received PUBLISH from gatewayd-imx6ull-gateway-m6-838 (d0, q1, r0, m197, 'vehicle/imx6ull-gateway-m6/telemetry/20260831T220718p0800-m6-lan-1000', ... (24445 bytes))
1788187851: Sending PUBLISH to auto-9ACF5720-ADDF-DD07-C4E8-67E9F83C7AFD (d0, q1, r0, m197, 'vehicle/imx6ull-gateway-m6/telemetry/20260831T220718p0800-m6-lan-1000', ... (24445 bytes))
1788187851: Sending PUBACK to gatewayd-imx6ull-gateway-m6-838 (m197, rc0)
1788187851: Received PUBACK from auto-9ACF5720-ADDF-DD07-C4E8-67E9F83C7AFD (Mid: 197, RC:0)
1788187852: Received PUBLISH from gatewayd-imx6ull-gateway-m6-838 (d0, q1, r0, m198, 'vehicle/imx6ull-gateway-m6/telemetry/20260831T220718p0800-m6-lan-1000', ... (24481 bytes))
1788187852: Sending PUBLISH to auto-9ACF5720-ADDF-DD07-C4E8-67E9F83C7AFD (d0, q1, r0, m198, 'vehicle/imx6ull-gateway-m6/telemetry/20260831T220718p0800-m6-lan-1000', ... (24481 bytes))
1788187852: Sending PUBACK to gatewayd-imx6ull-gateway-m6-838 (m198, rc0)
1788187852: Received PUBACK from auto-9ACF5720-ADDF-DD07-C4E8-67E9F83C7AFD (Mid: 198, RC:0)
1788187853: Received PUBLISH from gatewayd-imx6ull-gateway-m6-838 (d0, q1, r0, m199, 'vehicle/imx6ull-gateway-m6/telemetry/20260831T220718p0800-m6-lan-1000', ... (24704 bytes))
1788187853: Sending PUBLISH to auto-9ACF5720-ADDF-DD07-C4E8-67E9F83C7AFD (d0, q1, r0, m199, 'vehicle/imx6ull-gateway-m6/telemetry/20260831T220718p0800-m6-lan-1000', ... (24704 bytes))
1788187853: Sending PUBACK to gatewayd-imx6ull-gateway-m6-838 (m199, rc0)
1788187853: Received PUBACK from auto-9ACF5720-ADDF-DD07-C4E8-67E9F83C7AFD (Mid: 199, RC:0)
1788187854: Received PUBLISH from gatewayd-imx6ull-gateway-m6-838 (d0, q1, r0, m200, 'vehicle/imx6ull-gateway-m6/telemetry/20260831T220718p0800-m6-lan-1000', ... (24433 bytes))
1788187854: Sending PUBLISH to auto-9ACF5720-ADDF-DD07-C4E8-67E9F83C7AFD (d0, q1, r0, m200, 'vehicle/imx6ull-gateway-m6/telemetry/20260831T220718p0800-m6-lan-1000', ... (24433 bytes))
1788187854: Sending PUBACK to gatewayd-imx6ull-gateway-m6-838 (m200, rc0)
1788187854: Received PUBACK from auto-9ACF5720-ADDF-DD07-C4E8-67E9F83C7AFD (Mid: 200, RC:0)
1788187855: Received PUBLISH from gatewayd-imx6ull-gateway-m6-838 (d0, q1, r0, m201, 'vehicle/imx6ull-gateway-m6/telemetry/20260831T220718p0800-m6-lan-1000', ... (24729 bytes))
1788187855: Sending PUBLISH to auto-9ACF5720-ADDF-DD07-C4E8-67E9F83C7AFD (d0, q1, r0, m201, 'vehicle/imx6ull-gateway-m6/telemetry/20260831T220718p0800-m6-lan-1000', ... (24729 bytes))
1788187855: Sending PUBACK to gatewayd-imx6ull-gateway-m6-838 (m201, rc0)
1788187855: Received PUBACK from auto-9ACF5720-ADDF-DD07-C4E8-67E9F83C7AFD (Mid: 201, RC:0)
1788187856: Received PUBLISH from gatewayd-imx6ull-gateway-m6-838 (d0, q1, r0, m202, 'vehicle/imx6ull-gateway-m6/telemetry/20260831T220718p0800-m6-lan-1000', ... (24437 bytes))
1788187856: Sending PUBLISH to auto-9ACF5720-ADDF-DD07-C4E8-67E9F83C7AFD (d0, q1, r0, m202, 'vehicle/imx6ull-gateway-m6/telemetry/20260831T220718p0800-m6-lan-1000', ... (24437 bytes))
1788187856: Sending PUBACK to gatewayd-imx6ull-gateway-m6-838 (m202, rc0)
1788187856: Received PUBACK from auto-9ACF5720-ADDF-DD07-C4E8-67E9F83C7AFD (Mid: 202, RC:0)
1788187857: Received PUBLISH from gatewayd-imx6ull-gateway-m6-838 (d0, q1, r0, m203, 'vehicle/imx6ull-gateway-m6/telemetry/20260831T220718p0800-m6-lan-1000', ... (24489 bytes))
1788187857: Sending PUBLISH to auto-9ACF5720-ADDF-DD07-C4E8-67E9F83C7AFD (d0, q1, r0, m203, 'vehicle/imx6ull-gateway-m6/telemetry/20260831T220718p0800-m6-lan-1000', ... (24489 bytes))
1788187857: Sending PUBACK to gatewayd-imx6ull-gateway-m6-838 (m203, rc0)
1788187857: Received PUBACK from auto-9ACF5720-ADDF-DD07-C4E8-67E9F83C7AFD (Mid: 203, RC:0)
1788187858: Received PUBLISH from gatewayd-imx6ull-gateway-m6-838 (d0, q1, r0, m204, 'vehicle/imx6ull-gateway-m6/telemetry/20260831T220718p0800-m6-lan-1000', ... (24706 bytes))
1788187858: Sending PUBLISH to auto-9ACF5720-ADDF-DD07-C4E8-67E9F83C7AFD (d0, q1, r0, m204, 'vehicle/imx6ull-gateway-m6/telemetry/20260831T220718p0800-m6-lan-1000', ... (24706 bytes))
1788187858: Sending PUBACK to gatewayd-imx6ull-gateway-m6-838 (m204, rc0)
1788187858: Received PUBACK from auto-9ACF5720-ADDF-DD07-C4E8-67E9F83C7AFD (Mid: 204, RC:0)
1788187859: Received PUBLISH from gatewayd-imx6ull-gateway-m6-838 (d0, q1, r0, m205, 'vehicle/imx6ull-gateway-m6/telemetry/20260831T220718p0800-m6-lan-1000', ... (24451 bytes))
1788187859: Sending PUBLISH to auto-9ACF5720-ADDF-DD07-C4E8-67E9F83C7AFD (d0, q1, r0, m205, 'vehicle/imx6ull-gateway-m6/telemetry/20260831T220718p0800-m6-lan-1000', ... (24451 bytes))
1788187859: Sending PUBACK to gatewayd-imx6ull-gateway-m6-838 (m205, rc0)
1788187859: Received PUBACK from auto-9ACF5720-ADDF-DD07-C4E8-67E9F83C7AFD (Mid: 205, RC:0)
1788187860: Received PUBLISH from gatewayd-imx6ull-gateway-m6-838 (d0, q1, r0, m206, 'vehicle/imx6ull-gateway-m6/telemetry/20260831T220718p0800-m6-lan-1000', ... (24740 bytes))
1788187860: Sending PUBLISH to auto-9ACF5720-ADDF-DD07-C4E8-67E9F83C7AFD (d0, q1, r0, m206, 'vehicle/imx6ull-gateway-m6/telemetry/20260831T220718p0800-m6-lan-1000', ... (24740 bytes))
1788187860: Sending PUBACK to gatewayd-imx6ull-gateway-m6-838 (m206, rc0)
1788187860: Received PUBACK from auto-9ACF5720-ADDF-DD07-C4E8-67E9F83C7AFD (Mid: 206, RC:0)
1788187861: Received PUBLISH from gatewayd-imx6ull-gateway-m6-838 (d0, q1, r0, m207, 'vehicle/imx6ull-gateway-m6/telemetry/20260831T220718p0800-m6-lan-1000', ... (24439 bytes))
1788187861: Sending PUBLISH to auto-9ACF5720-ADDF-DD07-C4E8-67E9F83C7AFD (d0, q1, r0, m207, 'vehicle/imx6ull-gateway-m6/telemetry/20260831T220718p0800-m6-lan-1000', ... (24439 bytes))
1788187861: Sending PUBACK to gatewayd-imx6ull-gateway-m6-838 (m207, rc0)
1788187861: Received PUBACK from auto-9ACF5720-ADDF-DD07-C4E8-67E9F83C7AFD (Mid: 207, RC:0)
1788187862: Received PUBLISH from gatewayd-imx6ull-gateway-m6-838 (d0, q1, r0, m208, 'vehicle/imx6ull-gateway-m6/telemetry/20260831T220718p0800-m6-lan-1000', ... (24507 bytes))
1788187862: Sending PUBLISH to auto-9ACF5720-ADDF-DD07-C4E8-67E9F83C7AFD (d0, q1, r0, m208, 'vehicle/imx6ull-gateway-m6/telemetry/20260831T220718p0800-m6-lan-1000', ... (24507 bytes))
1788187862: Sending PUBACK to gatewayd-imx6ull-gateway-m6-838 (m208, rc0)
1788187862: Received PUBACK from auto-9ACF5720-ADDF-DD07-C4E8-67E9F83C7AFD (Mid: 208, RC:0)
1788187863: Received PUBLISH from gatewayd-imx6ull-gateway-m6-838 (d0, q1, r0, m209, 'vehicle/imx6ull-gateway-m6/telemetry/20260831T220718p0800-m6-lan-1000', ... (24699 bytes))
1788187863: Sending PUBLISH to auto-9ACF5720-ADDF-DD07-C4E8-67E9F83C7AFD (d0, q1, r0, m209, 'vehicle/imx6ull-gateway-m6/telemetry/20260831T220718p0800-m6-lan-1000', ... (24699 bytes))
1788187863: Sending PUBACK to gatewayd-imx6ull-gateway-m6-838 (m209, rc0)
1788187863: Received PUBACK from auto-9ACF5720-ADDF-DD07-C4E8-67E9F83C7AFD (Mid: 209, RC:0)
1788187864: Received PUBLISH from gatewayd-imx6ull-gateway-m6-838 (d0, q1, r0, m210, 'vehicle/imx6ull-gateway-m6/telemetry/20260831T220718p0800-m6-lan-1000', ... (24459 bytes))
1788187864: Sending PUBLISH to auto-9ACF5720-ADDF-DD07-C4E8-67E9F83C7AFD (d0, q1, r0, m210, 'vehicle/imx6ull-gateway-m6/telemetry/20260831T220718p0800-m6-lan-1000', ... (24459 bytes))
1788187864: Sending PUBACK to gatewayd-imx6ull-gateway-m6-838 (m210, rc0)
1788187864: Received PUBACK from auto-9ACF5720-ADDF-DD07-C4E8-67E9F83C7AFD (Mid: 210, RC:0)
1788187865: Received PUBLISH from gatewayd-imx6ull-gateway-m6-838 (d0, q1, r0, m211, 'vehicle/imx6ull-gateway-m6/telemetry/20260831T220718p0800-m6-lan-1000', ... (24528 bytes))
1788187865: Sending PUBLISH to auto-9ACF5720-ADDF-DD07-C4E8-67E9F83C7AFD (d0, q1, r0, m211, 'vehicle/imx6ull-gateway-m6/telemetry/20260831T220718p0800-m6-lan-1000', ... (24528 bytes))
1788187865: Sending PUBACK to gatewayd-imx6ull-gateway-m6-838 (m211, rc0)
1788187865: Received PUBACK from auto-9ACF5720-ADDF-DD07-C4E8-67E9F83C7AFD (Mid: 211, RC:0)
1788187866: Received PUBLISH from gatewayd-imx6ull-gateway-m6-838 (d0, q1, r0, m212, 'vehicle/imx6ull-gateway-m6/telemetry/20260831T220718p0800-m6-lan-1000', ... (24432 bytes))
1788187866: Sending PUBLISH to auto-9ACF5720-ADDF-DD07-C4E8-67E9F83C7AFD (d0, q1, r0, m212, 'vehicle/imx6ull-gateway-m6/telemetry/20260831T220718p0800-m6-lan-1000', ... (24432 bytes))
1788187866: Sending PUBACK to gatewayd-imx6ull-gateway-m6-838 (m212, rc0)
1788187866: Received PUBACK from auto-9ACF5720-ADDF-DD07-C4E8-67E9F83C7AFD (Mid: 212, RC:0)
1788187867: Received PUBLISH from gatewayd-imx6ull-gateway-m6-838 (d0, q1, r0, m213, 'vehicle/imx6ull-gateway-m6/telemetry/20260831T220718p0800-m6-lan-1000', ... (24514 bytes))
1788187867: Sending PUBLISH to auto-9ACF5720-ADDF-DD07-C4E8-67E9F83C7AFD (d0, q1, r0, m213, 'vehicle/imx6ull-gateway-m6/telemetry/20260831T220718p0800-m6-lan-1000', ... (24514 bytes))
1788187867: Sending PUBACK to gatewayd-imx6ull-gateway-m6-838 (m213, rc0)
1788187867: Received PUBACK from auto-9ACF5720-ADDF-DD07-C4E8-67E9F83C7AFD (Mid: 213, RC:0)
1788187868: Received PUBLISH from gatewayd-imx6ull-gateway-m6-838 (d0, q1, r0, m214, 'vehicle/imx6ull-gateway-m6/telemetry/20260831T220718p0800-m6-lan-1000', ... (24692 bytes))
1788187868: Sending PUBLISH to auto-9ACF5720-ADDF-DD07-C4E8-67E9F83C7AFD (d0, q1, r0, m214, 'vehicle/imx6ull-gateway-m6/telemetry/20260831T220718p0800-m6-lan-1000', ... (24692 bytes))
1788187868: Sending PUBACK to gatewayd-imx6ull-gateway-m6-838 (m214, rc0)
1788187868: Received PUBACK from auto-9ACF5720-ADDF-DD07-C4E8-67E9F83C7AFD (Mid: 214, RC:0)
1788187869: Received PUBLISH from gatewayd-imx6ull-gateway-m6-838 (d0, q1, r0, m215, 'vehicle/imx6ull-gateway-m6/telemetry/20260831T220718p0800-m6-lan-1000', ... (24466 bytes))
1788187869: Sending PUBLISH to auto-9ACF5720-ADDF-DD07-C4E8-67E9F83C7AFD (d0, q1, r0, m215, 'vehicle/imx6ull-gateway-m6/telemetry/20260831T220718p0800-m6-lan-1000', ... (24466 bytes))
1788187869: Sending PUBACK to gatewayd-imx6ull-gateway-m6-838 (m215, rc0)
1788187869: Received PUBACK from auto-9ACF5720-ADDF-DD07-C4E8-67E9F83C7AFD (Mid: 215, RC:0)
1788187870: Received PUBLISH from gatewayd-imx6ull-gateway-m6-838 (d0, q1, r0, m216, 'vehicle/imx6ull-gateway-m6/telemetry/20260831T220718p0800-m6-lan-1000', ... (24740 bytes))
1788187870: Sending PUBLISH to auto-9ACF5720-ADDF-DD07-C4E8-67E9F83C7AFD (d0, q1, r0, m216, 'vehicle/imx6ull-gateway-m6/telemetry/20260831T220718p0800-m6-lan-1000', ... (24740 bytes))
1788187870: Sending PUBACK to gatewayd-imx6ull-gateway-m6-838 (m216, rc0)
1788187870: Received PUBACK from auto-9ACF5720-ADDF-DD07-C4E8-67E9F83C7AFD (Mid: 216, RC:0)
1788187871: Received PUBLISH from gatewayd-imx6ull-gateway-m6-838 (d0, q1, r0, m217, 'vehicle/imx6ull-gateway-m6/telemetry/20260831T220718p0800-m6-lan-1000', ... (24424 bytes))
1788187871: Sending PUBLISH to auto-9ACF5720-ADDF-DD07-C4E8-67E9F83C7AFD (d0, q1, r0, m217, 'vehicle/imx6ull-gateway-m6/telemetry/20260831T220718p0800-m6-lan-1000', ... (24424 bytes))
1788187871: Sending PUBACK to gatewayd-imx6ull-gateway-m6-838 (m217, rc0)
1788187871: Received PUBACK from auto-9ACF5720-ADDF-DD07-C4E8-67E9F83C7AFD (Mid: 217, RC:0)
1788187873: Received PUBLISH from gatewayd-imx6ull-gateway-m6-838 (d0, q1, r0, m218, 'vehicle/imx6ull-gateway-m6/telemetry/20260831T220718p0800-m6-lan-1000', ... (24522 bytes))
1788187873: Sending PUBLISH to auto-9ACF5720-ADDF-DD07-C4E8-67E9F83C7AFD (d0, q1, r0, m218, 'vehicle/imx6ull-gateway-m6/telemetry/20260831T220718p0800-m6-lan-1000', ... (24522 bytes))
1788187873: Sending PUBACK to gatewayd-imx6ull-gateway-m6-838 (m218, rc0)
1788187873: Received PUBACK from auto-9ACF5720-ADDF-DD07-C4E8-67E9F83C7AFD (Mid: 218, RC:0)
1788187874: Received PUBLISH from gatewayd-imx6ull-gateway-m6-838 (d0, q1, r0, m219, 'vehicle/imx6ull-gateway-m6/telemetry/20260831T220718p0800-m6-lan-1000', ... (24876 bytes))
1788187874: Sending PUBLISH to auto-9ACF5720-ADDF-DD07-C4E8-67E9F83C7AFD (d0, q1, r0, m219, 'vehicle/imx6ull-gateway-m6/telemetry/20260831T220718p0800-m6-lan-1000', ... (24876 bytes))
1788187874: Sending PUBACK to gatewayd-imx6ull-gateway-m6-838 (m219, rc0)
1788187874: Received PUBACK from auto-9ACF5720-ADDF-DD07-C4E8-67E9F83C7AFD (Mid: 219, RC:0)
1788187875: Received PUBLISH from gatewayd-imx6ull-gateway-m6-838 (d0, q1, r0, m220, 'vehicle/imx6ull-gateway-m6/telemetry/20260831T220718p0800-m6-lan-1000', ... (24464 bytes))
1788187875: Sending PUBLISH to auto-9ACF5720-ADDF-DD07-C4E8-67E9F83C7AFD (d0, q1, r0, m220, 'vehicle/imx6ull-gateway-m6/telemetry/20260831T220718p0800-m6-lan-1000', ... (24464 bytes))
1788187875: Sending PUBACK to gatewayd-imx6ull-gateway-m6-838 (m220, rc0)
1788187875: Received PUBACK from auto-9ACF5720-ADDF-DD07-C4E8-67E9F83C7AFD (Mid: 220, RC:0)
1788187876: Received PUBLISH from gatewayd-imx6ull-gateway-m6-838 (d0, q1, r0, m221, 'vehicle/imx6ull-gateway-m6/telemetry/20260831T220718p0800-m6-lan-1000', ... (24729 bytes))
1788187876: Sending PUBLISH to auto-9ACF5720-ADDF-DD07-C4E8-67E9F83C7AFD (d0, q1, r0, m221, 'vehicle/imx6ull-gateway-m6/telemetry/20260831T220718p0800-m6-lan-1000', ... (24729 bytes))
1788187876: Sending PUBACK to gatewayd-imx6ull-gateway-m6-838 (m221, rc0)
1788187876: Received PUBACK from auto-9ACF5720-ADDF-DD07-C4E8-67E9F83C7AFD (Mid: 221, RC:0)
1788187877: Received PUBLISH from gatewayd-imx6ull-gateway-m6-838 (d0, q1, r0, m222, 'vehicle/imx6ull-gateway-m6/telemetry/20260831T220718p0800-m6-lan-1000', ... (24408 bytes))
1788187877: Sending PUBLISH to auto-9ACF5720-ADDF-DD07-C4E8-67E9F83C7AFD (d0, q1, r0, m222, 'vehicle/imx6ull-gateway-m6/telemetry/20260831T220718p0800-m6-lan-1000', ... (24408 bytes))
1788187877: Sending PUBACK to gatewayd-imx6ull-gateway-m6-838 (m222, rc0)
1788187877: Received PUBACK from auto-9ACF5720-ADDF-DD07-C4E8-67E9F83C7AFD (Mid: 222, RC:0)
1788187878: Received PUBLISH from gatewayd-imx6ull-gateway-m6-838 (d0, q1, r0, m223, 'vehicle/imx6ull-gateway-m6/telemetry/20260831T220718p0800-m6-lan-1000', ... (24518 bytes))
1788187878: Sending PUBLISH to auto-9ACF5720-ADDF-DD07-C4E8-67E9F83C7AFD (d0, q1, r0, m223, 'vehicle/imx6ull-gateway-m6/telemetry/20260831T220718p0800-m6-lan-1000', ... (24518 bytes))
1788187878: Sending PUBACK to gatewayd-imx6ull-gateway-m6-838 (m223, rc0)
1788187878: Received PUBACK from auto-9ACF5720-ADDF-DD07-C4E8-67E9F83C7AFD (Mid: 223, RC:0)
1788187879: Received PUBLISH from gatewayd-imx6ull-gateway-m6-838 (d0, q1, r0, m224, 'vehicle/imx6ull-gateway-m6/telemetry/20260831T220718p0800-m6-lan-1000', ... (24665 bytes))
1788187879: Sending PUBLISH to auto-9ACF5720-ADDF-DD07-C4E8-67E9F83C7AFD (d0, q1, r0, m224, 'vehicle/imx6ull-gateway-m6/telemetry/20260831T220718p0800-m6-lan-1000', ... (24665 bytes))
1788187879: Sending PUBACK to gatewayd-imx6ull-gateway-m6-838 (m224, rc0)
1788187879: Received PUBACK from auto-9ACF5720-ADDF-DD07-C4E8-67E9F83C7AFD (Mid: 224, RC:0)
1788187880: Received PUBLISH from gatewayd-imx6ull-gateway-m6-838 (d0, q1, r0, m225, 'vehicle/imx6ull-gateway-m6/telemetry/20260831T220718p0800-m6-lan-1000', ... (24472 bytes))
1788187880: Sending PUBLISH to auto-9ACF5720-ADDF-DD07-C4E8-67E9F83C7AFD (d0, q1, r0, m225, 'vehicle/imx6ull-gateway-m6/telemetry/20260831T220718p0800-m6-lan-1000', ... (24472 bytes))
1788187880: Sending PUBACK to gatewayd-imx6ull-gateway-m6-838 (m225, rc0)
1788187880: Received PUBACK from auto-9ACF5720-ADDF-DD07-C4E8-67E9F83C7AFD (Mid: 225, RC:0)
1788187881: Received PUBLISH from gatewayd-imx6ull-gateway-m6-838 (d0, q1, r0, m226, 'vehicle/imx6ull-gateway-m6/telemetry/20260831T220718p0800-m6-lan-1000', ... (24717 bytes))
1788187881: Sending PUBLISH to auto-9ACF5720-ADDF-DD07-C4E8-67E9F83C7AFD (d0, q1, r0, m226, 'vehicle/imx6ull-gateway-m6/telemetry/20260831T220718p0800-m6-lan-1000', ... (24717 bytes))
1788187881: Sending PUBACK to gatewayd-imx6ull-gateway-m6-838 (m226, rc0)
1788187881: Received PUBACK from auto-9ACF5720-ADDF-DD07-C4E8-67E9F83C7AFD (Mid: 226, RC:0)
1788187882: Received PUBLISH from gatewayd-imx6ull-gateway-m6-838 (d0, q1, r0, m227, 'vehicle/imx6ull-gateway-m6/telemetry/20260831T220718p0800-m6-lan-1000', ... (24420 bytes))
1788187882: Sending PUBLISH to auto-9ACF5720-ADDF-DD07-C4E8-67E9F83C7AFD (d0, q1, r0, m227, 'vehicle/imx6ull-gateway-m6/telemetry/20260831T220718p0800-m6-lan-1000', ... (24420 bytes))
1788187882: Sending PUBACK to gatewayd-imx6ull-gateway-m6-838 (m227, rc0)
1788187882: Received PUBACK from auto-9ACF5720-ADDF-DD07-C4E8-67E9F83C7AFD (Mid: 227, RC:0)
1788187883: Received PUBLISH from gatewayd-imx6ull-gateway-m6-838 (d0, q1, r0, m228, 'vehicle/imx6ull-gateway-m6/telemetry/20260831T220718p0800-m6-lan-1000', ... (24097 bytes))
1788187883: Sending PUBLISH to auto-9ACF5720-ADDF-DD07-C4E8-67E9F83C7AFD (d0, q1, r0, m228, 'vehicle/imx6ull-gateway-m6/telemetry/20260831T220718p0800-m6-lan-1000', ... (24097 bytes))
1788187883: Sending PUBACK to gatewayd-imx6ull-gateway-m6-838 (m228, rc0)
1788187883: Received PUBACK from auto-9ACF5720-ADDF-DD07-C4E8-67E9F83C7AFD (Mid: 228, RC:0)
1788187884: Received PUBLISH from gatewayd-imx6ull-gateway-m6-838 (d0, q1, r0, m229, 'vehicle/imx6ull-gateway-m6/telemetry/20260831T220718p0800-m6-lan-1000', ... (24670 bytes))
1788187884: Sending PUBLISH to auto-9ACF5720-ADDF-DD07-C4E8-67E9F83C7AFD (d0, q1, r0, m229, 'vehicle/imx6ull-gateway-m6/telemetry/20260831T220718p0800-m6-lan-1000', ... (24670 bytes))
1788187884: Sending PUBACK to gatewayd-imx6ull-gateway-m6-838 (m229, rc0)
1788187884: Received PUBACK from auto-9ACF5720-ADDF-DD07-C4E8-67E9F83C7AFD (Mid: 229, RC:0)
1788187885: Received PUBLISH from gatewayd-imx6ull-gateway-m6-838 (d0, q1, r0, m230, 'vehicle/imx6ull-gateway-m6/telemetry/20260831T220718p0800-m6-lan-1000', ... (24276 bytes))
1788187885: Sending PUBLISH to auto-9ACF5720-ADDF-DD07-C4E8-67E9F83C7AFD (d0, q1, r0, m230, 'vehicle/imx6ull-gateway-m6/telemetry/20260831T220718p0800-m6-lan-1000', ... (24276 bytes))
1788187885: Sending PUBACK to gatewayd-imx6ull-gateway-m6-838 (m230, rc0)
1788187885: Received PUBACK from auto-9ACF5720-ADDF-DD07-C4E8-67E9F83C7AFD (Mid: 230, RC:0)
1788187886: Received PUBLISH from gatewayd-imx6ull-gateway-m6-838 (d0, q1, r0, m231, 'vehicle/imx6ull-gateway-m6/telemetry/20260831T220718p0800-m6-lan-1000', ... (24507 bytes))
1788187886: Sending PUBLISH to auto-9ACF5720-ADDF-DD07-C4E8-67E9F83C7AFD (d0, q1, r0, m231, 'vehicle/imx6ull-gateway-m6/telemetry/20260831T220718p0800-m6-lan-1000', ... (24507 bytes))
1788187886: Sending PUBACK to gatewayd-imx6ull-gateway-m6-838 (m231, rc0)
1788187886: Received PUBACK from auto-9ACF5720-ADDF-DD07-C4E8-67E9F83C7AFD (Mid: 231, RC:0)
1788187887: Received PUBLISH from gatewayd-imx6ull-gateway-m6-838 (d0, q1, r0, m232, 'vehicle/imx6ull-gateway-m6/telemetry/20260831T220718p0800-m6-lan-1000', ... (24651 bytes))
1788187887: Sending PUBLISH to auto-9ACF5720-ADDF-DD07-C4E8-67E9F83C7AFD (d0, q1, r0, m232, 'vehicle/imx6ull-gateway-m6/telemetry/20260831T220718p0800-m6-lan-1000', ... (24651 bytes))
1788187887: Sending PUBACK to gatewayd-imx6ull-gateway-m6-838 (m232, rc0)
1788187887: Received PUBACK from auto-9ACF5720-ADDF-DD07-C4E8-67E9F83C7AFD (Mid: 232, RC:0)
1788187888: Received PUBLISH from gatewayd-imx6ull-gateway-m6-838 (d0, q1, r0, m233, 'vehicle/imx6ull-gateway-m6/telemetry/20260831T220718p0800-m6-lan-1000', ... (24528 bytes))
1788187888: Sending PUBLISH to auto-9ACF5720-ADDF-DD07-C4E8-67E9F83C7AFD (d0, q1, r0, m233, 'vehicle/imx6ull-gateway-m6/telemetry/20260831T220718p0800-m6-lan-1000', ... (24528 bytes))
1788187888: Sending PUBACK to gatewayd-imx6ull-gateway-m6-838 (m233, rc0)
1788187888: Received PUBACK from auto-9ACF5720-ADDF-DD07-C4E8-67E9F83C7AFD (Mid: 233, RC:0)
1788187889: Received PUBLISH from gatewayd-imx6ull-gateway-m6-838 (d0, q1, r0, m234, 'vehicle/imx6ull-gateway-m6/telemetry/20260831T220718p0800-m6-lan-1000', ... (24240 bytes))
1788187889: Sending PUBLISH to auto-9ACF5720-ADDF-DD07-C4E8-67E9F83C7AFD (d0, q1, r0, m234, 'vehicle/imx6ull-gateway-m6/telemetry/20260831T220718p0800-m6-lan-1000', ... (24240 bytes))
1788187889: Sending PUBACK to gatewayd-imx6ull-gateway-m6-838 (m234, rc0)
1788187889: Received PUBACK from auto-9ACF5720-ADDF-DD07-C4E8-67E9F83C7AFD (Mid: 234, RC:0)
1788187890: Received PUBLISH from gatewayd-imx6ull-gateway-m6-838 (d0, q1, r0, m235, 'vehicle/imx6ull-gateway-m6/telemetry/20260831T220718p0800-m6-lan-1000', ... (24706 bytes))
1788187890: Sending PUBLISH to auto-9ACF5720-ADDF-DD07-C4E8-67E9F83C7AFD (d0, q1, r0, m235, 'vehicle/imx6ull-gateway-m6/telemetry/20260831T220718p0800-m6-lan-1000', ... (24706 bytes))
1788187890: Sending PUBACK to gatewayd-imx6ull-gateway-m6-838 (m235, rc0)
1788187890: Received PUBACK from auto-9ACF5720-ADDF-DD07-C4E8-67E9F83C7AFD (Mid: 235, RC:0)
1788187891: Received PUBLISH from gatewayd-imx6ull-gateway-m6-838 (d0, q1, r0, m236, 'vehicle/imx6ull-gateway-m6/telemetry/20260831T220718p0800-m6-lan-1000', ... (24289 bytes))
1788187891: Sending PUBLISH to auto-9ACF5720-ADDF-DD07-C4E8-67E9F83C7AFD (d0, q1, r0, m236, 'vehicle/imx6ull-gateway-m6/telemetry/20260831T220718p0800-m6-lan-1000', ... (24289 bytes))
1788187891: Sending PUBACK to gatewayd-imx6ull-gateway-m6-838 (m236, rc0)
1788187891: Received PUBACK from auto-9ACF5720-ADDF-DD07-C4E8-67E9F83C7AFD (Mid: 236, RC:0)
1788187892: Received PUBLISH from gatewayd-imx6ull-gateway-m6-838 (d0, q1, r0, m237, 'vehicle/imx6ull-gateway-m6/telemetry/20260831T220718p0800-m6-lan-1000', ... (24445 bytes))
1788187892: Sending PUBLISH to auto-9ACF5720-ADDF-DD07-C4E8-67E9F83C7AFD (d0, q1, r0, m237, 'vehicle/imx6ull-gateway-m6/telemetry/20260831T220718p0800-m6-lan-1000', ... (24445 bytes))
1788187892: Sending PUBACK to gatewayd-imx6ull-gateway-m6-838 (m237, rc0)
1788187892: Received PUBACK from auto-9ACF5720-ADDF-DD07-C4E8-67E9F83C7AFD (Mid: 237, RC:0)
1788187893: Received PUBLISH from gatewayd-imx6ull-gateway-m6-838 (d0, q1, r0, m238, 'vehicle/imx6ull-gateway-m6/telemetry/20260831T220718p0800-m6-lan-1000', ... (24740 bytes))
1788187893: Sending PUBLISH to auto-9ACF5720-ADDF-DD07-C4E8-67E9F83C7AFD (d0, q1, r0, m238, 'vehicle/imx6ull-gateway-m6/telemetry/20260831T220718p0800-m6-lan-1000', ... (24740 bytes))
1788187893: Sending PUBACK to gatewayd-imx6ull-gateway-m6-838 (m238, rc0)
1788187893: Received PUBACK from auto-9ACF5720-ADDF-DD07-C4E8-67E9F83C7AFD (Mid: 238, RC:0)
1788187894: Received PUBLISH from gatewayd-imx6ull-gateway-m6-838 (d0, q1, r0, m239, 'vehicle/imx6ull-gateway-m6/telemetry/20260831T220718p0800-m6-lan-1000', ... (24445 bytes))
1788187894: Sending PUBLISH to auto-9ACF5720-ADDF-DD07-C4E8-67E9F83C7AFD (d0, q1, r0, m239, 'vehicle/imx6ull-gateway-m6/telemetry/20260831T220718p0800-m6-lan-1000', ... (24445 bytes))
1788187894: Sending PUBACK to gatewayd-imx6ull-gateway-m6-838 (m239, rc0)
1788187894: Received PUBACK from auto-9ACF5720-ADDF-DD07-C4E8-67E9F83C7AFD (Mid: 239, RC:0)
1788187895: Received PUBLISH from gatewayd-imx6ull-gateway-m6-838 (d0, q1, r0, m240, 'vehicle/imx6ull-gateway-m6/telemetry/20260831T220718p0800-m6-lan-1000', ... (24501 bytes))
1788187895: Sending PUBLISH to auto-9ACF5720-ADDF-DD07-C4E8-67E9F83C7AFD (d0, q1, r0, m240, 'vehicle/imx6ull-gateway-m6/telemetry/20260831T220718p0800-m6-lan-1000', ... (24501 bytes))
1788187895: Sending PUBACK to gatewayd-imx6ull-gateway-m6-838 (m240, rc0)
1788187895: Received PUBACK from auto-9ACF5720-ADDF-DD07-C4E8-67E9F83C7AFD (Mid: 240, RC:0)
1788187896: Received PUBLISH from gatewayd-imx6ull-gateway-m6-838 (d0, q1, r0, m241, 'vehicle/imx6ull-gateway-m6/telemetry/20260831T220718p0800-m6-lan-1000', ... (24492 bytes))
1788187896: Sending PUBLISH to auto-9ACF5720-ADDF-DD07-C4E8-67E9F83C7AFD (d0, q1, r0, m241, 'vehicle/imx6ull-gateway-m6/telemetry/20260831T220718p0800-m6-lan-1000', ... (24492 bytes))
1788187896: Sending PUBACK to gatewayd-imx6ull-gateway-m6-838 (m241, rc0)
1788187896: Received PUBACK from auto-9ACF5720-ADDF-DD07-C4E8-67E9F83C7AFD (Mid: 241, RC:0)
1788187897: Received PUBLISH from gatewayd-imx6ull-gateway-m6-838 (d0, q1, r0, m242, 'vehicle/imx6ull-gateway-m6/telemetry/20260831T220718p0800-m6-lan-1000', ... (24238 bytes))
1788187897: Sending PUBLISH to auto-9ACF5720-ADDF-DD07-C4E8-67E9F83C7AFD (d0, q1, r0, m242, 'vehicle/imx6ull-gateway-m6/telemetry/20260831T220718p0800-m6-lan-1000', ... (24238 bytes))
1788187897: Sending PUBACK to gatewayd-imx6ull-gateway-m6-838 (m242, rc0)
1788187897: Received PUBACK from auto-9ACF5720-ADDF-DD07-C4E8-67E9F83C7AFD (Mid: 242, RC:0)
1788187898: Received PUBLISH from gatewayd-imx6ull-gateway-m6-838 (d0, q1, r0, m243, 'vehicle/imx6ull-gateway-m6/telemetry/20260831T220718p0800-m6-lan-1000', ... (24732 bytes))
1788187898: Sending PUBLISH to auto-9ACF5720-ADDF-DD07-C4E8-67E9F83C7AFD (d0, q1, r0, m243, 'vehicle/imx6ull-gateway-m6/telemetry/20260831T220718p0800-m6-lan-1000', ... (24732 bytes))
1788187898: Sending PUBACK to gatewayd-imx6ull-gateway-m6-838 (m243, rc0)
1788187898: Received PUBACK from auto-9ACF5720-ADDF-DD07-C4E8-67E9F83C7AFD (Mid: 243, RC:0)
1788187899: Received PUBLISH from gatewayd-imx6ull-gateway-m6-838 (d0, q1, r0, m244, 'vehicle/imx6ull-gateway-m6/telemetry/20260831T220718p0800-m6-lan-1000', ... (24420 bytes))
1788187899: Sending PUBLISH to auto-9ACF5720-ADDF-DD07-C4E8-67E9F83C7AFD (d0, q1, r0, m244, 'vehicle/imx6ull-gateway-m6/telemetry/20260831T220718p0800-m6-lan-1000', ... (24420 bytes))
1788187899: Sending PUBACK to gatewayd-imx6ull-gateway-m6-838 (m244, rc0)
1788187899: Received PUBACK from auto-9ACF5720-ADDF-DD07-C4E8-67E9F83C7AFD (Mid: 244, RC:0)
1788187901: Received PUBLISH from gatewayd-imx6ull-gateway-m6-838 (d0, q1, r0, m245, 'vehicle/imx6ull-gateway-m6/telemetry/20260831T220718p0800-m6-lan-1000', ... (24495 bytes))
1788187901: Sending PUBLISH to auto-9ACF5720-ADDF-DD07-C4E8-67E9F83C7AFD (d0, q1, r0, m245, 'vehicle/imx6ull-gateway-m6/telemetry/20260831T220718p0800-m6-lan-1000', ... (24495 bytes))
1788187901: Sending PUBACK to gatewayd-imx6ull-gateway-m6-838 (m245, rc0)
1788187901: Received PUBACK from auto-9ACF5720-ADDF-DD07-C4E8-67E9F83C7AFD (Mid: 245, RC:0)
1788187902: Received PUBLISH from gatewayd-imx6ull-gateway-m6-838 (d0, q1, r0, m246, 'vehicle/imx6ull-gateway-m6/telemetry/20260831T220718p0800-m6-lan-1000', ... (24685 bytes))
1788187902: Sending PUBLISH to auto-9ACF5720-ADDF-DD07-C4E8-67E9F83C7AFD (d0, q1, r0, m246, 'vehicle/imx6ull-gateway-m6/telemetry/20260831T220718p0800-m6-lan-1000', ... (24685 bytes))
1788187902: Sending PUBACK to gatewayd-imx6ull-gateway-m6-838 (m246, rc0)
1788187902: Received PUBACK from auto-9ACF5720-ADDF-DD07-C4E8-67E9F83C7AFD (Mid: 246, RC:0)
1788187903: Received PUBLISH from gatewayd-imx6ull-gateway-m6-838 (d0, q1, r0, m247, 'vehicle/imx6ull-gateway-m6/telemetry/20260831T220718p0800-m6-lan-1000', ... (24446 bytes))
1788187903: Sending PUBLISH to auto-9ACF5720-ADDF-DD07-C4E8-67E9F83C7AFD (d0, q1, r0, m247, 'vehicle/imx6ull-gateway-m6/telemetry/20260831T220718p0800-m6-lan-1000', ... (24446 bytes))
1788187903: Sending PUBACK to gatewayd-imx6ull-gateway-m6-838 (m247, rc0)
1788187903: Received PUBACK from auto-9ACF5720-ADDF-DD07-C4E8-67E9F83C7AFD (Mid: 247, RC:0)
1788187904: Received PUBLISH from gatewayd-imx6ull-gateway-m6-838 (d0, q1, r0, m248, 'vehicle/imx6ull-gateway-m6/telemetry/20260831T220718p0800-m6-lan-1000', ... (24727 bytes))
1788187904: Sending PUBLISH to auto-9ACF5720-ADDF-DD07-C4E8-67E9F83C7AFD (d0, q1, r0, m248, 'vehicle/imx6ull-gateway-m6/telemetry/20260831T220718p0800-m6-lan-1000', ... (24727 bytes))
1788187904: Sending PUBACK to gatewayd-imx6ull-gateway-m6-838 (m248, rc0)
1788187904: Received PUBACK from auto-9ACF5720-ADDF-DD07-C4E8-67E9F83C7AFD (Mid: 248, RC:0)
1788187905: Received PUBLISH from gatewayd-imx6ull-gateway-m6-838 (d0, q1, r0, m249, 'vehicle/imx6ull-gateway-m6/telemetry/20260831T220718p0800-m6-lan-1000', ... (24420 bytes))
1788187905: Sending PUBLISH to auto-9ACF5720-ADDF-DD07-C4E8-67E9F83C7AFD (d0, q1, r0, m249, 'vehicle/imx6ull-gateway-m6/telemetry/20260831T220718p0800-m6-lan-1000', ... (24420 bytes))
1788187905: Sending PUBACK to gatewayd-imx6ull-gateway-m6-838 (m249, rc0)
1788187905: Received PUBACK from auto-9ACF5720-ADDF-DD07-C4E8-67E9F83C7AFD (Mid: 249, RC:0)
1788187906: Received PUBLISH from gatewayd-imx6ull-gateway-m6-838 (d0, q1, r0, m250, 'vehicle/imx6ull-gateway-m6/telemetry/20260831T220718p0800-m6-lan-1000', ... (24503 bytes))
1788187906: Sending PUBLISH to auto-9ACF5720-ADDF-DD07-C4E8-67E9F83C7AFD (d0, q1, r0, m250, 'vehicle/imx6ull-gateway-m6/telemetry/20260831T220718p0800-m6-lan-1000', ... (24503 bytes))
1788187906: Sending PUBACK to gatewayd-imx6ull-gateway-m6-838 (m250, rc0)
1788187906: Received PUBACK from auto-9ACF5720-ADDF-DD07-C4E8-67E9F83C7AFD (Mid: 250, RC:0)
1788187907: Received PUBLISH from gatewayd-imx6ull-gateway-m6-838 (d0, q1, r0, m251, 'vehicle/imx6ull-gateway-m6/telemetry/20260831T220718p0800-m6-lan-1000', ... (24891 bytes))
1788187907: Sending PUBLISH to auto-9ACF5720-ADDF-DD07-C4E8-67E9F83C7AFD (d0, q1, r0, m251, 'vehicle/imx6ull-gateway-m6/telemetry/20260831T220718p0800-m6-lan-1000', ... (24891 bytes))
1788187907: Sending PUBACK to gatewayd-imx6ull-gateway-m6-838 (m251, rc0)
1788187907: Received PUBACK from auto-9ACF5720-ADDF-DD07-C4E8-67E9F83C7AFD (Mid: 251, RC:0)
1788187908: Received PUBLISH from gatewayd-imx6ull-gateway-m6-838 (d0, q1, r0, m252, 'vehicle/imx6ull-gateway-m6/telemetry/20260831T220718p0800-m6-lan-1000', ... (24244 bytes))
1788187908: Sending PUBLISH to auto-9ACF5720-ADDF-DD07-C4E8-67E9F83C7AFD (d0, q1, r0, m252, 'vehicle/imx6ull-gateway-m6/telemetry/20260831T220718p0800-m6-lan-1000', ... (24244 bytes))
1788187908: Sending PUBACK to gatewayd-imx6ull-gateway-m6-838 (m252, rc0)
1788187908: Received PUBACK from auto-9ACF5720-ADDF-DD07-C4E8-67E9F83C7AFD (Mid: 252, RC:0)
1788187909: Received PUBLISH from gatewayd-imx6ull-gateway-m6-838 (d0, q1, r0, m253, 'vehicle/imx6ull-gateway-m6/telemetry/20260831T220718p0800-m6-lan-1000', ... (24735 bytes))
1788187909: Sending PUBLISH to auto-9ACF5720-ADDF-DD07-C4E8-67E9F83C7AFD (d0, q1, r0, m253, 'vehicle/imx6ull-gateway-m6/telemetry/20260831T220718p0800-m6-lan-1000', ... (24735 bytes))
1788187909: Sending PUBACK to gatewayd-imx6ull-gateway-m6-838 (m253, rc0)
1788187909: Received PUBACK from auto-9ACF5720-ADDF-DD07-C4E8-67E9F83C7AFD (Mid: 253, RC:0)
1788187910: Received PUBLISH from gatewayd-imx6ull-gateway-m6-838 (d0, q1, r0, m254, 'vehicle/imx6ull-gateway-m6/telemetry/20260831T220718p0800-m6-lan-1000', ... (24212 bytes))
1788187910: Sending PUBLISH to auto-9ACF5720-ADDF-DD07-C4E8-67E9F83C7AFD (d0, q1, r0, m254, 'vehicle/imx6ull-gateway-m6/telemetry/20260831T220718p0800-m6-lan-1000', ... (24212 bytes))
1788187910: Sending PUBACK to gatewayd-imx6ull-gateway-m6-838 (m254, rc0)
1788187910: Received PUBACK from auto-9ACF5720-ADDF-DD07-C4E8-67E9F83C7AFD (Mid: 254, RC:0)
1788187911: Received PUBLISH from gatewayd-imx6ull-gateway-m6-838 (d0, q1, r0, m255, 'vehicle/imx6ull-gateway-m6/telemetry/20260831T220718p0800-m6-lan-1000', ... (24520 bytes))
1788187911: Sending PUBLISH to auto-9ACF5720-ADDF-DD07-C4E8-67E9F83C7AFD (d0, q1, r0, m255, 'vehicle/imx6ull-gateway-m6/telemetry/20260831T220718p0800-m6-lan-1000', ... (24520 bytes))
1788187911: Sending PUBACK to gatewayd-imx6ull-gateway-m6-838 (m255, rc0)
1788187911: Received PUBACK from auto-9ACF5720-ADDF-DD07-C4E8-67E9F83C7AFD (Mid: 255, RC:0)
1788187912: Received PUBLISH from gatewayd-imx6ull-gateway-m6-838 (d0, q1, r0, m256, 'vehicle/imx6ull-gateway-m6/telemetry/20260831T220718p0800-m6-lan-1000', ... (24684 bytes))
1788187912: Sending PUBLISH to auto-9ACF5720-ADDF-DD07-C4E8-67E9F83C7AFD (d0, q1, r0, m256, 'vehicle/imx6ull-gateway-m6/telemetry/20260831T220718p0800-m6-lan-1000', ... (24684 bytes))
1788187912: Sending PUBACK to gatewayd-imx6ull-gateway-m6-838 (m256, rc0)
1788187912: Received PUBACK from auto-9ACF5720-ADDF-DD07-C4E8-67E9F83C7AFD (Mid: 256, RC:0)
1788187913: Received PUBLISH from gatewayd-imx6ull-gateway-m6-838 (d0, q1, r0, m257, 'vehicle/imx6ull-gateway-m6/telemetry/20260831T220718p0800-m6-lan-1000', ... (24472 bytes))
1788187913: Sending PUBLISH to auto-9ACF5720-ADDF-DD07-C4E8-67E9F83C7AFD (d0, q1, r0, m257, 'vehicle/imx6ull-gateway-m6/telemetry/20260831T220718p0800-m6-lan-1000', ... (24472 bytes))
1788187913: Sending PUBACK to gatewayd-imx6ull-gateway-m6-838 (m257, rc0)
1788187913: Received PUBACK from auto-9ACF5720-ADDF-DD07-C4E8-67E9F83C7AFD (Mid: 257, RC:0)
1788187914: Received PUBLISH from gatewayd-imx6ull-gateway-m6-838 (d0, q1, r0, m258, 'vehicle/imx6ull-gateway-m6/telemetry/20260831T220718p0800-m6-lan-1000', ... (24315 bytes))
1788187914: Sending PUBLISH to auto-9ACF5720-ADDF-DD07-C4E8-67E9F83C7AFD (d0, q1, r0, m258, 'vehicle/imx6ull-gateway-m6/telemetry/20260831T220718p0800-m6-lan-1000', ... (24315 bytes))
1788187914: Sending PUBACK to gatewayd-imx6ull-gateway-m6-838 (m258, rc0)
1788187914: Received PUBACK from auto-9ACF5720-ADDF-DD07-C4E8-67E9F83C7AFD (Mid: 258, RC:0)
1788187915: Received PUBLISH from gatewayd-imx6ull-gateway-m6-838 (d0, q1, r0, m259, 'vehicle/imx6ull-gateway-m6/telemetry/20260831T220718p0800-m6-lan-1000', ... (24629 bytes))
1788187915: Sending PUBLISH to auto-9ACF5720-ADDF-DD07-C4E8-67E9F83C7AFD (d0, q1, r0, m259, 'vehicle/imx6ull-gateway-m6/telemetry/20260831T220718p0800-m6-lan-1000', ... (24629 bytes))
1788187915: Sending PUBACK to gatewayd-imx6ull-gateway-m6-838 (m259, rc0)
1788187915: Received PUBACK from auto-9ACF5720-ADDF-DD07-C4E8-67E9F83C7AFD (Mid: 259, RC:0)
1788187916: Received PUBLISH from gatewayd-imx6ull-gateway-m6-838 (d0, q1, r0, m260, 'vehicle/imx6ull-gateway-m6/telemetry/20260831T220718p0800-m6-lan-1000', ... (24527 bytes))
1788187916: Sending PUBLISH to auto-9ACF5720-ADDF-DD07-C4E8-67E9F83C7AFD (d0, q1, r0, m260, 'vehicle/imx6ull-gateway-m6/telemetry/20260831T220718p0800-m6-lan-1000', ... (24527 bytes))
1788187916: Sending PUBACK to gatewayd-imx6ull-gateway-m6-838 (m260, rc0)
1788187916: Received PUBACK from auto-9ACF5720-ADDF-DD07-C4E8-67E9F83C7AFD (Mid: 260, RC:0)
1788187917: Received PUBLISH from gatewayd-imx6ull-gateway-m6-838 (d0, q1, r0, m261, 'vehicle/imx6ull-gateway-m6/telemetry/20260831T220718p0800-m6-lan-1000', ... (24677 bytes))
1788187917: Sending PUBLISH to auto-9ACF5720-ADDF-DD07-C4E8-67E9F83C7AFD (d0, q1, r0, m261, 'vehicle/imx6ull-gateway-m6/telemetry/20260831T220718p0800-m6-lan-1000', ... (24677 bytes))
1788187917: Sending PUBACK to gatewayd-imx6ull-gateway-m6-838 (m261, rc0)
1788187917: Received PUBACK from auto-9ACF5720-ADDF-DD07-C4E8-67E9F83C7AFD (Mid: 261, RC:0)
1788187918: Received PUBLISH from gatewayd-imx6ull-gateway-m6-838 (d0, q1, r0, m262, 'vehicle/imx6ull-gateway-m6/telemetry/20260831T220718p0800-m6-lan-1000', ... (24479 bytes))
1788187918: Sending PUBLISH to auto-9ACF5720-ADDF-DD07-C4E8-67E9F83C7AFD (d0, q1, r0, m262, 'vehicle/imx6ull-gateway-m6/telemetry/20260831T220718p0800-m6-lan-1000', ... (24479 bytes))
1788187918: Sending PUBACK to gatewayd-imx6ull-gateway-m6-838 (m262, rc0)
1788187918: Received PUBACK from auto-9ACF5720-ADDF-DD07-C4E8-67E9F83C7AFD (Mid: 262, RC:0)
1788187919: Received PUBLISH from gatewayd-imx6ull-gateway-m6-838 (d0, q1, r0, m263, 'vehicle/imx6ull-gateway-m6/telemetry/20260831T220718p0800-m6-lan-1000', ... (24519 bytes))
1788187919: Sending PUBLISH to auto-9ACF5720-ADDF-DD07-C4E8-67E9F83C7AFD (d0, q1, r0, m263, 'vehicle/imx6ull-gateway-m6/telemetry/20260831T220718p0800-m6-lan-1000', ... (24519 bytes))
1788187919: Sending PUBACK to gatewayd-imx6ull-gateway-m6-838 (m263, rc0)
1788187919: Received PUBACK from auto-9ACF5720-ADDF-DD07-C4E8-67E9F83C7AFD (Mid: 263, RC:0)
1788187920: Received PUBLISH from gatewayd-imx6ull-gateway-m6-838 (d0, q1, r0, m264, 'vehicle/imx6ull-gateway-m6/telemetry/20260831T220718p0800-m6-lan-1000', ... (24637 bytes))
1788187920: Sending PUBLISH to auto-9ACF5720-ADDF-DD07-C4E8-67E9F83C7AFD (d0, q1, r0, m264, 'vehicle/imx6ull-gateway-m6/telemetry/20260831T220718p0800-m6-lan-1000', ... (24637 bytes))
1788187920: Sending PUBACK to gatewayd-imx6ull-gateway-m6-838 (m264, rc0)
1788187920: Received PUBACK from auto-9ACF5720-ADDF-DD07-C4E8-67E9F83C7AFD (Mid: 264, RC:0)
1788187921: Received PUBLISH from gatewayd-imx6ull-gateway-m6-838 (d0, q1, r0, m265, 'vehicle/imx6ull-gateway-m6/telemetry/20260831T220718p0800-m6-lan-1000', ... (24527 bytes))
1788187921: Sending PUBLISH to auto-9ACF5720-ADDF-DD07-C4E8-67E9F83C7AFD (d0, q1, r0, m265, 'vehicle/imx6ull-gateway-m6/telemetry/20260831T220718p0800-m6-lan-1000', ... (24527 bytes))
1788187921: Sending PUBACK to gatewayd-imx6ull-gateway-m6-838 (m265, rc0)
1788187921: Received PUBACK from auto-9ACF5720-ADDF-DD07-C4E8-67E9F83C7AFD (Mid: 265, RC:0)
1788187922: Received PUBLISH from gatewayd-imx6ull-gateway-m6-838 (d0, q1, r0, m266, 'vehicle/imx6ull-gateway-m6/telemetry/20260831T220718p0800-m6-lan-1000', ... (24457 bytes))
1788187922: Sending PUBLISH to auto-9ACF5720-ADDF-DD07-C4E8-67E9F83C7AFD (d0, q1, r0, m266, 'vehicle/imx6ull-gateway-m6/telemetry/20260831T220718p0800-m6-lan-1000', ... (24457 bytes))
1788187922: Sending PUBACK to gatewayd-imx6ull-gateway-m6-838 (m266, rc0)
1788187922: Received PUBACK from auto-9ACF5720-ADDF-DD07-C4E8-67E9F83C7AFD (Mid: 266, RC:0)
1788187923: Received PUBLISH from gatewayd-imx6ull-gateway-m6-838 (d0, q1, r0, m267, 'vehicle/imx6ull-gateway-m6/telemetry/20260831T220718p0800-m6-lan-1000', ... (24487 bytes))
1788187923: Sending PUBLISH to auto-9ACF5720-ADDF-DD07-C4E8-67E9F83C7AFD (d0, q1, r0, m267, 'vehicle/imx6ull-gateway-m6/telemetry/20260831T220718p0800-m6-lan-1000', ... (24487 bytes))
1788187923: Sending PUBACK to gatewayd-imx6ull-gateway-m6-838 (m267, rc0)
1788187923: Received PUBACK from auto-9ACF5720-ADDF-DD07-C4E8-67E9F83C7AFD (Mid: 267, RC:0)
1788187924: Received PUBLISH from gatewayd-imx6ull-gateway-m6-838 (d0, q1, r0, m268, 'vehicle/imx6ull-gateway-m6/telemetry/20260831T220718p0800-m6-lan-1000', ... (24494 bytes))
1788187924: Sending PUBLISH to auto-9ACF5720-ADDF-DD07-C4E8-67E9F83C7AFD (d0, q1, r0, m268, 'vehicle/imx6ull-gateway-m6/telemetry/20260831T220718p0800-m6-lan-1000', ... (24494 bytes))
1788187924: Sending PUBACK to gatewayd-imx6ull-gateway-m6-838 (m268, rc0)
1788187924: Received PUBACK from auto-9ACF5720-ADDF-DD07-C4E8-67E9F83C7AFD (Mid: 268, RC:0)
1788187925: Received PUBLISH from gatewayd-imx6ull-gateway-m6-838 (d0, q1, r0, m269, 'vehicle/imx6ull-gateway-m6/telemetry/20260831T220718p0800-m6-lan-1000', ... (24635 bytes))
1788187925: Sending PUBLISH to auto-9ACF5720-ADDF-DD07-C4E8-67E9F83C7AFD (d0, q1, r0, m269, 'vehicle/imx6ull-gateway-m6/telemetry/20260831T220718p0800-m6-lan-1000', ... (24635 bytes))
1788187925: Sending PUBACK to gatewayd-imx6ull-gateway-m6-838 (m269, rc0)
1788187925: Received PUBACK from auto-9ACF5720-ADDF-DD07-C4E8-67E9F83C7AFD (Mid: 269, RC:0)
1788187927: Received PUBLISH from gatewayd-imx6ull-gateway-m6-838 (d0, q1, r0, m270, 'vehicle/imx6ull-gateway-m6/telemetry/20260831T220718p0800-m6-lan-1000', ... (24517 bytes))
1788187927: Sending PUBLISH to auto-9ACF5720-ADDF-DD07-C4E8-67E9F83C7AFD (d0, q1, r0, m270, 'vehicle/imx6ull-gateway-m6/telemetry/20260831T220718p0800-m6-lan-1000', ... (24517 bytes))
1788187927: Sending PUBACK to gatewayd-imx6ull-gateway-m6-838 (m270, rc0)
1788187927: Received PUBACK from auto-9ACF5720-ADDF-DD07-C4E8-67E9F83C7AFD (Mid: 270, RC:0)
1788187928: Received PUBLISH from gatewayd-imx6ull-gateway-m6-838 (d0, q1, r0, m271, 'vehicle/imx6ull-gateway-m6/telemetry/20260831T220718p0800-m6-lan-1000', ... (24440 bytes))
1788187928: Sending PUBLISH to auto-9ACF5720-ADDF-DD07-C4E8-67E9F83C7AFD (d0, q1, r0, m271, 'vehicle/imx6ull-gateway-m6/telemetry/20260831T220718p0800-m6-lan-1000', ... (24440 bytes))
1788187928: Sending PUBACK to gatewayd-imx6ull-gateway-m6-838 (m271, rc0)
1788187928: Received PUBACK from auto-9ACF5720-ADDF-DD07-C4E8-67E9F83C7AFD (Mid: 271, RC:0)
1788187929: Received PUBLISH from gatewayd-imx6ull-gateway-m6-838 (d0, q1, r0, m272, 'vehicle/imx6ull-gateway-m6/telemetry/20260831T220718p0800-m6-lan-1000', ... (24694 bytes))
1788187929: Sending PUBLISH to auto-9ACF5720-ADDF-DD07-C4E8-67E9F83C7AFD (d0, q1, r0, m272, 'vehicle/imx6ull-gateway-m6/telemetry/20260831T220718p0800-m6-lan-1000', ... (24694 bytes))
1788187929: Sending PUBACK to gatewayd-imx6ull-gateway-m6-838 (m272, rc0)
1788187929: Received PUBACK from auto-9ACF5720-ADDF-DD07-C4E8-67E9F83C7AFD (Mid: 272, RC:0)
1788187930: Received PUBLISH from gatewayd-imx6ull-gateway-m6-838 (d0, q1, r0, m273, 'vehicle/imx6ull-gateway-m6/telemetry/20260831T220718p0800-m6-lan-1000', ... (24489 bytes))
1788187930: Sending PUBLISH to auto-9ACF5720-ADDF-DD07-C4E8-67E9F83C7AFD (d0, q1, r0, m273, 'vehicle/imx6ull-gateway-m6/telemetry/20260831T220718p0800-m6-lan-1000', ... (24489 bytes))
1788187930: Sending PUBACK to gatewayd-imx6ull-gateway-m6-838 (m273, rc0)
1788187930: Received PUBACK from auto-9ACF5720-ADDF-DD07-C4E8-67E9F83C7AFD (Mid: 273, RC:0)
1788187931: Received PUBLISH from gatewayd-imx6ull-gateway-m6-838 (d0, q1, r0, m274, 'vehicle/imx6ull-gateway-m6/telemetry/20260831T220718p0800-m6-lan-1000', ... (24435 bytes))
1788187931: Sending PUBLISH to auto-9ACF5720-ADDF-DD07-C4E8-67E9F83C7AFD (d0, q1, r0, m274, 'vehicle/imx6ull-gateway-m6/telemetry/20260831T220718p0800-m6-lan-1000', ... (24435 bytes))
1788187931: Sending PUBACK to gatewayd-imx6ull-gateway-m6-838 (m274, rc0)
1788187931: Received PUBACK from auto-9ACF5720-ADDF-DD07-C4E8-67E9F83C7AFD (Mid: 274, RC:0)
1788187932: Received PUBLISH from gatewayd-imx6ull-gateway-m6-838 (d0, q1, r0, m275, 'vehicle/imx6ull-gateway-m6/telemetry/20260831T220718p0800-m6-lan-1000', ... (24516 bytes))
1788187932: Sending PUBLISH to auto-9ACF5720-ADDF-DD07-C4E8-67E9F83C7AFD (d0, q1, r0, m275, 'vehicle/imx6ull-gateway-m6/telemetry/20260831T220718p0800-m6-lan-1000', ... (24516 bytes))
1788187932: Sending PUBACK to gatewayd-imx6ull-gateway-m6-838 (m275, rc0)
1788187932: Received PUBACK from auto-9ACF5720-ADDF-DD07-C4E8-67E9F83C7AFD (Mid: 275, RC:0)
1788187933: Received PUBLISH from gatewayd-imx6ull-gateway-m6-838 (d0, q1, r0, m276, 'vehicle/imx6ull-gateway-m6/telemetry/20260831T220718p0800-m6-lan-1000', ... (24223 bytes))
1788187933: Sending PUBLISH to auto-9ACF5720-ADDF-DD07-C4E8-67E9F83C7AFD (d0, q1, r0, m276, 'vehicle/imx6ull-gateway-m6/telemetry/20260831T220718p0800-m6-lan-1000', ... (24223 bytes))
1788187933: Sending PUBACK to gatewayd-imx6ull-gateway-m6-838 (m276, rc0)
1788187933: Received PUBACK from auto-9ACF5720-ADDF-DD07-C4E8-67E9F83C7AFD (Mid: 276, RC:0)
1788187934: Received PUBLISH from gatewayd-imx6ull-gateway-m6-838 (d0, q1, r0, m277, 'vehicle/imx6ull-gateway-m6/telemetry/20260831T220718p0800-m6-lan-1000', ... (24700 bytes))
1788187934: Sending PUBLISH to auto-9ACF5720-ADDF-DD07-C4E8-67E9F83C7AFD (d0, q1, r0, m277, 'vehicle/imx6ull-gateway-m6/telemetry/20260831T220718p0800-m6-lan-1000', ... (24700 bytes))
1788187934: Sending PUBACK to gatewayd-imx6ull-gateway-m6-838 (m277, rc0)
1788187934: Received PUBACK from auto-9ACF5720-ADDF-DD07-C4E8-67E9F83C7AFD (Mid: 277, RC:0)
1788187935: Received PUBLISH from gatewayd-imx6ull-gateway-m6-838 (d0, q1, r0, m278, 'vehicle/imx6ull-gateway-m6/telemetry/20260831T220718p0800-m6-lan-1000', ... (24493 bytes))
1788187935: Sending PUBLISH to auto-9ACF5720-ADDF-DD07-C4E8-67E9F83C7AFD (d0, q1, r0, m278, 'vehicle/imx6ull-gateway-m6/telemetry/20260831T220718p0800-m6-lan-1000', ... (24493 bytes))
1788187935: Sending PUBACK to gatewayd-imx6ull-gateway-m6-838 (m278, rc0)
1788187935: Received PUBACK from auto-9ACF5720-ADDF-DD07-C4E8-67E9F83C7AFD (Mid: 278, RC:0)
1788187936: Received PUBLISH from gatewayd-imx6ull-gateway-m6-838 (d0, q1, r0, m279, 'vehicle/imx6ull-gateway-m6/telemetry/20260831T220718p0800-m6-lan-1000', ... (24451 bytes))
1788187936: Sending PUBLISH to auto-9ACF5720-ADDF-DD07-C4E8-67E9F83C7AFD (d0, q1, r0, m279, 'vehicle/imx6ull-gateway-m6/telemetry/20260831T220718p0800-m6-lan-1000', ... (24451 bytes))
1788187936: Sending PUBACK to gatewayd-imx6ull-gateway-m6-838 (m279, rc0)
1788187936: Received PUBACK from auto-9ACF5720-ADDF-DD07-C4E8-67E9F83C7AFD (Mid: 279, RC:0)
1788187937: Received PUBLISH from gatewayd-imx6ull-gateway-m6-838 (d0, q1, r0, m280, 'vehicle/imx6ull-gateway-m6/telemetry/20260831T220718p0800-m6-lan-1000', ... (24739 bytes))
1788187937: Sending PUBLISH to auto-9ACF5720-ADDF-DD07-C4E8-67E9F83C7AFD (d0, q1, r0, m280, 'vehicle/imx6ull-gateway-m6/telemetry/20260831T220718p0800-m6-lan-1000', ... (24739 bytes))
1788187937: Sending PUBACK to gatewayd-imx6ull-gateway-m6-838 (m280, rc0)
1788187937: Received PUBACK from auto-9ACF5720-ADDF-DD07-C4E8-67E9F83C7AFD (Mid: 280, RC:0)
1788187938: Received PUBLISH from gatewayd-imx6ull-gateway-m6-838 (d0, q1, r0, m281, 'vehicle/imx6ull-gateway-m6/telemetry/20260831T220718p0800-m6-lan-1000', ... (24437 bytes))
1788187938: Sending PUBLISH to auto-9ACF5720-ADDF-DD07-C4E8-67E9F83C7AFD (d0, q1, r0, m281, 'vehicle/imx6ull-gateway-m6/telemetry/20260831T220718p0800-m6-lan-1000', ... (24437 bytes))
1788187938: Sending PUBACK to gatewayd-imx6ull-gateway-m6-838 (m281, rc0)
1788187938: Received PUBACK from auto-9ACF5720-ADDF-DD07-C4E8-67E9F83C7AFD (Mid: 281, RC:0)
1788187939: Received PUBLISH from gatewayd-imx6ull-gateway-m6-838 (d0, q1, r0, m282, 'vehicle/imx6ull-gateway-m6/telemetry/20260831T220718p0800-m6-lan-1000', ... (24719 bytes))
1788187939: Sending PUBLISH to auto-9ACF5720-ADDF-DD07-C4E8-67E9F83C7AFD (d0, q1, r0, m282, 'vehicle/imx6ull-gateway-m6/telemetry/20260831T220718p0800-m6-lan-1000', ... (24719 bytes))
1788187939: Sending PUBACK to gatewayd-imx6ull-gateway-m6-838 (m282, rc0)
1788187939: Received PUBACK from auto-9ACF5720-ADDF-DD07-C4E8-67E9F83C7AFD (Mid: 282, RC:0)
1788187940: Received PUBLISH from gatewayd-imx6ull-gateway-m6-838 (d0, q1, r0, m283, 'vehicle/imx6ull-gateway-m6/telemetry/20260831T220718p0800-m6-lan-1000', ... (24485 bytes))
1788187940: Sending PUBLISH to auto-9ACF5720-ADDF-DD07-C4E8-67E9F83C7AFD (d0, q1, r0, m283, 'vehicle/imx6ull-gateway-m6/telemetry/20260831T220718p0800-m6-lan-1000', ... (24485 bytes))
1788187940: Sending PUBACK to gatewayd-imx6ull-gateway-m6-838 (m283, rc0)
1788187940: Received PUBACK from auto-9ACF5720-ADDF-DD07-C4E8-67E9F83C7AFD (Mid: 283, RC:0)
1788187941: Received PUBLISH from gatewayd-imx6ull-gateway-m6-838 (d0, q1, r0, m284, 'vehicle/imx6ull-gateway-m6/telemetry/20260831T220718p0800-m6-lan-1000', ... (24247 bytes))
1788187941: Sending PUBLISH to auto-9ACF5720-ADDF-DD07-C4E8-67E9F83C7AFD (d0, q1, r0, m284, 'vehicle/imx6ull-gateway-m6/telemetry/20260831T220718p0800-m6-lan-1000', ... (24247 bytes))
1788187941: Sending PUBACK to gatewayd-imx6ull-gateway-m6-838 (m284, rc0)
1788187941: Received PUBACK from auto-9ACF5720-ADDF-DD07-C4E8-67E9F83C7AFD (Mid: 284, RC:0)
1788187942: Received PUBLISH from gatewayd-imx6ull-gateway-m6-838 (d0, q1, r0, m285, 'vehicle/imx6ull-gateway-m6/telemetry/20260831T220718p0800-m6-lan-1000', ... (24739 bytes))
1788187942: Sending PUBLISH to auto-9ACF5720-ADDF-DD07-C4E8-67E9F83C7AFD (d0, q1, r0, m285, 'vehicle/imx6ull-gateway-m6/telemetry/20260831T220718p0800-m6-lan-1000', ... (24739 bytes))
1788187942: Sending PUBACK to gatewayd-imx6ull-gateway-m6-838 (m285, rc0)
1788187942: Received PUBACK from auto-9ACF5720-ADDF-DD07-C4E8-67E9F83C7AFD (Mid: 285, RC:0)
1788187943: Received PUBLISH from gatewayd-imx6ull-gateway-m6-838 (d0, q1, r0, m286, 'vehicle/imx6ull-gateway-m6/telemetry/20260831T220718p0800-m6-lan-1000', ... (24430 bytes))
1788187943: Sending PUBLISH to auto-9ACF5720-ADDF-DD07-C4E8-67E9F83C7AFD (d0, q1, r0, m286, 'vehicle/imx6ull-gateway-m6/telemetry/20260831T220718p0800-m6-lan-1000', ... (24430 bytes))
1788187943: Sending PUBACK to gatewayd-imx6ull-gateway-m6-838 (m286, rc0)
1788187943: Received PUBACK from auto-9ACF5720-ADDF-DD07-C4E8-67E9F83C7AFD (Mid: 286, RC:0)
1788187944: Received PUBLISH from gatewayd-imx6ull-gateway-m6-838 (d0, q1, r0, m287, 'vehicle/imx6ull-gateway-m6/telemetry/20260831T220718p0800-m6-lan-1000', ... (24514 bytes))
1788187944: Sending PUBLISH to auto-9ACF5720-ADDF-DD07-C4E8-67E9F83C7AFD (d0, q1, r0, m287, 'vehicle/imx6ull-gateway-m6/telemetry/20260831T220718p0800-m6-lan-1000', ... (24514 bytes))
1788187944: Sending PUBACK to gatewayd-imx6ull-gateway-m6-838 (m287, rc0)
1788187944: Received PUBACK from auto-9ACF5720-ADDF-DD07-C4E8-67E9F83C7AFD (Mid: 287, RC:0)
1788187945: Received PUBLISH from gatewayd-imx6ull-gateway-m6-838 (d0, q1, r0, m288, 'vehicle/imx6ull-gateway-m6/telemetry/20260831T220718p0800-m6-lan-1000', ... (24690 bytes))
1788187945: Sending PUBLISH to auto-9ACF5720-ADDF-DD07-C4E8-67E9F83C7AFD (d0, q1, r0, m288, 'vehicle/imx6ull-gateway-m6/telemetry/20260831T220718p0800-m6-lan-1000', ... (24690 bytes))
1788187945: Sending PUBACK to gatewayd-imx6ull-gateway-m6-838 (m288, rc0)
1788187945: Received PUBACK from auto-9ACF5720-ADDF-DD07-C4E8-67E9F83C7AFD (Mid: 288, RC:0)
1788187946: Received PUBLISH from gatewayd-imx6ull-gateway-m6-838 (d0, q1, r0, m289, 'vehicle/imx6ull-gateway-m6/telemetry/20260831T220718p0800-m6-lan-1000', ... (24466 bytes))
1788187946: Sending PUBLISH to auto-9ACF5720-ADDF-DD07-C4E8-67E9F83C7AFD (d0, q1, r0, m289, 'vehicle/imx6ull-gateway-m6/telemetry/20260831T220718p0800-m6-lan-1000', ... (24466 bytes))
1788187946: Sending PUBACK to gatewayd-imx6ull-gateway-m6-838 (m289, rc0)
1788187946: Received PUBACK from auto-9ACF5720-ADDF-DD07-C4E8-67E9F83C7AFD (Mid: 289, RC:0)
1788187947: Received PUBLISH from gatewayd-imx6ull-gateway-m6-838 (d0, q1, r0, m290, 'vehicle/imx6ull-gateway-m6/telemetry/20260831T220718p0800-m6-lan-1000', ... (24739 bytes))
1788187947: Sending PUBLISH to auto-9ACF5720-ADDF-DD07-C4E8-67E9F83C7AFD (d0, q1, r0, m290, 'vehicle/imx6ull-gateway-m6/telemetry/20260831T220718p0800-m6-lan-1000', ... (24739 bytes))
1788187947: Sending PUBACK to gatewayd-imx6ull-gateway-m6-838 (m290, rc0)
1788187947: Received PUBACK from auto-9ACF5720-ADDF-DD07-C4E8-67E9F83C7AFD (Mid: 290, RC:0)
1788187948: Received PUBLISH from gatewayd-imx6ull-gateway-m6-838 (d0, q1, r0, m291, 'vehicle/imx6ull-gateway-m6/telemetry/20260831T220718p0800-m6-lan-1000', ... (24422 bytes))
1788187948: Sending PUBLISH to auto-9ACF5720-ADDF-DD07-C4E8-67E9F83C7AFD (d0, q1, r0, m291, 'vehicle/imx6ull-gateway-m6/telemetry/20260831T220718p0800-m6-lan-1000', ... (24422 bytes))
1788187948: Sending PUBACK to gatewayd-imx6ull-gateway-m6-838 (m291, rc0)
1788187948: Received PUBACK from auto-9ACF5720-ADDF-DD07-C4E8-67E9F83C7AFD (Mid: 291, RC:0)
1788187949: Received PUBLISH from gatewayd-imx6ull-gateway-m6-838 (d0, q1, r0, m292, 'vehicle/imx6ull-gateway-m6/telemetry/20260831T220718p0800-m6-lan-1000', ... (24310 bytes))
1788187949: Sending PUBLISH to auto-9ACF5720-ADDF-DD07-C4E8-67E9F83C7AFD (d0, q1, r0, m292, 'vehicle/imx6ull-gateway-m6/telemetry/20260831T220718p0800-m6-lan-1000', ... (24310 bytes))
1788187949: Sending PUBACK to gatewayd-imx6ull-gateway-m6-838 (m292, rc0)
1788187949: Received PUBACK from auto-9ACF5720-ADDF-DD07-C4E8-67E9F83C7AFD (Mid: 292, RC:0)
1788187950: Received PUBLISH from gatewayd-imx6ull-gateway-m6-838 (d0, q1, r0, m293, 'vehicle/imx6ull-gateway-m6/telemetry/20260831T220718p0800-m6-lan-1000', ... (24663 bytes))
1788187950: Sending PUBLISH to auto-9ACF5720-ADDF-DD07-C4E8-67E9F83C7AFD (d0, q1, r0, m293, 'vehicle/imx6ull-gateway-m6/telemetry/20260831T220718p0800-m6-lan-1000', ... (24663 bytes))
1788187950: Sending PUBACK to gatewayd-imx6ull-gateway-m6-838 (m293, rc0)
1788187950: Received PUBACK from auto-9ACF5720-ADDF-DD07-C4E8-67E9F83C7AFD (Mid: 293, RC:0)
1788187951: Received PUBLISH from gatewayd-imx6ull-gateway-m6-838 (d0, q1, r0, m294, 'vehicle/imx6ull-gateway-m6/telemetry/20260831T220718p0800-m6-lan-1000', ... (24463 bytes))
1788187951: Sending PUBLISH to auto-9ACF5720-ADDF-DD07-C4E8-67E9F83C7AFD (d0, q1, r0, m294, 'vehicle/imx6ull-gateway-m6/telemetry/20260831T220718p0800-m6-lan-1000', ... (24463 bytes))
1788187951: Sending PUBACK to gatewayd-imx6ull-gateway-m6-838 (m294, rc0)
1788187951: Received PUBACK from auto-9ACF5720-ADDF-DD07-C4E8-67E9F83C7AFD (Mid: 294, RC:0)
1788187952: Received PUBLISH from gatewayd-imx6ull-gateway-m6-838 (d0, q1, r0, m295, 'vehicle/imx6ull-gateway-m6/telemetry/20260831T220718p0800-m6-lan-1000', ... (24728 bytes))
1788187952: Sending PUBLISH to auto-9ACF5720-ADDF-DD07-C4E8-67E9F83C7AFD (d0, q1, r0, m295, 'vehicle/imx6ull-gateway-m6/telemetry/20260831T220718p0800-m6-lan-1000', ... (24728 bytes))
1788187952: Sending PUBACK to gatewayd-imx6ull-gateway-m6-838 (m295, rc0)
1788187952: Received PUBACK from auto-9ACF5720-ADDF-DD07-C4E8-67E9F83C7AFD (Mid: 295, RC:0)
1788187953: Received PUBLISH from gatewayd-imx6ull-gateway-m6-838 (d0, q1, r0, m296, 'vehicle/imx6ull-gateway-m6/telemetry/20260831T220718p0800-m6-lan-1000', ... (24407 bytes))
1788187953: Sending PUBLISH to auto-9ACF5720-ADDF-DD07-C4E8-67E9F83C7AFD (d0, q1, r0, m296, 'vehicle/imx6ull-gateway-m6/telemetry/20260831T220718p0800-m6-lan-1000', ... (24407 bytes))
1788187953: Sending PUBACK to gatewayd-imx6ull-gateway-m6-838 (m296, rc0)
1788187953: Received PUBACK from auto-9ACF5720-ADDF-DD07-C4E8-67E9F83C7AFD (Mid: 296, RC:0)
1788187955: Received PUBLISH from gatewayd-imx6ull-gateway-m6-838 (d0, q1, r0, m297, 'vehicle/imx6ull-gateway-m6/telemetry/20260831T220718p0800-m6-lan-1000', ... (24517 bytes))
1788187955: Sending PUBLISH to auto-9ACF5720-ADDF-DD07-C4E8-67E9F83C7AFD (d0, q1, r0, m297, 'vehicle/imx6ull-gateway-m6/telemetry/20260831T220718p0800-m6-lan-1000', ... (24517 bytes))
1788187955: Sending PUBACK to gatewayd-imx6ull-gateway-m6-838 (m297, rc0)
1788187955: Received PUBACK from auto-9ACF5720-ADDF-DD07-C4E8-67E9F83C7AFD (Mid: 297, RC:0)
1788187956: Received PUBLISH from gatewayd-imx6ull-gateway-m6-838 (d0, q1, r0, m298, 'vehicle/imx6ull-gateway-m6/telemetry/20260831T220718p0800-m6-lan-1000', ... (24875 bytes))
1788187956: Sending PUBLISH to auto-9ACF5720-ADDF-DD07-C4E8-67E9F83C7AFD (d0, q1, r0, m298, 'vehicle/imx6ull-gateway-m6/telemetry/20260831T220718p0800-m6-lan-1000', ... (24875 bytes))
1788187956: Sending PUBACK to gatewayd-imx6ull-gateway-m6-838 (m298, rc0)
1788187956: Received PUBACK from auto-9ACF5720-ADDF-DD07-C4E8-67E9F83C7AFD (Mid: 298, RC:0)
1788187957: Received PUBLISH from gatewayd-imx6ull-gateway-m6-838 (d0, q1, r0, m299, 'vehicle/imx6ull-gateway-m6/telemetry/20260831T220718p0800-m6-lan-1000', ... (24471 bytes))
1788187957: Sending PUBLISH to auto-9ACF5720-ADDF-DD07-C4E8-67E9F83C7AFD (d0, q1, r0, m299, 'vehicle/imx6ull-gateway-m6/telemetry/20260831T220718p0800-m6-lan-1000', ... (24471 bytes))
1788187957: Sending PUBACK to gatewayd-imx6ull-gateway-m6-838 (m299, rc0)
1788187957: Received PUBACK from auto-9ACF5720-ADDF-DD07-C4E8-67E9F83C7AFD (Mid: 299, RC:0)
1788187958: Received PUBLISH from gatewayd-imx6ull-gateway-m6-838 (d0, q1, r0, m300, 'vehicle/imx6ull-gateway-m6/telemetry/20260831T220718p0800-m6-lan-1000', ... (24716 bytes))
1788187958: Sending PUBLISH to auto-9ACF5720-ADDF-DD07-C4E8-67E9F83C7AFD (d0, q1, r0, m300, 'vehicle/imx6ull-gateway-m6/telemetry/20260831T220718p0800-m6-lan-1000', ... (24716 bytes))
1788187958: Sending PUBACK to gatewayd-imx6ull-gateway-m6-838 (m300, rc0)
1788187958: Received PUBACK from auto-9ACF5720-ADDF-DD07-C4E8-67E9F83C7AFD (Mid: 300, RC:0)
1788187959: Received PUBLISH from gatewayd-imx6ull-gateway-m6-838 (d0, q1, r0, m301, 'vehicle/imx6ull-gateway-m6/telemetry/20260831T220718p0800-m6-lan-1000', ... (24419 bytes))
1788187959: Sending PUBLISH to auto-9ACF5720-ADDF-DD07-C4E8-67E9F83C7AFD (d0, q1, r0, m301, 'vehicle/imx6ull-gateway-m6/telemetry/20260831T220718p0800-m6-lan-1000', ... (24419 bytes))
1788187959: Sending PUBACK to gatewayd-imx6ull-gateway-m6-838 (m301, rc0)
1788187959: Received PUBACK from auto-9ACF5720-ADDF-DD07-C4E8-67E9F83C7AFD (Mid: 301, RC:0)
1788187960: Received PUBLISH from gatewayd-imx6ull-gateway-m6-838 (d0, q1, r0, m302, 'vehicle/imx6ull-gateway-m6/telemetry/20260831T220718p0800-m6-lan-1000', ... (24520 bytes))
1788187960: Sending PUBLISH to auto-9ACF5720-ADDF-DD07-C4E8-67E9F83C7AFD (d0, q1, r0, m302, 'vehicle/imx6ull-gateway-m6/telemetry/20260831T220718p0800-m6-lan-1000', ... (24520 bytes))
1788187960: Sending PUBACK to gatewayd-imx6ull-gateway-m6-838 (m302, rc0)
1788187960: Received PUBACK from auto-9ACF5720-ADDF-DD07-C4E8-67E9F83C7AFD (Mid: 302, RC:0)
1788187961: Received PUBLISH from gatewayd-imx6ull-gateway-m6-838 (d0, q1, r0, m303, 'vehicle/imx6ull-gateway-m6/telemetry/20260831T220718p0800-m6-lan-1000', ... (24667 bytes))
1788187961: Sending PUBLISH to auto-9ACF5720-ADDF-DD07-C4E8-67E9F83C7AFD (d0, q1, r0, m303, 'vehicle/imx6ull-gateway-m6/telemetry/20260831T220718p0800-m6-lan-1000', ... (24667 bytes))
1788187961: Sending PUBACK to gatewayd-imx6ull-gateway-m6-838 (m303, rc0)
1788187961: Received PUBACK from auto-9ACF5720-ADDF-DD07-C4E8-67E9F83C7AFD (Mid: 303, RC:0)
1788187962: Received PUBLISH from gatewayd-imx6ull-gateway-m6-838 (d0, q1, r0, m304, 'vehicle/imx6ull-gateway-m6/telemetry/20260831T220718p0800-m6-lan-1000', ... (24489 bytes))
1788187962: Sending PUBLISH to auto-9ACF5720-ADDF-DD07-C4E8-67E9F83C7AFD (d0, q1, r0, m304, 'vehicle/imx6ull-gateway-m6/telemetry/20260831T220718p0800-m6-lan-1000', ... (24489 bytes))
1788187962: Sending PUBACK to gatewayd-imx6ull-gateway-m6-838 (m304, rc0)
1788187962: Received PUBACK from auto-9ACF5720-ADDF-DD07-C4E8-67E9F83C7AFD (Mid: 304, RC:0)
1788187963: Received PUBLISH from gatewayd-imx6ull-gateway-m6-838 (d0, q1, r0, m305, 'vehicle/imx6ull-gateway-m6/telemetry/20260831T220718p0800-m6-lan-1000', ... (24926 bytes))
1788187963: Sending PUBLISH to auto-9ACF5720-ADDF-DD07-C4E8-67E9F83C7AFD (d0, q1, r0, m305, 'vehicle/imx6ull-gateway-m6/telemetry/20260831T220718p0800-m6-lan-1000', ... (24926 bytes))
1788187963: Sending PUBACK to gatewayd-imx6ull-gateway-m6-838 (m305, rc0)
1788187963: Received PUBACK from auto-9ACF5720-ADDF-DD07-C4E8-67E9F83C7AFD (Mid: 305, RC:0)
1788187964: Received PUBLISH from gatewayd-imx6ull-gateway-m6-838 (d0, q1, r0, m306, 'vehicle/imx6ull-gateway-m6/telemetry/20260831T220718p0800-m6-lan-1000', ... (24442 bytes))
1788187964: Sending PUBLISH to auto-9ACF5720-ADDF-DD07-C4E8-67E9F83C7AFD (d0, q1, r0, m306, 'vehicle/imx6ull-gateway-m6/telemetry/20260831T220718p0800-m6-lan-1000', ... (24442 bytes))
1788187964: Sending PUBACK to gatewayd-imx6ull-gateway-m6-838 (m306, rc0)
1788187964: Received PUBACK from auto-9ACF5720-ADDF-DD07-C4E8-67E9F83C7AFD (Mid: 306, RC:0)
1788187965: Received PUBLISH from gatewayd-imx6ull-gateway-m6-838 (d0, q1, r0, m307, 'vehicle/imx6ull-gateway-m6/telemetry/20260831T220718p0800-m6-lan-1000', ... (24527 bytes))
1788187965: Sending PUBLISH to auto-9ACF5720-ADDF-DD07-C4E8-67E9F83C7AFD (d0, q1, r0, m307, 'vehicle/imx6ull-gateway-m6/telemetry/20260831T220718p0800-m6-lan-1000', ... (24527 bytes))
1788187965: Sending PUBACK to gatewayd-imx6ull-gateway-m6-838 (m307, rc0)
1788187965: Received PUBACK from auto-9ACF5720-ADDF-DD07-C4E8-67E9F83C7AFD (Mid: 307, RC:0)
1788187966: Received PUBLISH from gatewayd-imx6ull-gateway-m6-838 (d0, q1, r0, m308, 'vehicle/imx6ull-gateway-m6/telemetry/20260831T220718p0800-m6-lan-1000', ... (24658 bytes))
1788187966: Sending PUBLISH to auto-9ACF5720-ADDF-DD07-C4E8-67E9F83C7AFD (d0, q1, r0, m308, 'vehicle/imx6ull-gateway-m6/telemetry/20260831T220718p0800-m6-lan-1000', ... (24658 bytes))
1788187966: Sending PUBACK to gatewayd-imx6ull-gateway-m6-838 (m308, rc0)
1788187966: Received PUBACK from auto-9ACF5720-ADDF-DD07-C4E8-67E9F83C7AFD (Mid: 308, RC:0)
1788187967: Received PUBLISH from gatewayd-imx6ull-gateway-m6-838 (d0, q1, r0, m309, 'vehicle/imx6ull-gateway-m6/telemetry/20260831T220718p0800-m6-lan-1000', ... (24498 bytes))
1788187967: Sending PUBLISH to auto-9ACF5720-ADDF-DD07-C4E8-67E9F83C7AFD (d0, q1, r0, m309, 'vehicle/imx6ull-gateway-m6/telemetry/20260831T220718p0800-m6-lan-1000', ... (24498 bytes))
1788187967: Sending PUBACK to gatewayd-imx6ull-gateway-m6-838 (m309, rc0)
1788187967: Received PUBACK from auto-9ACF5720-ADDF-DD07-C4E8-67E9F83C7AFD (Mid: 309, RC:0)
1788187968: Received PUBLISH from gatewayd-imx6ull-gateway-m6-838 (d0, q1, r0, m310, 'vehicle/imx6ull-gateway-m6/telemetry/20260831T220718p0800-m6-lan-1000', ... (24706 bytes))
1788187968: Sending PUBLISH to auto-9ACF5720-ADDF-DD07-C4E8-67E9F83C7AFD (d0, q1, r0, m310, 'vehicle/imx6ull-gateway-m6/telemetry/20260831T220718p0800-m6-lan-1000', ... (24706 bytes))
1788187968: Sending PUBACK to gatewayd-imx6ull-gateway-m6-838 (m310, rc0)
1788187968: Received PUBACK from auto-9ACF5720-ADDF-DD07-C4E8-67E9F83C7AFD (Mid: 310, RC:0)
1788187969: Received PUBLISH from gatewayd-imx6ull-gateway-m6-838 (d0, q1, r0, m311, 'vehicle/imx6ull-gateway-m6/telemetry/20260831T220718p0800-m6-lan-1000', ... (24238 bytes))
1788187969: Sending PUBLISH to auto-9ACF5720-ADDF-DD07-C4E8-67E9F83C7AFD (d0, q1, r0, m311, 'vehicle/imx6ull-gateway-m6/telemetry/20260831T220718p0800-m6-lan-1000', ... (24238 bytes))
1788187969: Sending PUBACK to gatewayd-imx6ull-gateway-m6-838 (m311, rc0)
1788187969: Received PUBACK from auto-9ACF5720-ADDF-DD07-C4E8-67E9F83C7AFD (Mid: 311, RC:0)
1788187970: Received PUBLISH from gatewayd-imx6ull-gateway-m6-838 (d0, q1, r0, m312, 'vehicle/imx6ull-gateway-m6/telemetry/20260831T220718p0800-m6-lan-1000', ... (24527 bytes))
1788187970: Sending PUBLISH to auto-9ACF5720-ADDF-DD07-C4E8-67E9F83C7AFD (d0, q1, r0, m312, 'vehicle/imx6ull-gateway-m6/telemetry/20260831T220718p0800-m6-lan-1000', ... (24527 bytes))
1788187970: Sending PUBACK to gatewayd-imx6ull-gateway-m6-838 (m312, rc0)
1788187970: Received PUBACK from auto-9ACF5720-ADDF-DD07-C4E8-67E9F83C7AFD (Mid: 312, RC:0)
1788187971: Received PUBLISH from gatewayd-imx6ull-gateway-m6-838 (d0, q1, r0, m313, 'vehicle/imx6ull-gateway-m6/telemetry/20260831T220718p0800-m6-lan-1000', ... (24651 bytes))
1788187971: Sending PUBLISH to auto-9ACF5720-ADDF-DD07-C4E8-67E9F83C7AFD (d0, q1, r0, m313, 'vehicle/imx6ull-gateway-m6/telemetry/20260831T220718p0800-m6-lan-1000', ... (24651 bytes))
1788187971: Sending PUBACK to gatewayd-imx6ull-gateway-m6-838 (m313, rc0)
1788187971: Received PUBACK from auto-9ACF5720-ADDF-DD07-C4E8-67E9F83C7AFD (Mid: 313, RC:0)
1788187972: Received PUBLISH from gatewayd-imx6ull-gateway-m6-838 (d0, q1, r0, m314, 'vehicle/imx6ull-gateway-m6/telemetry/20260831T220718p0800-m6-lan-1000', ... (24505 bytes))
1788187972: Sending PUBLISH to auto-9ACF5720-ADDF-DD07-C4E8-67E9F83C7AFD (d0, q1, r0, m314, 'vehicle/imx6ull-gateway-m6/telemetry/20260831T220718p0800-m6-lan-1000', ... (24505 bytes))
1788187972: Sending PUBACK to gatewayd-imx6ull-gateway-m6-838 (m314, rc0)
1788187972: Received PUBACK from auto-9ACF5720-ADDF-DD07-C4E8-67E9F83C7AFD (Mid: 314, RC:0)
1788187973: Received PUBLISH from gatewayd-imx6ull-gateway-m6-838 (d0, q1, r0, m315, 'vehicle/imx6ull-gateway-m6/telemetry/20260831T220718p0800-m6-lan-1000', ... (24276 bytes))
1788187973: Sending PUBLISH to auto-9ACF5720-ADDF-DD07-C4E8-67E9F83C7AFD (d0, q1, r0, m315, 'vehicle/imx6ull-gateway-m6/telemetry/20260831T220718p0800-m6-lan-1000', ... (24276 bytes))
1788187973: Sending PUBACK to gatewayd-imx6ull-gateway-m6-838 (m315, rc0)
1788187973: Received PUBACK from auto-9ACF5720-ADDF-DD07-C4E8-67E9F83C7AFD (Mid: 315, RC:0)
1788187974: Received PUBLISH from gatewayd-imx6ull-gateway-m6-838 (d0, q1, r0, m316, 'vehicle/imx6ull-gateway-m6/telemetry/20260831T220718p0800-m6-lan-1000', ... (24668 bytes))
1788187974: Sending PUBLISH to auto-9ACF5720-ADDF-DD07-C4E8-67E9F83C7AFD (d0, q1, r0, m316, 'vehicle/imx6ull-gateway-m6/telemetry/20260831T220718p0800-m6-lan-1000', ... (24668 bytes))
1788187974: Sending PUBACK to gatewayd-imx6ull-gateway-m6-838 (m316, rc0)
1788187974: Received PUBACK from auto-9ACF5720-ADDF-DD07-C4E8-67E9F83C7AFD (Mid: 316, RC:0)
1788187975: Received PUBLISH from gatewayd-imx6ull-gateway-m6-838 (d0, q1, r0, m317, 'vehicle/imx6ull-gateway-m6/telemetry/20260831T220718p0800-m6-lan-1000', ... (24309 bytes))
1788187975: Sending PUBLISH to auto-9ACF5720-ADDF-DD07-C4E8-67E9F83C7AFD (d0, q1, r0, m317, 'vehicle/imx6ull-gateway-m6/telemetry/20260831T220718p0800-m6-lan-1000', ... (24309 bytes))
1788187975: Sending PUBACK to gatewayd-imx6ull-gateway-m6-838 (m317, rc0)
1788187975: Received PUBACK from auto-9ACF5720-ADDF-DD07-C4E8-67E9F83C7AFD (Mid: 317, RC:0)
1788187976: Received PUBLISH from gatewayd-imx6ull-gateway-m6-838 (d0, q1, r0, m318, 'vehicle/imx6ull-gateway-m6/telemetry/20260831T220718p0800-m6-lan-1000', ... (24627 bytes))
1788187976: Sending PUBLISH to auto-9ACF5720-ADDF-DD07-C4E8-67E9F83C7AFD (d0, q1, r0, m318, 'vehicle/imx6ull-gateway-m6/telemetry/20260831T220718p0800-m6-lan-1000', ... (24627 bytes))
1788187976: Sending PUBACK to gatewayd-imx6ull-gateway-m6-838 (m318, rc0)
1788187976: Received PUBACK from auto-9ACF5720-ADDF-DD07-C4E8-67E9F83C7AFD (Mid: 318, RC:0)
1788187977: Received PUBLISH from gatewayd-imx6ull-gateway-m6-838 (d0, q1, r0, m319, 'vehicle/imx6ull-gateway-m6/telemetry/20260831T220718p0800-m6-lan-1000', ... (24501 bytes))
1788187977: Sending PUBLISH to auto-9ACF5720-ADDF-DD07-C4E8-67E9F83C7AFD (d0, q1, r0, m319, 'vehicle/imx6ull-gateway-m6/telemetry/20260831T220718p0800-m6-lan-1000', ... (24501 bytes))
1788187977: Sending PUBACK to gatewayd-imx6ull-gateway-m6-838 (m319, rc0)
1788187977: Received PUBACK from auto-9ACF5720-ADDF-DD07-C4E8-67E9F83C7AFD (Mid: 319, RC:0)
1788187978: Received PUBLISH from gatewayd-imx6ull-gateway-m6-838 (d0, q1, r0, m320, 'vehicle/imx6ull-gateway-m6/telemetry/20260831T220718p0800-m6-lan-1000', ... (24471 bytes))
1788187978: Sending PUBLISH to auto-9ACF5720-ADDF-DD07-C4E8-67E9F83C7AFD (d0, q1, r0, m320, 'vehicle/imx6ull-gateway-m6/telemetry/20260831T220718p0800-m6-lan-1000', ... (24471 bytes))
1788187978: Sending PUBACK to gatewayd-imx6ull-gateway-m6-838 (m320, rc0)
1788187978: Received PUBACK from auto-9ACF5720-ADDF-DD07-C4E8-67E9F83C7AFD (Mid: 320, RC:0)
1788187979: Received PUBLISH from gatewayd-imx6ull-gateway-m6-838 (d0, q1, r0, m321, 'vehicle/imx6ull-gateway-m6/telemetry/20260831T220718p0800-m6-lan-1000', ... (24664 bytes))
1788187979: Sending PUBLISH to auto-9ACF5720-ADDF-DD07-C4E8-67E9F83C7AFD (d0, q1, r0, m321, 'vehicle/imx6ull-gateway-m6/telemetry/20260831T220718p0800-m6-lan-1000', ... (24664 bytes))
1788187979: Sending PUBACK to gatewayd-imx6ull-gateway-m6-838 (m321, rc0)
1788187979: Received PUBACK from auto-9ACF5720-ADDF-DD07-C4E8-67E9F83C7AFD (Mid: 321, RC:0)
1788187981: Received PUBLISH from gatewayd-imx6ull-gateway-m6-838 (d0, q1, r0, m322, 'vehicle/imx6ull-gateway-m6/telemetry/20260831T220718p0800-m6-lan-1000', ... (24517 bytes))
1788187981: Sending PUBLISH to auto-9ACF5720-ADDF-DD07-C4E8-67E9F83C7AFD (d0, q1, r0, m322, 'vehicle/imx6ull-gateway-m6/telemetry/20260831T220718p0800-m6-lan-1000', ... (24517 bytes))
1788187981: Sending PUBACK to gatewayd-imx6ull-gateway-m6-838 (m322, rc0)
1788187981: Received PUBACK from auto-9ACF5720-ADDF-DD07-C4E8-67E9F83C7AFD (Mid: 322, RC:0)
1788187982: Received PUBLISH from gatewayd-imx6ull-gateway-m6-838 (d0, q1, r0, m323, 'vehicle/imx6ull-gateway-m6/telemetry/20260831T220718p0800-m6-lan-1000', ... (24837 bytes))
1788187982: Sending PUBLISH to auto-9ACF5720-ADDF-DD07-C4E8-67E9F83C7AFD (d0, q1, r0, m323, 'vehicle/imx6ull-gateway-m6/telemetry/20260831T220718p0800-m6-lan-1000', ... (24837 bytes))
1788187982: Sending PUBACK to gatewayd-imx6ull-gateway-m6-838 (m323, rc0)
1788187982: Received PUBACK from auto-9ACF5720-ADDF-DD07-C4E8-67E9F83C7AFD (Mid: 323, RC:0)
1788187983: Received PUBLISH from gatewayd-imx6ull-gateway-m6-838 (d0, q1, r0, m324, 'vehicle/imx6ull-gateway-m6/telemetry/20260831T220718p0800-m6-lan-1000', ... (24509 bytes))
1788187983: Sending PUBLISH to auto-9ACF5720-ADDF-DD07-C4E8-67E9F83C7AFD (d0, q1, r0, m324, 'vehicle/imx6ull-gateway-m6/telemetry/20260831T220718p0800-m6-lan-1000', ... (24509 bytes))
1788187983: Sending PUBACK to gatewayd-imx6ull-gateway-m6-838 (m324, rc0)
1788187983: Received PUBACK from auto-9ACF5720-ADDF-DD07-C4E8-67E9F83C7AFD (Mid: 324, RC:0)
1788187984: Received PUBLISH from gatewayd-imx6ull-gateway-m6-838 (d0, q1, r0, m325, 'vehicle/imx6ull-gateway-m6/telemetry/20260831T220718p0800-m6-lan-1000', ... (24463 bytes))
1788187984: Sending PUBLISH to auto-9ACF5720-ADDF-DD07-C4E8-67E9F83C7AFD (d0, q1, r0, m325, 'vehicle/imx6ull-gateway-m6/telemetry/20260831T220718p0800-m6-lan-1000', ... (24463 bytes))
1788187984: Sending PUBACK to gatewayd-imx6ull-gateway-m6-838 (m325, rc0)
1788187984: Received PUBACK from auto-9ACF5720-ADDF-DD07-C4E8-67E9F83C7AFD (Mid: 325, RC:0)
1788187985: Received PUBLISH from gatewayd-imx6ull-gateway-m6-838 (d0, q1, r0, m326, 'vehicle/imx6ull-gateway-m6/telemetry/20260831T220718p0800-m6-lan-1000', ... (24672 bytes))
1788187985: Sending PUBLISH to auto-9ACF5720-ADDF-DD07-C4E8-67E9F83C7AFD (d0, q1, r0, m326, 'vehicle/imx6ull-gateway-m6/telemetry/20260831T220718p0800-m6-lan-1000', ... (24672 bytes))
1788187985: Sending PUBACK to gatewayd-imx6ull-gateway-m6-838 (m326, rc0)
1788187985: Received PUBACK from auto-9ACF5720-ADDF-DD07-C4E8-67E9F83C7AFD (Mid: 326, RC:0)
1788187986: Received PUBLISH from gatewayd-imx6ull-gateway-m6-838 (d0, q1, r0, m327, 'vehicle/imx6ull-gateway-m6/telemetry/20260831T220718p0800-m6-lan-1000', ... (24524 bytes))
1788187986: Sending PUBLISH to auto-9ACF5720-ADDF-DD07-C4E8-67E9F83C7AFD (d0, q1, r0, m327, 'vehicle/imx6ull-gateway-m6/telemetry/20260831T220718p0800-m6-lan-1000', ... (24524 bytes))
1788187986: Sending PUBACK to gatewayd-imx6ull-gateway-m6-838 (m327, rc0)
1788187986: Received PUBACK from auto-9ACF5720-ADDF-DD07-C4E8-67E9F83C7AFD (Mid: 327, RC:0)
1788187987: Received PUBLISH from gatewayd-imx6ull-gateway-m6-838 (d0, q1, r0, m328, 'vehicle/imx6ull-gateway-m6/telemetry/20260831T220718p0800-m6-lan-1000', ... (24206 bytes))
1788187987: Sending PUBLISH to auto-9ACF5720-ADDF-DD07-C4E8-67E9F83C7AFD (d0, q1, r0, m328, 'vehicle/imx6ull-gateway-m6/telemetry/20260831T220718p0800-m6-lan-1000', ... (24206 bytes))
1788187987: Sending PUBACK to gatewayd-imx6ull-gateway-m6-838 (m328, rc0)
1788187987: Received PUBACK from auto-9ACF5720-ADDF-DD07-C4E8-67E9F83C7AFD (Mid: 328, RC:0)
1788187988: Received PUBLISH from gatewayd-imx6ull-gateway-m6-838 (d0, q1, r0, m329, 'vehicle/imx6ull-gateway-m6/telemetry/20260831T220718p0800-m6-lan-1000', ... (24738 bytes))
1788187988: Sending PUBLISH to auto-9ACF5720-ADDF-DD07-C4E8-67E9F83C7AFD (d0, q1, r0, m329, 'vehicle/imx6ull-gateway-m6/telemetry/20260831T220718p0800-m6-lan-1000', ... (24738 bytes))
1788187988: Sending PUBACK to gatewayd-imx6ull-gateway-m6-838 (m329, rc0)
1788187988: Received PUBACK from auto-9ACF5720-ADDF-DD07-C4E8-67E9F83C7AFD (Mid: 329, RC:0)
1788187989: Received PUBLISH from gatewayd-imx6ull-gateway-m6-838 (d0, q1, r0, m330, 'vehicle/imx6ull-gateway-m6/telemetry/20260831T220718p0800-m6-lan-1000', ... (24466 bytes))
1788187989: Sending PUBLISH to auto-9ACF5720-ADDF-DD07-C4E8-67E9F83C7AFD (d0, q1, r0, m330, 'vehicle/imx6ull-gateway-m6/telemetry/20260831T220718p0800-m6-lan-1000', ... (24466 bytes))
1788187989: Sending PUBACK to gatewayd-imx6ull-gateway-m6-838 (m330, rc0)
1788187989: Received PUBACK from auto-9ACF5720-ADDF-DD07-C4E8-67E9F83C7AFD (Mid: 330, RC:0)
1788187990: Received PUBLISH from gatewayd-imx6ull-gateway-m6-838 (d0, q1, r0, m331, 'vehicle/imx6ull-gateway-m6/telemetry/20260831T220718p0800-m6-lan-1000', ... (24690 bytes))
1788187990: Sending PUBLISH to auto-9ACF5720-ADDF-DD07-C4E8-67E9F83C7AFD (d0, q1, r0, m331, 'vehicle/imx6ull-gateway-m6/telemetry/20260831T220718p0800-m6-lan-1000', ... (24690 bytes))
1788187990: Sending PUBACK to gatewayd-imx6ull-gateway-m6-838 (m331, rc0)
1788187990: Received PUBACK from auto-9ACF5720-ADDF-DD07-C4E8-67E9F83C7AFD (Mid: 331, RC:0)
1788187991: Received PUBLISH from gatewayd-imx6ull-gateway-m6-838 (d0, q1, r0, m332, 'vehicle/imx6ull-gateway-m6/telemetry/20260831T220718p0800-m6-lan-1000', ... (24521 bytes))
1788187991: Sending PUBLISH to auto-9ACF5720-ADDF-DD07-C4E8-67E9F83C7AFD (d0, q1, r0, m332, 'vehicle/imx6ull-gateway-m6/telemetry/20260831T220718p0800-m6-lan-1000', ... (24521 bytes))
1788187991: Sending PUBACK to gatewayd-imx6ull-gateway-m6-838 (m332, rc0)
1788187991: Received PUBACK from auto-9ACF5720-ADDF-DD07-C4E8-67E9F83C7AFD (Mid: 332, RC:0)
1788187992: Received PUBLISH from gatewayd-imx6ull-gateway-m6-838 (d0, q1, r0, m333, 'vehicle/imx6ull-gateway-m6/telemetry/20260831T220718p0800-m6-lan-1000', ... (24423 bytes))
1788187992: Sending PUBLISH to auto-9ACF5720-ADDF-DD07-C4E8-67E9F83C7AFD (d0, q1, r0, m333, 'vehicle/imx6ull-gateway-m6/telemetry/20260831T220718p0800-m6-lan-1000', ... (24423 bytes))
1788187992: Sending PUBACK to gatewayd-imx6ull-gateway-m6-838 (m333, rc0)
1788187992: Received PUBACK from auto-9ACF5720-ADDF-DD07-C4E8-67E9F83C7AFD (Mid: 333, RC:0)
1788187993: Received PUBLISH from gatewayd-imx6ull-gateway-m6-838 (d0, q1, r0, m334, 'vehicle/imx6ull-gateway-m6/telemetry/20260831T220718p0800-m6-lan-1000', ... (24739 bytes))
1788187993: Sending PUBLISH to auto-9ACF5720-ADDF-DD07-C4E8-67E9F83C7AFD (d0, q1, r0, m334, 'vehicle/imx6ull-gateway-m6/telemetry/20260831T220718p0800-m6-lan-1000', ... (24739 bytes))
1788187993: Sending PUBACK to gatewayd-imx6ull-gateway-m6-838 (m334, rc0)
1788187993: Received PUBACK from auto-9ACF5720-ADDF-DD07-C4E8-67E9F83C7AFD (Mid: 334, RC:0)
1788187994: Received PUBLISH from gatewayd-imx6ull-gateway-m6-838 (d0, q1, r0, m335, 'vehicle/imx6ull-gateway-m6/telemetry/20260831T220718p0800-m6-lan-1000', ... (24458 bytes))
1788187994: Sending PUBLISH to auto-9ACF5720-ADDF-DD07-C4E8-67E9F83C7AFD (d0, q1, r0, m335, 'vehicle/imx6ull-gateway-m6/telemetry/20260831T220718p0800-m6-lan-1000', ... (24458 bytes))
1788187994: Sending PUBACK to gatewayd-imx6ull-gateway-m6-838 (m335, rc0)
1788187994: Received PUBACK from auto-9ACF5720-ADDF-DD07-C4E8-67E9F83C7AFD (Mid: 335, RC:0)
1788187995: Received PUBLISH from gatewayd-imx6ull-gateway-m6-838 (d0, q1, r0, m336, 'vehicle/imx6ull-gateway-m6/telemetry/20260831T220718p0800-m6-lan-1000', ... (24698 bytes))
1788187995: Sending PUBLISH to auto-9ACF5720-ADDF-DD07-C4E8-67E9F83C7AFD (d0, q1, r0, m336, 'vehicle/imx6ull-gateway-m6/telemetry/20260831T220718p0800-m6-lan-1000', ... (24698 bytes))
1788187995: Sending PUBACK to gatewayd-imx6ull-gateway-m6-838 (m336, rc0)
1788187995: Received PUBACK from auto-9ACF5720-ADDF-DD07-C4E8-67E9F83C7AFD (Mid: 336, RC:0)
1788187996: Received PUBLISH from gatewayd-imx6ull-gateway-m6-838 (d0, q1, r0, m337, 'vehicle/imx6ull-gateway-m6/telemetry/20260831T220718p0800-m6-lan-1000', ... (24507 bytes))
1788187996: Sending PUBLISH to auto-9ACF5720-ADDF-DD07-C4E8-67E9F83C7AFD (d0, q1, r0, m337, 'vehicle/imx6ull-gateway-m6/telemetry/20260831T220718p0800-m6-lan-1000', ... (24507 bytes))
1788187996: Sending PUBACK to gatewayd-imx6ull-gateway-m6-838 (m337, rc0)
1788187996: Received PUBACK from auto-9ACF5720-ADDF-DD07-C4E8-67E9F83C7AFD (Mid: 337, RC:0)
1788187997: Received PUBLISH from gatewayd-imx6ull-gateway-m6-838 (d0, q1, r0, m338, 'vehicle/imx6ull-gateway-m6/telemetry/20260831T220718p0800-m6-lan-1000', ... (24439 bytes))
1788187997: Sending PUBLISH to auto-9ACF5720-ADDF-DD07-C4E8-67E9F83C7AFD (d0, q1, r0, m338, 'vehicle/imx6ull-gateway-m6/telemetry/20260831T220718p0800-m6-lan-1000', ... (24439 bytes))
1788187997: Sending PUBACK to gatewayd-imx6ull-gateway-m6-838 (m338, rc0)
1788187997: Received PUBACK from auto-9ACF5720-ADDF-DD07-C4E8-67E9F83C7AFD (Mid: 338, RC:0)
1788187998: Received PUBLISH from gatewayd-imx6ull-gateway-m6-838 (d0, q1, r0, m339, 'vehicle/imx6ull-gateway-m6/telemetry/20260831T220718p0800-m6-lan-1000', ... (24740 bytes))
1788187998: Sending PUBLISH to auto-9ACF5720-ADDF-DD07-C4E8-67E9F83C7AFD (d0, q1, r0, m339, 'vehicle/imx6ull-gateway-m6/telemetry/20260831T220718p0800-m6-lan-1000', ... (24740 bytes))
1788187998: Sending PUBACK to gatewayd-imx6ull-gateway-m6-838 (m339, rc0)
1788187998: Received PUBACK from auto-9ACF5720-ADDF-DD07-C4E8-67E9F83C7AFD (Mid: 339, RC:0)
1788187999: Received PUBLISH from gatewayd-imx6ull-gateway-m6-838 (d0, q1, r0, m340, 'vehicle/imx6ull-gateway-m6/telemetry/20260831T220718p0800-m6-lan-1000', ... (24451 bytes))
1788187999: Sending PUBLISH to auto-9ACF5720-ADDF-DD07-C4E8-67E9F83C7AFD (d0, q1, r0, m340, 'vehicle/imx6ull-gateway-m6/telemetry/20260831T220718p0800-m6-lan-1000', ... (24451 bytes))
1788187999: Sending PUBACK to gatewayd-imx6ull-gateway-m6-838 (m340, rc0)
1788187999: Received PUBACK from auto-9ACF5720-ADDF-DD07-C4E8-67E9F83C7AFD (Mid: 340, RC:0)
1788188000: Received PUBLISH from gatewayd-imx6ull-gateway-m6-838 (d0, q1, r0, m341, 'vehicle/imx6ull-gateway-m6/telemetry/20260831T220718p0800-m6-lan-1000', ... (24707 bytes))
1788188000: Sending PUBLISH to auto-9ACF5720-ADDF-DD07-C4E8-67E9F83C7AFD (d0, q1, r0, m341, 'vehicle/imx6ull-gateway-m6/telemetry/20260831T220718p0800-m6-lan-1000', ... (24707 bytes))
1788188000: Sending PUBACK to gatewayd-imx6ull-gateway-m6-838 (m341, rc0)
1788188000: Received PUBACK from auto-9ACF5720-ADDF-DD07-C4E8-67E9F83C7AFD (Mid: 341, RC:0)
1788188001: Received PUBLISH from gatewayd-imx6ull-gateway-m6-838 (d0, q1, r0, m342, 'vehicle/imx6ull-gateway-m6/telemetry/20260831T220718p0800-m6-lan-1000', ... (24274 bytes))
1788188001: Sending PUBLISH to auto-9ACF5720-ADDF-DD07-C4E8-67E9F83C7AFD (d0, q1, r0, m342, 'vehicle/imx6ull-gateway-m6/telemetry/20260831T220718p0800-m6-lan-1000', ... (24274 bytes))
1788188001: Sending PUBACK to gatewayd-imx6ull-gateway-m6-838 (m342, rc0)
1788188001: Received PUBACK from auto-9ACF5720-ADDF-DD07-C4E8-67E9F83C7AFD (Mid: 342, RC:0)
1788188002: Received PUBLISH from gatewayd-imx6ull-gateway-m6-838 (d0, q1, r0, m343, 'vehicle/imx6ull-gateway-m6/telemetry/20260831T220718p0800-m6-lan-1000', ... (24433 bytes))
1788188002: Sending PUBLISH to auto-9ACF5720-ADDF-DD07-C4E8-67E9F83C7AFD (d0, q1, r0, m343, 'vehicle/imx6ull-gateway-m6/telemetry/20260831T220718p0800-m6-lan-1000', ... (24433 bytes))
1788188002: Sending PUBACK to gatewayd-imx6ull-gateway-m6-838 (m343, rc0)
1788188002: Received PUBACK from auto-9ACF5720-ADDF-DD07-C4E8-67E9F83C7AFD (Mid: 343, RC:0)
1788188003: Received PUBLISH from gatewayd-imx6ull-gateway-m6-838 (d0, q1, r0, m344, 'vehicle/imx6ull-gateway-m6/telemetry/20260831T220718p0800-m6-lan-1000', ... (24517 bytes))
1788188003: Sending PUBLISH to auto-9ACF5720-ADDF-DD07-C4E8-67E9F83C7AFD (d0, q1, r0, m344, 'vehicle/imx6ull-gateway-m6/telemetry/20260831T220718p0800-m6-lan-1000', ... (24517 bytes))
1788188003: Sending PUBACK to gatewayd-imx6ull-gateway-m6-838 (m344, rc0)
1788188003: Received PUBACK from auto-9ACF5720-ADDF-DD07-C4E8-67E9F83C7AFD (Mid: 344, RC:0)
1788188004: Received PUBLISH from gatewayd-imx6ull-gateway-m6-838 (d0, q1, r0, m345, 'vehicle/imx6ull-gateway-m6/telemetry/20260831T220718p0800-m6-lan-1000', ... (24435 bytes))
1788188004: Sending PUBLISH to auto-9ACF5720-ADDF-DD07-C4E8-67E9F83C7AFD (d0, q1, r0, m345, 'vehicle/imx6ull-gateway-m6/telemetry/20260831T220718p0800-m6-lan-1000', ... (24435 bytes))
1788188004: Sending PUBACK to gatewayd-imx6ull-gateway-m6-838 (m345, rc0)
1788188004: Received PUBACK from auto-9ACF5720-ADDF-DD07-C4E8-67E9F83C7AFD (Mid: 345, RC:0)
1788188005: Received PUBLISH from gatewayd-imx6ull-gateway-m6-838 (d0, q1, r0, m346, 'vehicle/imx6ull-gateway-m6/telemetry/20260831T220718p0800-m6-lan-1000', ... (24491 bytes))
1788188005: Sending PUBLISH to auto-9ACF5720-ADDF-DD07-C4E8-67E9F83C7AFD (d0, q1, r0, m346, 'vehicle/imx6ull-gateway-m6/telemetry/20260831T220718p0800-m6-lan-1000', ... (24491 bytes))
1788188005: Sending PUBACK to gatewayd-imx6ull-gateway-m6-838 (m346, rc0)
1788188005: Received PUBACK from auto-9ACF5720-ADDF-DD07-C4E8-67E9F83C7AFD (Mid: 346, RC:0)
1788188006: Received PUBLISH from gatewayd-imx6ull-gateway-m6-838 (d0, q1, r0, m347, 'vehicle/imx6ull-gateway-m6/telemetry/20260831T220718p0800-m6-lan-1000', ... (24694 bytes))
1788188006: Sending PUBLISH to auto-9ACF5720-ADDF-DD07-C4E8-67E9F83C7AFD (d0, q1, r0, m347, 'vehicle/imx6ull-gateway-m6/telemetry/20260831T220718p0800-m6-lan-1000', ... (24694 bytes))
1788188006: Sending PUBACK to gatewayd-imx6ull-gateway-m6-838 (m347, rc0)
1788188006: Received PUBACK from auto-9ACF5720-ADDF-DD07-C4E8-67E9F83C7AFD (Mid: 347, RC:0)
1788188008: Received PUBLISH from gatewayd-imx6ull-gateway-m6-838 (d0, q1, r0, m348, 'vehicle/imx6ull-gateway-m6/telemetry/20260831T220718p0800-m6-lan-1000', ... (24443 bytes))
1788188008: Sending PUBLISH to auto-9ACF5720-ADDF-DD07-C4E8-67E9F83C7AFD (d0, q1, r0, m348, 'vehicle/imx6ull-gateway-m6/telemetry/20260831T220718p0800-m6-lan-1000', ... (24443 bytes))
1788188008: Sending PUBACK to gatewayd-imx6ull-gateway-m6-838 (m348, rc0)
1788188008: Received PUBACK from auto-9ACF5720-ADDF-DD07-C4E8-67E9F83C7AFD (Mid: 348, RC:0)
1788188009: Received PUBLISH from gatewayd-imx6ull-gateway-m6-838 (d0, q1, r0, m349, 'vehicle/imx6ull-gateway-m6/telemetry/20260831T220718p0800-m6-lan-1000', ... (24941 bytes))
1788188009: Sending PUBLISH to auto-9ACF5720-ADDF-DD07-C4E8-67E9F83C7AFD (d0, q1, r0, m349, 'vehicle/imx6ull-gateway-m6/telemetry/20260831T220718p0800-m6-lan-1000', ... (24941 bytes))
1788188009: Sending PUBACK to gatewayd-imx6ull-gateway-m6-838 (m349, rc0)
1788188009: Received PUBACK from auto-9ACF5720-ADDF-DD07-C4E8-67E9F83C7AFD (Mid: 349, RC:0)
1788188010: Received PUBLISH from gatewayd-imx6ull-gateway-m6-838 (d0, q1, r0, m350, 'vehicle/imx6ull-gateway-m6/telemetry/20260831T220718p0800-m6-lan-1000', ... (25060 bytes))
1788188010: Sending PUBLISH to auto-9ACF5720-ADDF-DD07-C4E8-67E9F83C7AFD (d0, q1, r0, m350, 'vehicle/imx6ull-gateway-m6/telemetry/20260831T220718p0800-m6-lan-1000', ... (25060 bytes))
1788188010: Sending PUBACK to gatewayd-imx6ull-gateway-m6-838 (m350, rc0)
1788188010: Received PUBACK from auto-9ACF5720-ADDF-DD07-C4E8-67E9F83C7AFD (Mid: 350, RC:0)
1788188011: Received PUBLISH from gatewayd-imx6ull-gateway-m6-838 (d0, q1, r0, m351, 'vehicle/imx6ull-gateway-m6/telemetry/20260831T220718p0800-m6-lan-1000', ... (24714 bytes))
1788188011: Sending PUBLISH to auto-9ACF5720-ADDF-DD07-C4E8-67E9F83C7AFD (d0, q1, r0, m351, 'vehicle/imx6ull-gateway-m6/telemetry/20260831T220718p0800-m6-lan-1000', ... (24714 bytes))
1788188011: Sending PUBACK to gatewayd-imx6ull-gateway-m6-838 (m351, rc0)
1788188011: Received PUBACK from auto-9ACF5720-ADDF-DD07-C4E8-67E9F83C7AFD (Mid: 351, RC:0)
1788188012: Received PUBLISH from gatewayd-imx6ull-gateway-m6-838 (d0, q1, r0, m352, 'vehicle/imx6ull-gateway-m6/telemetry/20260831T220718p0800-m6-lan-1000', ... (24482 bytes))
1788188012: Sending PUBLISH to auto-9ACF5720-ADDF-DD07-C4E8-67E9F83C7AFD (d0, q1, r0, m352, 'vehicle/imx6ull-gateway-m6/telemetry/20260831T220718p0800-m6-lan-1000', ... (24482 bytes))
1788188012: Sending PUBACK to gatewayd-imx6ull-gateway-m6-838 (m352, rc0)
1788188012: Received PUBACK from auto-9ACF5720-ADDF-DD07-C4E8-67E9F83C7AFD (Mid: 352, RC:0)
1788188013: Received PUBLISH from gatewayd-imx6ull-gateway-m6-838 (d0, q1, r0, m353, 'vehicle/imx6ull-gateway-m6/telemetry/20260831T220718p0800-m6-lan-1000', ... (24252 bytes))
1788188013: Sending PUBLISH to auto-9ACF5720-ADDF-DD07-C4E8-67E9F83C7AFD (d0, q1, r0, m353, 'vehicle/imx6ull-gateway-m6/telemetry/20260831T220718p0800-m6-lan-1000', ... (24252 bytes))
1788188013: Sending PUBACK to gatewayd-imx6ull-gateway-m6-838 (m353, rc0)
1788188013: Received PUBACK from auto-9ACF5720-ADDF-DD07-C4E8-67E9F83C7AFD (Mid: 353, RC:0)
1788188014: Received PUBLISH from gatewayd-imx6ull-gateway-m6-838 (d0, q1, r0, m354, 'vehicle/imx6ull-gateway-m6/telemetry/20260831T220718p0800-m6-lan-1000', ... (24740 bytes))
1788188014: Sending PUBLISH to auto-9ACF5720-ADDF-DD07-C4E8-67E9F83C7AFD (d0, q1, r0, m354, 'vehicle/imx6ull-gateway-m6/telemetry/20260831T220718p0800-m6-lan-1000', ... (24740 bytes))
1788188014: Sending PUBACK to gatewayd-imx6ull-gateway-m6-838 (m354, rc0)
1788188014: Received PUBACK from auto-9ACF5720-ADDF-DD07-C4E8-67E9F83C7AFD (Mid: 354, RC:0)
1788188015: Received PUBLISH from gatewayd-imx6ull-gateway-m6-838 (d0, q1, r0, m355, 'vehicle/imx6ull-gateway-m6/telemetry/20260831T220718p0800-m6-lan-1000', ... (24216 bytes))
1788188015: Sending PUBLISH to auto-9ACF5720-ADDF-DD07-C4E8-67E9F83C7AFD (d0, q1, r0, m355, 'vehicle/imx6ull-gateway-m6/telemetry/20260831T220718p0800-m6-lan-1000', ... (24216 bytes))
1788188015: Sending PUBACK to gatewayd-imx6ull-gateway-m6-838 (m355, rc0)
1788188015: Received PUBACK from auto-9ACF5720-ADDF-DD07-C4E8-67E9F83C7AFD (Mid: 355, RC:0)
1788188016: Received PUBLISH from gatewayd-imx6ull-gateway-m6-838 (d0, q1, r0, m356, 'vehicle/imx6ull-gateway-m6/telemetry/20260831T220718p0800-m6-lan-1000', ... (24730 bytes))
1788188016: Sending PUBLISH to auto-9ACF5720-ADDF-DD07-C4E8-67E9F83C7AFD (d0, q1, r0, m356, 'vehicle/imx6ull-gateway-m6/telemetry/20260831T220718p0800-m6-lan-1000', ... (24730 bytes))
1788188016: Sending PUBACK to gatewayd-imx6ull-gateway-m6-838 (m356, rc0)
1788188016: Received PUBACK from auto-9ACF5720-ADDF-DD07-C4E8-67E9F83C7AFD (Mid: 356, RC:0)
1788188017: Received PUBLISH from gatewayd-imx6ull-gateway-m6-838 (d0, q1, r0, m357, 'vehicle/imx6ull-gateway-m6/telemetry/20260831T220718p0800-m6-lan-1000', ... (24476 bytes))
1788188017: Sending PUBLISH to auto-9ACF5720-ADDF-DD07-C4E8-67E9F83C7AFD (d0, q1, r0, m357, 'vehicle/imx6ull-gateway-m6/telemetry/20260831T220718p0800-m6-lan-1000', ... (24476 bytes))
1788188017: Sending PUBACK to gatewayd-imx6ull-gateway-m6-838 (m357, rc0)
1788188017: Received PUBACK from auto-9ACF5720-ADDF-DD07-C4E8-67E9F83C7AFD (Mid: 357, RC:0)
1788188018: Received PUBLISH from gatewayd-imx6ull-gateway-m6-838 (d0, q1, r0, m358, 'vehicle/imx6ull-gateway-m6/telemetry/20260831T220718p0800-m6-lan-1000', ... (24470 bytes))
1788188018: Sending PUBLISH to auto-9ACF5720-ADDF-DD07-C4E8-67E9F83C7AFD (d0, q1, r0, m358, 'vehicle/imx6ull-gateway-m6/telemetry/20260831T220718p0800-m6-lan-1000', ... (24470 bytes))
1788188018: Sending PUBACK to gatewayd-imx6ull-gateway-m6-838 (m358, rc0)
1788188018: Received PUBACK from auto-9ACF5720-ADDF-DD07-C4E8-67E9F83C7AFD (Mid: 358, RC:0)
1788188019: Received PUBLISH from gatewayd-imx6ull-gateway-m6-838 (d0, q1, r0, m359, 'vehicle/imx6ull-gateway-m6/telemetry/20260831T220718p0800-m6-lan-1000', ... (24740 bytes))
1788188019: Sending PUBLISH to auto-9ACF5720-ADDF-DD07-C4E8-67E9F83C7AFD (d0, q1, r0, m359, 'vehicle/imx6ull-gateway-m6/telemetry/20260831T220718p0800-m6-lan-1000', ... (24740 bytes))
1788188019: Sending PUBACK to gatewayd-imx6ull-gateway-m6-838 (m359, rc0)
1788188019: Received PUBACK from auto-9ACF5720-ADDF-DD07-C4E8-67E9F83C7AFD (Mid: 359, RC:0)
1788188020: Received PUBLISH from gatewayd-imx6ull-gateway-m6-838 (d0, q1, r0, m360, 'vehicle/imx6ull-gateway-m6/telemetry/20260831T220718p0800-m6-lan-1000', ... (24420 bytes))
1788188020: Sending PUBLISH to auto-9ACF5720-ADDF-DD07-C4E8-67E9F83C7AFD (d0, q1, r0, m360, 'vehicle/imx6ull-gateway-m6/telemetry/20260831T220718p0800-m6-lan-1000', ... (24420 bytes))
1788188020: Sending PUBACK to gatewayd-imx6ull-gateway-m6-838 (m360, rc0)
1788188020: Received PUBACK from auto-9ACF5720-ADDF-DD07-C4E8-67E9F83C7AFD (Mid: 360, RC:0)
1788188021: Received PUBLISH from gatewayd-imx6ull-gateway-m6-838 (d0, q1, r0, m361, 'vehicle/imx6ull-gateway-m6/telemetry/20260831T220718p0800-m6-lan-1000', ... (24738 bytes))
1788188021: Sending PUBLISH to auto-9ACF5720-ADDF-DD07-C4E8-67E9F83C7AFD (d0, q1, r0, m361, 'vehicle/imx6ull-gateway-m6/telemetry/20260831T220718p0800-m6-lan-1000', ... (24738 bytes))
1788188021: Sending PUBACK to gatewayd-imx6ull-gateway-m6-838 (m361, rc0)
1788188021: Received PUBACK from auto-9ACF5720-ADDF-DD07-C4E8-67E9F83C7AFD (Mid: 361, RC:0)
1788188022: Received PUBLISH from gatewayd-imx6ull-gateway-m6-838 (d0, q1, r0, m362, 'vehicle/imx6ull-gateway-m6/telemetry/20260831T220718p0800-m6-lan-1000', ... (24468 bytes))
1788188022: Sending PUBLISH to auto-9ACF5720-ADDF-DD07-C4E8-67E9F83C7AFD (d0, q1, r0, m362, 'vehicle/imx6ull-gateway-m6/telemetry/20260831T220718p0800-m6-lan-1000', ... (24468 bytes))
1788188022: Sending PUBACK to gatewayd-imx6ull-gateway-m6-838 (m362, rc0)
1788188022: Received PUBACK from auto-9ACF5720-ADDF-DD07-C4E8-67E9F83C7AFD (Mid: 362, RC:0)
1788188023: Received PUBLISH from gatewayd-imx6ull-gateway-m6-838 (d0, q1, r0, m363, 'vehicle/imx6ull-gateway-m6/telemetry/20260831T220718p0800-m6-lan-1000', ... (24478 bytes))
1788188023: Sending PUBLISH to auto-9ACF5720-ADDF-DD07-C4E8-67E9F83C7AFD (d0, q1, r0, m363, 'vehicle/imx6ull-gateway-m6/telemetry/20260831T220718p0800-m6-lan-1000', ... (24478 bytes))
1788188023: Sending PUBACK to gatewayd-imx6ull-gateway-m6-838 (m363, rc0)
1788188023: Received PUBACK from auto-9ACF5720-ADDF-DD07-C4E8-67E9F83C7AFD (Mid: 363, RC:0)
1788188024: Received PUBLISH from gatewayd-imx6ull-gateway-m6-838 (d0, q1, r0, m364, 'vehicle/imx6ull-gateway-m6/telemetry/20260831T220718p0800-m6-lan-1000', ... (24736 bytes))
1788188024: Sending PUBLISH to auto-9ACF5720-ADDF-DD07-C4E8-67E9F83C7AFD (d0, q1, r0, m364, 'vehicle/imx6ull-gateway-m6/telemetry/20260831T220718p0800-m6-lan-1000', ... (24736 bytes))
1788188024: Sending PUBACK to gatewayd-imx6ull-gateway-m6-838 (m364, rc0)
1788188024: Received PUBACK from auto-9ACF5720-ADDF-DD07-C4E8-67E9F83C7AFD (Mid: 364, RC:0)
1788188025: Received PUBLISH from gatewayd-imx6ull-gateway-m6-838 (d0, q1, r0, m365, 'vehicle/imx6ull-gateway-m6/telemetry/20260831T220718p0800-m6-lan-1000', ... (24422 bytes))
1788188025: Sending PUBLISH to auto-9ACF5720-ADDF-DD07-C4E8-67E9F83C7AFD (d0, q1, r0, m365, 'vehicle/imx6ull-gateway-m6/telemetry/20260831T220718p0800-m6-lan-1000', ... (24422 bytes))
1788188025: Sending PUBACK to gatewayd-imx6ull-gateway-m6-838 (m365, rc0)
1788188025: Received PUBACK from auto-9ACF5720-ADDF-DD07-C4E8-67E9F83C7AFD (Mid: 365, RC:0)
1788188026: Received PUBLISH from gatewayd-imx6ull-gateway-m6-838 (d0, q1, r0, m366, 'vehicle/imx6ull-gateway-m6/telemetry/20260831T220718p0800-m6-lan-1000', ... (24738 bytes))
1788188026: Sending PUBLISH to auto-9ACF5720-ADDF-DD07-C4E8-67E9F83C7AFD (d0, q1, r0, m366, 'vehicle/imx6ull-gateway-m6/telemetry/20260831T220718p0800-m6-lan-1000', ... (24738 bytes))
1788188026: Sending PUBACK to gatewayd-imx6ull-gateway-m6-838 (m366, rc0)
1788188026: Received PUBACK from auto-9ACF5720-ADDF-DD07-C4E8-67E9F83C7AFD (Mid: 366, RC:0)
1788188027: Received PUBLISH from gatewayd-imx6ull-gateway-m6-838 (d0, q1, r0, m367, 'vehicle/imx6ull-gateway-m6/telemetry/20260831T220718p0800-m6-lan-1000', ... (24441 bytes))
1788188027: Sending PUBLISH to auto-9ACF5720-ADDF-DD07-C4E8-67E9F83C7AFD (d0, q1, r0, m367, 'vehicle/imx6ull-gateway-m6/telemetry/20260831T220718p0800-m6-lan-1000', ... (24441 bytes))
1788188027: Sending PUBACK to gatewayd-imx6ull-gateway-m6-838 (m367, rc0)
1788188027: Received PUBACK from auto-9ACF5720-ADDF-DD07-C4E8-67E9F83C7AFD (Mid: 367, RC:0)
1788188028: Received PUBLISH from gatewayd-imx6ull-gateway-m6-838 (d0, q1, r0, m368, 'vehicle/imx6ull-gateway-m6/telemetry/20260831T220718p0800-m6-lan-1000', ... (24476 bytes))
1788188028: Sending PUBLISH to auto-9ACF5720-ADDF-DD07-C4E8-67E9F83C7AFD (d0, q1, r0, m368, 'vehicle/imx6ull-gateway-m6/telemetry/20260831T220718p0800-m6-lan-1000', ... (24476 bytes))
1788188028: Sending PUBACK to gatewayd-imx6ull-gateway-m6-838 (m368, rc0)
1788188028: Received PUBACK from auto-9ACF5720-ADDF-DD07-C4E8-67E9F83C7AFD (Mid: 368, RC:0)
1788188029: Received PUBLISH from gatewayd-imx6ull-gateway-m6-838 (d0, q1, r0, m369, 'vehicle/imx6ull-gateway-m6/telemetry/20260831T220718p0800-m6-lan-1000', ... (24709 bytes))
1788188029: Sending PUBLISH to auto-9ACF5720-ADDF-DD07-C4E8-67E9F83C7AFD (d0, q1, r0, m369, 'vehicle/imx6ull-gateway-m6/telemetry/20260831T220718p0800-m6-lan-1000', ... (24709 bytes))
1788188029: Sending PUBACK to gatewayd-imx6ull-gateway-m6-838 (m369, rc0)
1788188029: Received PUBACK from auto-9ACF5720-ADDF-DD07-C4E8-67E9F83C7AFD (Mid: 369, RC:0)
1788188030: Received PUBLISH from gatewayd-imx6ull-gateway-m6-838 (d0, q1, r0, m370, 'vehicle/imx6ull-gateway-m6/telemetry/20260831T220718p0800-m6-lan-1000', ... (24428 bytes))
1788188030: Sending PUBLISH to auto-9ACF5720-ADDF-DD07-C4E8-67E9F83C7AFD (d0, q1, r0, m370, 'vehicle/imx6ull-gateway-m6/telemetry/20260831T220718p0800-m6-lan-1000', ... (24428 bytes))
1788188030: Sending PUBACK to gatewayd-imx6ull-gateway-m6-838 (m370, rc0)
1788188030: Received PUBACK from auto-9ACF5720-ADDF-DD07-C4E8-67E9F83C7AFD (Mid: 370, RC:0)
1788188031: Received PUBLISH from gatewayd-imx6ull-gateway-m6-838 (d0, q1, r0, m371, 'vehicle/imx6ull-gateway-m6/telemetry/20260831T220718p0800-m6-lan-1000', ... (24729 bytes))
1788188031: Sending PUBLISH to auto-9ACF5720-ADDF-DD07-C4E8-67E9F83C7AFD (d0, q1, r0, m371, 'vehicle/imx6ull-gateway-m6/telemetry/20260831T220718p0800-m6-lan-1000', ... (24729 bytes))
1788188031: Sending PUBACK to gatewayd-imx6ull-gateway-m6-838 (m371, rc0)
1788188031: Received PUBACK from auto-9ACF5720-ADDF-DD07-C4E8-67E9F83C7AFD (Mid: 371, RC:0)
1788188032: Received PUBLISH from gatewayd-imx6ull-gateway-m6-838 (d0, q1, r0, m372, 'vehicle/imx6ull-gateway-m6/telemetry/20260831T220718p0800-m6-lan-1000', ... (24442 bytes))
1788188032: Sending PUBLISH to auto-9ACF5720-ADDF-DD07-C4E8-67E9F83C7AFD (d0, q1, r0, m372, 'vehicle/imx6ull-gateway-m6/telemetry/20260831T220718p0800-m6-lan-1000', ... (24442 bytes))
1788188032: Sending PUBACK to gatewayd-imx6ull-gateway-m6-838 (m372, rc0)
1788188032: Received PUBACK from auto-9ACF5720-ADDF-DD07-C4E8-67E9F83C7AFD (Mid: 372, RC:0)
1788188034: Received PUBLISH from gatewayd-imx6ull-gateway-m6-838 (d0, q1, r0, m373, 'vehicle/imx6ull-gateway-m6/telemetry/20260831T220718p0800-m6-lan-1000', ... (24484 bytes))
1788188034: Sending PUBLISH to auto-9ACF5720-ADDF-DD07-C4E8-67E9F83C7AFD (d0, q1, r0, m373, 'vehicle/imx6ull-gateway-m6/telemetry/20260831T220718p0800-m6-lan-1000', ... (24484 bytes))
1788188034: Sending PUBACK to gatewayd-imx6ull-gateway-m6-838 (m373, rc0)
1788188034: Received PUBACK from auto-9ACF5720-ADDF-DD07-C4E8-67E9F83C7AFD (Mid: 373, RC:0)
1788188035: Received PUBLISH from gatewayd-imx6ull-gateway-m6-838 (d0, q1, r0, m374, 'vehicle/imx6ull-gateway-m6/telemetry/20260831T220718p0800-m6-lan-1000', ... (24913 bytes))
1788188035: Sending PUBLISH to auto-9ACF5720-ADDF-DD07-C4E8-67E9F83C7AFD (d0, q1, r0, m374, 'vehicle/imx6ull-gateway-m6/telemetry/20260831T220718p0800-m6-lan-1000', ... (24913 bytes))
1788188035: Sending PUBACK to gatewayd-imx6ull-gateway-m6-838 (m374, rc0)
1788188035: Received PUBACK from auto-9ACF5720-ADDF-DD07-C4E8-67E9F83C7AFD (Mid: 374, RC:0)
1788188036: Received PUBLISH from gatewayd-imx6ull-gateway-m6-838 (d0, q1, r0, m375, 'vehicle/imx6ull-gateway-m6/telemetry/20260831T220718p0800-m6-lan-1000', ... (24436 bytes))
1788188036: Sending PUBLISH to auto-9ACF5720-ADDF-DD07-C4E8-67E9F83C7AFD (d0, q1, r0, m375, 'vehicle/imx6ull-gateway-m6/telemetry/20260831T220718p0800-m6-lan-1000', ... (24436 bytes))
1788188036: Sending PUBACK to gatewayd-imx6ull-gateway-m6-838 (m375, rc0)
1788188036: Received PUBACK from auto-9ACF5720-ADDF-DD07-C4E8-67E9F83C7AFD (Mid: 375, RC:0)
1788188037: Received PUBLISH from gatewayd-imx6ull-gateway-m6-838 (d0, q1, r0, m376, 'vehicle/imx6ull-gateway-m6/telemetry/20260831T220718p0800-m6-lan-1000', ... (24734 bytes))
1788188037: Sending PUBLISH to auto-9ACF5720-ADDF-DD07-C4E8-67E9F83C7AFD (d0, q1, r0, m376, 'vehicle/imx6ull-gateway-m6/telemetry/20260831T220718p0800-m6-lan-1000', ... (24734 bytes))
1788188037: Sending PUBACK to gatewayd-imx6ull-gateway-m6-838 (m376, rc0)
1788188037: Received PUBACK from auto-9ACF5720-ADDF-DD07-C4E8-67E9F83C7AFD (Mid: 376, RC:0)
1788188038: Received PUBLISH from gatewayd-imx6ull-gateway-m6-838 (d0, q1, r0, m377, 'vehicle/imx6ull-gateway-m6/telemetry/20260831T220718p0800-m6-lan-1000', ... (24444 bytes))
1788188038: Sending PUBLISH to auto-9ACF5720-ADDF-DD07-C4E8-67E9F83C7AFD (d0, q1, r0, m377, 'vehicle/imx6ull-gateway-m6/telemetry/20260831T220718p0800-m6-lan-1000', ... (24444 bytes))
1788188038: Sending PUBACK to gatewayd-imx6ull-gateway-m6-838 (m377, rc0)
1788188038: Received PUBACK from auto-9ACF5720-ADDF-DD07-C4E8-67E9F83C7AFD (Mid: 377, RC:0)
1788188039: Received PUBLISH from gatewayd-imx6ull-gateway-m6-838 (d0, q1, r0, m378, 'vehicle/imx6ull-gateway-m6/telemetry/20260831T220718p0800-m6-lan-1000', ... (24502 bytes))
1788188039: Sending PUBLISH to auto-9ACF5720-ADDF-DD07-C4E8-67E9F83C7AFD (d0, q1, r0, m378, 'vehicle/imx6ull-gateway-m6/telemetry/20260831T220718p0800-m6-lan-1000', ... (24502 bytes))
1788188039: Sending PUBACK to gatewayd-imx6ull-gateway-m6-838 (m378, rc0)
1788188039: Received PUBACK from auto-9ACF5720-ADDF-DD07-C4E8-67E9F83C7AFD (Mid: 378, RC:0)
1788188040: Received PUBLISH from gatewayd-imx6ull-gateway-m6-838 (d0, q1, r0, m379, 'vehicle/imx6ull-gateway-m6/telemetry/20260831T220718p0800-m6-lan-1000', ... (24704 bytes))
1788188040: Sending PUBLISH to auto-9ACF5720-ADDF-DD07-C4E8-67E9F83C7AFD (d0, q1, r0, m379, 'vehicle/imx6ull-gateway-m6/telemetry/20260831T220718p0800-m6-lan-1000', ... (24704 bytes))
1788188040: Sending PUBACK to gatewayd-imx6ull-gateway-m6-838 (m379, rc0)
1788188040: Received PUBACK from auto-9ACF5720-ADDF-DD07-C4E8-67E9F83C7AFD (Mid: 379, RC:0)
1788188041: Received PUBLISH from gatewayd-imx6ull-gateway-m6-838 (d0, q1, r0, m380, 'vehicle/imx6ull-gateway-m6/telemetry/20260831T220718p0800-m6-lan-1000', ... (24454 bytes))
1788188041: Sending PUBLISH to auto-9ACF5720-ADDF-DD07-C4E8-67E9F83C7AFD (d0, q1, r0, m380, 'vehicle/imx6ull-gateway-m6/telemetry/20260831T220718p0800-m6-lan-1000', ... (24454 bytes))
1788188041: Sending PUBACK to gatewayd-imx6ull-gateway-m6-838 (m380, rc0)
1788188041: Received PUBACK from auto-9ACF5720-ADDF-DD07-C4E8-67E9F83C7AFD (Mid: 380, RC:0)
1788188042: Received PUBLISH from gatewayd-imx6ull-gateway-m6-838 (d0, q1, r0, m381, 'vehicle/imx6ull-gateway-m6/telemetry/20260831T220718p0800-m6-lan-1000', ... (24740 bytes))
1788188042: Sending PUBLISH to auto-9ACF5720-ADDF-DD07-C4E8-67E9F83C7AFD (d0, q1, r0, m381, 'vehicle/imx6ull-gateway-m6/telemetry/20260831T220718p0800-m6-lan-1000', ... (24740 bytes))
1788188042: Sending PUBACK to gatewayd-imx6ull-gateway-m6-838 (m381, rc0)
1788188042: Received PUBACK from auto-9ACF5720-ADDF-DD07-C4E8-67E9F83C7AFD (Mid: 381, RC:0)
1788188043: Received PUBLISH from gatewayd-imx6ull-gateway-m6-838 (d0, q1, r0, m382, 'vehicle/imx6ull-gateway-m6/telemetry/20260831T220718p0800-m6-lan-1000', ... (24647 bytes))
1788188043: Sending PUBLISH to auto-9ACF5720-ADDF-DD07-C4E8-67E9F83C7AFD (d0, q1, r0, m382, 'vehicle/imx6ull-gateway-m6/telemetry/20260831T220718p0800-m6-lan-1000', ... (24647 bytes))
1788188043: Sending PUBACK to gatewayd-imx6ull-gateway-m6-838 (m382, rc0)
1788188043: Received PUBACK from auto-9ACF5720-ADDF-DD07-C4E8-67E9F83C7AFD (Mid: 382, RC:0)
1788188044: Received PUBLISH from gatewayd-imx6ull-gateway-m6-838 (d0, q1, r0, m383, 'vehicle/imx6ull-gateway-m6/telemetry/20260831T220718p0800-m6-lan-1000', ... (24511 bytes))
1788188044: Sending PUBLISH to auto-9ACF5720-ADDF-DD07-C4E8-67E9F83C7AFD (d0, q1, r0, m383, 'vehicle/imx6ull-gateway-m6/telemetry/20260831T220718p0800-m6-lan-1000', ... (24511 bytes))
1788188044: Sending PUBACK to gatewayd-imx6ull-gateway-m6-838 (m383, rc0)
1788188044: Received PUBACK from auto-9ACF5720-ADDF-DD07-C4E8-67E9F83C7AFD (Mid: 383, RC:0)
1788188045: Received PUBLISH from gatewayd-imx6ull-gateway-m6-838 (d0, q1, r0, m384, 'vehicle/imx6ull-gateway-m6/telemetry/20260831T220718p0800-m6-lan-1000', ... (24695 bytes))
1788188045: Sending PUBLISH to auto-9ACF5720-ADDF-DD07-C4E8-67E9F83C7AFD (d0, q1, r0, m384, 'vehicle/imx6ull-gateway-m6/telemetry/20260831T220718p0800-m6-lan-1000', ... (24695 bytes))
1788188045: Sending PUBACK to gatewayd-imx6ull-gateway-m6-838 (m384, rc0)
1788188045: Received PUBACK from auto-9ACF5720-ADDF-DD07-C4E8-67E9F83C7AFD (Mid: 384, RC:0)
1788188046: Received PUBLISH from gatewayd-imx6ull-gateway-m6-838 (d0, q1, r0, m385, 'vehicle/imx6ull-gateway-m6/telemetry/20260831T220718p0800-m6-lan-1000', ... (24463 bytes))
1788188046: Sending PUBLISH to auto-9ACF5720-ADDF-DD07-C4E8-67E9F83C7AFD (d0, q1, r0, m385, 'vehicle/imx6ull-gateway-m6/telemetry/20260831T220718p0800-m6-lan-1000', ... (24463 bytes))
1788188046: Sending PUBACK to gatewayd-imx6ull-gateway-m6-838 (m385, rc0)
1788188046: Received PUBACK from auto-9ACF5720-ADDF-DD07-C4E8-67E9F83C7AFD (Mid: 385, RC:0)
1788188047: Received PUBLISH from gatewayd-imx6ull-gateway-m6-838 (d0, q1, r0, m386, 'vehicle/imx6ull-gateway-m6/telemetry/20260831T220718p0800-m6-lan-1000', ... (24528 bytes))
1788188047: Sending PUBLISH to auto-9ACF5720-ADDF-DD07-C4E8-67E9F83C7AFD (d0, q1, r0, m386, 'vehicle/imx6ull-gateway-m6/telemetry/20260831T220718p0800-m6-lan-1000', ... (24528 bytes))
1788188047: Sending PUBACK to gatewayd-imx6ull-gateway-m6-838 (m386, rc0)
1788188047: Received PUBACK from auto-9ACF5720-ADDF-DD07-C4E8-67E9F83C7AFD (Mid: 386, RC:0)
1788188048: Received PUBLISH from gatewayd-imx6ull-gateway-m6-838 (d0, q1, r0, m387, 'vehicle/imx6ull-gateway-m6/telemetry/20260831T220718p0800-m6-lan-1000', ... (24428 bytes))
1788188048: Sending PUBLISH to auto-9ACF5720-ADDF-DD07-C4E8-67E9F83C7AFD (d0, q1, r0, m387, 'vehicle/imx6ull-gateway-m6/telemetry/20260831T220718p0800-m6-lan-1000', ... (24428 bytes))
1788188048: Sending PUBACK to gatewayd-imx6ull-gateway-m6-838 (m387, rc0)
1788188048: Received PUBACK from auto-9ACF5720-ADDF-DD07-C4E8-67E9F83C7AFD (Mid: 387, RC:0)
1788188049: Received PUBLISH from gatewayd-imx6ull-gateway-m6-838 (d0, q1, r0, m388, 'vehicle/imx6ull-gateway-m6/telemetry/20260831T220718p0800-m6-lan-1000', ... (24518 bytes))
1788188049: Sending PUBLISH to auto-9ACF5720-ADDF-DD07-C4E8-67E9F83C7AFD (d0, q1, r0, m388, 'vehicle/imx6ull-gateway-m6/telemetry/20260831T220718p0800-m6-lan-1000', ... (24518 bytes))
1788188049: Sending PUBACK to gatewayd-imx6ull-gateway-m6-838 (m388, rc0)
1788188049: Received PUBACK from auto-9ACF5720-ADDF-DD07-C4E8-67E9F83C7AFD (Mid: 388, RC:0)
1788188050: Received PUBLISH from gatewayd-imx6ull-gateway-m6-838 (d0, q1, r0, m389, 'vehicle/imx6ull-gateway-m6/telemetry/20260831T220718p0800-m6-lan-1000', ... (24688 bytes))
1788188050: Sending PUBLISH to auto-9ACF5720-ADDF-DD07-C4E8-67E9F83C7AFD (d0, q1, r0, m389, 'vehicle/imx6ull-gateway-m6/telemetry/20260831T220718p0800-m6-lan-1000', ... (24688 bytes))
1788188050: Sending PUBACK to gatewayd-imx6ull-gateway-m6-838 (m389, rc0)
1788188050: Received PUBACK from auto-9ACF5720-ADDF-DD07-C4E8-67E9F83C7AFD (Mid: 389, RC:0)
1788188051: Received PUBLISH from gatewayd-imx6ull-gateway-m6-838 (d0, q1, r0, m390, 'vehicle/imx6ull-gateway-m6/telemetry/20260831T220718p0800-m6-lan-1000', ... (24470 bytes))
1788188051: Sending PUBLISH to auto-9ACF5720-ADDF-DD07-C4E8-67E9F83C7AFD (d0, q1, r0, m390, 'vehicle/imx6ull-gateway-m6/telemetry/20260831T220718p0800-m6-lan-1000', ... (24470 bytes))
1788188051: Sending PUBACK to gatewayd-imx6ull-gateway-m6-838 (m390, rc0)
1788188051: Received PUBACK from auto-9ACF5720-ADDF-DD07-C4E8-67E9F83C7AFD (Mid: 390, RC:0)
1788188052: Received PUBLISH from gatewayd-imx6ull-gateway-m6-838 (d0, q1, r0, m391, 'vehicle/imx6ull-gateway-m6/telemetry/20260831T220718p0800-m6-lan-1000', ... (24730 bytes))
1788188052: Sending PUBLISH to auto-9ACF5720-ADDF-DD07-C4E8-67E9F83C7AFD (d0, q1, r0, m391, 'vehicle/imx6ull-gateway-m6/telemetry/20260831T220718p0800-m6-lan-1000', ... (24730 bytes))
1788188052: Sending PUBACK to gatewayd-imx6ull-gateway-m6-838 (m391, rc0)
1788188052: Received PUBACK from auto-9ACF5720-ADDF-DD07-C4E8-67E9F83C7AFD (Mid: 391, RC:0)
1788188053: Received PUBLISH from gatewayd-imx6ull-gateway-m6-838 (d0, q1, r0, m392, 'vehicle/imx6ull-gateway-m6/telemetry/20260831T220718p0800-m6-lan-1000', ... (24405 bytes))
1788188053: Sending PUBLISH to auto-9ACF5720-ADDF-DD07-C4E8-67E9F83C7AFD (d0, q1, r0, m392, 'vehicle/imx6ull-gateway-m6/telemetry/20260831T220718p0800-m6-lan-1000', ... (24405 bytes))
1788188053: Sending PUBACK to gatewayd-imx6ull-gateway-m6-838 (m392, rc0)
1788188053: Received PUBACK from auto-9ACF5720-ADDF-DD07-C4E8-67E9F83C7AFD (Mid: 392, RC:0)
1788188054: Received PUBLISH from gatewayd-imx6ull-gateway-m6-838 (d0, q1, r0, m393, 'vehicle/imx6ull-gateway-m6/telemetry/20260831T220718p0800-m6-lan-1000', ... (24516 bytes))
1788188054: Sending PUBLISH to auto-9ACF5720-ADDF-DD07-C4E8-67E9F83C7AFD (d0, q1, r0, m393, 'vehicle/imx6ull-gateway-m6/telemetry/20260831T220718p0800-m6-lan-1000', ... (24516 bytes))
1788188054: Sending PUBACK to gatewayd-imx6ull-gateway-m6-838 (m393, rc0)
1788188054: Received PUBACK from auto-9ACF5720-ADDF-DD07-C4E8-67E9F83C7AFD (Mid: 393, RC:0)
1788188055: Received PUBLISH from gatewayd-imx6ull-gateway-m6-838 (d0, q1, r0, m394, 'vehicle/imx6ull-gateway-m6/telemetry/20260831T220718p0800-m6-lan-1000', ... (24669 bytes))
1788188055: Sending PUBLISH to auto-9ACF5720-ADDF-DD07-C4E8-67E9F83C7AFD (d0, q1, r0, m394, 'vehicle/imx6ull-gateway-m6/telemetry/20260831T220718p0800-m6-lan-1000', ... (24669 bytes))
1788188055: Sending PUBACK to gatewayd-imx6ull-gateway-m6-838 (m394, rc0)
1788188055: Received PUBACK from auto-9ACF5720-ADDF-DD07-C4E8-67E9F83C7AFD (Mid: 394, RC:0)
1788188056: Received PUBLISH from gatewayd-imx6ull-gateway-m6-838 (d0, q1, r0, m395, 'vehicle/imx6ull-gateway-m6/telemetry/20260831T220718p0800-m6-lan-1000', ... (24468 bytes))
1788188056: Sending PUBLISH to auto-9ACF5720-ADDF-DD07-C4E8-67E9F83C7AFD (d0, q1, r0, m395, 'vehicle/imx6ull-gateway-m6/telemetry/20260831T220718p0800-m6-lan-1000', ... (24468 bytes))
1788188056: Sending PUBACK to gatewayd-imx6ull-gateway-m6-838 (m395, rc0)
1788188056: Received PUBACK from auto-9ACF5720-ADDF-DD07-C4E8-67E9F83C7AFD (Mid: 395, RC:0)
1788188057: Received PUBLISH from gatewayd-imx6ull-gateway-m6-838 (d0, q1, r0, m396, 'vehicle/imx6ull-gateway-m6/telemetry/20260831T220718p0800-m6-lan-1000', ... (24725 bytes))
1788188057: Sending PUBLISH to auto-9ACF5720-ADDF-DD07-C4E8-67E9F83C7AFD (d0, q1, r0, m396, 'vehicle/imx6ull-gateway-m6/telemetry/20260831T220718p0800-m6-lan-1000', ... (24725 bytes))
1788188057: Sending PUBACK to gatewayd-imx6ull-gateway-m6-838 (m396, rc0)
1788188057: Received PUBACK from auto-9ACF5720-ADDF-DD07-C4E8-67E9F83C7AFD (Mid: 396, RC:0)
1788188058: Received PUBLISH from gatewayd-imx6ull-gateway-m6-838 (d0, q1, r0, m397, 'vehicle/imx6ull-gateway-m6/telemetry/20260831T220718p0800-m6-lan-1000', ... (24412 bytes))
1788188058: Sending PUBLISH to auto-9ACF5720-ADDF-DD07-C4E8-67E9F83C7AFD (d0, q1, r0, m397, 'vehicle/imx6ull-gateway-m6/telemetry/20260831T220718p0800-m6-lan-1000', ... (24412 bytes))
1788188058: Sending PUBACK to gatewayd-imx6ull-gateway-m6-838 (m397, rc0)
1788188058: Received PUBACK from auto-9ACF5720-ADDF-DD07-C4E8-67E9F83C7AFD (Mid: 397, RC:0)
1788188060: Received PUBLISH from gatewayd-imx6ull-gateway-m6-838 (d0, q1, r0, m398, 'vehicle/imx6ull-gateway-m6/telemetry/20260831T220718p0800-m6-lan-1000', ... (24518 bytes))
1788188060: Sending PUBLISH to auto-9ACF5720-ADDF-DD07-C4E8-67E9F83C7AFD (d0, q1, r0, m398, 'vehicle/imx6ull-gateway-m6/telemetry/20260831T220718p0800-m6-lan-1000', ... (24518 bytes))
1788188060: Sending PUBACK to gatewayd-imx6ull-gateway-m6-838 (m398, rc0)
1788188060: Received PUBACK from auto-9ACF5720-ADDF-DD07-C4E8-67E9F83C7AFD (Mid: 398, RC:0)
1788188061: Received PUBLISH from gatewayd-imx6ull-gateway-m6-838 (d0, q1, r0, m399, 'vehicle/imx6ull-gateway-m6/telemetry/20260831T220718p0800-m6-lan-1000', ... (24662 bytes))
1788188061: Sending PUBLISH to auto-9ACF5720-ADDF-DD07-C4E8-67E9F83C7AFD (d0, q1, r0, m399, 'vehicle/imx6ull-gateway-m6/telemetry/20260831T220718p0800-m6-lan-1000', ... (24662 bytes))
1788188061: Sending PUBACK to gatewayd-imx6ull-gateway-m6-838 (m399, rc0)
1788188061: Received PUBACK from auto-9ACF5720-ADDF-DD07-C4E8-67E9F83C7AFD (Mid: 399, RC:0)
1788188062: Received PUBLISH from gatewayd-imx6ull-gateway-m6-838 (d0, q1, r0, m400, 'vehicle/imx6ull-gateway-m6/telemetry/20260831T220718p0800-m6-lan-1000', ... (24475 bytes))
1788188062: Sending PUBLISH to auto-9ACF5720-ADDF-DD07-C4E8-67E9F83C7AFD (d0, q1, r0, m400, 'vehicle/imx6ull-gateway-m6/telemetry/20260831T220718p0800-m6-lan-1000', ... (24475 bytes))
1788188062: Sending PUBACK to gatewayd-imx6ull-gateway-m6-838 (m400, rc0)
1788188062: Received PUBACK from auto-9ACF5720-ADDF-DD07-C4E8-67E9F83C7AFD (Mid: 400, RC:0)
1788188063: Received PUBLISH from gatewayd-imx6ull-gateway-m6-838 (d0, q1, r0, m401, 'vehicle/imx6ull-gateway-m6/telemetry/20260831T220718p0800-m6-lan-1000', ... (24508 bytes))
1788188063: Sending PUBLISH to auto-9ACF5720-ADDF-DD07-C4E8-67E9F83C7AFD (d0, q1, r0, m401, 'vehicle/imx6ull-gateway-m6/telemetry/20260831T220718p0800-m6-lan-1000', ... (24508 bytes))
1788188063: Sending PUBACK to gatewayd-imx6ull-gateway-m6-838 (m401, rc0)
1788188063: Received PUBACK from auto-9ACF5720-ADDF-DD07-C4E8-67E9F83C7AFD (Mid: 401, RC:0)
1788188064: Received PUBLISH from gatewayd-imx6ull-gateway-m6-838 (d0, q1, r0, m402, 'vehicle/imx6ull-gateway-m6/telemetry/20260831T220718p0800-m6-lan-1000', ... (24648 bytes))
1788188064: Sending PUBLISH to auto-9ACF5720-ADDF-DD07-C4E8-67E9F83C7AFD (d0, q1, r0, m402, 'vehicle/imx6ull-gateway-m6/telemetry/20260831T220718p0800-m6-lan-1000', ... (24648 bytes))
1788188064: Sending PUBACK to gatewayd-imx6ull-gateway-m6-838 (m402, rc0)
1788188064: Received PUBACK from auto-9ACF5720-ADDF-DD07-C4E8-67E9F83C7AFD (Mid: 402, RC:0)
1788188065: Received PUBLISH from gatewayd-imx6ull-gateway-m6-838 (d0, q1, r0, m403, 'vehicle/imx6ull-gateway-m6/telemetry/20260831T220718p0800-m6-lan-1000', ... (24528 bytes))
1788188065: Sending PUBLISH to auto-9ACF5720-ADDF-DD07-C4E8-67E9F83C7AFD (d0, q1, r0, m403, 'vehicle/imx6ull-gateway-m6/telemetry/20260831T220718p0800-m6-lan-1000', ... (24528 bytes))
1788188065: Sending PUBACK to gatewayd-imx6ull-gateway-m6-838 (m403, rc0)
1788188065: Received PUBACK from auto-9ACF5720-ADDF-DD07-C4E8-67E9F83C7AFD (Mid: 403, RC:0)
1788188066: Received PUBLISH from gatewayd-imx6ull-gateway-m6-838 (d0, q1, r0, m404, 'vehicle/imx6ull-gateway-m6/telemetry/20260831T220718p0800-m6-lan-1000', ... (24665 bytes))
1788188066: Sending PUBLISH to auto-9ACF5720-ADDF-DD07-C4E8-67E9F83C7AFD (d0, q1, r0, m404, 'vehicle/imx6ull-gateway-m6/telemetry/20260831T220718p0800-m6-lan-1000', ... (24665 bytes))
1788188066: Sending PUBACK to gatewayd-imx6ull-gateway-m6-838 (m404, rc0)
1788188066: Received PUBACK from auto-9ACF5720-ADDF-DD07-C4E8-67E9F83C7AFD (Mid: 404, RC:0)
1788188067: Received PUBLISH from gatewayd-imx6ull-gateway-m6-838 (d0, q1, r0, m405, 'vehicle/imx6ull-gateway-m6/telemetry/20260831T220718p0800-m6-lan-1000', ... (24281 bytes))
1788188067: Sending PUBLISH to auto-9ACF5720-ADDF-DD07-C4E8-67E9F83C7AFD (d0, q1, r0, m405, 'vehicle/imx6ull-gateway-m6/telemetry/20260831T220718p0800-m6-lan-1000', ... (24281 bytes))
1788188067: Sending PUBACK to gatewayd-imx6ull-gateway-m6-838 (m405, rc0)
1788188067: Received PUBACK from auto-9ACF5720-ADDF-DD07-C4E8-67E9F83C7AFD (Mid: 405, RC:0)
1788188068: Received PUBLISH from gatewayd-imx6ull-gateway-m6-838 (d0, q1, r0, m406, 'vehicle/imx6ull-gateway-m6/telemetry/20260831T220718p0800-m6-lan-1000', ... (24502 bytes))
1788188068: Sending PUBLISH to auto-9ACF5720-ADDF-DD07-C4E8-67E9F83C7AFD (d0, q1, r0, m406, 'vehicle/imx6ull-gateway-m6/telemetry/20260831T220718p0800-m6-lan-1000', ... (24502 bytes))
1788188068: Sending PUBACK to gatewayd-imx6ull-gateway-m6-838 (m406, rc0)
1788188068: Received PUBACK from auto-9ACF5720-ADDF-DD07-C4E8-67E9F83C7AFD (Mid: 406, RC:0)
1788188069: Received PUBLISH from gatewayd-imx6ull-gateway-m6-838 (d0, q1, r0, m407, 'vehicle/imx6ull-gateway-m6/telemetry/20260831T220718p0800-m6-lan-1000', ... (24656 bytes))
1788188069: Sending PUBLISH to auto-9ACF5720-ADDF-DD07-C4E8-67E9F83C7AFD (d0, q1, r0, m407, 'vehicle/imx6ull-gateway-m6/telemetry/20260831T220718p0800-m6-lan-1000', ... (24656 bytes))
1788188069: Sending PUBACK to gatewayd-imx6ull-gateway-m6-838 (m407, rc0)
1788188069: Received PUBACK from auto-9ACF5720-ADDF-DD07-C4E8-67E9F83C7AFD (Mid: 407, RC:0)
1788188070: Received PUBLISH from gatewayd-imx6ull-gateway-m6-838 (d0, q1, r0, m408, 'vehicle/imx6ull-gateway-m6/telemetry/20260831T220718p0800-m6-lan-1000', ... (24528 bytes))
1788188070: Sending PUBLISH to auto-9ACF5720-ADDF-DD07-C4E8-67E9F83C7AFD (d0, q1, r0, m408, 'vehicle/imx6ull-gateway-m6/telemetry/20260831T220718p0800-m6-lan-1000', ... (24528 bytes))
1788188070: Sending PUBACK to gatewayd-imx6ull-gateway-m6-838 (m408, rc0)
1788188070: Received PUBACK from auto-9ACF5720-ADDF-DD07-C4E8-67E9F83C7AFD (Mid: 408, RC:0)
1788188071: Received PUBLISH from gatewayd-imx6ull-gateway-m6-838 (d0, q1, r0, m409, 'vehicle/imx6ull-gateway-m6/telemetry/20260831T220718p0800-m6-lan-1000', ... (24658 bytes))
1788188071: Sending PUBLISH to auto-9ACF5720-ADDF-DD07-C4E8-67E9F83C7AFD (d0, q1, r0, m409, 'vehicle/imx6ull-gateway-m6/telemetry/20260831T220718p0800-m6-lan-1000', ... (24658 bytes))
1788188071: Sending PUBACK to gatewayd-imx6ull-gateway-m6-838 (m409, rc0)
1788188071: Received PUBACK from auto-9ACF5720-ADDF-DD07-C4E8-67E9F83C7AFD (Mid: 409, RC:0)
1788188072: Received PUBLISH from gatewayd-imx6ull-gateway-m6-838 (d0, q1, r0, m410, 'vehicle/imx6ull-gateway-m6/telemetry/20260831T220718p0800-m6-lan-1000', ... (24500 bytes))
1788188072: Sending PUBLISH to auto-9ACF5720-ADDF-DD07-C4E8-67E9F83C7AFD (d0, q1, r0, m410, 'vehicle/imx6ull-gateway-m6/telemetry/20260831T220718p0800-m6-lan-1000', ... (24500 bytes))
1788188072: Sending PUBACK to gatewayd-imx6ull-gateway-m6-838 (m410, rc0)
1788188072: Received PUBACK from auto-9ACF5720-ADDF-DD07-C4E8-67E9F83C7AFD (Mid: 410, RC:0)
1788188073: Received PUBLISH from gatewayd-imx6ull-gateway-m6-838 (d0, q1, r0, m411, 'vehicle/imx6ull-gateway-m6/telemetry/20260831T220718p0800-m6-lan-1000', ... (24494 bytes))
1788188073: Sending PUBLISH to auto-9ACF5720-ADDF-DD07-C4E8-67E9F83C7AFD (d0, q1, r0, m411, 'vehicle/imx6ull-gateway-m6/telemetry/20260831T220718p0800-m6-lan-1000', ... (24494 bytes))
1788188073: Sending PUBACK to gatewayd-imx6ull-gateway-m6-838 (m411, rc0)
1788188073: Received PUBACK from auto-9ACF5720-ADDF-DD07-C4E8-67E9F83C7AFD (Mid: 411, RC:0)
1788188074: Received PUBLISH from gatewayd-imx6ull-gateway-m6-838 (d0, q1, r0, m412, 'vehicle/imx6ull-gateway-m6/telemetry/20260831T220718p0800-m6-lan-1000', ... (24664 bytes))
1788188074: Sending PUBLISH to auto-9ACF5720-ADDF-DD07-C4E8-67E9F83C7AFD (d0, q1, r0, m412, 'vehicle/imx6ull-gateway-m6/telemetry/20260831T220718p0800-m6-lan-1000', ... (24664 bytes))
1788188074: Sending PUBACK to gatewayd-imx6ull-gateway-m6-838 (m412, rc0)
1788188074: Received PUBACK from auto-9ACF5720-ADDF-DD07-C4E8-67E9F83C7AFD (Mid: 412, RC:0)
1788188075: Received PUBLISH from gatewayd-imx6ull-gateway-m6-838 (d0, q1, r0, m413, 'vehicle/imx6ull-gateway-m6/telemetry/20260831T220718p0800-m6-lan-1000', ... (24528 bytes))
1788188075: Sending PUBLISH to auto-9ACF5720-ADDF-DD07-C4E8-67E9F83C7AFD (d0, q1, r0, m413, 'vehicle/imx6ull-gateway-m6/telemetry/20260831T220718p0800-m6-lan-1000', ... (24528 bytes))
1788188075: Sending PUBACK to gatewayd-imx6ull-gateway-m6-838 (m413, rc0)
1788188075: Received PUBACK from auto-9ACF5720-ADDF-DD07-C4E8-67E9F83C7AFD (Mid: 413, RC:0)
1788188076: Received PUBLISH from gatewayd-imx6ull-gateway-m6-838 (d0, q1, r0, m414, 'vehicle/imx6ull-gateway-m6/telemetry/20260831T220718p0800-m6-lan-1000', ... (24650 bytes))
1788188076: Sending PUBLISH to auto-9ACF5720-ADDF-DD07-C4E8-67E9F83C7AFD (d0, q1, r0, m414, 'vehicle/imx6ull-gateway-m6/telemetry/20260831T220718p0800-m6-lan-1000', ... (24650 bytes))
1788188076: Sending PUBACK to gatewayd-imx6ull-gateway-m6-838 (m414, rc0)
1788188076: Received PUBACK from auto-9ACF5720-ADDF-DD07-C4E8-67E9F83C7AFD (Mid: 414, RC:0)
1788188077: Received PUBLISH from gatewayd-imx6ull-gateway-m6-838 (d0, q1, r0, m415, 'vehicle/imx6ull-gateway-m6/telemetry/20260831T220718p0800-m6-lan-1000', ... (24508 bytes))
1788188077: Sending PUBLISH to auto-9ACF5720-ADDF-DD07-C4E8-67E9F83C7AFD (d0, q1, r0, m415, 'vehicle/imx6ull-gateway-m6/telemetry/20260831T220718p0800-m6-lan-1000', ... (24508 bytes))
1788188077: Sending PUBACK to gatewayd-imx6ull-gateway-m6-838 (m415, rc0)
1788188077: Received PUBACK from auto-9ACF5720-ADDF-DD07-C4E8-67E9F83C7AFD (Mid: 415, RC:0)
1788188078: Received PUBLISH from gatewayd-imx6ull-gateway-m6-838 (d0, q1, r0, m416, 'vehicle/imx6ull-gateway-m6/telemetry/20260831T220718p0800-m6-lan-1000', ... (24470 bytes))
1788188078: Sending PUBLISH to auto-9ACF5720-ADDF-DD07-C4E8-67E9F83C7AFD (d0, q1, r0, m416, 'vehicle/imx6ull-gateway-m6/telemetry/20260831T220718p0800-m6-lan-1000', ... (24470 bytes))
1788188078: Sending PUBACK to gatewayd-imx6ull-gateway-m6-838 (m416, rc0)
1788188078: Received PUBACK from auto-9ACF5720-ADDF-DD07-C4E8-67E9F83C7AFD (Mid: 416, RC:0)
1788188079: Received PUBLISH from gatewayd-imx6ull-gateway-m6-838 (d0, q1, r0, m417, 'vehicle/imx6ull-gateway-m6/telemetry/20260831T220718p0800-m6-lan-1000', ... (24659 bytes))
1788188079: Sending PUBLISH to auto-9ACF5720-ADDF-DD07-C4E8-67E9F83C7AFD (d0, q1, r0, m417, 'vehicle/imx6ull-gateway-m6/telemetry/20260831T220718p0800-m6-lan-1000', ... (24659 bytes))
1788188079: Sending PUBACK to gatewayd-imx6ull-gateway-m6-838 (m417, rc0)
1788188079: Received PUBACK from auto-9ACF5720-ADDF-DD07-C4E8-67E9F83C7AFD (Mid: 417, RC:0)
1788188080: Received PUBLISH from gatewayd-imx6ull-gateway-m6-838 (d0, q1, r0, m418, 'vehicle/imx6ull-gateway-m6/telemetry/20260831T220718p0800-m6-lan-1000', ... (24306 bytes))
1788188080: Sending PUBLISH to auto-9ACF5720-ADDF-DD07-C4E8-67E9F83C7AFD (d0, q1, r0, m418, 'vehicle/imx6ull-gateway-m6/telemetry/20260831T220718p0800-m6-lan-1000', ... (24306 bytes))
1788188080: Sending PUBACK to gatewayd-imx6ull-gateway-m6-838 (m418, rc0)
1788188080: Received PUBACK from auto-9ACF5720-ADDF-DD07-C4E8-67E9F83C7AFD (Mid: 418, RC:0)
1788188081: Received PUBLISH from gatewayd-imx6ull-gateway-m6-838 (d0, q1, r0, m419, 'vehicle/imx6ull-gateway-m6/telemetry/20260831T220718p0800-m6-lan-1000', ... (24421 bytes))
1788188081: Sending PUBLISH to auto-9ACF5720-ADDF-DD07-C4E8-67E9F83C7AFD (d0, q1, r0, m419, 'vehicle/imx6ull-gateway-m6/telemetry/20260831T220718p0800-m6-lan-1000', ... (24421 bytes))
1788188081: Sending PUBACK to gatewayd-imx6ull-gateway-m6-838 (m419, rc0)
1788188081: Received PUBACK from auto-9ACF5720-ADDF-DD07-C4E8-67E9F83C7AFD (Mid: 419, RC:0)
1788188082: Received PUBLISH from gatewayd-imx6ull-gateway-m6-838 (d0, q1, r0, m420, 'vehicle/imx6ull-gateway-m6/telemetry/20260831T220718p0800-m6-lan-1000', ... (24716 bytes))
1788188082: Sending PUBLISH to auto-9ACF5720-ADDF-DD07-C4E8-67E9F83C7AFD (d0, q1, r0, m420, 'vehicle/imx6ull-gateway-m6/telemetry/20260831T220718p0800-m6-lan-1000', ... (24716 bytes))
1788188082: Sending PUBACK to gatewayd-imx6ull-gateway-m6-838 (m420, rc0)
1788188082: Received PUBACK from auto-9ACF5720-ADDF-DD07-C4E8-67E9F83C7AFD (Mid: 420, RC:0)
1788188083: Received PUBLISH from gatewayd-imx6ull-gateway-m6-838 (d0, q1, r0, m421, 'vehicle/imx6ull-gateway-m6/telemetry/20260831T220718p0800-m6-lan-1000', ... (24469 bytes))
1788188083: Sending PUBLISH to auto-9ACF5720-ADDF-DD07-C4E8-67E9F83C7AFD (d0, q1, r0, m421, 'vehicle/imx6ull-gateway-m6/telemetry/20260831T220718p0800-m6-lan-1000', ... (24469 bytes))
1788188083: Sending PUBACK to gatewayd-imx6ull-gateway-m6-838 (m421, rc0)
1788188083: Received PUBACK from auto-9ACF5720-ADDF-DD07-C4E8-67E9F83C7AFD (Mid: 421, RC:0)
1788188084: Received PUBLISH from gatewayd-imx6ull-gateway-m6-838 (d0, q1, r0, m422, 'vehicle/imx6ull-gateway-m6/telemetry/20260831T220718p0800-m6-lan-1000', ... (24456 bytes))
1788188084: Sending PUBLISH to auto-9ACF5720-ADDF-DD07-C4E8-67E9F83C7AFD (d0, q1, r0, m422, 'vehicle/imx6ull-gateway-m6/telemetry/20260831T220718p0800-m6-lan-1000', ... (24456 bytes))
1788188084: Sending PUBACK to gatewayd-imx6ull-gateway-m6-838 (m422, rc0)
1788188084: Received PUBACK from auto-9ACF5720-ADDF-DD07-C4E8-67E9F83C7AFD (Mid: 422, RC:0)
1788188085: Received PUBLISH from gatewayd-imx6ull-gateway-m6-838 (d0, q1, r0, m423, 'vehicle/imx6ull-gateway-m6/telemetry/20260831T220718p0800-m6-lan-1000', ... (24518 bytes))
1788188085: Sending PUBLISH to auto-9ACF5720-ADDF-DD07-C4E8-67E9F83C7AFD (d0, q1, r0, m423, 'vehicle/imx6ull-gateway-m6/telemetry/20260831T220718p0800-m6-lan-1000', ... (24518 bytes))
1788188085: Sending PUBACK to gatewayd-imx6ull-gateway-m6-838 (m423, rc0)
1788188085: Received PUBACK from auto-9ACF5720-ADDF-DD07-C4E8-67E9F83C7AFD (Mid: 423, RC:0)
1788188087: Received PUBLISH from gatewayd-imx6ull-gateway-m6-838 (d0, q1, r0, m424, 'vehicle/imx6ull-gateway-m6/telemetry/20260831T220718p0800-m6-lan-1000', ... (24414 bytes))
1788188087: Sending PUBLISH to auto-9ACF5720-ADDF-DD07-C4E8-67E9F83C7AFD (d0, q1, r0, m424, 'vehicle/imx6ull-gateway-m6/telemetry/20260831T220718p0800-m6-lan-1000', ... (24414 bytes))
1788188087: Sending PUBACK to gatewayd-imx6ull-gateway-m6-838 (m424, rc0)
1788188087: Received PUBACK from auto-9ACF5720-ADDF-DD07-C4E8-67E9F83C7AFD (Mid: 424, RC:0)
1788188088: Received PUBLISH from gatewayd-imx6ull-gateway-m6-838 (d0, q1, r0, m425, 'vehicle/imx6ull-gateway-m6/telemetry/20260831T220718p0800-m6-lan-1000', ... (24937 bytes))
1788188088: Sending PUBLISH to auto-9ACF5720-ADDF-DD07-C4E8-67E9F83C7AFD (d0, q1, r0, m425, 'vehicle/imx6ull-gateway-m6/telemetry/20260831T220718p0800-m6-lan-1000', ... (24937 bytes))
1788188088: Sending PUBACK to gatewayd-imx6ull-gateway-m6-838 (m425, rc0)
1788188088: Received PUBACK from auto-9ACF5720-ADDF-DD07-C4E8-67E9F83C7AFD (Mid: 425, RC:0)
1788188089: Received PUBLISH from gatewayd-imx6ull-gateway-m6-838 (d0, q1, r0, m426, 'vehicle/imx6ull-gateway-m6/telemetry/20260831T220718p0800-m6-lan-1000', ... (24472 bytes))
1788188089: Sending PUBLISH to auto-9ACF5720-ADDF-DD07-C4E8-67E9F83C7AFD (d0, q1, r0, m426, 'vehicle/imx6ull-gateway-m6/telemetry/20260831T220718p0800-m6-lan-1000', ... (24472 bytes))
1788188089: Sending PUBACK to gatewayd-imx6ull-gateway-m6-838 (m426, rc0)
1788188089: Received PUBACK from auto-9ACF5720-ADDF-DD07-C4E8-67E9F83C7AFD (Mid: 426, RC:0)
1788188090: Received PUBLISH from gatewayd-imx6ull-gateway-m6-838 (d0, q1, r0, m427, 'vehicle/imx6ull-gateway-m6/telemetry/20260831T220718p0800-m6-lan-1000', ... (24686 bytes))
1788188090: Sending PUBLISH to auto-9ACF5720-ADDF-DD07-C4E8-67E9F83C7AFD (d0, q1, r0, m427, 'vehicle/imx6ull-gateway-m6/telemetry/20260831T220718p0800-m6-lan-1000', ... (24686 bytes))
1788188090: Sending PUBACK to gatewayd-imx6ull-gateway-m6-838 (m427, rc0)
1788188090: Received PUBACK from auto-9ACF5720-ADDF-DD07-C4E8-67E9F83C7AFD (Mid: 427, RC:0)
1788188091: Received PUBLISH from gatewayd-imx6ull-gateway-m6-838 (d0, q1, r0, m428, 'vehicle/imx6ull-gateway-m6/telemetry/20260831T220718p0800-m6-lan-1000', ... (24528 bytes))
1788188091: Sending PUBLISH to auto-9ACF5720-ADDF-DD07-C4E8-67E9F83C7AFD (d0, q1, r0, m428, 'vehicle/imx6ull-gateway-m6/telemetry/20260831T220718p0800-m6-lan-1000', ... (24528 bytes))
1788188091: Sending PUBACK to gatewayd-imx6ull-gateway-m6-838 (m428, rc0)
1788188091: Received PUBACK from auto-9ACF5720-ADDF-DD07-C4E8-67E9F83C7AFD (Mid: 428, RC:0)
1788188092: Received PUBLISH from gatewayd-imx6ull-gateway-m6-838 (d0, q1, r0, m429, 'vehicle/imx6ull-gateway-m6/telemetry/20260831T220718p0800-m6-lan-1000', ... (24418 bytes))
1788188092: Sending PUBLISH to auto-9ACF5720-ADDF-DD07-C4E8-67E9F83C7AFD (d0, q1, r0, m429, 'vehicle/imx6ull-gateway-m6/telemetry/20260831T220718p0800-m6-lan-1000', ... (24418 bytes))
1788188092: Sending PUBACK to gatewayd-imx6ull-gateway-m6-838 (m429, rc0)
1788188092: Received PUBACK from auto-9ACF5720-ADDF-DD07-C4E8-67E9F83C7AFD (Mid: 429, RC:0)
1788188093: Received PUBLISH from gatewayd-imx6ull-gateway-m6-838 (d0, q1, r0, m430, 'vehicle/imx6ull-gateway-m6/telemetry/20260831T220718p0800-m6-lan-1000', ... (24740 bytes))
1788188093: Sending PUBLISH to auto-9ACF5720-ADDF-DD07-C4E8-67E9F83C7AFD (d0, q1, r0, m430, 'vehicle/imx6ull-gateway-m6/telemetry/20260831T220718p0800-m6-lan-1000', ... (24740 bytes))
1788188093: Sending PUBACK to gatewayd-imx6ull-gateway-m6-838 (m430, rc0)
1788188093: Received PUBACK from auto-9ACF5720-ADDF-DD07-C4E8-67E9F83C7AFD (Mid: 430, RC:0)
1788188094: Received PUBLISH from gatewayd-imx6ull-gateway-m6-838 (d0, q1, r0, m431, 'vehicle/imx6ull-gateway-m6/telemetry/20260831T220718p0800-m6-lan-1000', ... (24464 bytes))
1788188094: Sending PUBLISH to auto-9ACF5720-ADDF-DD07-C4E8-67E9F83C7AFD (d0, q1, r0, m431, 'vehicle/imx6ull-gateway-m6/telemetry/20260831T220718p0800-m6-lan-1000', ... (24464 bytes))
1788188094: Sending PUBACK to gatewayd-imx6ull-gateway-m6-838 (m431, rc0)
1788188094: Received PUBACK from auto-9ACF5720-ADDF-DD07-C4E8-67E9F83C7AFD (Mid: 431, RC:0)
1788188095: Received PUBLISH from gatewayd-imx6ull-gateway-m6-838 (d0, q1, r0, m432, 'vehicle/imx6ull-gateway-m6/telemetry/20260831T220718p0800-m6-lan-1000', ... (24694 bytes))
1788188095: Sending PUBLISH to auto-9ACF5720-ADDF-DD07-C4E8-67E9F83C7AFD (d0, q1, r0, m432, 'vehicle/imx6ull-gateway-m6/telemetry/20260831T220718p0800-m6-lan-1000', ... (24694 bytes))
1788188095: Sending PUBACK to gatewayd-imx6ull-gateway-m6-838 (m432, rc0)
1788188095: Received PUBACK from auto-9ACF5720-ADDF-DD07-C4E8-67E9F83C7AFD (Mid: 432, RC:0)
1788188096: Received PUBLISH from gatewayd-imx6ull-gateway-m6-838 (d0, q1, r0, m433, 'vehicle/imx6ull-gateway-m6/telemetry/20260831T220718p0800-m6-lan-1000', ... (24516 bytes))
1788188096: Sending PUBLISH to auto-9ACF5720-ADDF-DD07-C4E8-67E9F83C7AFD (d0, q1, r0, m433, 'vehicle/imx6ull-gateway-m6/telemetry/20260831T220718p0800-m6-lan-1000', ... (24516 bytes))
1788188096: Sending PUBACK to gatewayd-imx6ull-gateway-m6-838 (m433, rc0)
1788188096: Received PUBACK from auto-9ACF5720-ADDF-DD07-C4E8-67E9F83C7AFD (Mid: 433, RC:0)
1788188097: Received PUBLISH from gatewayd-imx6ull-gateway-m6-838 (d0, q1, r0, m434, 'vehicle/imx6ull-gateway-m6/telemetry/20260831T220718p0800-m6-lan-1000', ... (24430 bytes))
1788188097: Sending PUBLISH to auto-9ACF5720-ADDF-DD07-C4E8-67E9F83C7AFD (d0, q1, r0, m434, 'vehicle/imx6ull-gateway-m6/telemetry/20260831T220718p0800-m6-lan-1000', ... (24430 bytes))
1788188097: Sending PUBACK to gatewayd-imx6ull-gateway-m6-838 (m434, rc0)
1788188097: Received PUBACK from auto-9ACF5720-ADDF-DD07-C4E8-67E9F83C7AFD (Mid: 434, RC:0)
1788188098: Received PUBLISH from gatewayd-imx6ull-gateway-m6-838 (d0, q1, r0, m435, 'vehicle/imx6ull-gateway-m6/telemetry/20260831T220718p0800-m6-lan-1000', ... (24740 bytes))
1788188098: Sending PUBLISH to auto-9ACF5720-ADDF-DD07-C4E8-67E9F83C7AFD (d0, q1, r0, m435, 'vehicle/imx6ull-gateway-m6/telemetry/20260831T220718p0800-m6-lan-1000', ... (24740 bytes))
1788188098: Sending PUBACK to gatewayd-imx6ull-gateway-m6-838 (m435, rc0)
1788188098: Received PUBACK from auto-9ACF5720-ADDF-DD07-C4E8-67E9F83C7AFD (Mid: 435, RC:0)
1788188099: Received PUBLISH from gatewayd-imx6ull-gateway-m6-838 (d0, q1, r0, m436, 'vehicle/imx6ull-gateway-m6/telemetry/20260831T220718p0800-m6-lan-1000', ... (24456 bytes))
1788188099: Sending PUBLISH to auto-9ACF5720-ADDF-DD07-C4E8-67E9F83C7AFD (d0, q1, r0, m436, 'vehicle/imx6ull-gateway-m6/telemetry/20260831T220718p0800-m6-lan-1000', ... (24456 bytes))
1788188099: Sending PUBACK to gatewayd-imx6ull-gateway-m6-838 (m436, rc0)
1788188099: Received PUBACK from auto-9ACF5720-ADDF-DD07-C4E8-67E9F83C7AFD (Mid: 436, RC:0)
1788188100: Received PUBLISH from gatewayd-imx6ull-gateway-m6-838 (d0, q1, r0, m437, 'vehicle/imx6ull-gateway-m6/telemetry/20260831T220718p0800-m6-lan-1000', ... (24702 bytes))
1788188100: Sending PUBLISH to auto-9ACF5720-ADDF-DD07-C4E8-67E9F83C7AFD (d0, q1, r0, m437, 'vehicle/imx6ull-gateway-m6/telemetry/20260831T220718p0800-m6-lan-1000', ... (24702 bytes))
1788188100: Sending PUBACK to gatewayd-imx6ull-gateway-m6-838 (m437, rc0)
1788188100: Received PUBACK from auto-9ACF5720-ADDF-DD07-C4E8-67E9F83C7AFD (Mid: 437, RC:0)
1788188101: Received PUBLISH from gatewayd-imx6ull-gateway-m6-838 (d0, q1, r0, m438, 'vehicle/imx6ull-gateway-m6/telemetry/20260831T220718p0800-m6-lan-1000', ... (24504 bytes))
1788188101: Sending PUBLISH to auto-9ACF5720-ADDF-DD07-C4E8-67E9F83C7AFD (d0, q1, r0, m438, 'vehicle/imx6ull-gateway-m6/telemetry/20260831T220718p0800-m6-lan-1000', ... (24504 bytes))
1788188101: Sending PUBACK to gatewayd-imx6ull-gateway-m6-838 (m438, rc0)
1788188101: Received PUBACK from auto-9ACF5720-ADDF-DD07-C4E8-67E9F83C7AFD (Mid: 438, RC:0)
1788188102: Received PUBLISH from gatewayd-imx6ull-gateway-m6-838 (d0, q1, r0, m439, 'vehicle/imx6ull-gateway-m6/telemetry/20260831T220718p0800-m6-lan-1000', ... (24442 bytes))
1788188102: Sending PUBLISH to auto-9ACF5720-ADDF-DD07-C4E8-67E9F83C7AFD (d0, q1, r0, m439, 'vehicle/imx6ull-gateway-m6/telemetry/20260831T220718p0800-m6-lan-1000', ... (24442 bytes))
1788188102: Sending PUBACK to gatewayd-imx6ull-gateway-m6-838 (m439, rc0)
1788188102: Received PUBACK from auto-9ACF5720-ADDF-DD07-C4E8-67E9F83C7AFD (Mid: 439, RC:0)
1788188103: Received PUBLISH from gatewayd-imx6ull-gateway-m6-838 (d0, q1, r0, m440, 'vehicle/imx6ull-gateway-m6/telemetry/20260831T220718p0800-m6-lan-1000', ... (24736 bytes))
1788188103: Sending PUBLISH to auto-9ACF5720-ADDF-DD07-C4E8-67E9F83C7AFD (d0, q1, r0, m440, 'vehicle/imx6ull-gateway-m6/telemetry/20260831T220718p0800-m6-lan-1000', ... (24736 bytes))
1788188103: Sending PUBACK to gatewayd-imx6ull-gateway-m6-838 (m440, rc0)
1788188103: Received PUBACK from auto-9ACF5720-ADDF-DD07-C4E8-67E9F83C7AFD (Mid: 440, RC:0)
1788188104: Received PUBLISH from gatewayd-imx6ull-gateway-m6-838 (d0, q1, r0, m441, 'vehicle/imx6ull-gateway-m6/telemetry/20260831T220718p0800-m6-lan-1000', ... (24430 bytes))
1788188104: Sending PUBLISH to auto-9ACF5720-ADDF-DD07-C4E8-67E9F83C7AFD (d0, q1, r0, m441, 'vehicle/imx6ull-gateway-m6/telemetry/20260831T220718p0800-m6-lan-1000', ... (24430 bytes))
1788188104: Sending PUBACK to gatewayd-imx6ull-gateway-m6-838 (m441, rc0)
1788188104: Received PUBACK from auto-9ACF5720-ADDF-DD07-C4E8-67E9F83C7AFD (Mid: 441, RC:0)
1788188105: Received PUBLISH from gatewayd-imx6ull-gateway-m6-838 (d0, q1, r0, m442, 'vehicle/imx6ull-gateway-m6/telemetry/20260831T220718p0800-m6-lan-1000', ... (24699 bytes))
1788188105: Sending PUBLISH to auto-9ACF5720-ADDF-DD07-C4E8-67E9F83C7AFD (d0, q1, r0, m442, 'vehicle/imx6ull-gateway-m6/telemetry/20260831T220718p0800-m6-lan-1000', ... (24699 bytes))
1788188105: Sending PUBACK to gatewayd-imx6ull-gateway-m6-838 (m442, rc0)
1788188105: Received PUBACK from auto-9ACF5720-ADDF-DD07-C4E8-67E9F83C7AFD (Mid: 442, RC:0)
1788188106: Received PUBLISH from gatewayd-imx6ull-gateway-m6-838 (d0, q1, r0, m443, 'vehicle/imx6ull-gateway-m6/telemetry/20260831T220718p0800-m6-lan-1000', ... (24486 bytes))
1788188106: Sending PUBLISH to auto-9ACF5720-ADDF-DD07-C4E8-67E9F83C7AFD (d0, q1, r0, m443, 'vehicle/imx6ull-gateway-m6/telemetry/20260831T220718p0800-m6-lan-1000', ... (24486 bytes))
1788188106: Sending PUBACK to gatewayd-imx6ull-gateway-m6-838 (m443, rc0)
1788188106: Received PUBACK from auto-9ACF5720-ADDF-DD07-C4E8-67E9F83C7AFD (Mid: 443, RC:0)
1788188107: Received PUBLISH from gatewayd-imx6ull-gateway-m6-838 (d0, q1, r0, m444, 'vehicle/imx6ull-gateway-m6/telemetry/20260831T220718p0800-m6-lan-1000', ... (24440 bytes))
1788188107: Sending PUBLISH to auto-9ACF5720-ADDF-DD07-C4E8-67E9F83C7AFD (d0, q1, r0, m444, 'vehicle/imx6ull-gateway-m6/telemetry/20260831T220718p0800-m6-lan-1000', ... (24440 bytes))
1788188107: Sending PUBACK to gatewayd-imx6ull-gateway-m6-838 (m444, rc0)
1788188107: Received PUBACK from auto-9ACF5720-ADDF-DD07-C4E8-67E9F83C7AFD (Mid: 444, RC:0)
1788188108: Received PUBLISH from gatewayd-imx6ull-gateway-m6-838 (d0, q1, r0, m445, 'vehicle/imx6ull-gateway-m6/telemetry/20260831T220718p0800-m6-lan-1000', ... (24729 bytes))
1788188108: Sending PUBLISH to auto-9ACF5720-ADDF-DD07-C4E8-67E9F83C7AFD (d0, q1, r0, m445, 'vehicle/imx6ull-gateway-m6/telemetry/20260831T220718p0800-m6-lan-1000', ... (24729 bytes))
1788188108: Sending PUBACK to gatewayd-imx6ull-gateway-m6-838 (m445, rc0)
1788188108: Received PUBACK from auto-9ACF5720-ADDF-DD07-C4E8-67E9F83C7AFD (Mid: 445, RC:0)
1788188109: Received PUBLISH from gatewayd-imx6ull-gateway-m6-838 (d0, q1, r0, m446, 'vehicle/imx6ull-gateway-m6/telemetry/20260831T220718p0800-m6-lan-1000', ... (24430 bytes))
1788188109: Sending PUBLISH to auto-9ACF5720-ADDF-DD07-C4E8-67E9F83C7AFD (d0, q1, r0, m446, 'vehicle/imx6ull-gateway-m6/telemetry/20260831T220718p0800-m6-lan-1000', ... (24430 bytes))
1788188109: Sending PUBACK to gatewayd-imx6ull-gateway-m6-838 (m446, rc0)
1788188109: Received PUBACK from auto-9ACF5720-ADDF-DD07-C4E8-67E9F83C7AFD (Mid: 446, RC:0)
1788188110: Received PUBLISH from gatewayd-imx6ull-gateway-m6-838 (d0, q1, r0, m447, 'vehicle/imx6ull-gateway-m6/telemetry/20260831T220718p0800-m6-lan-1000', ... (24284 bytes))
1788188110: Sending PUBLISH to auto-9ACF5720-ADDF-DD07-C4E8-67E9F83C7AFD (d0, q1, r0, m447, 'vehicle/imx6ull-gateway-m6/telemetry/20260831T220718p0800-m6-lan-1000', ... (24284 bytes))
1788188110: Sending PUBACK to gatewayd-imx6ull-gateway-m6-838 (m447, rc0)
1788188110: Received PUBACK from auto-9ACF5720-ADDF-DD07-C4E8-67E9F83C7AFD (Mid: 447, RC:0)
1788188111: Received PUBLISH from gatewayd-imx6ull-gateway-m6-838 (d0, q1, r0, m448, 'vehicle/imx6ull-gateway-m6/telemetry/20260831T220718p0800-m6-lan-1000', ... (24690 bytes))
1788188111: Sending PUBLISH to auto-9ACF5720-ADDF-DD07-C4E8-67E9F83C7AFD (d0, q1, r0, m448, 'vehicle/imx6ull-gateway-m6/telemetry/20260831T220718p0800-m6-lan-1000', ... (24690 bytes))
1788188111: Sending PUBACK to gatewayd-imx6ull-gateway-m6-838 (m448, rc0)
1788188111: Received PUBACK from auto-9ACF5720-ADDF-DD07-C4E8-67E9F83C7AFD (Mid: 448, RC:0)
1788188113: Received PUBLISH from gatewayd-imx6ull-gateway-m6-838 (d0, q1, r0, m449, 'vehicle/imx6ull-gateway-m6/telemetry/20260831T220718p0800-m6-lan-1000', ... (24447 bytes))
1788188113: Sending PUBLISH to auto-9ACF5720-ADDF-DD07-C4E8-67E9F83C7AFD (d0, q1, r0, m449, 'vehicle/imx6ull-gateway-m6/telemetry/20260831T220718p0800-m6-lan-1000', ... (24447 bytes))
1788188113: Sending PUBACK to gatewayd-imx6ull-gateway-m6-838 (m449, rc0)
1788188113: Received PUBACK from auto-9ACF5720-ADDF-DD07-C4E8-67E9F83C7AFD (Mid: 449, RC:0)
1788188114: Received PUBLISH from gatewayd-imx6ull-gateway-m6-838 (d0, q1, r0, m450, 'vehicle/imx6ull-gateway-m6/telemetry/20260831T220718p0800-m6-lan-1000', ... (24947 bytes))
1788188114: Sending PUBLISH to auto-9ACF5720-ADDF-DD07-C4E8-67E9F83C7AFD (d0, q1, r0, m450, 'vehicle/imx6ull-gateway-m6/telemetry/20260831T220718p0800-m6-lan-1000', ... (24947 bytes))
1788188114: Sending PUBACK to gatewayd-imx6ull-gateway-m6-838 (m450, rc0)
1788188114: Received PUBACK from auto-9ACF5720-ADDF-DD07-C4E8-67E9F83C7AFD (Mid: 450, RC:0)
1788188115: Received PUBLISH from gatewayd-imx6ull-gateway-m6-838 (d0, q1, r0, m451, 'vehicle/imx6ull-gateway-m6/telemetry/20260831T220718p0800-m6-lan-1000', ... (24433 bytes))
1788188115: Sending PUBLISH to auto-9ACF5720-ADDF-DD07-C4E8-67E9F83C7AFD (d0, q1, r0, m451, 'vehicle/imx6ull-gateway-m6/telemetry/20260831T220718p0800-m6-lan-1000', ... (24433 bytes))
1788188115: Sending PUBACK to gatewayd-imx6ull-gateway-m6-838 (m451, rc0)
1788188115: Received PUBACK from auto-9ACF5720-ADDF-DD07-C4E8-67E9F83C7AFD (Mid: 451, RC:0)
1788188116: Received PUBLISH from gatewayd-imx6ull-gateway-m6-838 (d0, q1, r0, m452, 'vehicle/imx6ull-gateway-m6/telemetry/20260831T220718p0800-m6-lan-1000', ... (24513 bytes))
1788188116: Sending PUBLISH to auto-9ACF5720-ADDF-DD07-C4E8-67E9F83C7AFD (d0, q1, r0, m452, 'vehicle/imx6ull-gateway-m6/telemetry/20260831T220718p0800-m6-lan-1000', ... (24513 bytes))
1788188116: Sending PUBACK to gatewayd-imx6ull-gateway-m6-838 (m452, rc0)
1788188116: Received PUBACK from auto-9ACF5720-ADDF-DD07-C4E8-67E9F83C7AFD (Mid: 452, RC:0)
1788188117: Received PUBLISH from gatewayd-imx6ull-gateway-m6-838 (d0, q1, r0, m453, 'vehicle/imx6ull-gateway-m6/telemetry/20260831T220718p0800-m6-lan-1000', ... (24693 bytes))
1788188117: Sending PUBLISH to auto-9ACF5720-ADDF-DD07-C4E8-67E9F83C7AFD (d0, q1, r0, m453, 'vehicle/imx6ull-gateway-m6/telemetry/20260831T220718p0800-m6-lan-1000', ... (24693 bytes))
1788188117: Sending PUBACK to gatewayd-imx6ull-gateway-m6-838 (m453, rc0)
1788188117: Received PUBACK from auto-9ACF5720-ADDF-DD07-C4E8-67E9F83C7AFD (Mid: 453, RC:0)
1788188118: Received PUBLISH from gatewayd-imx6ull-gateway-m6-838 (d0, q1, r0, m454, 'vehicle/imx6ull-gateway-m6/telemetry/20260831T220718p0800-m6-lan-1000', ... (24465 bytes))
1788188118: Sending PUBLISH to auto-9ACF5720-ADDF-DD07-C4E8-67E9F83C7AFD (d0, q1, r0, m454, 'vehicle/imx6ull-gateway-m6/telemetry/20260831T220718p0800-m6-lan-1000', ... (24465 bytes))
1788188118: Sending PUBACK to gatewayd-imx6ull-gateway-m6-838 (m454, rc0)
1788188118: Received PUBACK from auto-9ACF5720-ADDF-DD07-C4E8-67E9F83C7AFD (Mid: 454, RC:0)
1788188119: Received PUBLISH from gatewayd-imx6ull-gateway-m6-838 (d0, q1, r0, m455, 'vehicle/imx6ull-gateway-m6/telemetry/20260831T220718p0800-m6-lan-1000', ... (24740 bytes))
1788188119: Sending PUBLISH to auto-9ACF5720-ADDF-DD07-C4E8-67E9F83C7AFD (d0, q1, r0, m455, 'vehicle/imx6ull-gateway-m6/telemetry/20260831T220718p0800-m6-lan-1000', ... (24740 bytes))
1788188119: Sending PUBACK to gatewayd-imx6ull-gateway-m6-838 (m455, rc0)
1788188119: Received PUBACK from auto-9ACF5720-ADDF-DD07-C4E8-67E9F83C7AFD (Mid: 455, RC:0)
1788188120: Received PUBLISH from gatewayd-imx6ull-gateway-m6-838 (d0, q1, r0, m456, 'vehicle/imx6ull-gateway-m6/telemetry/20260831T220718p0800-m6-lan-1000', ... (24425 bytes))
1788188120: Sending PUBLISH to auto-9ACF5720-ADDF-DD07-C4E8-67E9F83C7AFD (d0, q1, r0, m456, 'vehicle/imx6ull-gateway-m6/telemetry/20260831T220718p0800-m6-lan-1000', ... (24425 bytes))
1788188120: Sending PUBACK to gatewayd-imx6ull-gateway-m6-838 (m456, rc0)
1788188120: Received PUBACK from auto-9ACF5720-ADDF-DD07-C4E8-67E9F83C7AFD (Mid: 456, RC:0)
1788188121: Received PUBLISH from gatewayd-imx6ull-gateway-m6-838 (d0, q1, r0, m457, 'vehicle/imx6ull-gateway-m6/telemetry/20260831T220718p0800-m6-lan-1000', ... (24521 bytes))
1788188121: Sending PUBLISH to auto-9ACF5720-ADDF-DD07-C4E8-67E9F83C7AFD (d0, q1, r0, m457, 'vehicle/imx6ull-gateway-m6/telemetry/20260831T220718p0800-m6-lan-1000', ... (24521 bytes))
1788188121: Sending PUBACK to gatewayd-imx6ull-gateway-m6-838 (m457, rc0)
1788188121: Received PUBACK from auto-9ACF5720-ADDF-DD07-C4E8-67E9F83C7AFD (Mid: 457, RC:0)
1788188122: Received PUBLISH from gatewayd-imx6ull-gateway-m6-838 (d0, q1, r0, m458, 'vehicle/imx6ull-gateway-m6/telemetry/20260831T220718p0800-m6-lan-1000', ... (24685 bytes))
1788188122: Sending PUBLISH to auto-9ACF5720-ADDF-DD07-C4E8-67E9F83C7AFD (d0, q1, r0, m458, 'vehicle/imx6ull-gateway-m6/telemetry/20260831T220718p0800-m6-lan-1000', ... (24685 bytes))
1788188122: Sending PUBACK to gatewayd-imx6ull-gateway-m6-838 (m458, rc0)
1788188122: Received PUBACK from auto-9ACF5720-ADDF-DD07-C4E8-67E9F83C7AFD (Mid: 458, RC:0)
1788188123: Received PUBLISH from gatewayd-imx6ull-gateway-m6-838 (d0, q1, r0, m459, 'vehicle/imx6ull-gateway-m6/telemetry/20260831T220718p0800-m6-lan-1000', ... (24685 bytes))
1788188123: Sending PUBLISH to auto-9ACF5720-ADDF-DD07-C4E8-67E9F83C7AFD (d0, q1, r0, m459, 'vehicle/imx6ull-gateway-m6/telemetry/20260831T220718p0800-m6-lan-1000', ... (24685 bytes))
1788188123: Sending PUBACK to gatewayd-imx6ull-gateway-m6-838 (m459, rc0)
1788188123: Received PUBACK from auto-9ACF5720-ADDF-DD07-C4E8-67E9F83C7AFD (Mid: 459, RC:0)
1788188124: Received PUBLISH from gatewayd-imx6ull-gateway-m6-838 (d0, q1, r0, m460, 'vehicle/imx6ull-gateway-m6/telemetry/20260831T220718p0800-m6-lan-1000', ... (24740 bytes))
1788188124: Sending PUBLISH to auto-9ACF5720-ADDF-DD07-C4E8-67E9F83C7AFD (d0, q1, r0, m460, 'vehicle/imx6ull-gateway-m6/telemetry/20260831T220718p0800-m6-lan-1000', ... (24740 bytes))
1788188124: Sending PUBACK to gatewayd-imx6ull-gateway-m6-838 (m460, rc0)
1788188124: Received PUBACK from auto-9ACF5720-ADDF-DD07-C4E8-67E9F83C7AFD (Mid: 460, RC:0)
1788188125: Received PUBLISH from gatewayd-imx6ull-gateway-m6-838 (d0, q1, r0, m461, 'vehicle/imx6ull-gateway-m6/telemetry/20260831T220718p0800-m6-lan-1000', ... (24418 bytes))
1788188125: Sending PUBLISH to auto-9ACF5720-ADDF-DD07-C4E8-67E9F83C7AFD (d0, q1, r0, m461, 'vehicle/imx6ull-gateway-m6/telemetry/20260831T220718p0800-m6-lan-1000', ... (24418 bytes))
1788188125: Sending PUBACK to gatewayd-imx6ull-gateway-m6-838 (m461, rc0)
1788188125: Received PUBACK from auto-9ACF5720-ADDF-DD07-C4E8-67E9F83C7AFD (Mid: 461, RC:0)
1788188126: Received PUBLISH from gatewayd-imx6ull-gateway-m6-838 (d0, q1, r0, m462, 'vehicle/imx6ull-gateway-m6/telemetry/20260831T220718p0800-m6-lan-1000', ... (24740 bytes))
1788188126: Sending PUBLISH to auto-9ACF5720-ADDF-DD07-C4E8-67E9F83C7AFD (d0, q1, r0, m462, 'vehicle/imx6ull-gateway-m6/telemetry/20260831T220718p0800-m6-lan-1000', ... (24740 bytes))
1788188126: Sending PUBACK to gatewayd-imx6ull-gateway-m6-838 (m462, rc0)
1788188126: Received PUBACK from auto-9ACF5720-ADDF-DD07-C4E8-67E9F83C7AFD (Mid: 462, RC:0)
1788188127: Received PUBLISH from gatewayd-imx6ull-gateway-m6-838 (d0, q1, r0, m463, 'vehicle/imx6ull-gateway-m6/telemetry/20260831T220718p0800-m6-lan-1000', ... (24464 bytes))
1788188127: Sending PUBLISH to auto-9ACF5720-ADDF-DD07-C4E8-67E9F83C7AFD (d0, q1, r0, m463, 'vehicle/imx6ull-gateway-m6/telemetry/20260831T220718p0800-m6-lan-1000', ... (24464 bytes))
1788188127: Sending PUBACK to gatewayd-imx6ull-gateway-m6-838 (m463, rc0)
1788188127: Received PUBACK from auto-9ACF5720-ADDF-DD07-C4E8-67E9F83C7AFD (Mid: 463, RC:0)
1788188128: Received PUBLISH from gatewayd-imx6ull-gateway-m6-838 (d0, q1, r0, m464, 'vehicle/imx6ull-gateway-m6/telemetry/20260831T220718p0800-m6-lan-1000', ... (24482 bytes))
1788188128: Sending PUBLISH to auto-9ACF5720-ADDF-DD07-C4E8-67E9F83C7AFD (d0, q1, r0, m464, 'vehicle/imx6ull-gateway-m6/telemetry/20260831T220718p0800-m6-lan-1000', ... (24482 bytes))
1788188128: Sending PUBACK to gatewayd-imx6ull-gateway-m6-838 (m464, rc0)
1788188128: Received PUBACK from auto-9ACF5720-ADDF-DD07-C4E8-67E9F83C7AFD (Mid: 464, RC:0)
1788188129: Received PUBLISH from gatewayd-imx6ull-gateway-m6-838 (d0, q1, r0, m465, 'vehicle/imx6ull-gateway-m6/telemetry/20260831T220718p0800-m6-lan-1000', ... (24716 bytes))
1788188129: Sending PUBLISH to auto-9ACF5720-ADDF-DD07-C4E8-67E9F83C7AFD (d0, q1, r0, m465, 'vehicle/imx6ull-gateway-m6/telemetry/20260831T220718p0800-m6-lan-1000', ... (24716 bytes))
1788188129: Sending PUBACK to gatewayd-imx6ull-gateway-m6-838 (m465, rc0)
1788188129: Received PUBACK from auto-9ACF5720-ADDF-DD07-C4E8-67E9F83C7AFD (Mid: 465, RC:0)
1788188130: Received PUBLISH from gatewayd-imx6ull-gateway-m6-838 (d0, q1, r0, m466, 'vehicle/imx6ull-gateway-m6/telemetry/20260831T220718p0800-m6-lan-1000', ... (24416 bytes))
1788188130: Sending PUBLISH to auto-9ACF5720-ADDF-DD07-C4E8-67E9F83C7AFD (d0, q1, r0, m466, 'vehicle/imx6ull-gateway-m6/telemetry/20260831T220718p0800-m6-lan-1000', ... (24416 bytes))
1788188130: Sending PUBACK to gatewayd-imx6ull-gateway-m6-838 (m466, rc0)
1788188130: Received PUBACK from auto-9ACF5720-ADDF-DD07-C4E8-67E9F83C7AFD (Mid: 466, RC:0)
1788188131: Received PUBLISH from gatewayd-imx6ull-gateway-m6-838 (d0, q1, r0, m467, 'vehicle/imx6ull-gateway-m6/telemetry/20260831T220718p0800-m6-lan-1000', ... (24729 bytes))
1788188131: Sending PUBLISH to auto-9ACF5720-ADDF-DD07-C4E8-67E9F83C7AFD (d0, q1, r0, m467, 'vehicle/imx6ull-gateway-m6/telemetry/20260831T220718p0800-m6-lan-1000', ... (24729 bytes))
1788188131: Sending PUBACK to gatewayd-imx6ull-gateway-m6-838 (m467, rc0)
1788188131: Received PUBACK from auto-9ACF5720-ADDF-DD07-C4E8-67E9F83C7AFD (Mid: 467, RC:0)
1788188132: Received PUBLISH from gatewayd-imx6ull-gateway-m6-838 (d0, q1, r0, m468, 'vehicle/imx6ull-gateway-m6/telemetry/20260831T220718p0800-m6-lan-1000', ... (24446 bytes))
1788188132: Sending PUBLISH to auto-9ACF5720-ADDF-DD07-C4E8-67E9F83C7AFD (d0, q1, r0, m468, 'vehicle/imx6ull-gateway-m6/telemetry/20260831T220718p0800-m6-lan-1000', ... (24446 bytes))
1788188132: Sending PUBACK to gatewayd-imx6ull-gateway-m6-838 (m468, rc0)
1788188132: Received PUBACK from auto-9ACF5720-ADDF-DD07-C4E8-67E9F83C7AFD (Mid: 468, RC:0)
1788188133: Received PUBLISH from gatewayd-imx6ull-gateway-m6-838 (d0, q1, r0, m469, 'vehicle/imx6ull-gateway-m6/telemetry/20260831T220718p0800-m6-lan-1000', ... (24480 bytes))
1788188133: Sending PUBLISH to auto-9ACF5720-ADDF-DD07-C4E8-67E9F83C7AFD (d0, q1, r0, m469, 'vehicle/imx6ull-gateway-m6/telemetry/20260831T220718p0800-m6-lan-1000', ... (24480 bytes))
1788188133: Sending PUBACK to gatewayd-imx6ull-gateway-m6-838 (m469, rc0)
1788188133: Received PUBACK from auto-9ACF5720-ADDF-DD07-C4E8-67E9F83C7AFD (Mid: 469, RC:0)
1788188134: Received PUBLISH from gatewayd-imx6ull-gateway-m6-838 (d0, q1, r0, m470, 'vehicle/imx6ull-gateway-m6/telemetry/20260831T220718p0800-m6-lan-1000', ... (24705 bytes))
1788188134: Sending PUBLISH to auto-9ACF5720-ADDF-DD07-C4E8-67E9F83C7AFD (d0, q1, r0, m470, 'vehicle/imx6ull-gateway-m6/telemetry/20260831T220718p0800-m6-lan-1000', ... (24705 bytes))
1788188134: Sending PUBACK to gatewayd-imx6ull-gateway-m6-838 (m470, rc0)
1788188134: Received PUBACK from auto-9ACF5720-ADDF-DD07-C4E8-67E9F83C7AFD (Mid: 470, RC:0)
1788188135: Received PUBLISH from gatewayd-imx6ull-gateway-m6-838 (d0, q1, r0, m471, 'vehicle/imx6ull-gateway-m6/telemetry/20260831T220718p0800-m6-lan-1000', ... (24432 bytes))
1788188135: Sending PUBLISH to auto-9ACF5720-ADDF-DD07-C4E8-67E9F83C7AFD (d0, q1, r0, m471, 'vehicle/imx6ull-gateway-m6/telemetry/20260831T220718p0800-m6-lan-1000', ... (24432 bytes))
1788188135: Sending PUBACK to gatewayd-imx6ull-gateway-m6-838 (m471, rc0)
1788188135: Received PUBACK from auto-9ACF5720-ADDF-DD07-C4E8-67E9F83C7AFD (Mid: 471, RC:0)
1788188136: Received PUBLISH from gatewayd-imx6ull-gateway-m6-838 (d0, q1, r0, m472, 'vehicle/imx6ull-gateway-m6/telemetry/20260831T220718p0800-m6-lan-1000', ... (24729 bytes))
1788188136: Sending PUBLISH to auto-9ACF5720-ADDF-DD07-C4E8-67E9F83C7AFD (d0, q1, r0, m472, 'vehicle/imx6ull-gateway-m6/telemetry/20260831T220718p0800-m6-lan-1000', ... (24729 bytes))
1788188136: Sending PUBACK to gatewayd-imx6ull-gateway-m6-838 (m472, rc0)
1788188136: Received PUBACK from auto-9ACF5720-ADDF-DD07-C4E8-67E9F83C7AFD (Mid: 472, RC:0)
1788188137: Received PUBLISH from gatewayd-imx6ull-gateway-m6-838 (d0, q1, r0, m473, 'vehicle/imx6ull-gateway-m6/telemetry/20260831T220718p0800-m6-lan-1000', ... (24438 bytes))
1788188137: Sending PUBLISH to auto-9ACF5720-ADDF-DD07-C4E8-67E9F83C7AFD (d0, q1, r0, m473, 'vehicle/imx6ull-gateway-m6/telemetry/20260831T220718p0800-m6-lan-1000', ... (24438 bytes))
1788188137: Sending PUBACK to gatewayd-imx6ull-gateway-m6-838 (m473, rc0)
1788188137: Received PUBACK from auto-9ACF5720-ADDF-DD07-C4E8-67E9F83C7AFD (Mid: 473, RC:0)
1788188139: Received PUBLISH from gatewayd-imx6ull-gateway-m6-838 (d0, q1, r0, m474, 'vehicle/imx6ull-gateway-m6/telemetry/20260831T220718p0800-m6-lan-1000', ... (24488 bytes))
1788188139: Sending PUBLISH to auto-9ACF5720-ADDF-DD07-C4E8-67E9F83C7AFD (d0, q1, r0, m474, 'vehicle/imx6ull-gateway-m6/telemetry/20260831T220718p0800-m6-lan-1000', ... (24488 bytes))
1788188139: Sending PUBACK to gatewayd-imx6ull-gateway-m6-838 (m474, rc0)
1788188139: Received PUBACK from auto-9ACF5720-ADDF-DD07-C4E8-67E9F83C7AFD (Mid: 474, RC:0)
1788188140: Received PUBLISH from gatewayd-imx6ull-gateway-m6-838 (d0, q1, r0, m475, 'vehicle/imx6ull-gateway-m6/telemetry/20260831T220718p0800-m6-lan-1000', ... (24919 bytes))
1788188140: Sending PUBLISH to auto-9ACF5720-ADDF-DD07-C4E8-67E9F83C7AFD (d0, q1, r0, m475, 'vehicle/imx6ull-gateway-m6/telemetry/20260831T220718p0800-m6-lan-1000', ... (24919 bytes))
1788188140: Sending PUBACK to gatewayd-imx6ull-gateway-m6-838 (m475, rc0)
1788188140: Received PUBACK from auto-9ACF5720-ADDF-DD07-C4E8-67E9F83C7AFD (Mid: 475, RC:0)
1788188141: Received PUBLISH from gatewayd-imx6ull-gateway-m6-838 (d0, q1, r0, m476, 'vehicle/imx6ull-gateway-m6/telemetry/20260831T220718p0800-m6-lan-1000', ... (24450 bytes))
1788188141: Sending PUBLISH to auto-9ACF5720-ADDF-DD07-C4E8-67E9F83C7AFD (d0, q1, r0, m476, 'vehicle/imx6ull-gateway-m6/telemetry/20260831T220718p0800-m6-lan-1000', ... (24450 bytes))
1788188141: Sending PUBACK to gatewayd-imx6ull-gateway-m6-838 (m476, rc0)
1788188141: Received PUBACK from auto-9ACF5720-ADDF-DD07-C4E8-67E9F83C7AFD (Mid: 476, RC:0)
1788188142: Received PUBLISH from gatewayd-imx6ull-gateway-m6-838 (d0, q1, r0, m477, 'vehicle/imx6ull-gateway-m6/telemetry/20260831T220718p0800-m6-lan-1000', ... (24740 bytes))
1788188142: Sending PUBLISH to auto-9ACF5720-ADDF-DD07-C4E8-67E9F83C7AFD (d0, q1, r0, m477, 'vehicle/imx6ull-gateway-m6/telemetry/20260831T220718p0800-m6-lan-1000', ... (24740 bytes))
1788188142: Sending PUBACK to gatewayd-imx6ull-gateway-m6-838 (m477, rc0)
1788188142: Received PUBACK from auto-9ACF5720-ADDF-DD07-C4E8-67E9F83C7AFD (Mid: 477, RC:0)
1788188143: Received PUBLISH from gatewayd-imx6ull-gateway-m6-838 (d0, q1, r0, m478, 'vehicle/imx6ull-gateway-m6/telemetry/20260831T220718p0800-m6-lan-1000', ... (24440 bytes))
1788188143: Sending PUBLISH to auto-9ACF5720-ADDF-DD07-C4E8-67E9F83C7AFD (d0, q1, r0, m478, 'vehicle/imx6ull-gateway-m6/telemetry/20260831T220718p0800-m6-lan-1000', ... (24440 bytes))
1788188143: Sending PUBACK to gatewayd-imx6ull-gateway-m6-838 (m478, rc0)
1788188143: Received PUBACK from auto-9ACF5720-ADDF-DD07-C4E8-67E9F83C7AFD (Mid: 478, RC:0)
1788188144: Received PUBLISH from gatewayd-imx6ull-gateway-m6-838 (d0, q1, r0, m479, 'vehicle/imx6ull-gateway-m6/telemetry/20260831T220718p0800-m6-lan-1000', ... (24506 bytes))
1788188144: Sending PUBLISH to auto-9ACF5720-ADDF-DD07-C4E8-67E9F83C7AFD (d0, q1, r0, m479, 'vehicle/imx6ull-gateway-m6/telemetry/20260831T220718p0800-m6-lan-1000', ... (24506 bytes))
1788188144: Sending PUBACK to gatewayd-imx6ull-gateway-m6-838 (m479, rc0)
1788188144: Received PUBACK from auto-9ACF5720-ADDF-DD07-C4E8-67E9F83C7AFD (Mid: 479, RC:0)
1788188145: Received PUBLISH from gatewayd-imx6ull-gateway-m6-838 (d0, q1, r0, m480, 'vehicle/imx6ull-gateway-m6/telemetry/20260831T220718p0800-m6-lan-1000', ... (24700 bytes))
1788188145: Sending PUBLISH to auto-9ACF5720-ADDF-DD07-C4E8-67E9F83C7AFD (d0, q1, r0, m480, 'vehicle/imx6ull-gateway-m6/telemetry/20260831T220718p0800-m6-lan-1000', ... (24700 bytes))
1788188145: Sending PUBACK to gatewayd-imx6ull-gateway-m6-838 (m480, rc0)
1788188145: Received PUBACK from auto-9ACF5720-ADDF-DD07-C4E8-67E9F83C7AFD (Mid: 480, RC:0)
1788188146: Received PUBLISH from gatewayd-imx6ull-gateway-m6-838 (d0, q1, r0, m481, 'vehicle/imx6ull-gateway-m6/telemetry/20260831T220718p0800-m6-lan-1000', ... (24458 bytes))
1788188146: Sending PUBLISH to auto-9ACF5720-ADDF-DD07-C4E8-67E9F83C7AFD (d0, q1, r0, m481, 'vehicle/imx6ull-gateway-m6/telemetry/20260831T220718p0800-m6-lan-1000', ... (24458 bytes))
1788188146: Sending PUBACK to gatewayd-imx6ull-gateway-m6-838 (m481, rc0)
1788188146: Received PUBACK from auto-9ACF5720-ADDF-DD07-C4E8-67E9F83C7AFD (Mid: 481, RC:0)
1788188147: Received PUBLISH from gatewayd-imx6ull-gateway-m6-838 (d0, q1, r0, m482, 'vehicle/imx6ull-gateway-m6/telemetry/20260831T220718p0800-m6-lan-1000', ... (24740 bytes))
1788188147: Sending PUBLISH to auto-9ACF5720-ADDF-DD07-C4E8-67E9F83C7AFD (d0, q1, r0, m482, 'vehicle/imx6ull-gateway-m6/telemetry/20260831T220718p0800-m6-lan-1000', ... (24740 bytes))
1788188147: Sending PUBACK to gatewayd-imx6ull-gateway-m6-838 (m482, rc0)
1788188147: Received PUBACK from auto-9ACF5720-ADDF-DD07-C4E8-67E9F83C7AFD (Mid: 482, RC:0)
1788188148: Received PUBLISH from gatewayd-imx6ull-gateway-m6-838 (d0, q1, r0, m483, 'vehicle/imx6ull-gateway-m6/telemetry/20260831T220718p0800-m6-lan-1000', ... (24432 bytes))
1788188148: Sending PUBLISH to auto-9ACF5720-ADDF-DD07-C4E8-67E9F83C7AFD (d0, q1, r0, m483, 'vehicle/imx6ull-gateway-m6/telemetry/20260831T220718p0800-m6-lan-1000', ... (24432 bytes))
1788188148: Sending PUBACK to gatewayd-imx6ull-gateway-m6-838 (m483, rc0)
1788188148: Received PUBACK from auto-9ACF5720-ADDF-DD07-C4E8-67E9F83C7AFD (Mid: 483, RC:0)
1788188149: Received PUBLISH from gatewayd-imx6ull-gateway-m6-838 (d0, q1, r0, m484, 'vehicle/imx6ull-gateway-m6/telemetry/20260831T220718p0800-m6-lan-1000', ... (24514 bytes))
1788188149: Sending PUBLISH to auto-9ACF5720-ADDF-DD07-C4E8-67E9F83C7AFD (d0, q1, r0, m484, 'vehicle/imx6ull-gateway-m6/telemetry/20260831T220718p0800-m6-lan-1000', ... (24514 bytes))
1788188149: Sending PUBACK to gatewayd-imx6ull-gateway-m6-838 (m484, rc0)
1788188149: Received PUBACK from auto-9ACF5720-ADDF-DD07-C4E8-67E9F83C7AFD (Mid: 484, RC:0)
1788188150: Received PUBLISH from gatewayd-imx6ull-gateway-m6-838 (d0, q1, r0, m485, 'vehicle/imx6ull-gateway-m6/telemetry/20260831T220718p0800-m6-lan-1000', ... (24692 bytes))
1788188150: Sending PUBLISH to auto-9ACF5720-ADDF-DD07-C4E8-67E9F83C7AFD (d0, q1, r0, m485, 'vehicle/imx6ull-gateway-m6/telemetry/20260831T220718p0800-m6-lan-1000', ... (24692 bytes))
1788188150: Sending PUBACK to gatewayd-imx6ull-gateway-m6-838 (m485, rc0)
1788188150: Received PUBACK from auto-9ACF5720-ADDF-DD07-C4E8-67E9F83C7AFD (Mid: 485, RC:0)
1788188151: Received PUBLISH from gatewayd-imx6ull-gateway-m6-838 (d0, q1, r0, m486, 'vehicle/imx6ull-gateway-m6/telemetry/20260831T220718p0800-m6-lan-1000', ... (24466 bytes))
1788188151: Sending PUBLISH to auto-9ACF5720-ADDF-DD07-C4E8-67E9F83C7AFD (d0, q1, r0, m486, 'vehicle/imx6ull-gateway-m6/telemetry/20260831T220718p0800-m6-lan-1000', ... (24466 bytes))
1788188151: Sending PUBACK to gatewayd-imx6ull-gateway-m6-838 (m486, rc0)
1788188151: Received PUBACK from auto-9ACF5720-ADDF-DD07-C4E8-67E9F83C7AFD (Mid: 486, RC:0)
1788188152: Received PUBLISH from gatewayd-imx6ull-gateway-m6-838 (d0, q1, r0, m487, 'vehicle/imx6ull-gateway-m6/telemetry/20260831T220718p0800-m6-lan-1000', ... (24738 bytes))
1788188152: Sending PUBLISH to auto-9ACF5720-ADDF-DD07-C4E8-67E9F83C7AFD (d0, q1, r0, m487, 'vehicle/imx6ull-gateway-m6/telemetry/20260831T220718p0800-m6-lan-1000', ... (24738 bytes))
1788188152: Sending PUBACK to gatewayd-imx6ull-gateway-m6-838 (m487, rc0)
1788188152: Received PUBACK from auto-9ACF5720-ADDF-DD07-C4E8-67E9F83C7AFD (Mid: 487, RC:0)
1788188153: Received PUBLISH from gatewayd-imx6ull-gateway-m6-838 (d0, q1, r0, m488, 'vehicle/imx6ull-gateway-m6/telemetry/20260831T220718p0800-m6-lan-1000', ... (24000 bytes))
1788188153: Sending PUBLISH to auto-9ACF5720-ADDF-DD07-C4E8-67E9F83C7AFD (d0, q1, r0, m488, 'vehicle/imx6ull-gateway-m6/telemetry/20260831T220718p0800-m6-lan-1000', ... (24000 bytes))
1788188153: Sending PUBACK to gatewayd-imx6ull-gateway-m6-838 (m488, rc0)
1788188153: Received PUBACK from auto-9ACF5720-ADDF-DD07-C4E8-67E9F83C7AFD (Mid: 488, RC:0)
1788188154: Received PUBLISH from gatewayd-imx6ull-gateway-m6-838 (d0, q1, r0, m489, 'vehicle/imx6ull-gateway-m6/telemetry/20260831T220718p0800-m6-lan-1000', ... (24518 bytes))
1788188154: Sending PUBLISH to auto-9ACF5720-ADDF-DD07-C4E8-67E9F83C7AFD (d0, q1, r0, m489, 'vehicle/imx6ull-gateway-m6/telemetry/20260831T220718p0800-m6-lan-1000', ... (24518 bytes))
1788188154: Sending PUBACK to gatewayd-imx6ull-gateway-m6-838 (m489, rc0)
1788188154: Received PUBACK from auto-9ACF5720-ADDF-DD07-C4E8-67E9F83C7AFD (Mid: 489, RC:0)
1788188155: Received PUBLISH from gatewayd-imx6ull-gateway-m6-838 (d0, q1, r0, m490, 'vehicle/imx6ull-gateway-m6/telemetry/20260831T220718p0800-m6-lan-1000', ... (24664 bytes))
1788188155: Sending PUBLISH to auto-9ACF5720-ADDF-DD07-C4E8-67E9F83C7AFD (d0, q1, r0, m490, 'vehicle/imx6ull-gateway-m6/telemetry/20260831T220718p0800-m6-lan-1000', ... (24664 bytes))
1788188155: Sending PUBACK to gatewayd-imx6ull-gateway-m6-838 (m490, rc0)
1788188155: Received PUBACK from auto-9ACF5720-ADDF-DD07-C4E8-67E9F83C7AFD (Mid: 490, RC:0)
1788188156: Received PUBLISH from gatewayd-imx6ull-gateway-m6-838 (d0, q1, r0, m491, 'vehicle/imx6ull-gateway-m6/telemetry/20260831T220718p0800-m6-lan-1000', ... (24460 bytes))
1788188156: Sending PUBLISH to auto-9ACF5720-ADDF-DD07-C4E8-67E9F83C7AFD (d0, q1, r0, m491, 'vehicle/imx6ull-gateway-m6/telemetry/20260831T220718p0800-m6-lan-1000', ... (24460 bytes))
1788188156: Sending PUBACK to gatewayd-imx6ull-gateway-m6-838 (m491, rc0)
1788188156: Received PUBACK from auto-9ACF5720-ADDF-DD07-C4E8-67E9F83C7AFD (Mid: 491, RC:0)
1788188157: Received PUBLISH from gatewayd-imx6ull-gateway-m6-838 (d0, q1, r0, m492, 'vehicle/imx6ull-gateway-m6/telemetry/20260831T220718p0800-m6-lan-1000', ... (24516 bytes))
1788188157: Sending PUBLISH to auto-9ACF5720-ADDF-DD07-C4E8-67E9F83C7AFD (d0, q1, r0, m492, 'vehicle/imx6ull-gateway-m6/telemetry/20260831T220718p0800-m6-lan-1000', ... (24516 bytes))
1788188157: Sending PUBACK to gatewayd-imx6ull-gateway-m6-838 (m492, rc0)
1788188157: Received PUBACK from auto-9ACF5720-ADDF-DD07-C4E8-67E9F83C7AFD (Mid: 492, RC:0)
1788188158: Received PUBLISH from gatewayd-imx6ull-gateway-m6-838 (d0, q1, r0, m493, 'vehicle/imx6ull-gateway-m6/telemetry/20260831T220718p0800-m6-lan-1000', ... (24617 bytes))
1788188158: Sending PUBLISH to auto-9ACF5720-ADDF-DD07-C4E8-67E9F83C7AFD (d0, q1, r0, m493, 'vehicle/imx6ull-gateway-m6/telemetry/20260831T220718p0800-m6-lan-1000', ... (24617 bytes))
1788188158: Sending PUBACK to gatewayd-imx6ull-gateway-m6-838 (m493, rc0)
1788188158: Received PUBACK from auto-9ACF5720-ADDF-DD07-C4E8-67E9F83C7AFD (Mid: 493, RC:0)
1788188159: Received PUBLISH from gatewayd-imx6ull-gateway-m6-838 (d0, q1, r0, m494, 'vehicle/imx6ull-gateway-m6/telemetry/20260831T220718p0800-m6-lan-1000', ... (24516 bytes))
1788188159: Sending PUBLISH to auto-9ACF5720-ADDF-DD07-C4E8-67E9F83C7AFD (d0, q1, r0, m494, 'vehicle/imx6ull-gateway-m6/telemetry/20260831T220718p0800-m6-lan-1000', ... (24516 bytes))
1788188159: Sending PUBACK to gatewayd-imx6ull-gateway-m6-838 (m494, rc0)
1788188159: Received PUBACK from auto-9ACF5720-ADDF-DD07-C4E8-67E9F83C7AFD (Mid: 494, RC:0)
1788188160: Received PUBLISH from gatewayd-imx6ull-gateway-m6-838 (d0, q1, r0, m495, 'vehicle/imx6ull-gateway-m6/telemetry/20260831T220718p0800-m6-lan-1000', ... (24665 bytes))
1788188160: Sending PUBLISH to auto-9ACF5720-ADDF-DD07-C4E8-67E9F83C7AFD (d0, q1, r0, m495, 'vehicle/imx6ull-gateway-m6/telemetry/20260831T220718p0800-m6-lan-1000', ... (24665 bytes))
1788188160: Sending PUBACK to gatewayd-imx6ull-gateway-m6-838 (m495, rc0)
1788188160: Received PUBACK from auto-9ACF5720-ADDF-DD07-C4E8-67E9F83C7AFD (Mid: 495, RC:0)
1788188161: Received PUBLISH from gatewayd-imx6ull-gateway-m6-838 (d0, q1, r0, m496, 'vehicle/imx6ull-gateway-m6/telemetry/20260831T220718p0800-m6-lan-1000', ... (24468 bytes))
1788188161: Sending PUBLISH to auto-9ACF5720-ADDF-DD07-C4E8-67E9F83C7AFD (d0, q1, r0, m496, 'vehicle/imx6ull-gateway-m6/telemetry/20260831T220718p0800-m6-lan-1000', ... (24468 bytes))
1788188161: Sending PUBACK to gatewayd-imx6ull-gateway-m6-838 (m496, rc0)
1788188161: Received PUBACK from auto-9ACF5720-ADDF-DD07-C4E8-67E9F83C7AFD (Mid: 496, RC:0)
1788188162: Received PUBLISH from gatewayd-imx6ull-gateway-m6-838 (d0, q1, r0, m497, 'vehicle/imx6ull-gateway-m6/telemetry/20260831T220718p0800-m6-lan-1000', ... (24299 bytes))
1788188162: Sending PUBLISH to auto-9ACF5720-ADDF-DD07-C4E8-67E9F83C7AFD (d0, q1, r0, m497, 'vehicle/imx6ull-gateway-m6/telemetry/20260831T220718p0800-m6-lan-1000', ... (24299 bytes))
1788188162: Sending PUBACK to gatewayd-imx6ull-gateway-m6-838 (m497, rc0)
1788188162: Received PUBACK from auto-9ACF5720-ADDF-DD07-C4E8-67E9F83C7AFD (Mid: 497, RC:0)
1788188163: Received PUBLISH from gatewayd-imx6ull-gateway-m6-838 (d0, q1, r0, m498, 'vehicle/imx6ull-gateway-m6/telemetry/20260831T220718p0800-m6-lan-1000', ... (24624 bytes))
1788188163: Sending PUBLISH to auto-9ACF5720-ADDF-DD07-C4E8-67E9F83C7AFD (d0, q1, r0, m498, 'vehicle/imx6ull-gateway-m6/telemetry/20260831T220718p0800-m6-lan-1000', ... (24624 bytes))
1788188163: Sending PUBACK to gatewayd-imx6ull-gateway-m6-838 (m498, rc0)
1788188163: Received PUBACK from auto-9ACF5720-ADDF-DD07-C4E8-67E9F83C7AFD (Mid: 498, RC:0)
1788188164: Received PUBLISH from gatewayd-imx6ull-gateway-m6-838 (d0, q1, r0, m499, 'vehicle/imx6ull-gateway-m6/telemetry/20260831T220718p0800-m6-lan-1000', ... (24520 bytes))
1788188164: Sending PUBLISH to auto-9ACF5720-ADDF-DD07-C4E8-67E9F83C7AFD (d0, q1, r0, m499, 'vehicle/imx6ull-gateway-m6/telemetry/20260831T220718p0800-m6-lan-1000', ... (24520 bytes))
1788188164: Sending PUBACK to gatewayd-imx6ull-gateway-m6-838 (m499, rc0)
1788188164: Received PUBACK from auto-9ACF5720-ADDF-DD07-C4E8-67E9F83C7AFD (Mid: 499, RC:0)
1788188166: Received PUBLISH from gatewayd-imx6ull-gateway-m6-838 (d0, q1, r0, m500, 'vehicle/imx6ull-gateway-m6/telemetry/20260831T220718p0800-m6-lan-1000', ... (24458 bytes))
1788188166: Sending PUBLISH to auto-9ACF5720-ADDF-DD07-C4E8-67E9F83C7AFD (d0, q1, r0, m500, 'vehicle/imx6ull-gateway-m6/telemetry/20260831T220718p0800-m6-lan-1000', ... (24458 bytes))
1788188166: Sending PUBACK to gatewayd-imx6ull-gateway-m6-838 (m500, rc0)
1788188166: Received PUBACK from auto-9ACF5720-ADDF-DD07-C4E8-67E9F83C7AFD (Mid: 500, RC:0)
1788188167: Received PUBLISH from gatewayd-imx6ull-gateway-m6-838 (d0, q1, r0, m501, 'vehicle/imx6ull-gateway-m6/telemetry/20260831T220718p0800-m6-lan-1000', ... (24697 bytes))
1788188167: Sending PUBLISH to auto-9ACF5720-ADDF-DD07-C4E8-67E9F83C7AFD (d0, q1, r0, m501, 'vehicle/imx6ull-gateway-m6/telemetry/20260831T220718p0800-m6-lan-1000', ... (24697 bytes))
1788188167: Sending PUBACK to gatewayd-imx6ull-gateway-m6-838 (m501, rc0)
1788188167: Received PUBACK from auto-9ACF5720-ADDF-DD07-C4E8-67E9F83C7AFD (Mid: 501, RC:0)
1788188168: Received PUBLISH from gatewayd-imx6ull-gateway-m6-838 (d0, q1, r0, m502, 'vehicle/imx6ull-gateway-m6/telemetry/20260831T220718p0800-m6-lan-1000', ... (24507 bytes))
1788188168: Sending PUBLISH to auto-9ACF5720-ADDF-DD07-C4E8-67E9F83C7AFD (d0, q1, r0, m502, 'vehicle/imx6ull-gateway-m6/telemetry/20260831T220718p0800-m6-lan-1000', ... (24507 bytes))
1788188168: Sending PUBACK to gatewayd-imx6ull-gateway-m6-838 (m502, rc0)
1788188168: Received PUBACK from auto-9ACF5720-ADDF-DD07-C4E8-67E9F83C7AFD (Mid: 502, RC:0)
1788188169: Received PUBLISH from gatewayd-imx6ull-gateway-m6-838 (d0, q1, r0, m503, 'vehicle/imx6ull-gateway-m6/telemetry/20260831T220718p0800-m6-lan-1000', ... (24649 bytes))
1788188169: Sending PUBLISH to auto-9ACF5720-ADDF-DD07-C4E8-67E9F83C7AFD (d0, q1, r0, m503, 'vehicle/imx6ull-gateway-m6/telemetry/20260831T220718p0800-m6-lan-1000', ... (24649 bytes))
1788188169: Sending PUBACK to gatewayd-imx6ull-gateway-m6-838 (m503, rc0)
1788188169: Received PUBACK from auto-9ACF5720-ADDF-DD07-C4E8-67E9F83C7AFD (Mid: 503, RC:0)
1788188170: Received PUBLISH from gatewayd-imx6ull-gateway-m6-838 (d0, q1, r0, m504, 'vehicle/imx6ull-gateway-m6/telemetry/20260831T220718p0800-m6-lan-1000', ... (24315 bytes))
1788188170: Sending PUBLISH to auto-9ACF5720-ADDF-DD07-C4E8-67E9F83C7AFD (d0, q1, r0, m504, 'vehicle/imx6ull-gateway-m6/telemetry/20260831T220718p0800-m6-lan-1000', ... (24315 bytes))
1788188170: Sending PUBACK to gatewayd-imx6ull-gateway-m6-838 (m504, rc0)
1788188170: Received PUBACK from auto-9ACF5720-ADDF-DD07-C4E8-67E9F83C7AFD (Mid: 504, RC:0)
1788188171: Received PUBLISH from gatewayd-imx6ull-gateway-m6-838 (d0, q1, r0, m505, 'vehicle/imx6ull-gateway-m6/telemetry/20260831T220718p0800-m6-lan-1000', ... (24452 bytes))
1788188171: Sending PUBLISH to auto-9ACF5720-ADDF-DD07-C4E8-67E9F83C7AFD (d0, q1, r0, m505, 'vehicle/imx6ull-gateway-m6/telemetry/20260831T220718p0800-m6-lan-1000', ... (24452 bytes))
1788188171: Sending PUBACK to gatewayd-imx6ull-gateway-m6-838 (m505, rc0)
1788188171: Received PUBACK from auto-9ACF5720-ADDF-DD07-C4E8-67E9F83C7AFD (Mid: 505, RC:0)
1788188172: Received PUBLISH from gatewayd-imx6ull-gateway-m6-838 (d0, q1, r0, m506, 'vehicle/imx6ull-gateway-m6/telemetry/20260831T220718p0800-m6-lan-1000', ... (24704 bytes))
1788188172: Sending PUBLISH to auto-9ACF5720-ADDF-DD07-C4E8-67E9F83C7AFD (d0, q1, r0, m506, 'vehicle/imx6ull-gateway-m6/telemetry/20260831T220718p0800-m6-lan-1000', ... (24704 bytes))
1788188172: Sending PUBACK to gatewayd-imx6ull-gateway-m6-838 (m506, rc0)
1788188172: Received PUBACK from auto-9ACF5720-ADDF-DD07-C4E8-67E9F83C7AFD (Mid: 506, RC:0)
1788188173: Received PUBLISH from gatewayd-imx6ull-gateway-m6-838 (d0, q1, r0, m507, 'vehicle/imx6ull-gateway-m6/telemetry/20260831T220718p0800-m6-lan-1000', ... (24500 bytes))
1788188173: Sending PUBLISH to auto-9ACF5720-ADDF-DD07-C4E8-67E9F83C7AFD (d0, q1, r0, m507, 'vehicle/imx6ull-gateway-m6/telemetry/20260831T220718p0800-m6-lan-1000', ... (24500 bytes))
1788188173: Sending PUBACK to gatewayd-imx6ull-gateway-m6-838 (m507, rc0)
1788188173: Received PUBACK from auto-9ACF5720-ADDF-DD07-C4E8-67E9F83C7AFD (Mid: 507, RC:0)
1788188174: Received PUBLISH from gatewayd-imx6ull-gateway-m6-838 (d0, q1, r0, m508, 'vehicle/imx6ull-gateway-m6/telemetry/20260831T220718p0800-m6-lan-1000', ... (24444 bytes))
1788188174: Sending PUBLISH to auto-9ACF5720-ADDF-DD07-C4E8-67E9F83C7AFD (d0, q1, r0, m508, 'vehicle/imx6ull-gateway-m6/telemetry/20260831T220718p0800-m6-lan-1000', ... (24444 bytes))
1788188174: Sending PUBACK to gatewayd-imx6ull-gateway-m6-838 (m508, rc0)
1788188174: Received PUBACK from auto-9ACF5720-ADDF-DD07-C4E8-67E9F83C7AFD (Mid: 508, RC:0)
1788188175: Received PUBLISH from gatewayd-imx6ull-gateway-m6-838 (d0, q1, r0, m509, 'vehicle/imx6ull-gateway-m6/telemetry/20260831T220718p0800-m6-lan-1000', ... (24739 bytes))
1788188175: Sending PUBLISH to auto-9ACF5720-ADDF-DD07-C4E8-67E9F83C7AFD (d0, q1, r0, m509, 'vehicle/imx6ull-gateway-m6/telemetry/20260831T220718p0800-m6-lan-1000', ... (24739 bytes))
1788188175: Sending PUBACK to gatewayd-imx6ull-gateway-m6-838 (m509, rc0)
1788188175: Received PUBACK from auto-9ACF5720-ADDF-DD07-C4E8-67E9F83C7AFD (Mid: 509, RC:0)
1788188176: Received PUBLISH from gatewayd-imx6ull-gateway-m6-838 (d0, q1, r0, m510, 'vehicle/imx6ull-gateway-m6/telemetry/20260831T220718p0800-m6-lan-1000', ... (24444 bytes))
1788188176: Sending PUBLISH to auto-9ACF5720-ADDF-DD07-C4E8-67E9F83C7AFD (d0, q1, r0, m510, 'vehicle/imx6ull-gateway-m6/telemetry/20260831T220718p0800-m6-lan-1000', ... (24444 bytes))
1788188176: Sending PUBACK to gatewayd-imx6ull-gateway-m6-838 (m510, rc0)
1788188176: Received PUBACK from auto-9ACF5720-ADDF-DD07-C4E8-67E9F83C7AFD (Mid: 510, RC:0)
1788188177: Received PUBLISH from gatewayd-imx6ull-gateway-m6-838 (d0, q1, r0, m511, 'vehicle/imx6ull-gateway-m6/telemetry/20260831T220718p0800-m6-lan-1000', ... (24500 bytes))
1788188177: Sending PUBLISH to auto-9ACF5720-ADDF-DD07-C4E8-67E9F83C7AFD (d0, q1, r0, m511, 'vehicle/imx6ull-gateway-m6/telemetry/20260831T220718p0800-m6-lan-1000', ... (24500 bytes))
1788188177: Sending PUBACK to gatewayd-imx6ull-gateway-m6-838 (m511, rc0)
1788188177: Received PUBACK from auto-9ACF5720-ADDF-DD07-C4E8-67E9F83C7AFD (Mid: 511, RC:0)
1788188178: Received PUBLISH from gatewayd-imx6ull-gateway-m6-838 (d0, q1, r0, m512, 'vehicle/imx6ull-gateway-m6/telemetry/20260831T220718p0800-m6-lan-1000', ... (24493 bytes))
1788188178: Sending PUBLISH to auto-9ACF5720-ADDF-DD07-C4E8-67E9F83C7AFD (d0, q1, r0, m512, 'vehicle/imx6ull-gateway-m6/telemetry/20260831T220718p0800-m6-lan-1000', ... (24493 bytes))
1788188178: Sending PUBACK to gatewayd-imx6ull-gateway-m6-838 (m512, rc0)
1788188178: Received PUBACK from auto-9ACF5720-ADDF-DD07-C4E8-67E9F83C7AFD (Mid: 512, RC:0)
1788188179: Received PUBLISH from gatewayd-imx6ull-gateway-m6-838 (d0, q1, r0, m513, 'vehicle/imx6ull-gateway-m6/telemetry/20260831T220718p0800-m6-lan-1000', ... (24451 bytes))
1788188179: Sending PUBLISH to auto-9ACF5720-ADDF-DD07-C4E8-67E9F83C7AFD (d0, q1, r0, m513, 'vehicle/imx6ull-gateway-m6/telemetry/20260831T220718p0800-m6-lan-1000', ... (24451 bytes))
1788188179: Sending PUBACK to gatewayd-imx6ull-gateway-m6-838 (m513, rc0)
1788188179: Received PUBACK from auto-9ACF5720-ADDF-DD07-C4E8-67E9F83C7AFD (Mid: 513, RC:0)
1788188180: Received PUBLISH from gatewayd-imx6ull-gateway-m6-838 (d0, q1, r0, m514, 'vehicle/imx6ull-gateway-m6/telemetry/20260831T220718p0800-m6-lan-1000', ... (24733 bytes))
1788188180: Sending PUBLISH to auto-9ACF5720-ADDF-DD07-C4E8-67E9F83C7AFD (d0, q1, r0, m514, 'vehicle/imx6ull-gateway-m6/telemetry/20260831T220718p0800-m6-lan-1000', ... (24733 bytes))
1788188180: Sending PUBACK to gatewayd-imx6ull-gateway-m6-838 (m514, rc0)
1788188180: Received PUBACK from auto-9ACF5720-ADDF-DD07-C4E8-67E9F83C7AFD (Mid: 514, RC:0)
1788188181: Received PUBLISH from gatewayd-imx6ull-gateway-m6-838 (d0, q1, r0, m515, 'vehicle/imx6ull-gateway-m6/telemetry/20260831T220718p0800-m6-lan-1000', ... (24420 bytes))
1788188181: Sending PUBLISH to auto-9ACF5720-ADDF-DD07-C4E8-67E9F83C7AFD (d0, q1, r0, m515, 'vehicle/imx6ull-gateway-m6/telemetry/20260831T220718p0800-m6-lan-1000', ... (24420 bytes))
1788188181: Sending PUBACK to gatewayd-imx6ull-gateway-m6-838 (m515, rc0)
1788188181: Received PUBACK from auto-9ACF5720-ADDF-DD07-C4E8-67E9F83C7AFD (Mid: 515, RC:0)
1788188182: Received PUBLISH from gatewayd-imx6ull-gateway-m6-838 (d0, q1, r0, m516, 'vehicle/imx6ull-gateway-m6/telemetry/20260831T220718p0800-m6-lan-1000', ... (24708 bytes))
1788188182: Sending PUBLISH to auto-9ACF5720-ADDF-DD07-C4E8-67E9F83C7AFD (d0, q1, r0, m516, 'vehicle/imx6ull-gateway-m6/telemetry/20260831T220718p0800-m6-lan-1000', ... (24708 bytes))
1788188182: Sending PUBACK to gatewayd-imx6ull-gateway-m6-838 (m516, rc0)
1788188182: Received PUBACK from auto-9ACF5720-ADDF-DD07-C4E8-67E9F83C7AFD (Mid: 516, RC:0)
1788188183: Received PUBLISH from gatewayd-imx6ull-gateway-m6-838 (d0, q1, r0, m517, 'vehicle/imx6ull-gateway-m6/telemetry/20260831T220718p0800-m6-lan-1000', ... (24475 bytes))
1788188183: Sending PUBLISH to auto-9ACF5720-ADDF-DD07-C4E8-67E9F83C7AFD (d0, q1, r0, m517, 'vehicle/imx6ull-gateway-m6/telemetry/20260831T220718p0800-m6-lan-1000', ... (24475 bytes))
1788188183: Sending PUBACK to gatewayd-imx6ull-gateway-m6-838 (m517, rc0)
1788188183: Received PUBACK from auto-9ACF5720-ADDF-DD07-C4E8-67E9F83C7AFD (Mid: 517, RC:0)
1788188184: Received PUBLISH from gatewayd-imx6ull-gateway-m6-838 (d0, q1, r0, m518, 'vehicle/imx6ull-gateway-m6/telemetry/20260831T220718p0800-m6-lan-1000', ... (24449 bytes))
1788188184: Sending PUBLISH to auto-9ACF5720-ADDF-DD07-C4E8-67E9F83C7AFD (d0, q1, r0, m518, 'vehicle/imx6ull-gateway-m6/telemetry/20260831T220718p0800-m6-lan-1000', ... (24449 bytes))
1788188184: Sending PUBACK to gatewayd-imx6ull-gateway-m6-838 (m518, rc0)
1788188184: Received PUBACK from auto-9ACF5720-ADDF-DD07-C4E8-67E9F83C7AFD (Mid: 518, RC:0)
1788188185: Received PUBLISH from gatewayd-imx6ull-gateway-m6-838 (d0, q1, r0, m519, 'vehicle/imx6ull-gateway-m6/telemetry/20260831T220718p0800-m6-lan-1000', ... (24728 bytes))
1788188185: Sending PUBLISH to auto-9ACF5720-ADDF-DD07-C4E8-67E9F83C7AFD (d0, q1, r0, m519, 'vehicle/imx6ull-gateway-m6/telemetry/20260831T220718p0800-m6-lan-1000', ... (24728 bytes))
1788188185: Sending PUBACK to gatewayd-imx6ull-gateway-m6-838 (m519, rc0)
1788188185: Received PUBACK from auto-9ACF5720-ADDF-DD07-C4E8-67E9F83C7AFD (Mid: 519, RC:0)
1788188186: Received PUBLISH from gatewayd-imx6ull-gateway-m6-838 (d0, q1, r0, m520, 'vehicle/imx6ull-gateway-m6/telemetry/20260831T220718p0800-m6-lan-1000', ... (24419 bytes))
1788188186: Sending PUBLISH to auto-9ACF5720-ADDF-DD07-C4E8-67E9F83C7AFD (d0, q1, r0, m520, 'vehicle/imx6ull-gateway-m6/telemetry/20260831T220718p0800-m6-lan-1000', ... (24419 bytes))
1788188186: Sending PUBACK to gatewayd-imx6ull-gateway-m6-838 (m520, rc0)
1788188186: Received PUBACK from auto-9ACF5720-ADDF-DD07-C4E8-67E9F83C7AFD (Mid: 520, RC:0)
1788188187: Received PUBLISH from gatewayd-imx6ull-gateway-m6-838 (d0, q1, r0, m521, 'vehicle/imx6ull-gateway-m6/telemetry/20260831T220718p0800-m6-lan-1000', ... (24716 bytes))
1788188187: Sending PUBLISH to auto-9ACF5720-ADDF-DD07-C4E8-67E9F83C7AFD (d0, q1, r0, m521, 'vehicle/imx6ull-gateway-m6/telemetry/20260831T220718p0800-m6-lan-1000', ... (24716 bytes))
1788188187: Sending PUBACK to gatewayd-imx6ull-gateway-m6-838 (m521, rc0)
1788188187: Received PUBACK from auto-9ACF5720-ADDF-DD07-C4E8-67E9F83C7AFD (Mid: 521, RC:0)
1788188188: Received PUBLISH from gatewayd-imx6ull-gateway-m6-838 (d0, q1, r0, m522, 'vehicle/imx6ull-gateway-m6/telemetry/20260831T220718p0800-m6-lan-1000', ... (24467 bytes))
1788188188: Sending PUBLISH to auto-9ACF5720-ADDF-DD07-C4E8-67E9F83C7AFD (d0, q1, r0, m522, 'vehicle/imx6ull-gateway-m6/telemetry/20260831T220718p0800-m6-lan-1000', ... (24467 bytes))
1788188188: Sending PUBACK to gatewayd-imx6ull-gateway-m6-838 (m522, rc0)
1788188188: Received PUBACK from auto-9ACF5720-ADDF-DD07-C4E8-67E9F83C7AFD (Mid: 522, RC:0)
1788188189: Received PUBLISH from gatewayd-imx6ull-gateway-m6-838 (d0, q1, r0, m523, 'vehicle/imx6ull-gateway-m6/telemetry/20260831T220718p0800-m6-lan-1000', ... (24457 bytes))
1788188189: Sending PUBLISH to auto-9ACF5720-ADDF-DD07-C4E8-67E9F83C7AFD (d0, q1, r0, m523, 'vehicle/imx6ull-gateway-m6/telemetry/20260831T220718p0800-m6-lan-1000', ... (24457 bytes))
1788188189: Sending PUBACK to gatewayd-imx6ull-gateway-m6-838 (m523, rc0)
1788188189: Received PUBACK from auto-9ACF5720-ADDF-DD07-C4E8-67E9F83C7AFD (Mid: 523, RC:0)
1788188190: Received PUBLISH from gatewayd-imx6ull-gateway-m6-838 (d0, q1, r0, m524, 'vehicle/imx6ull-gateway-m6/telemetry/20260831T220718p0800-m6-lan-1000', ... (24735 bytes))
1788188190: Sending PUBLISH to auto-9ACF5720-ADDF-DD07-C4E8-67E9F83C7AFD (d0, q1, r0, m524, 'vehicle/imx6ull-gateway-m6/telemetry/20260831T220718p0800-m6-lan-1000', ... (24735 bytes))
1788188190: Sending PUBACK to gatewayd-imx6ull-gateway-m6-838 (m524, rc0)
1788188190: Received PUBACK from auto-9ACF5720-ADDF-DD07-C4E8-67E9F83C7AFD (Mid: 524, RC:0)
1788188191: Received PUBLISH from gatewayd-imx6ull-gateway-m6-838 (d0, q1, r0, m525, 'vehicle/imx6ull-gateway-m6/telemetry/20260831T220718p0800-m6-lan-1000', ... (24421 bytes))
1788188191: Sending PUBLISH to auto-9ACF5720-ADDF-DD07-C4E8-67E9F83C7AFD (d0, q1, r0, m525, 'vehicle/imx6ull-gateway-m6/telemetry/20260831T220718p0800-m6-lan-1000', ... (24421 bytes))
1788188191: Sending PUBACK to gatewayd-imx6ull-gateway-m6-838 (m525, rc0)
1788188191: Received PUBACK from auto-9ACF5720-ADDF-DD07-C4E8-67E9F83C7AFD (Mid: 525, RC:0)
1788188193: Received PUBLISH from gatewayd-imx6ull-gateway-m6-838 (d0, q1, r0, m526, 'vehicle/imx6ull-gateway-m6/telemetry/20260831T220718p0800-m6-lan-1000', ... (24946 bytes))
1788188193: Sending PUBLISH to auto-9ACF5720-ADDF-DD07-C4E8-67E9F83C7AFD (d0, q1, r0, m526, 'vehicle/imx6ull-gateway-m6/telemetry/20260831T220718p0800-m6-lan-1000', ... (24946 bytes))
1788188193: Sending PUBACK to gatewayd-imx6ull-gateway-m6-838 (m526, rc0)
1788188193: Received PUBACK from auto-9ACF5720-ADDF-DD07-C4E8-67E9F83C7AFD (Mid: 526, RC:0)
1788188194: Received PUBLISH from gatewayd-imx6ull-gateway-m6-838 (d0, q1, r0, m527, 'vehicle/imx6ull-gateway-m6/telemetry/20260831T220718p0800-m6-lan-1000', ... (24469 bytes))
1788188194: Sending PUBLISH to auto-9ACF5720-ADDF-DD07-C4E8-67E9F83C7AFD (d0, q1, r0, m527, 'vehicle/imx6ull-gateway-m6/telemetry/20260831T220718p0800-m6-lan-1000', ... (24469 bytes))
1788188194: Sending PUBACK to gatewayd-imx6ull-gateway-m6-838 (m527, rc0)
1788188194: Received PUBACK from auto-9ACF5720-ADDF-DD07-C4E8-67E9F83C7AFD (Mid: 527, RC:0)
1788188195: Received PUBLISH from gatewayd-imx6ull-gateway-m6-838 (d0, q1, r0, m528, 'vehicle/imx6ull-gateway-m6/telemetry/20260831T220718p0800-m6-lan-1000', ... (24475 bytes))
1788188195: Sending PUBLISH to auto-9ACF5720-ADDF-DD07-C4E8-67E9F83C7AFD (d0, q1, r0, m528, 'vehicle/imx6ull-gateway-m6/telemetry/20260831T220718p0800-m6-lan-1000', ... (24475 bytes))
1788188195: Sending PUBACK to gatewayd-imx6ull-gateway-m6-838 (m528, rc0)
1788188195: Received PUBACK from auto-9ACF5720-ADDF-DD07-C4E8-67E9F83C7AFD (Mid: 528, RC:0)
1788188196: Received PUBLISH from gatewayd-imx6ull-gateway-m6-838 (d0, q1, r0, m529, 'vehicle/imx6ull-gateway-m6/telemetry/20260831T220718p0800-m6-lan-1000', ... (24739 bytes))
1788188196: Sending PUBLISH to auto-9ACF5720-ADDF-DD07-C4E8-67E9F83C7AFD (d0, q1, r0, m529, 'vehicle/imx6ull-gateway-m6/telemetry/20260831T220718p0800-m6-lan-1000', ... (24739 bytes))
1788188196: Sending PUBACK to gatewayd-imx6ull-gateway-m6-838 (m529, rc0)
1788188196: Received PUBACK from auto-9ACF5720-ADDF-DD07-C4E8-67E9F83C7AFD (Mid: 529, RC:0)
1788188197: Received PUBLISH from gatewayd-imx6ull-gateway-m6-838 (d0, q1, r0, m530, 'vehicle/imx6ull-gateway-m6/telemetry/20260831T220718p0800-m6-lan-1000', ... (24417 bytes))
1788188197: Sending PUBLISH to auto-9ACF5720-ADDF-DD07-C4E8-67E9F83C7AFD (d0, q1, r0, m530, 'vehicle/imx6ull-gateway-m6/telemetry/20260831T220718p0800-m6-lan-1000', ... (24417 bytes))
1788188197: Sending PUBACK to gatewayd-imx6ull-gateway-m6-838 (m530, rc0)
1788188197: Received PUBACK from auto-9ACF5720-ADDF-DD07-C4E8-67E9F83C7AFD (Mid: 530, RC:0)
1788188198: Received PUBLISH from gatewayd-imx6ull-gateway-m6-838 (d0, q1, r0, m531, 'vehicle/imx6ull-gateway-m6/telemetry/20260831T220718p0800-m6-lan-1000', ... (24315 bytes))
1788188198: Sending PUBLISH to auto-9ACF5720-ADDF-DD07-C4E8-67E9F83C7AFD (d0, q1, r0, m531, 'vehicle/imx6ull-gateway-m6/telemetry/20260831T220718p0800-m6-lan-1000', ... (24315 bytes))
1788188198: Sending PUBACK to gatewayd-imx6ull-gateway-m6-838 (m531, rc0)
1788188198: Received PUBACK from auto-9ACF5720-ADDF-DD07-C4E8-67E9F83C7AFD (Mid: 531, RC:0)
1788188199: Received PUBLISH from gatewayd-imx6ull-gateway-m6-838 (d0, q1, r0, m532, 'vehicle/imx6ull-gateway-m6/telemetry/20260831T220718p0800-m6-lan-1000', ... (24674 bytes))
1788188199: Sending PUBLISH to auto-9ACF5720-ADDF-DD07-C4E8-67E9F83C7AFD (d0, q1, r0, m532, 'vehicle/imx6ull-gateway-m6/telemetry/20260831T220718p0800-m6-lan-1000', ... (24674 bytes))
1788188199: Sending PUBACK to gatewayd-imx6ull-gateway-m6-838 (m532, rc0)
1788188199: Received PUBACK from auto-9ACF5720-ADDF-DD07-C4E8-67E9F83C7AFD (Mid: 532, RC:0)
1788188200: Received PUBLISH from gatewayd-imx6ull-gateway-m6-838 (d0, q1, r0, m533, 'vehicle/imx6ull-gateway-m6/telemetry/20260831T220718p0800-m6-lan-1000', ... (24482 bytes))
1788188200: Sending PUBLISH to auto-9ACF5720-ADDF-DD07-C4E8-67E9F83C7AFD (d0, q1, r0, m533, 'vehicle/imx6ull-gateway-m6/telemetry/20260831T220718p0800-m6-lan-1000', ... (24482 bytes))
1788188200: Sending PUBACK to gatewayd-imx6ull-gateway-m6-838 (m533, rc0)
1788188200: Received PUBACK from auto-9ACF5720-ADDF-DD07-C4E8-67E9F83C7AFD (Mid: 533, RC:0)
1788188201: Received PUBLISH from gatewayd-imx6ull-gateway-m6-838 (d0, q1, r0, m534, 'vehicle/imx6ull-gateway-m6/telemetry/20260831T220718p0800-m6-lan-1000', ... (24725 bytes))
1788188201: Sending PUBLISH to auto-9ACF5720-ADDF-DD07-C4E8-67E9F83C7AFD (d0, q1, r0, m534, 'vehicle/imx6ull-gateway-m6/telemetry/20260831T220718p0800-m6-lan-1000', ... (24725 bytes))
1788188201: Sending PUBACK to gatewayd-imx6ull-gateway-m6-838 (m534, rc0)
1788188201: Received PUBACK from auto-9ACF5720-ADDF-DD07-C4E8-67E9F83C7AFD (Mid: 534, RC:0)
1788188202: Received PUBLISH from gatewayd-imx6ull-gateway-m6-838 (d0, q1, r0, m535, 'vehicle/imx6ull-gateway-m6/telemetry/20260831T220718p0800-m6-lan-1000', ... (24431 bytes))
1788188202: Sending PUBLISH to auto-9ACF5720-ADDF-DD07-C4E8-67E9F83C7AFD (d0, q1, r0, m535, 'vehicle/imx6ull-gateway-m6/telemetry/20260831T220718p0800-m6-lan-1000', ... (24431 bytes))
1788188202: Sending PUBACK to gatewayd-imx6ull-gateway-m6-838 (m535, rc0)
1788188202: Received PUBACK from auto-9ACF5720-ADDF-DD07-C4E8-67E9F83C7AFD (Mid: 535, RC:0)
1788188203: Received PUBLISH from gatewayd-imx6ull-gateway-m6-838 (d0, q1, r0, m536, 'vehicle/imx6ull-gateway-m6/telemetry/20260831T220718p0800-m6-lan-1000', ... (24951 bytes))
1788188203: Sending PUBLISH to auto-9ACF5720-ADDF-DD07-C4E8-67E9F83C7AFD (d0, q1, r0, m536, 'vehicle/imx6ull-gateway-m6/telemetry/20260831T220718p0800-m6-lan-1000', ... (24951 bytes))
1788188203: Sending PUBACK to gatewayd-imx6ull-gateway-m6-838 (m536, rc0)
1788188203: Received PUBACK from auto-9ACF5720-ADDF-DD07-C4E8-67E9F83C7AFD (Mid: 536, RC:0)
1788188204: Received PUBLISH from gatewayd-imx6ull-gateway-m6-838 (d0, q1, r0, m537, 'vehicle/imx6ull-gateway-m6/telemetry/20260831T220718p0800-m6-lan-1000', ... (24453 bytes))
1788188204: Sending PUBLISH to auto-9ACF5720-ADDF-DD07-C4E8-67E9F83C7AFD (d0, q1, r0, m537, 'vehicle/imx6ull-gateway-m6/telemetry/20260831T220718p0800-m6-lan-1000', ... (24453 bytes))
1788188204: Sending PUBACK to gatewayd-imx6ull-gateway-m6-838 (m537, rc0)
1788188204: Received PUBACK from auto-9ACF5720-ADDF-DD07-C4E8-67E9F83C7AFD (Mid: 537, RC:0)
1788188205: Received PUBLISH from gatewayd-imx6ull-gateway-m6-838 (d0, q1, r0, m538, 'vehicle/imx6ull-gateway-m6/telemetry/20260831T220718p0800-m6-lan-1000', ... (24491 bytes))
1788188205: Sending PUBLISH to auto-9ACF5720-ADDF-DD07-C4E8-67E9F83C7AFD (d0, q1, r0, m538, 'vehicle/imx6ull-gateway-m6/telemetry/20260831T220718p0800-m6-lan-1000', ... (24491 bytes))
1788188205: Sending PUBACK to gatewayd-imx6ull-gateway-m6-838 (m538, rc0)
1788188205: Received PUBACK from auto-9ACF5720-ADDF-DD07-C4E8-67E9F83C7AFD (Mid: 538, RC:0)
1788188206: Received PUBLISH from gatewayd-imx6ull-gateway-m6-838 (d0, q1, r0, m539, 'vehicle/imx6ull-gateway-m6/telemetry/20260831T220718p0800-m6-lan-1000', ... (24488 bytes))
1788188206: Sending PUBLISH to auto-9ACF5720-ADDF-DD07-C4E8-67E9F83C7AFD (d0, q1, r0, m539, 'vehicle/imx6ull-gateway-m6/telemetry/20260831T220718p0800-m6-lan-1000', ... (24488 bytes))
1788188206: Sending PUBACK to gatewayd-imx6ull-gateway-m6-838 (m539, rc0)
1788188206: Received PUBACK from auto-9ACF5720-ADDF-DD07-C4E8-67E9F83C7AFD (Mid: 539, RC:0)
1788188207: Received PUBLISH from gatewayd-imx6ull-gateway-m6-838 (d0, q1, r0, m540, 'vehicle/imx6ull-gateway-m6/telemetry/20260831T220718p0800-m6-lan-1000', ... (24429 bytes))
1788188207: Sending PUBLISH to auto-9ACF5720-ADDF-DD07-C4E8-67E9F83C7AFD (d0, q1, r0, m540, 'vehicle/imx6ull-gateway-m6/telemetry/20260831T220718p0800-m6-lan-1000', ... (24429 bytes))
1788188207: Sending PUBACK to gatewayd-imx6ull-gateway-m6-838 (m540, rc0)
1788188207: Received PUBACK from auto-9ACF5720-ADDF-DD07-C4E8-67E9F83C7AFD (Mid: 540, RC:0)
1788188208: Received PUBLISH from gatewayd-imx6ull-gateway-m6-838 (d0, q1, r0, m541, 'vehicle/imx6ull-gateway-m6/telemetry/20260831T220718p0800-m6-lan-1000', ... (24305 bytes))
1788188208: Sending PUBLISH to auto-9ACF5720-ADDF-DD07-C4E8-67E9F83C7AFD (d0, q1, r0, m541, 'vehicle/imx6ull-gateway-m6/telemetry/20260831T220718p0800-m6-lan-1000', ... (24305 bytes))
1788188208: Sending PUBACK to gatewayd-imx6ull-gateway-m6-838 (m541, rc0)
1788188208: Received PUBACK from auto-9ACF5720-ADDF-DD07-C4E8-67E9F83C7AFD (Mid: 541, RC:0)
1788188209: Received PUBLISH from gatewayd-imx6ull-gateway-m6-838 (d0, q1, r0, m542, 'vehicle/imx6ull-gateway-m6/telemetry/20260831T220718p0800-m6-lan-1000', ... (24648 bytes))
1788188209: Sending PUBLISH to auto-9ACF5720-ADDF-DD07-C4E8-67E9F83C7AFD (d0, q1, r0, m542, 'vehicle/imx6ull-gateway-m6/telemetry/20260831T220718p0800-m6-lan-1000', ... (24648 bytes))
1788188209: Sending PUBACK to gatewayd-imx6ull-gateway-m6-838 (m542, rc0)
1788188209: Received PUBACK from auto-9ACF5720-ADDF-DD07-C4E8-67E9F83C7AFD (Mid: 542, RC:0)
1788188210: Received PUBLISH from gatewayd-imx6ull-gateway-m6-838 (d0, q1, r0, m543, 'vehicle/imx6ull-gateway-m6/telemetry/20260831T220718p0800-m6-lan-1000', ... (24487 bytes))
1788188210: Sending PUBLISH to auto-9ACF5720-ADDF-DD07-C4E8-67E9F83C7AFD (d0, q1, r0, m543, 'vehicle/imx6ull-gateway-m6/telemetry/20260831T220718p0800-m6-lan-1000', ... (24487 bytes))
1788188210: Sending PUBACK to gatewayd-imx6ull-gateway-m6-838 (m543, rc0)
1788188210: Received PUBACK from auto-9ACF5720-ADDF-DD07-C4E8-67E9F83C7AFD (Mid: 543, RC:0)
1788188211: Received PUBLISH from gatewayd-imx6ull-gateway-m6-838 (d0, q1, r0, m544, 'vehicle/imx6ull-gateway-m6/telemetry/20260831T220718p0800-m6-lan-1000', ... (24696 bytes))
1788188211: Sending PUBLISH to auto-9ACF5720-ADDF-DD07-C4E8-67E9F83C7AFD (d0, q1, r0, m544, 'vehicle/imx6ull-gateway-m6/telemetry/20260831T220718p0800-m6-lan-1000', ... (24696 bytes))
1788188211: Sending PUBACK to gatewayd-imx6ull-gateway-m6-838 (m544, rc0)
1788188211: Received PUBACK from auto-9ACF5720-ADDF-DD07-C4E8-67E9F83C7AFD (Mid: 544, RC:0)
1788188212: Received PUBLISH from gatewayd-imx6ull-gateway-m6-838 (d0, q1, r0, m545, 'vehicle/imx6ull-gateway-m6/telemetry/20260831T220718p0800-m6-lan-1000', ... (24227 bytes))
1788188212: Sending PUBLISH to auto-9ACF5720-ADDF-DD07-C4E8-67E9F83C7AFD (d0, q1, r0, m545, 'vehicle/imx6ull-gateway-m6/telemetry/20260831T220718p0800-m6-lan-1000', ... (24227 bytes))
1788188212: Sending PUBACK to gatewayd-imx6ull-gateway-m6-838 (m545, rc0)
1788188212: Received PUBACK from auto-9ACF5720-ADDF-DD07-C4E8-67E9F83C7AFD (Mid: 545, RC:0)
1788188213: Received PUBLISH from gatewayd-imx6ull-gateway-m6-838 (d0, q1, r0, m546, 'vehicle/imx6ull-gateway-m6/telemetry/20260831T220718p0800-m6-lan-1000', ... (24517 bytes))
1788188213: Sending PUBLISH to auto-9ACF5720-ADDF-DD07-C4E8-67E9F83C7AFD (d0, q1, r0, m546, 'vehicle/imx6ull-gateway-m6/telemetry/20260831T220718p0800-m6-lan-1000', ... (24517 bytes))
1788188213: Sending PUBACK to gatewayd-imx6ull-gateway-m6-838 (m546, rc0)
1788188213: Received PUBACK from auto-9ACF5720-ADDF-DD07-C4E8-67E9F83C7AFD (Mid: 546, RC:0)
1788188214: Received PUBLISH from gatewayd-imx6ull-gateway-m6-838 (d0, q1, r0, m547, 'vehicle/imx6ull-gateway-m6/telemetry/20260831T220718p0800-m6-lan-1000', ... (24641 bytes))
1788188214: Sending PUBLISH to auto-9ACF5720-ADDF-DD07-C4E8-67E9F83C7AFD (d0, q1, r0, m547, 'vehicle/imx6ull-gateway-m6/telemetry/20260831T220718p0800-m6-lan-1000', ... (24641 bytes))
1788188214: Sending PUBACK to gatewayd-imx6ull-gateway-m6-838 (m547, rc0)
1788188214: Received PUBACK from auto-9ACF5720-ADDF-DD07-C4E8-67E9F83C7AFD (Mid: 547, RC:0)
1788188215: Received PUBLISH from gatewayd-imx6ull-gateway-m6-838 (d0, q1, r0, m548, 'vehicle/imx6ull-gateway-m6/telemetry/20260831T220718p0800-m6-lan-1000', ... (24494 bytes))
1788188215: Sending PUBLISH to auto-9ACF5720-ADDF-DD07-C4E8-67E9F83C7AFD (d0, q1, r0, m548, 'vehicle/imx6ull-gateway-m6/telemetry/20260831T220718p0800-m6-lan-1000', ... (24494 bytes))
1788188215: Sending PUBACK to gatewayd-imx6ull-gateway-m6-838 (m548, rc0)
1788188215: Received PUBACK from auto-9ACF5720-ADDF-DD07-C4E8-67E9F83C7AFD (Mid: 548, RC:0)
1788188216: Received PUBLISH from gatewayd-imx6ull-gateway-m6-838 (d0, q1, r0, m549, 'vehicle/imx6ull-gateway-m6/telemetry/20260831T220718p0800-m6-lan-1000', ... (24488 bytes))
1788188216: Sending PUBLISH to auto-9ACF5720-ADDF-DD07-C4E8-67E9F83C7AFD (d0, q1, r0, m549, 'vehicle/imx6ull-gateway-m6/telemetry/20260831T220718p0800-m6-lan-1000', ... (24488 bytes))
1788188216: Sending PUBACK to gatewayd-imx6ull-gateway-m6-838 (m549, rc0)
1788188216: Received PUBACK from auto-9ACF5720-ADDF-DD07-C4E8-67E9F83C7AFD (Mid: 549, RC:0)
1788188217: Received PUBLISH from gatewayd-imx6ull-gateway-m6-838 (d0, q1, r0, m550, 'vehicle/imx6ull-gateway-m6/telemetry/20260831T220718p0800-m6-lan-1000', ... (25304 bytes))
1788188217: Sending PUBLISH to auto-9ACF5720-ADDF-DD07-C4E8-67E9F83C7AFD (d0, q1, r0, m550, 'vehicle/imx6ull-gateway-m6/telemetry/20260831T220718p0800-m6-lan-1000', ... (25304 bytes))
1788188217: Sending PUBACK to gatewayd-imx6ull-gateway-m6-838 (m550, rc0)
1788188217: Received PUBACK from auto-9ACF5720-ADDF-DD07-C4E8-67E9F83C7AFD (Mid: 550, RC:0)
1788188219: Received PUBLISH from gatewayd-imx6ull-gateway-m6-838 (d0, q1, r0, m551, 'vehicle/imx6ull-gateway-m6/telemetry/20260831T220718p0800-m6-lan-1000', ... (24315 bytes))
1788188219: Sending PUBLISH to auto-9ACF5720-ADDF-DD07-C4E8-67E9F83C7AFD (d0, q1, r0, m551, 'vehicle/imx6ull-gateway-m6/telemetry/20260831T220718p0800-m6-lan-1000', ... (24315 bytes))
1788188219: Sending PUBACK to gatewayd-imx6ull-gateway-m6-838 (m551, rc0)
1788188219: Received PUBACK from auto-9ACF5720-ADDF-DD07-C4E8-67E9F83C7AFD (Mid: 551, RC:0)
1788188220: Received PUBLISH from gatewayd-imx6ull-gateway-m6-838 (d0, q1, r0, m552, 'vehicle/imx6ull-gateway-m6/telemetry/20260831T220718p0800-m6-lan-1000', ... (24853 bytes))
1788188220: Sending PUBLISH to auto-9ACF5720-ADDF-DD07-C4E8-67E9F83C7AFD (d0, q1, r0, m552, 'vehicle/imx6ull-gateway-m6/telemetry/20260831T220718p0800-m6-lan-1000', ... (24853 bytes))
1788188220: Sending PUBACK to gatewayd-imx6ull-gateway-m6-838 (m552, rc0)
1788188220: Received PUBACK from auto-9ACF5720-ADDF-DD07-C4E8-67E9F83C7AFD (Mid: 552, RC:0)
1788188221: Received PUBLISH from gatewayd-imx6ull-gateway-m6-838 (d0, q1, r0, m553, 'vehicle/imx6ull-gateway-m6/telemetry/20260831T220718p0800-m6-lan-1000', ... (24302 bytes))
1788188221: Sending PUBLISH to auto-9ACF5720-ADDF-DD07-C4E8-67E9F83C7AFD (d0, q1, r0, m553, 'vehicle/imx6ull-gateway-m6/telemetry/20260831T220718p0800-m6-lan-1000', ... (24302 bytes))
1788188221: Sending PUBACK to gatewayd-imx6ull-gateway-m6-838 (m553, rc0)
1788188221: Received PUBACK from auto-9ACF5720-ADDF-DD07-C4E8-67E9F83C7AFD (Mid: 553, RC:0)
1788188222: Received PUBLISH from gatewayd-imx6ull-gateway-m6-838 (d0, q1, r0, m554, 'vehicle/imx6ull-gateway-m6/telemetry/20260831T220718p0800-m6-lan-1000', ... (24902 bytes))
1788188222: Sending PUBLISH to auto-9ACF5720-ADDF-DD07-C4E8-67E9F83C7AFD (d0, q1, r0, m554, 'vehicle/imx6ull-gateway-m6/telemetry/20260831T220718p0800-m6-lan-1000', ... (24902 bytes))
1788188222: Sending PUBACK to gatewayd-imx6ull-gateway-m6-838 (m554, rc0)
1788188222: Received PUBACK from auto-9ACF5720-ADDF-DD07-C4E8-67E9F83C7AFD (Mid: 554, RC:0)
1788188223: Received PUBLISH from gatewayd-imx6ull-gateway-m6-838 (d0, q1, r0, m555, 'vehicle/imx6ull-gateway-m6/telemetry/20260831T220718p0800-m6-lan-1000', ... (24466 bytes))
1788188223: Sending PUBLISH to auto-9ACF5720-ADDF-DD07-C4E8-67E9F83C7AFD (d0, q1, r0, m555, 'vehicle/imx6ull-gateway-m6/telemetry/20260831T220718p0800-m6-lan-1000', ... (24466 bytes))
1788188223: Sending PUBACK to gatewayd-imx6ull-gateway-m6-838 (m555, rc0)
1788188223: Received PUBACK from auto-9ACF5720-ADDF-DD07-C4E8-67E9F83C7AFD (Mid: 555, RC:0)
1788188224: Received PUBLISH from gatewayd-imx6ull-gateway-m6-838 (d0, q1, r0, m556, 'vehicle/imx6ull-gateway-m6/telemetry/20260831T220718p0800-m6-lan-1000', ... (24527 bytes))
1788188224: Sending PUBLISH to auto-9ACF5720-ADDF-DD07-C4E8-67E9F83C7AFD (d0, q1, r0, m556, 'vehicle/imx6ull-gateway-m6/telemetry/20260831T220718p0800-m6-lan-1000', ... (24527 bytes))
1788188224: Sending PUBACK to gatewayd-imx6ull-gateway-m6-838 (m556, rc0)
1788188224: Received PUBACK from auto-9ACF5720-ADDF-DD07-C4E8-67E9F83C7AFD (Mid: 556, RC:0)
1788188225: Received PUBLISH from gatewayd-imx6ull-gateway-m6-838 (d0, q1, r0, m557, 'vehicle/imx6ull-gateway-m6/telemetry/20260831T220718p0800-m6-lan-1000', ... (24423 bytes))
1788188225: Sending PUBLISH to auto-9ACF5720-ADDF-DD07-C4E8-67E9F83C7AFD (d0, q1, r0, m557, 'vehicle/imx6ull-gateway-m6/telemetry/20260831T220718p0800-m6-lan-1000', ... (24423 bytes))
1788188225: Sending PUBACK to gatewayd-imx6ull-gateway-m6-838 (m557, rc0)
1788188225: Received PUBACK from auto-9ACF5720-ADDF-DD07-C4E8-67E9F83C7AFD (Mid: 557, RC:0)
1788188226: Received PUBLISH from gatewayd-imx6ull-gateway-m6-838 (d0, q1, r0, m558, 'vehicle/imx6ull-gateway-m6/telemetry/20260831T220718p0800-m6-lan-1000', ... (24521 bytes))
1788188226: Sending PUBLISH to auto-9ACF5720-ADDF-DD07-C4E8-67E9F83C7AFD (d0, q1, r0, m558, 'vehicle/imx6ull-gateway-m6/telemetry/20260831T220718p0800-m6-lan-1000', ... (24521 bytes))
1788188226: Sending PUBACK to gatewayd-imx6ull-gateway-m6-838 (m558, rc0)
1788188226: Received PUBACK from auto-9ACF5720-ADDF-DD07-C4E8-67E9F83C7AFD (Mid: 558, RC:0)
1788188227: Received PUBLISH from gatewayd-imx6ull-gateway-m6-838 (d0, q1, r0, m559, 'vehicle/imx6ull-gateway-m6/telemetry/20260831T220718p0800-m6-lan-1000', ... (24260 bytes))
1788188227: Sending PUBLISH to auto-9ACF5720-ADDF-DD07-C4E8-67E9F83C7AFD (d0, q1, r0, m559, 'vehicle/imx6ull-gateway-m6/telemetry/20260831T220718p0800-m6-lan-1000', ... (24260 bytes))
1788188227: Sending PUBACK to gatewayd-imx6ull-gateway-m6-838 (m559, rc0)
1788188227: Received PUBACK from auto-9ACF5720-ADDF-DD07-C4E8-67E9F83C7AFD (Mid: 559, RC:0)
1788188228: Received PUBLISH from gatewayd-imx6ull-gateway-m6-838 (d0, q1, r0, m560, 'vehicle/imx6ull-gateway-m6/telemetry/20260831T220718p0800-m6-lan-1000', ... (24684 bytes))
1788188228: Sending PUBLISH to auto-9ACF5720-ADDF-DD07-C4E8-67E9F83C7AFD (d0, q1, r0, m560, 'vehicle/imx6ull-gateway-m6/telemetry/20260831T220718p0800-m6-lan-1000', ... (24684 bytes))
1788188228: Sending PUBACK to gatewayd-imx6ull-gateway-m6-838 (m560, rc0)
1788188228: Received PUBACK from auto-9ACF5720-ADDF-DD07-C4E8-67E9F83C7AFD (Mid: 560, RC:0)
1788188229: Received PUBLISH from gatewayd-imx6ull-gateway-m6-838 (d0, q1, r0, m561, 'vehicle/imx6ull-gateway-m6/telemetry/20260831T220718p0800-m6-lan-1000', ... (24315 bytes))
1788188229: Sending PUBLISH to auto-9ACF5720-ADDF-DD07-C4E8-67E9F83C7AFD (d0, q1, r0, m561, 'vehicle/imx6ull-gateway-m6/telemetry/20260831T220718p0800-m6-lan-1000', ... (24315 bytes))
1788188229: Sending PUBACK to gatewayd-imx6ull-gateway-m6-838 (m561, rc0)
1788188229: Received PUBACK from auto-9ACF5720-ADDF-DD07-C4E8-67E9F83C7AFD (Mid: 561, RC:0)
1788188230: Received PUBLISH from gatewayd-imx6ull-gateway-m6-838 (d0, q1, r0, m562, 'vehicle/imx6ull-gateway-m6/telemetry/20260831T220718p0800-m6-lan-1000', ... (24629 bytes))
1788188230: Sending PUBLISH to auto-9ACF5720-ADDF-DD07-C4E8-67E9F83C7AFD (d0, q1, r0, m562, 'vehicle/imx6ull-gateway-m6/telemetry/20260831T220718p0800-m6-lan-1000', ... (24629 bytes))
1788188230: Sending PUBACK to gatewayd-imx6ull-gateway-m6-838 (m562, rc0)
1788188230: Received PUBACK from auto-9ACF5720-ADDF-DD07-C4E8-67E9F83C7AFD (Mid: 562, RC:0)
1788188231: Received PUBLISH from gatewayd-imx6ull-gateway-m6-838 (d0, q1, r0, m563, 'vehicle/imx6ull-gateway-m6/telemetry/20260831T220718p0800-m6-lan-1000', ... (24527 bytes))
1788188231: Sending PUBLISH to auto-9ACF5720-ADDF-DD07-C4E8-67E9F83C7AFD (d0, q1, r0, m563, 'vehicle/imx6ull-gateway-m6/telemetry/20260831T220718p0800-m6-lan-1000', ... (24527 bytes))
1788188231: Sending PUBACK to gatewayd-imx6ull-gateway-m6-838 (m563, rc0)
1788188231: Received PUBACK from auto-9ACF5720-ADDF-DD07-C4E8-67E9F83C7AFD (Mid: 563, RC:0)
1788188232: Received PUBLISH from gatewayd-imx6ull-gateway-m6-838 (d0, q1, r0, m564, 'vehicle/imx6ull-gateway-m6/telemetry/20260831T220718p0800-m6-lan-1000', ... (24445 bytes))
1788188232: Sending PUBLISH to auto-9ACF5720-ADDF-DD07-C4E8-67E9F83C7AFD (d0, q1, r0, m564, 'vehicle/imx6ull-gateway-m6/telemetry/20260831T220718p0800-m6-lan-1000', ... (24445 bytes))
1788188232: Sending PUBACK to gatewayd-imx6ull-gateway-m6-838 (m564, rc0)
1788188232: Received PUBACK from auto-9ACF5720-ADDF-DD07-C4E8-67E9F83C7AFD (Mid: 564, RC:0)
1788188233: Received PUBLISH from gatewayd-imx6ull-gateway-m6-838 (d0, q1, r0, m565, 'vehicle/imx6ull-gateway-m6/telemetry/20260831T220718p0800-m6-lan-1000', ... (24680 bytes))
1788188233: Sending PUBLISH to auto-9ACF5720-ADDF-DD07-C4E8-67E9F83C7AFD (d0, q1, r0, m565, 'vehicle/imx6ull-gateway-m6/telemetry/20260831T220718p0800-m6-lan-1000', ... (24680 bytes))
1788188233: Sending PUBACK to gatewayd-imx6ull-gateway-m6-838 (m565, rc0)
1788188233: Received PUBACK from auto-9ACF5720-ADDF-DD07-C4E8-67E9F83C7AFD (Mid: 565, RC:0)
1788188234: Received PUBLISH from gatewayd-imx6ull-gateway-m6-838 (d0, q1, r0, m566, 'vehicle/imx6ull-gateway-m6/telemetry/20260831T220718p0800-m6-lan-1000', ... (24509 bytes))
1788188234: Sending PUBLISH to auto-9ACF5720-ADDF-DD07-C4E8-67E9F83C7AFD (d0, q1, r0, m566, 'vehicle/imx6ull-gateway-m6/telemetry/20260831T220718p0800-m6-lan-1000', ... (24509 bytes))
1788188234: Sending PUBACK to gatewayd-imx6ull-gateway-m6-838 (m566, rc0)
1788188234: Received PUBACK from auto-9ACF5720-ADDF-DD07-C4E8-67E9F83C7AFD (Mid: 566, RC:0)
1788188235: Received PUBLISH from gatewayd-imx6ull-gateway-m6-838 (d0, q1, r0, m567, 'vehicle/imx6ull-gateway-m6/telemetry/20260831T220718p0800-m6-lan-1000', ... (24626 bytes))
1788188235: Sending PUBLISH to auto-9ACF5720-ADDF-DD07-C4E8-67E9F83C7AFD (d0, q1, r0, m567, 'vehicle/imx6ull-gateway-m6/telemetry/20260831T220718p0800-m6-lan-1000', ... (24626 bytes))
1788188235: Sending PUBACK to gatewayd-imx6ull-gateway-m6-838 (m567, rc0)
1788188235: Received PUBACK from auto-9ACF5720-ADDF-DD07-C4E8-67E9F83C7AFD (Mid: 567, RC:0)
1788188236: Received PUBLISH from gatewayd-imx6ull-gateway-m6-838 (d0, q1, r0, m568, 'vehicle/imx6ull-gateway-m6/telemetry/20260831T220718p0800-m6-lan-1000', ... (24517 bytes))
1788188236: Sending PUBLISH to auto-9ACF5720-ADDF-DD07-C4E8-67E9F83C7AFD (d0, q1, r0, m568, 'vehicle/imx6ull-gateway-m6/telemetry/20260831T220718p0800-m6-lan-1000', ... (24517 bytes))
1788188236: Sending PUBACK to gatewayd-imx6ull-gateway-m6-838 (m568, rc0)
1788188236: Received PUBACK from auto-9ACF5720-ADDF-DD07-C4E8-67E9F83C7AFD (Mid: 568, RC:0)
1788188237: Received PUBLISH from gatewayd-imx6ull-gateway-m6-838 (d0, q1, r0, m569, 'vehicle/imx6ull-gateway-m6/telemetry/20260831T220718p0800-m6-lan-1000', ... (24447 bytes))
1788188237: Sending PUBLISH to auto-9ACF5720-ADDF-DD07-C4E8-67E9F83C7AFD (d0, q1, r0, m569, 'vehicle/imx6ull-gateway-m6/telemetry/20260831T220718p0800-m6-lan-1000', ... (24447 bytes))
1788188237: Sending PUBACK to gatewayd-imx6ull-gateway-m6-838 (m569, rc0)
1788188237: Received PUBACK from auto-9ACF5720-ADDF-DD07-C4E8-67E9F83C7AFD (Mid: 569, RC:0)
1788188238: Received PUBLISH from gatewayd-imx6ull-gateway-m6-838 (d0, q1, r0, m570, 'vehicle/imx6ull-gateway-m6/telemetry/20260831T220718p0800-m6-lan-1000', ... (24688 bytes))
1788188238: Sending PUBLISH to auto-9ACF5720-ADDF-DD07-C4E8-67E9F83C7AFD (d0, q1, r0, m570, 'vehicle/imx6ull-gateway-m6/telemetry/20260831T220718p0800-m6-lan-1000', ... (24688 bytes))
1788188238: Sending PUBACK to gatewayd-imx6ull-gateway-m6-838 (m570, rc0)
1788188238: Received PUBACK from auto-9ACF5720-ADDF-DD07-C4E8-67E9F83C7AFD (Mid: 570, RC:0)
1788188239: Received PUBLISH from gatewayd-imx6ull-gateway-m6-838 (d0, q1, r0, m571, 'vehicle/imx6ull-gateway-m6/telemetry/20260831T220718p0800-m6-lan-1000', ... (24495 bytes))
1788188239: Sending PUBLISH to auto-9ACF5720-ADDF-DD07-C4E8-67E9F83C7AFD (d0, q1, r0, m571, 'vehicle/imx6ull-gateway-m6/telemetry/20260831T220718p0800-m6-lan-1000', ... (24495 bytes))
1788188239: Sending PUBACK to gatewayd-imx6ull-gateway-m6-838 (m571, rc0)
1788188239: Received PUBACK from auto-9ACF5720-ADDF-DD07-C4E8-67E9F83C7AFD (Mid: 571, RC:0)
1788188240: Received PUBLISH from gatewayd-imx6ull-gateway-m6-838 (d0, q1, r0, m572, 'vehicle/imx6ull-gateway-m6/telemetry/20260831T220718p0800-m6-lan-1000', ... (24640 bytes))
1788188240: Sending PUBLISH to auto-9ACF5720-ADDF-DD07-C4E8-67E9F83C7AFD (d0, q1, r0, m572, 'vehicle/imx6ull-gateway-m6/telemetry/20260831T220718p0800-m6-lan-1000', ... (24640 bytes))
1788188240: Sending PUBACK to gatewayd-imx6ull-gateway-m6-838 (m572, rc0)
1788188240: Received PUBACK from auto-9ACF5720-ADDF-DD07-C4E8-67E9F83C7AFD (Mid: 572, RC:0)
1788188241: Received PUBLISH from gatewayd-imx6ull-gateway-m6-838 (d0, q1, r0, m573, 'vehicle/imx6ull-gateway-m6/telemetry/20260831T220718p0800-m6-lan-1000', ... (24521 bytes))
1788188241: Sending PUBLISH to auto-9ACF5720-ADDF-DD07-C4E8-67E9F83C7AFD (d0, q1, r0, m573, 'vehicle/imx6ull-gateway-m6/telemetry/20260831T220718p0800-m6-lan-1000', ... (24521 bytes))
1788188241: Sending PUBACK to gatewayd-imx6ull-gateway-m6-838 (m573, rc0)
1788188241: Received PUBACK from auto-9ACF5720-ADDF-DD07-C4E8-67E9F83C7AFD (Mid: 573, RC:0)
1788188242: Received PUBLISH from gatewayd-imx6ull-gateway-m6-838 (d0, q1, r0, m574, 'vehicle/imx6ull-gateway-m6/telemetry/20260831T220718p0800-m6-lan-1000', ... (24238 bytes))
1788188242: Sending PUBLISH to auto-9ACF5720-ADDF-DD07-C4E8-67E9F83C7AFD (d0, q1, r0, m574, 'vehicle/imx6ull-gateway-m6/telemetry/20260831T220718p0800-m6-lan-1000', ... (24238 bytes))
1788188242: Sending PUBACK to gatewayd-imx6ull-gateway-m6-838 (m574, rc0)
1788188242: Received PUBACK from auto-9ACF5720-ADDF-DD07-C4E8-67E9F83C7AFD (Mid: 574, RC:0)
1788188243: Received PUBLISH from gatewayd-imx6ull-gateway-m6-838 (d0, q1, r0, m575, 'vehicle/imx6ull-gateway-m6/telemetry/20260831T220718p0800-m6-lan-1000', ... (24706 bytes))
1788188243: Sending PUBLISH to auto-9ACF5720-ADDF-DD07-C4E8-67E9F83C7AFD (d0, q1, r0, m575, 'vehicle/imx6ull-gateway-m6/telemetry/20260831T220718p0800-m6-lan-1000', ... (24706 bytes))
1788188243: Sending PUBACK to gatewayd-imx6ull-gateway-m6-838 (m575, rc0)
1788188243: Received PUBACK from auto-9ACF5720-ADDF-DD07-C4E8-67E9F83C7AFD (Mid: 575, RC:0)
1788188244: Received PUBLISH from gatewayd-imx6ull-gateway-m6-838 (d0, q1, r0, m576, 'vehicle/imx6ull-gateway-m6/telemetry/20260831T220718p0800-m6-lan-1000', ... (24498 bytes))
1788188244: Sending PUBLISH to auto-9ACF5720-ADDF-DD07-C4E8-67E9F83C7AFD (d0, q1, r0, m576, 'vehicle/imx6ull-gateway-m6/telemetry/20260831T220718p0800-m6-lan-1000', ... (24498 bytes))
1788188244: Sending PUBACK to gatewayd-imx6ull-gateway-m6-838 (m576, rc0)
1788188244: Received PUBACK from auto-9ACF5720-ADDF-DD07-C4E8-67E9F83C7AFD (Mid: 576, RC:0)
1788188246: Received PUBLISH from gatewayd-imx6ull-gateway-m6-838 (d0, q1, r0, m577, 'vehicle/imx6ull-gateway-m6/telemetry/20260831T220718p0800-m6-lan-1000', ... (24446 bytes))
1788188246: Sending PUBLISH to auto-9ACF5720-ADDF-DD07-C4E8-67E9F83C7AFD (d0, q1, r0, m577, 'vehicle/imx6ull-gateway-m6/telemetry/20260831T220718p0800-m6-lan-1000', ... (24446 bytes))
1788188246: Sending PUBACK to gatewayd-imx6ull-gateway-m6-838 (m577, rc0)
1788188246: Received PUBACK from auto-9ACF5720-ADDF-DD07-C4E8-67E9F83C7AFD (Mid: 577, RC:0)
1788188247: Received PUBLISH from gatewayd-imx6ull-gateway-m6-838 (d0, q1, r0, m578, 'vehicle/imx6ull-gateway-m6/telemetry/20260831T220718p0800-m6-lan-1000', ... (24950 bytes))
1788188247: Sending PUBLISH to auto-9ACF5720-ADDF-DD07-C4E8-67E9F83C7AFD (d0, q1, r0, m578, 'vehicle/imx6ull-gateway-m6/telemetry/20260831T220718p0800-m6-lan-1000', ... (24950 bytes))
1788188247: Sending PUBACK to gatewayd-imx6ull-gateway-m6-838 (m578, rc0)
1788188247: Received PUBACK from auto-9ACF5720-ADDF-DD07-C4E8-67E9F83C7AFD (Mid: 578, RC:0)
1788188248: Received PUBLISH from gatewayd-imx6ull-gateway-m6-838 (d0, q1, r0, m579, 'vehicle/imx6ull-gateway-m6/telemetry/20260831T220718p0800-m6-lan-1000', ... (24442 bytes))
1788188248: Sending PUBLISH to auto-9ACF5720-ADDF-DD07-C4E8-67E9F83C7AFD (d0, q1, r0, m579, 'vehicle/imx6ull-gateway-m6/telemetry/20260831T220718p0800-m6-lan-1000', ... (24442 bytes))
1788188248: Sending PUBACK to gatewayd-imx6ull-gateway-m6-838 (m579, rc0)
1788188248: Received PUBACK from auto-9ACF5720-ADDF-DD07-C4E8-67E9F83C7AFD (Mid: 579, RC:0)
1788188249: Received PUBLISH from gatewayd-imx6ull-gateway-m6-838 (d0, q1, r0, m580, 'vehicle/imx6ull-gateway-m6/telemetry/20260831T220718p0800-m6-lan-1000', ... (24714 bytes))
1788188249: Sending PUBLISH to auto-9ACF5720-ADDF-DD07-C4E8-67E9F83C7AFD (d0, q1, r0, m580, 'vehicle/imx6ull-gateway-m6/telemetry/20260831T220718p0800-m6-lan-1000', ... (24714 bytes))
1788188249: Sending PUBACK to gatewayd-imx6ull-gateway-m6-838 (m580, rc0)
1788188249: Received PUBACK from auto-9ACF5720-ADDF-DD07-C4E8-67E9F83C7AFD (Mid: 580, RC:0)
1788188250: Received PUBLISH from gatewayd-imx6ull-gateway-m6-838 (d0, q1, r0, m581, 'vehicle/imx6ull-gateway-m6/telemetry/20260831T220718p0800-m6-lan-1000', ... (24490 bytes))
1788188250: Sending PUBLISH to auto-9ACF5720-ADDF-DD07-C4E8-67E9F83C7AFD (d0, q1, r0, m581, 'vehicle/imx6ull-gateway-m6/telemetry/20260831T220718p0800-m6-lan-1000', ... (24490 bytes))
1788188250: Sending PUBACK to gatewayd-imx6ull-gateway-m6-838 (m581, rc0)
1788188250: Received PUBACK from auto-9ACF5720-ADDF-DD07-C4E8-67E9F83C7AFD (Mid: 581, RC:0)
1788188251: Received PUBLISH from gatewayd-imx6ull-gateway-m6-838 (d0, q1, r0, m582, 'vehicle/imx6ull-gateway-m6/telemetry/20260831T220718p0800-m6-lan-1000', ... (24454 bytes))
1788188251: Sending PUBLISH to auto-9ACF5720-ADDF-DD07-C4E8-67E9F83C7AFD (d0, q1, r0, m582, 'vehicle/imx6ull-gateway-m6/telemetry/20260831T220718p0800-m6-lan-1000', ... (24454 bytes))
1788188251: Sending PUBACK to gatewayd-imx6ull-gateway-m6-838 (m582, rc0)
1788188251: Received PUBACK from auto-9ACF5720-ADDF-DD07-C4E8-67E9F83C7AFD (Mid: 582, RC:0)
1788188252: Received PUBLISH from gatewayd-imx6ull-gateway-m6-838 (d0, q1, r0, m583, 'vehicle/imx6ull-gateway-m6/telemetry/20260831T220718p0800-m6-lan-1000', ... (24740 bytes))
1788188252: Sending PUBLISH to auto-9ACF5720-ADDF-DD07-C4E8-67E9F83C7AFD (d0, q1, r0, m583, 'vehicle/imx6ull-gateway-m6/telemetry/20260831T220718p0800-m6-lan-1000', ... (24740 bytes))
1788188252: Sending PUBACK to gatewayd-imx6ull-gateway-m6-838 (m583, rc0)
1788188252: Received PUBACK from auto-9ACF5720-ADDF-DD07-C4E8-67E9F83C7AFD (Mid: 583, RC:0)
1788188253: Received PUBLISH from gatewayd-imx6ull-gateway-m6-838 (d0, q1, r0, m584, 'vehicle/imx6ull-gateway-m6/telemetry/20260831T220718p0800-m6-lan-1000', ... (24435 bytes))
1788188253: Sending PUBLISH to auto-9ACF5720-ADDF-DD07-C4E8-67E9F83C7AFD (d0, q1, r0, m584, 'vehicle/imx6ull-gateway-m6/telemetry/20260831T220718p0800-m6-lan-1000', ... (24435 bytes))
1788188253: Sending PUBACK to gatewayd-imx6ull-gateway-m6-838 (m584, rc0)
1788188253: Received PUBACK from auto-9ACF5720-ADDF-DD07-C4E8-67E9F83C7AFD (Mid: 584, RC:0)
1788188254: Received PUBLISH from gatewayd-imx6ull-gateway-m6-838 (d0, q1, r0, m585, 'vehicle/imx6ull-gateway-m6/telemetry/20260831T220718p0800-m6-lan-1000', ... (24723 bytes))
1788188254: Sending PUBLISH to auto-9ACF5720-ADDF-DD07-C4E8-67E9F83C7AFD (d0, q1, r0, m585, 'vehicle/imx6ull-gateway-m6/telemetry/20260831T220718p0800-m6-lan-1000', ... (24723 bytes))
1788188254: Sending PUBACK to gatewayd-imx6ull-gateway-m6-838 (m585, rc0)
1788188254: Received PUBACK from auto-9ACF5720-ADDF-DD07-C4E8-67E9F83C7AFD (Mid: 585, RC:0)
1788188255: Received PUBLISH from gatewayd-imx6ull-gateway-m6-838 (d0, q1, r0, m586, 'vehicle/imx6ull-gateway-m6/telemetry/20260831T220718p0800-m6-lan-1000', ... (24483 bytes))
1788188255: Sending PUBLISH to auto-9ACF5720-ADDF-DD07-C4E8-67E9F83C7AFD (d0, q1, r0, m586, 'vehicle/imx6ull-gateway-m6/telemetry/20260831T220718p0800-m6-lan-1000', ... (24483 bytes))
1788188255: Sending PUBACK to gatewayd-imx6ull-gateway-m6-838 (m586, rc0)
1788188255: Received PUBACK from auto-9ACF5720-ADDF-DD07-C4E8-67E9F83C7AFD (Mid: 586, RC:0)
1788188256: Received PUBLISH from gatewayd-imx6ull-gateway-m6-838 (d0, q1, r0, m587, 'vehicle/imx6ull-gateway-m6/telemetry/20260831T220718p0800-m6-lan-1000', ... (24463 bytes))
1788188256: Sending PUBLISH to auto-9ACF5720-ADDF-DD07-C4E8-67E9F83C7AFD (d0, q1, r0, m587, 'vehicle/imx6ull-gateway-m6/telemetry/20260831T220718p0800-m6-lan-1000', ... (24463 bytes))
1788188256: Sending PUBACK to gatewayd-imx6ull-gateway-m6-838 (m587, rc0)
1788188256: Received PUBACK from auto-9ACF5720-ADDF-DD07-C4E8-67E9F83C7AFD (Mid: 587, RC:0)
1788188257: Received PUBLISH from gatewayd-imx6ull-gateway-m6-838 (d0, q1, r0, m588, 'vehicle/imx6ull-gateway-m6/telemetry/20260831T220718p0800-m6-lan-1000', ... (25368 bytes))
1788188257: Sending PUBLISH to auto-9ACF5720-ADDF-DD07-C4E8-67E9F83C7AFD (d0, q1, r0, m588, 'vehicle/imx6ull-gateway-m6/telemetry/20260831T220718p0800-m6-lan-1000', ... (25368 bytes))
1788188257: Sending PUBACK to gatewayd-imx6ull-gateway-m6-838 (m588, rc0)
1788188257: Received PUBACK from auto-9ACF5720-ADDF-DD07-C4E8-67E9F83C7AFD (Mid: 588, RC:0)
1788188258: Received PUBLISH from gatewayd-imx6ull-gateway-m6-838 (d0, q1, r0, m589, 'vehicle/imx6ull-gateway-m6/telemetry/20260831T220718p0800-m6-lan-1000', ... (24619 bytes))
1788188258: Sending PUBLISH to auto-9ACF5720-ADDF-DD07-C4E8-67E9F83C7AFD (d0, q1, r0, m589, 'vehicle/imx6ull-gateway-m6/telemetry/20260831T220718p0800-m6-lan-1000', ... (24619 bytes))
1788188258: Sending PUBACK to gatewayd-imx6ull-gateway-m6-838 (m589, rc0)
1788188258: Received PUBACK from auto-9ACF5720-ADDF-DD07-C4E8-67E9F83C7AFD (Mid: 589, RC:0)
1788188259: Received PUBLISH from gatewayd-imx6ull-gateway-m6-838 (d0, q1, r0, m590, 'vehicle/imx6ull-gateway-m6/telemetry/20260831T220718p0800-m6-lan-1000', ... (24512 bytes))
1788188259: Sending PUBLISH to auto-9ACF5720-ADDF-DD07-C4E8-67E9F83C7AFD (d0, q1, r0, m590, 'vehicle/imx6ull-gateway-m6/telemetry/20260831T220718p0800-m6-lan-1000', ... (24512 bytes))
1788188259: Sending PUBACK to gatewayd-imx6ull-gateway-m6-838 (m590, rc0)
1788188259: Received PUBACK from auto-9ACF5720-ADDF-DD07-C4E8-67E9F83C7AFD (Mid: 590, RC:0)
1788188260: Received PUBLISH from gatewayd-imx6ull-gateway-m6-838 (d0, q1, r0, m591, 'vehicle/imx6ull-gateway-m6/telemetry/20260831T220718p0800-m6-lan-1000', ... (24251 bytes))
1788188260: Sending PUBLISH to auto-9ACF5720-ADDF-DD07-C4E8-67E9F83C7AFD (d0, q1, r0, m591, 'vehicle/imx6ull-gateway-m6/telemetry/20260831T220718p0800-m6-lan-1000', ... (24251 bytes))
1788188260: Sending PUBACK to gatewayd-imx6ull-gateway-m6-838 (m591, rc0)
1788188260: Received PUBACK from auto-9ACF5720-ADDF-DD07-C4E8-67E9F83C7AFD (Mid: 591, RC:0)
1788188261: Received PUBLISH from gatewayd-imx6ull-gateway-m6-838 (d0, q1, r0, m592, 'vehicle/imx6ull-gateway-m6/telemetry/20260831T220718p0800-m6-lan-1000', ... (24674 bytes))
1788188261: Sending PUBLISH to auto-9ACF5720-ADDF-DD07-C4E8-67E9F83C7AFD (d0, q1, r0, m592, 'vehicle/imx6ull-gateway-m6/telemetry/20260831T220718p0800-m6-lan-1000', ... (24674 bytes))
1788188261: Sending PUBACK to gatewayd-imx6ull-gateway-m6-838 (m592, rc0)
1788188261: Received PUBACK from auto-9ACF5720-ADDF-DD07-C4E8-67E9F83C7AFD (Mid: 592, RC:0)
1788188262: Received PUBLISH from gatewayd-imx6ull-gateway-m6-838 (d0, q1, r0, m593, 'vehicle/imx6ull-gateway-m6/telemetry/20260831T220718p0800-m6-lan-1000', ... (24518 bytes))
1788188262: Sending PUBLISH to auto-9ACF5720-ADDF-DD07-C4E8-67E9F83C7AFD (d0, q1, r0, m593, 'vehicle/imx6ull-gateway-m6/telemetry/20260831T220718p0800-m6-lan-1000', ... (24518 bytes))
1788188262: Sending PUBACK to gatewayd-imx6ull-gateway-m6-838 (m593, rc0)
1788188262: Received PUBACK from auto-9ACF5720-ADDF-DD07-C4E8-67E9F83C7AFD (Mid: 593, RC:0)
1788188263: Received PUBLISH from gatewayd-imx6ull-gateway-m6-838 (d0, q1, r0, m594, 'vehicle/imx6ull-gateway-m6/telemetry/20260831T220718p0800-m6-lan-1000', ... (24408 bytes))
1788188263: Sending PUBLISH to auto-9ACF5720-ADDF-DD07-C4E8-67E9F83C7AFD (d0, q1, r0, m594, 'vehicle/imx6ull-gateway-m6/telemetry/20260831T220718p0800-m6-lan-1000', ... (24408 bytes))
1788188263: Sending PUBACK to gatewayd-imx6ull-gateway-m6-838 (m594, rc0)
1788188263: Received PUBACK from auto-9ACF5720-ADDF-DD07-C4E8-67E9F83C7AFD (Mid: 594, RC:0)
1788188264: Received PUBLISH from gatewayd-imx6ull-gateway-m6-838 (d0, q1, r0, m595, 'vehicle/imx6ull-gateway-m6/telemetry/20260831T220718p0800-m6-lan-1000', ... (24517 bytes))
1788188264: Sending PUBLISH to auto-9ACF5720-ADDF-DD07-C4E8-67E9F83C7AFD (d0, q1, r0, m595, 'vehicle/imx6ull-gateway-m6/telemetry/20260831T220718p0800-m6-lan-1000', ... (24517 bytes))
1788188264: Sending PUBACK to gatewayd-imx6ull-gateway-m6-838 (m595, rc0)
1788188264: Received PUBACK from auto-9ACF5720-ADDF-DD07-C4E8-67E9F83C7AFD (Mid: 595, RC:0)
1788188265: Received PUBLISH from gatewayd-imx6ull-gateway-m6-838 (d0, q1, r0, m596, 'vehicle/imx6ull-gateway-m6/telemetry/20260831T220718p0800-m6-lan-1000', ... (24456 bytes))
1788188265: Sending PUBLISH to auto-9ACF5720-ADDF-DD07-C4E8-67E9F83C7AFD (d0, q1, r0, m596, 'vehicle/imx6ull-gateway-m6/telemetry/20260831T220718p0800-m6-lan-1000', ... (24456 bytes))
1788188265: Sending PUBACK to gatewayd-imx6ull-gateway-m6-838 (m596, rc0)
1788188265: Received PUBACK from auto-9ACF5720-ADDF-DD07-C4E8-67E9F83C7AFD (Mid: 596, RC:0)
1788188266: Received PUBLISH from gatewayd-imx6ull-gateway-m6-838 (d0, q1, r0, m597, 'vehicle/imx6ull-gateway-m6/telemetry/20260831T220718p0800-m6-lan-1000', ... (24258 bytes))
1788188266: Sending PUBLISH to auto-9ACF5720-ADDF-DD07-C4E8-67E9F83C7AFD (d0, q1, r0, m597, 'vehicle/imx6ull-gateway-m6/telemetry/20260831T220718p0800-m6-lan-1000', ... (24258 bytes))
1788188266: Sending PUBACK to gatewayd-imx6ull-gateway-m6-838 (m597, rc0)
1788188266: Received PUBACK from auto-9ACF5720-ADDF-DD07-C4E8-67E9F83C7AFD (Mid: 597, RC:0)
1788188267: Received PUBLISH from gatewayd-imx6ull-gateway-m6-838 (d0, q1, r0, m598, 'vehicle/imx6ull-gateway-m6/telemetry/20260831T220718p0800-m6-lan-1000', ... (24731 bytes))
1788188267: Sending PUBLISH to auto-9ACF5720-ADDF-DD07-C4E8-67E9F83C7AFD (d0, q1, r0, m598, 'vehicle/imx6ull-gateway-m6/telemetry/20260831T220718p0800-m6-lan-1000', ... (24731 bytes))
1788188267: Sending PUBACK to gatewayd-imx6ull-gateway-m6-838 (m598, rc0)
1788188267: Received PUBACK from auto-9ACF5720-ADDF-DD07-C4E8-67E9F83C7AFD (Mid: 598, RC:0)
1788188268: Received PUBLISH from gatewayd-imx6ull-gateway-m6-838 (d0, q1, r0, m599, 'vehicle/imx6ull-gateway-m6/telemetry/20260831T220718p0800-m6-lan-1000', ... (24424 bytes))
1788188268: Sending PUBLISH to auto-9ACF5720-ADDF-DD07-C4E8-67E9F83C7AFD (d0, q1, r0, m599, 'vehicle/imx6ull-gateway-m6/telemetry/20260831T220718p0800-m6-lan-1000', ... (24424 bytes))
1788188268: Sending PUBACK to gatewayd-imx6ull-gateway-m6-838 (m599, rc0)
1788188268: Received PUBACK from auto-9ACF5720-ADDF-DD07-C4E8-67E9F83C7AFD (Mid: 599, RC:0)
1788188269: Received PUBLISH from gatewayd-imx6ull-gateway-m6-838 (d0, q1, r0, m600, 'vehicle/imx6ull-gateway-m6/telemetry/20260831T220718p0800-m6-lan-1000', ... (24740 bytes))
1788188269: Sending PUBLISH to auto-9ACF5720-ADDF-DD07-C4E8-67E9F83C7AFD (d0, q1, r0, m600, 'vehicle/imx6ull-gateway-m6/telemetry/20260831T220718p0800-m6-lan-1000', ... (24740 bytes))
1788188269: Sending PUBACK to gatewayd-imx6ull-gateway-m6-838 (m600, rc0)
1788188269: Received PUBACK from auto-9ACF5720-ADDF-DD07-C4E8-67E9F83C7AFD (Mid: 600, RC:0)
1788188270: Received PUBLISH from gatewayd-imx6ull-gateway-m6-838 (d0, q1, r0, m601, 'vehicle/imx6ull-gateway-m6/telemetry/20260831T220718p0800-m6-lan-1000', ... (24459 bytes))
1788188270: Sending PUBLISH to auto-9ACF5720-ADDF-DD07-C4E8-67E9F83C7AFD (d0, q1, r0, m601, 'vehicle/imx6ull-gateway-m6/telemetry/20260831T220718p0800-m6-lan-1000', ... (24459 bytes))
1788188270: Sending PUBACK to gatewayd-imx6ull-gateway-m6-838 (m601, rc0)
1788188270: Received PUBACK from auto-9ACF5720-ADDF-DD07-C4E8-67E9F83C7AFD (Mid: 601, RC:0)
1788188272: Received PUBLISH from gatewayd-imx6ull-gateway-m6-838 (d0, q1, r0, m602, 'vehicle/imx6ull-gateway-m6/telemetry/20260831T220718p0800-m6-lan-1000', ... (24487 bytes))
1788188272: Sending PUBLISH to auto-9ACF5720-ADDF-DD07-C4E8-67E9F83C7AFD (d0, q1, r0, m602, 'vehicle/imx6ull-gateway-m6/telemetry/20260831T220718p0800-m6-lan-1000', ... (24487 bytes))
1788188272: Sending PUBACK to gatewayd-imx6ull-gateway-m6-838 (m602, rc0)
1788188272: Received PUBACK from auto-9ACF5720-ADDF-DD07-C4E8-67E9F83C7AFD (Mid: 602, RC:0)
1788188273: Received PUBLISH from gatewayd-imx6ull-gateway-m6-838 (d0, q1, r0, m603, 'vehicle/imx6ull-gateway-m6/telemetry/20260831T220718p0800-m6-lan-1000', ... (24931 bytes))
1788188273: Sending PUBLISH to auto-9ACF5720-ADDF-DD07-C4E8-67E9F83C7AFD (d0, q1, r0, m603, 'vehicle/imx6ull-gateway-m6/telemetry/20260831T220718p0800-m6-lan-1000', ... (24931 bytes))
1788188273: Sending PUBACK to gatewayd-imx6ull-gateway-m6-838 (m603, rc0)
1788188273: Received PUBACK from auto-9ACF5720-ADDF-DD07-C4E8-67E9F83C7AFD (Mid: 603, RC:0)
1788188274: Received PUBLISH from gatewayd-imx6ull-gateway-m6-838 (d0, q1, r0, m604, 'vehicle/imx6ull-gateway-m6/telemetry/20260831T220718p0800-m6-lan-1000', ... (24439 bytes))
1788188274: Sending PUBLISH to auto-9ACF5720-ADDF-DD07-C4E8-67E9F83C7AFD (d0, q1, r0, m604, 'vehicle/imx6ull-gateway-m6/telemetry/20260831T220718p0800-m6-lan-1000', ... (24439 bytes))
1788188274: Sending PUBACK to gatewayd-imx6ull-gateway-m6-838 (m604, rc0)
1788188274: Received PUBACK from auto-9ACF5720-ADDF-DD07-C4E8-67E9F83C7AFD (Mid: 604, RC:0)
1788188275: Received PUBLISH from gatewayd-imx6ull-gateway-m6-838 (d0, q1, r0, m605, 'vehicle/imx6ull-gateway-m6/telemetry/20260831T220718p0800-m6-lan-1000', ... (24740 bytes))
1788188275: Sending PUBLISH to auto-9ACF5720-ADDF-DD07-C4E8-67E9F83C7AFD (d0, q1, r0, m605, 'vehicle/imx6ull-gateway-m6/telemetry/20260831T220718p0800-m6-lan-1000', ... (24740 bytes))
1788188275: Sending PUBACK to gatewayd-imx6ull-gateway-m6-838 (m605, rc0)
1788188275: Received PUBACK from auto-9ACF5720-ADDF-DD07-C4E8-67E9F83C7AFD (Mid: 605, RC:0)
1788188276: Received PUBLISH from gatewayd-imx6ull-gateway-m6-838 (d0, q1, r0, m606, 'vehicle/imx6ull-gateway-m6/telemetry/20260831T220718p0800-m6-lan-1000', ... (24451 bytes))
1788188276: Sending PUBLISH to auto-9ACF5720-ADDF-DD07-C4E8-67E9F83C7AFD (d0, q1, r0, m606, 'vehicle/imx6ull-gateway-m6/telemetry/20260831T220718p0800-m6-lan-1000', ... (24451 bytes))
1788188276: Sending PUBACK to gatewayd-imx6ull-gateway-m6-838 (m606, rc0)
1788188276: Received PUBACK from auto-9ACF5720-ADDF-DD07-C4E8-67E9F83C7AFD (Mid: 606, RC:0)
1788188277: Received PUBLISH from gatewayd-imx6ull-gateway-m6-838 (d0, q1, r0, m607, 'vehicle/imx6ull-gateway-m6/telemetry/20260831T220718p0800-m6-lan-1000', ... (24495 bytes))
1788188277: Sending PUBLISH to auto-9ACF5720-ADDF-DD07-C4E8-67E9F83C7AFD (d0, q1, r0, m607, 'vehicle/imx6ull-gateway-m6/telemetry/20260831T220718p0800-m6-lan-1000', ... (24495 bytes))
1788188277: Sending PUBACK to gatewayd-imx6ull-gateway-m6-838 (m607, rc0)
1788188277: Received PUBACK from auto-9ACF5720-ADDF-DD07-C4E8-67E9F83C7AFD (Mid: 607, RC:0)
1788188278: Received PUBLISH from gatewayd-imx6ull-gateway-m6-838 (d0, q1, r0, m608, 'vehicle/imx6ull-gateway-m6/telemetry/20260831T220718p0800-m6-lan-1000', ... (24711 bytes))
1788188278: Sending PUBLISH to auto-9ACF5720-ADDF-DD07-C4E8-67E9F83C7AFD (d0, q1, r0, m608, 'vehicle/imx6ull-gateway-m6/telemetry/20260831T220718p0800-m6-lan-1000', ... (24711 bytes))
1788188278: Sending PUBACK to gatewayd-imx6ull-gateway-m6-838 (m608, rc0)
1788188278: Received PUBACK from auto-9ACF5720-ADDF-DD07-C4E8-67E9F83C7AFD (Mid: 608, RC:0)
1788188279: Received PUBLISH from gatewayd-imx6ull-gateway-m6-838 (d0, q1, r0, m609, 'vehicle/imx6ull-gateway-m6/telemetry/20260831T220718p0800-m6-lan-1000', ... (24659 bytes))
1788188279: Sending PUBLISH to auto-9ACF5720-ADDF-DD07-C4E8-67E9F83C7AFD (d0, q1, r0, m609, 'vehicle/imx6ull-gateway-m6/telemetry/20260831T220718p0800-m6-lan-1000', ... (24659 bytes))
1788188279: Sending PUBACK to gatewayd-imx6ull-gateway-m6-838 (m609, rc0)
1788188279: Received PUBACK from auto-9ACF5720-ADDF-DD07-C4E8-67E9F83C7AFD (Mid: 609, RC:0)
1788188280: Received PUBLISH from gatewayd-imx6ull-gateway-m6-838 (d0, q1, r0, m610, 'vehicle/imx6ull-gateway-m6/telemetry/20260831T220718p0800-m6-lan-1000', ... (24740 bytes))
1788188280: Sending PUBLISH to auto-9ACF5720-ADDF-DD07-C4E8-67E9F83C7AFD (d0, q1, r0, m610, 'vehicle/imx6ull-gateway-m6/telemetry/20260831T220718p0800-m6-lan-1000', ... (24740 bytes))
1788188280: Sending PUBACK to gatewayd-imx6ull-gateway-m6-838 (m610, rc0)
1788188280: Received PUBACK from auto-9ACF5720-ADDF-DD07-C4E8-67E9F83C7AFD (Mid: 610, RC:0)
1788188281: Received PUBLISH from gatewayd-imx6ull-gateway-m6-838 (d0, q1, r0, m611, 'vehicle/imx6ull-gateway-m6/telemetry/20260831T220718p0800-m6-lan-1000', ... (24442 bytes))
1788188281: Sending PUBLISH to auto-9ACF5720-ADDF-DD07-C4E8-67E9F83C7AFD (d0, q1, r0, m611, 'vehicle/imx6ull-gateway-m6/telemetry/20260831T220718p0800-m6-lan-1000', ... (24442 bytes))
1788188281: Sending PUBACK to gatewayd-imx6ull-gateway-m6-838 (m611, rc0)
1788188281: Received PUBACK from auto-9ACF5720-ADDF-DD07-C4E8-67E9F83C7AFD (Mid: 611, RC:0)
1788188282: Received PUBLISH from gatewayd-imx6ull-gateway-m6-838 (d0, q1, r0, m612, 'vehicle/imx6ull-gateway-m6/telemetry/20260831T220718p0800-m6-lan-1000', ... (24292 bytes))
1788188282: Sending PUBLISH to auto-9ACF5720-ADDF-DD07-C4E8-67E9F83C7AFD (d0, q1, r0, m612, 'vehicle/imx6ull-gateway-m6/telemetry/20260831T220718p0800-m6-lan-1000', ... (24292 bytes))
1788188282: Sending PUBACK to gatewayd-imx6ull-gateway-m6-838 (m612, rc0)
1788188282: Received PUBACK from auto-9ACF5720-ADDF-DD07-C4E8-67E9F83C7AFD (Mid: 612, RC:0)
1788188283: Received PUBLISH from gatewayd-imx6ull-gateway-m6-838 (d0, q1, r0, m613, 'vehicle/imx6ull-gateway-m6/telemetry/20260831T220718p0800-m6-lan-1000', ... (24898 bytes))
1788188283: Sending PUBLISH to auto-9ACF5720-ADDF-DD07-C4E8-67E9F83C7AFD (d0, q1, r0, m613, 'vehicle/imx6ull-gateway-m6/telemetry/20260831T220718p0800-m6-lan-1000', ... (24898 bytes))
1788188283: Sending PUBACK to gatewayd-imx6ull-gateway-m6-838 (m613, rc0)
1788188283: Received PUBACK from auto-9ACF5720-ADDF-DD07-C4E8-67E9F83C7AFD (Mid: 613, RC:0)
1788188284: Received PUBLISH from gatewayd-imx6ull-gateway-m6-838 (d0, q1, r0, m614, 'vehicle/imx6ull-gateway-m6/telemetry/20260831T220718p0800-m6-lan-1000', ... (24232 bytes))
1788188284: Sending PUBLISH to auto-9ACF5720-ADDF-DD07-C4E8-67E9F83C7AFD (d0, q1, r0, m614, 'vehicle/imx6ull-gateway-m6/telemetry/20260831T220718p0800-m6-lan-1000', ... (24232 bytes))
1788188284: Sending PUBACK to gatewayd-imx6ull-gateway-m6-838 (m614, rc0)
1788188284: Received PUBACK from auto-9ACF5720-ADDF-DD07-C4E8-67E9F83C7AFD (Mid: 614, RC:0)
1788188285: Received PUBLISH from gatewayd-imx6ull-gateway-m6-838 (d0, q1, r0, m615, 'vehicle/imx6ull-gateway-m6/telemetry/20260831T220718p0800-m6-lan-1000', ... (24729 bytes))
1788188285: Sending PUBLISH to auto-9ACF5720-ADDF-DD07-C4E8-67E9F83C7AFD (d0, q1, r0, m615, 'vehicle/imx6ull-gateway-m6/telemetry/20260831T220718p0800-m6-lan-1000', ... (24729 bytes))
1788188285: Sending PUBACK to gatewayd-imx6ull-gateway-m6-838 (m615, rc0)
1788188285: Received PUBACK from auto-9ACF5720-ADDF-DD07-C4E8-67E9F83C7AFD (Mid: 615, RC:0)
1788188286: Received PUBLISH from gatewayd-imx6ull-gateway-m6-838 (d0, q1, r0, m616, 'vehicle/imx6ull-gateway-m6/telemetry/20260831T220718p0800-m6-lan-1000', ... (24425 bytes))
1788188286: Sending PUBLISH to auto-9ACF5720-ADDF-DD07-C4E8-67E9F83C7AFD (d0, q1, r0, m616, 'vehicle/imx6ull-gateway-m6/telemetry/20260831T220718p0800-m6-lan-1000', ... (24425 bytes))
1788188286: Sending PUBACK to gatewayd-imx6ull-gateway-m6-838 (m616, rc0)
1788188286: Received PUBACK from auto-9ACF5720-ADDF-DD07-C4E8-67E9F83C7AFD (Mid: 616, RC:0)
1788188287: Received PUBLISH from gatewayd-imx6ull-gateway-m6-838 (d0, q1, r0, m617, 'vehicle/imx6ull-gateway-m6/telemetry/20260831T220718p0800-m6-lan-1000', ... (24501 bytes))
1788188287: Sending PUBLISH to auto-9ACF5720-ADDF-DD07-C4E8-67E9F83C7AFD (d0, q1, r0, m617, 'vehicle/imx6ull-gateway-m6/telemetry/20260831T220718p0800-m6-lan-1000', ... (24501 bytes))
1788188287: Sending PUBACK to gatewayd-imx6ull-gateway-m6-838 (m617, rc0)
1788188287: Received PUBACK from auto-9ACF5720-ADDF-DD07-C4E8-67E9F83C7AFD (Mid: 617, RC:0)
1788188288: Received PUBLISH from gatewayd-imx6ull-gateway-m6-838 (d0, q1, r0, m618, 'vehicle/imx6ull-gateway-m6/telemetry/20260831T220718p0800-m6-lan-1000', ... (24684 bytes))
1788188288: Sending PUBLISH to auto-9ACF5720-ADDF-DD07-C4E8-67E9F83C7AFD (d0, q1, r0, m618, 'vehicle/imx6ull-gateway-m6/telemetry/20260831T220718p0800-m6-lan-1000', ... (24684 bytes))
1788188288: Sending PUBACK to gatewayd-imx6ull-gateway-m6-838 (m618, rc0)
1788188288: Received PUBACK from auto-9ACF5720-ADDF-DD07-C4E8-67E9F83C7AFD (Mid: 618, RC:0)
1788188289: Received PUBLISH from gatewayd-imx6ull-gateway-m6-838 (d0, q1, r0, m619, 'vehicle/imx6ull-gateway-m6/telemetry/20260831T220718p0800-m6-lan-1000', ... (24453 bytes))
1788188289: Sending PUBLISH to auto-9ACF5720-ADDF-DD07-C4E8-67E9F83C7AFD (d0, q1, r0, m619, 'vehicle/imx6ull-gateway-m6/telemetry/20260831T220718p0800-m6-lan-1000', ... (24453 bytes))
1788188289: Sending PUBACK to gatewayd-imx6ull-gateway-m6-838 (m619, rc0)
1788188289: Received PUBACK from auto-9ACF5720-ADDF-DD07-C4E8-67E9F83C7AFD (Mid: 619, RC:0)
1788188290: Received PUBLISH from gatewayd-imx6ull-gateway-m6-838 (d0, q1, r0, m620, 'vehicle/imx6ull-gateway-m6/telemetry/20260831T220718p0800-m6-lan-1000', ... (24729 bytes))
1788188290: Sending PUBLISH to auto-9ACF5720-ADDF-DD07-C4E8-67E9F83C7AFD (d0, q1, r0, m620, 'vehicle/imx6ull-gateway-m6/telemetry/20260831T220718p0800-m6-lan-1000', ... (24729 bytes))
1788188290: Sending PUBACK to gatewayd-imx6ull-gateway-m6-838 (m620, rc0)
1788188290: Received PUBACK from auto-9ACF5720-ADDF-DD07-C4E8-67E9F83C7AFD (Mid: 620, RC:0)
1788188291: Received PUBLISH from gatewayd-imx6ull-gateway-m6-838 (d0, q1, r0, m621, 'vehicle/imx6ull-gateway-m6/telemetry/20260831T220718p0800-m6-lan-1000', ... (24417 bytes))
1788188291: Sending PUBLISH to auto-9ACF5720-ADDF-DD07-C4E8-67E9F83C7AFD (d0, q1, r0, m621, 'vehicle/imx6ull-gateway-m6/telemetry/20260831T220718p0800-m6-lan-1000', ... (24417 bytes))
1788188291: Sending PUBACK to gatewayd-imx6ull-gateway-m6-838 (m621, rc0)
1788188291: Received PUBACK from auto-9ACF5720-ADDF-DD07-C4E8-67E9F83C7AFD (Mid: 621, RC:0)
1788188292: Received PUBLISH from gatewayd-imx6ull-gateway-m6-838 (d0, q1, r0, m622, 'vehicle/imx6ull-gateway-m6/telemetry/20260831T220718p0800-m6-lan-1000', ... (24510 bytes))
1788188292: Sending PUBLISH to auto-9ACF5720-ADDF-DD07-C4E8-67E9F83C7AFD (d0, q1, r0, m622, 'vehicle/imx6ull-gateway-m6/telemetry/20260831T220718p0800-m6-lan-1000', ... (24510 bytes))
1788188292: Sending PUBACK to gatewayd-imx6ull-gateway-m6-838 (m622, rc0)
1788188292: Received PUBACK from auto-9ACF5720-ADDF-DD07-C4E8-67E9F83C7AFD (Mid: 622, RC:0)
1788188293: Received PUBLISH from gatewayd-imx6ull-gateway-m6-838 (d0, q1, r0, m623, 'vehicle/imx6ull-gateway-m6/telemetry/20260831T220718p0800-m6-lan-1000', ... (24687 bytes))
1788188293: Sending PUBLISH to auto-9ACF5720-ADDF-DD07-C4E8-67E9F83C7AFD (d0, q1, r0, m623, 'vehicle/imx6ull-gateway-m6/telemetry/20260831T220718p0800-m6-lan-1000', ... (24687 bytes))
1788188293: Sending PUBACK to gatewayd-imx6ull-gateway-m6-838 (m623, rc0)
1788188293: Received PUBACK from auto-9ACF5720-ADDF-DD07-C4E8-67E9F83C7AFD (Mid: 623, RC:0)
1788188294: Received PUBLISH from gatewayd-imx6ull-gateway-m6-838 (d0, q1, r0, m624, 'vehicle/imx6ull-gateway-m6/telemetry/20260831T220718p0800-m6-lan-1000', ... (24471 bytes))
1788188294: Sending PUBLISH to auto-9ACF5720-ADDF-DD07-C4E8-67E9F83C7AFD (d0, q1, r0, m624, 'vehicle/imx6ull-gateway-m6/telemetry/20260831T220718p0800-m6-lan-1000', ... (24471 bytes))
1788188294: Sending PUBACK to gatewayd-imx6ull-gateway-m6-838 (m624, rc0)
1788188294: Received PUBACK from auto-9ACF5720-ADDF-DD07-C4E8-67E9F83C7AFD (Mid: 624, RC:0)
1788188295: Received PUBLISH from gatewayd-imx6ull-gateway-m6-838 (d0, q1, r0, m625, 'vehicle/imx6ull-gateway-m6/telemetry/20260831T220718p0800-m6-lan-1000', ... (24740 bytes))
1788188295: Sending PUBLISH to auto-9ACF5720-ADDF-DD07-C4E8-67E9F83C7AFD (d0, q1, r0, m625, 'vehicle/imx6ull-gateway-m6/telemetry/20260831T220718p0800-m6-lan-1000', ... (24740 bytes))
1788188295: Sending PUBACK to gatewayd-imx6ull-gateway-m6-838 (m625, rc0)
1788188295: Received PUBACK from auto-9ACF5720-ADDF-DD07-C4E8-67E9F83C7AFD (Mid: 625, RC:0)
1788188296: Received PUBLISH from gatewayd-imx6ull-gateway-m6-838 (d0, q1, r0, m626, 'vehicle/imx6ull-gateway-m6/telemetry/20260831T220718p0800-m6-lan-1000', ... (24419 bytes))
1788188296: Sending PUBLISH to auto-9ACF5720-ADDF-DD07-C4E8-67E9F83C7AFD (d0, q1, r0, m626, 'vehicle/imx6ull-gateway-m6/telemetry/20260831T220718p0800-m6-lan-1000', ... (24419 bytes))
1788188296: Sending PUBACK to gatewayd-imx6ull-gateway-m6-838 (m626, rc0)
1788188296: Received PUBACK from auto-9ACF5720-ADDF-DD07-C4E8-67E9F83C7AFD (Mid: 626, RC:0)
1788188298: Received PUBLISH from gatewayd-imx6ull-gateway-m6-838 (d0, q1, r0, m627, 'vehicle/imx6ull-gateway-m6/telemetry/20260831T220718p0800-m6-lan-1000', ... (24527 bytes))
1788188298: Sending PUBLISH to auto-9ACF5720-ADDF-DD07-C4E8-67E9F83C7AFD (d0, q1, r0, m627, 'vehicle/imx6ull-gateway-m6/telemetry/20260831T220718p0800-m6-lan-1000', ... (24527 bytes))
1788188298: Sending PUBACK to gatewayd-imx6ull-gateway-m6-838 (m627, rc0)
1788188298: Received PUBACK from auto-9ACF5720-ADDF-DD07-C4E8-67E9F83C7AFD (Mid: 627, RC:0)
1788188299: Received PUBLISH from gatewayd-imx6ull-gateway-m6-838 (d0, q1, r0, m628, 'vehicle/imx6ull-gateway-m6/telemetry/20260831T220718p0800-m6-lan-1000', ... (24891 bytes))
1788188299: Sending PUBLISH to auto-9ACF5720-ADDF-DD07-C4E8-67E9F83C7AFD (d0, q1, r0, m628, 'vehicle/imx6ull-gateway-m6/telemetry/20260831T220718p0800-m6-lan-1000', ... (24891 bytes))
1788188299: Sending PUBACK to gatewayd-imx6ull-gateway-m6-838 (m628, rc0)
1788188299: Received PUBACK from auto-9ACF5720-ADDF-DD07-C4E8-67E9F83C7AFD (Mid: 628, RC:0)
1788188300: Received PUBLISH from gatewayd-imx6ull-gateway-m6-838 (d0, q1, r0, m629, 'vehicle/imx6ull-gateway-m6/telemetry/20260831T220718p0800-m6-lan-1000', ... (24479 bytes))
1788188300: Sending PUBLISH to auto-9ACF5720-ADDF-DD07-C4E8-67E9F83C7AFD (d0, q1, r0, m629, 'vehicle/imx6ull-gateway-m6/telemetry/20260831T220718p0800-m6-lan-1000', ... (24479 bytes))
1788188300: Sending PUBACK to gatewayd-imx6ull-gateway-m6-838 (m629, rc0)
1788188300: Received PUBACK from auto-9ACF5720-ADDF-DD07-C4E8-67E9F83C7AFD (Mid: 629, RC:0)
1788188301: Received PUBLISH from gatewayd-imx6ull-gateway-m6-838 (d0, q1, r0, m630, 'vehicle/imx6ull-gateway-m6/telemetry/20260831T220718p0800-m6-lan-1000', ... (24524 bytes))
1788188301: Sending PUBLISH to auto-9ACF5720-ADDF-DD07-C4E8-67E9F83C7AFD (d0, q1, r0, m630, 'vehicle/imx6ull-gateway-m6/telemetry/20260831T220718p0800-m6-lan-1000', ... (24524 bytes))
1788188301: Sending PUBACK to gatewayd-imx6ull-gateway-m6-838 (m630, rc0)
1788188301: Received PUBACK from auto-9ACF5720-ADDF-DD07-C4E8-67E9F83C7AFD (Mid: 630, RC:0)
1788188302: Received PUBLISH from gatewayd-imx6ull-gateway-m6-838 (d0, q1, r0, m631, 'vehicle/imx6ull-gateway-m6/telemetry/20260831T220718p0800-m6-lan-1000', ... (24422 bytes))
1788188302: Sending PUBLISH to auto-9ACF5720-ADDF-DD07-C4E8-67E9F83C7AFD (d0, q1, r0, m631, 'vehicle/imx6ull-gateway-m6/telemetry/20260831T220718p0800-m6-lan-1000', ... (24422 bytes))
1788188302: Sending PUBACK to gatewayd-imx6ull-gateway-m6-838 (m631, rc0)
1788188302: Received PUBACK from auto-9ACF5720-ADDF-DD07-C4E8-67E9F83C7AFD (Mid: 631, RC:0)
1788188303: Received PUBLISH from gatewayd-imx6ull-gateway-m6-838 (d0, q1, r0, m632, 'vehicle/imx6ull-gateway-m6/telemetry/20260831T220718p0800-m6-lan-1000', ... (24316 bytes))
1788188303: Sending PUBLISH to auto-9ACF5720-ADDF-DD07-C4E8-67E9F83C7AFD (d0, q1, r0, m632, 'vehicle/imx6ull-gateway-m6/telemetry/20260831T220718p0800-m6-lan-1000', ... (24316 bytes))
1788188303: Sending PUBACK to gatewayd-imx6ull-gateway-m6-838 (m632, rc0)
1788188303: Received PUBACK from auto-9ACF5720-ADDF-DD07-C4E8-67E9F83C7AFD (Mid: 632, RC:0)
1788188304: Received PUBLISH from gatewayd-imx6ull-gateway-m6-838 (d0, q1, r0, m633, 'vehicle/imx6ull-gateway-m6/telemetry/20260831T220718p0800-m6-lan-1000', ... (24673 bytes))
1788188304: Sending PUBLISH to auto-9ACF5720-ADDF-DD07-C4E8-67E9F83C7AFD (d0, q1, r0, m633, 'vehicle/imx6ull-gateway-m6/telemetry/20260831T220718p0800-m6-lan-1000', ... (24673 bytes))
1788188304: Sending PUBACK to gatewayd-imx6ull-gateway-m6-838 (m633, rc0)
1788188304: Received PUBACK from auto-9ACF5720-ADDF-DD07-C4E8-67E9F83C7AFD (Mid: 633, RC:0)
1788188305: Received PUBLISH from gatewayd-imx6ull-gateway-m6-838 (d0, q1, r0, m634, 'vehicle/imx6ull-gateway-m6/telemetry/20260831T220718p0800-m6-lan-1000', ... (24485 bytes))
1788188305: Sending PUBLISH to auto-9ACF5720-ADDF-DD07-C4E8-67E9F83C7AFD (d0, q1, r0, m634, 'vehicle/imx6ull-gateway-m6/telemetry/20260831T220718p0800-m6-lan-1000', ... (24485 bytes))
1788188305: Sending PUBACK to gatewayd-imx6ull-gateway-m6-838 (m634, rc0)
1788188305: Received PUBACK from auto-9ACF5720-ADDF-DD07-C4E8-67E9F83C7AFD (Mid: 634, RC:0)
1788188306: Received PUBLISH from gatewayd-imx6ull-gateway-m6-838 (d0, q1, r0, m635, 'vehicle/imx6ull-gateway-m6/telemetry/20260831T220718p0800-m6-lan-1000', ... (24510 bytes))
1788188306: Sending PUBLISH to auto-9ACF5720-ADDF-DD07-C4E8-67E9F83C7AFD (d0, q1, r0, m635, 'vehicle/imx6ull-gateway-m6/telemetry/20260831T220718p0800-m6-lan-1000', ... (24510 bytes))
1788188306: Sending PUBACK to gatewayd-imx6ull-gateway-m6-838 (m635, rc0)
1788188306: Received PUBACK from auto-9ACF5720-ADDF-DD07-C4E8-67E9F83C7AFD (Mid: 635, RC:0)
1788188307: Received PUBLISH from gatewayd-imx6ull-gateway-m6-838 (d0, q1, r0, m636, 'vehicle/imx6ull-gateway-m6/telemetry/20260831T220718p0800-m6-lan-1000', ... (24436 bytes))
1788188307: Sending PUBLISH to auto-9ACF5720-ADDF-DD07-C4E8-67E9F83C7AFD (d0, q1, r0, m636, 'vehicle/imx6ull-gateway-m6/telemetry/20260831T220718p0800-m6-lan-1000', ... (24436 bytes))
1788188307: Sending PUBACK to gatewayd-imx6ull-gateway-m6-838 (m636, rc0)
1788188307: Received PUBACK from auto-9ACF5720-ADDF-DD07-C4E8-67E9F83C7AFD (Mid: 636, RC:0)
1788188308: Received PUBLISH from gatewayd-imx6ull-gateway-m6-838 (d0, q1, r0, m637, 'vehicle/imx6ull-gateway-m6/telemetry/20260831T220718p0800-m6-lan-1000', ... (24526 bytes))
1788188308: Sending PUBLISH to auto-9ACF5720-ADDF-DD07-C4E8-67E9F83C7AFD (d0, q1, r0, m637, 'vehicle/imx6ull-gateway-m6/telemetry/20260831T220718p0800-m6-lan-1000', ... (24526 bytes))
1788188308: Sending PUBACK to gatewayd-imx6ull-gateway-m6-838 (m637, rc0)
1788188308: Received PUBACK from auto-9ACF5720-ADDF-DD07-C4E8-67E9F83C7AFD (Mid: 637, RC:0)
1788188309: Received PUBLISH from gatewayd-imx6ull-gateway-m6-838 (d0, q1, r0, m638, 'vehicle/imx6ull-gateway-m6/telemetry/20260831T220718p0800-m6-lan-1000', ... (24646 bytes))
1788188309: Sending PUBLISH to auto-9ACF5720-ADDF-DD07-C4E8-67E9F83C7AFD (d0, q1, r0, m638, 'vehicle/imx6ull-gateway-m6/telemetry/20260831T220718p0800-m6-lan-1000', ... (24646 bytes))
1788188309: Sending PUBACK to gatewayd-imx6ull-gateway-m6-838 (m638, rc0)
1788188309: Received PUBACK from auto-9ACF5720-ADDF-DD07-C4E8-67E9F83C7AFD (Mid: 638, RC:0)
1788188310: Received PUBLISH from gatewayd-imx6ull-gateway-m6-838 (d0, q1, r0, m639, 'vehicle/imx6ull-gateway-m6/telemetry/20260831T220718p0800-m6-lan-1000', ... (24482 bytes))
1788188310: Sending PUBLISH to auto-9ACF5720-ADDF-DD07-C4E8-67E9F83C7AFD (d0, q1, r0, m639, 'vehicle/imx6ull-gateway-m6/telemetry/20260831T220718p0800-m6-lan-1000', ... (24482 bytes))
1788188310: Sending PUBACK to gatewayd-imx6ull-gateway-m6-838 (m639, rc0)
1788188310: Received PUBACK from auto-9ACF5720-ADDF-DD07-C4E8-67E9F83C7AFD (Mid: 639, RC:0)
1788188311: Received PUBLISH from gatewayd-imx6ull-gateway-m6-838 (d0, q1, r0, m640, 'vehicle/imx6ull-gateway-m6/telemetry/20260831T220718p0800-m6-lan-1000', ... (24492 bytes))
1788188311: Sending PUBLISH to auto-9ACF5720-ADDF-DD07-C4E8-67E9F83C7AFD (d0, q1, r0, m640, 'vehicle/imx6ull-gateway-m6/telemetry/20260831T220718p0800-m6-lan-1000', ... (24492 bytes))
1788188311: Sending PUBACK to gatewayd-imx6ull-gateway-m6-838 (m640, rc0)
1788188311: Received PUBACK from auto-9ACF5720-ADDF-DD07-C4E8-67E9F83C7AFD (Mid: 640, RC:0)
1788188312: Received PUBLISH from gatewayd-imx6ull-gateway-m6-838 (d0, q1, r0, m641, 'vehicle/imx6ull-gateway-m6/telemetry/20260831T220718p0800-m6-lan-1000', ... (24645 bytes))
1788188312: Sending PUBLISH to auto-9ACF5720-ADDF-DD07-C4E8-67E9F83C7AFD (d0, q1, r0, m641, 'vehicle/imx6ull-gateway-m6/telemetry/20260831T220718p0800-m6-lan-1000', ... (24645 bytes))
1788188312: Sending PUBACK to gatewayd-imx6ull-gateway-m6-838 (m641, rc0)
1788188312: Received PUBACK from auto-9ACF5720-ADDF-DD07-C4E8-67E9F83C7AFD (Mid: 641, RC:0)
1788188313: Received PUBLISH from gatewayd-imx6ull-gateway-m6-838 (d0, q1, r0, m642, 'vehicle/imx6ull-gateway-m6/telemetry/20260831T220718p0800-m6-lan-1000', ... (24094 bytes))
1788188313: Sending PUBLISH to auto-9ACF5720-ADDF-DD07-C4E8-67E9F83C7AFD (d0, q1, r0, m642, 'vehicle/imx6ull-gateway-m6/telemetry/20260831T220718p0800-m6-lan-1000', ... (24094 bytes))
1788188313: Sending PUBACK to gatewayd-imx6ull-gateway-m6-838 (m642, rc0)
1788188313: Received PUBACK from auto-9ACF5720-ADDF-DD07-C4E8-67E9F83C7AFD (Mid: 642, RC:0)
1788188314: Received PUBLISH from gatewayd-imx6ull-gateway-m6-838 (d0, q1, r0, m643, 'vehicle/imx6ull-gateway-m6/telemetry/20260831T220718p0800-m6-lan-1000', ... (24227 bytes))
1788188314: Sending PUBLISH to auto-9ACF5720-ADDF-DD07-C4E8-67E9F83C7AFD (d0, q1, r0, m643, 'vehicle/imx6ull-gateway-m6/telemetry/20260831T220718p0800-m6-lan-1000', ... (24227 bytes))
1788188314: Sending PUBACK to gatewayd-imx6ull-gateway-m6-838 (m643, rc0)
1788188314: Received PUBACK from auto-9ACF5720-ADDF-DD07-C4E8-67E9F83C7AFD (Mid: 643, RC:0)
1788188315: Received PUBLISH from gatewayd-imx6ull-gateway-m6-838 (d0, q1, r0, m644, 'vehicle/imx6ull-gateway-m6/telemetry/20260831T220718p0800-m6-lan-1000', ... (24698 bytes))
1788188315: Sending PUBLISH to auto-9ACF5720-ADDF-DD07-C4E8-67E9F83C7AFD (d0, q1, r0, m644, 'vehicle/imx6ull-gateway-m6/telemetry/20260831T220718p0800-m6-lan-1000', ... (24698 bytes))
1788188315: Sending PUBACK to gatewayd-imx6ull-gateway-m6-838 (m644, rc0)
1788188315: Received PUBACK from auto-9ACF5720-ADDF-DD07-C4E8-67E9F83C7AFD (Mid: 644, RC:0)
1788188316: Received PUBLISH from gatewayd-imx6ull-gateway-m6-838 (d0, q1, r0, m645, 'vehicle/imx6ull-gateway-m6/telemetry/20260831T220718p0800-m6-lan-1000', ... (24487 bytes))
1788188316: Sending PUBLISH to auto-9ACF5720-ADDF-DD07-C4E8-67E9F83C7AFD (d0, q1, r0, m645, 'vehicle/imx6ull-gateway-m6/telemetry/20260831T220718p0800-m6-lan-1000', ... (24487 bytes))
1788188316: Sending PUBACK to gatewayd-imx6ull-gateway-m6-838 (m645, rc0)
1788188316: Received PUBACK from auto-9ACF5720-ADDF-DD07-C4E8-67E9F83C7AFD (Mid: 645, RC:0)
1788188317: Received PUBLISH from gatewayd-imx6ull-gateway-m6-838 (d0, q1, r0, m646, 'vehicle/imx6ull-gateway-m6/telemetry/20260831T220718p0800-m6-lan-1000', ... (24439 bytes))
1788188317: Sending PUBLISH to auto-9ACF5720-ADDF-DD07-C4E8-67E9F83C7AFD (d0, q1, r0, m646, 'vehicle/imx6ull-gateway-m6/telemetry/20260831T220718p0800-m6-lan-1000', ... (24439 bytes))
1788188317: Sending PUBACK to gatewayd-imx6ull-gateway-m6-838 (m646, rc0)
1788188317: Received PUBACK from auto-9ACF5720-ADDF-DD07-C4E8-67E9F83C7AFD (Mid: 646, RC:0)
1788188318: Received PUBLISH from gatewayd-imx6ull-gateway-m6-838 (d0, q1, r0, m647, 'vehicle/imx6ull-gateway-m6/telemetry/20260831T220718p0800-m6-lan-1000', ... (24734 bytes))
1788188318: Sending PUBLISH to auto-9ACF5720-ADDF-DD07-C4E8-67E9F83C7AFD (d0, q1, r0, m647, 'vehicle/imx6ull-gateway-m6/telemetry/20260831T220718p0800-m6-lan-1000', ... (24734 bytes))
1788188318: Sending PUBACK to gatewayd-imx6ull-gateway-m6-838 (m647, rc0)
1788188318: Received PUBACK from auto-9ACF5720-ADDF-DD07-C4E8-67E9F83C7AFD (Mid: 647, RC:0)
1788188319: Received PUBLISH from gatewayd-imx6ull-gateway-m6-838 (d0, q1, r0, m648, 'vehicle/imx6ull-gateway-m6/telemetry/20260831T220718p0800-m6-lan-1000', ... (24441 bytes))
1788188319: Sending PUBLISH to auto-9ACF5720-ADDF-DD07-C4E8-67E9F83C7AFD (d0, q1, r0, m648, 'vehicle/imx6ull-gateway-m6/telemetry/20260831T220718p0800-m6-lan-1000', ... (24441 bytes))
1788188319: Sending PUBACK to gatewayd-imx6ull-gateway-m6-838 (m648, rc0)
1788188319: Received PUBACK from auto-9ACF5720-ADDF-DD07-C4E8-67E9F83C7AFD (Mid: 648, RC:0)
1788188320: Received PUBLISH from gatewayd-imx6ull-gateway-m6-838 (d0, q1, r0, m649, 'vehicle/imx6ull-gateway-m6/telemetry/20260831T220718p0800-m6-lan-1000', ... (24717 bytes))
1788188320: Sending PUBLISH to auto-9ACF5720-ADDF-DD07-C4E8-67E9F83C7AFD (d0, q1, r0, m649, 'vehicle/imx6ull-gateway-m6/telemetry/20260831T220718p0800-m6-lan-1000', ... (24717 bytes))
1788188320: Sending PUBACK to gatewayd-imx6ull-gateway-m6-838 (m649, rc0)
1788188320: Received PUBACK from auto-9ACF5720-ADDF-DD07-C4E8-67E9F83C7AFD (Mid: 649, RC:0)
1788188321: Received PUBLISH from gatewayd-imx6ull-gateway-m6-838 (d0, q1, r0, m650, 'vehicle/imx6ull-gateway-m6/telemetry/20260831T220718p0800-m6-lan-1000', ... (24489 bytes))
1788188321: Sending PUBLISH to auto-9ACF5720-ADDF-DD07-C4E8-67E9F83C7AFD (d0, q1, r0, m650, 'vehicle/imx6ull-gateway-m6/telemetry/20260831T220718p0800-m6-lan-1000', ... (24489 bytes))
1788188321: Sending PUBACK to gatewayd-imx6ull-gateway-m6-838 (m650, rc0)
1788188321: Received PUBACK from auto-9ACF5720-ADDF-DD07-C4E8-67E9F83C7AFD (Mid: 650, RC:0)
1788188322: Received PUBLISH from gatewayd-imx6ull-gateway-m6-838 (d0, q1, r0, m651, 'vehicle/imx6ull-gateway-m6/telemetry/20260831T220718p0800-m6-lan-1000', ... (24457 bytes))
1788188322: Sending PUBLISH to auto-9ACF5720-ADDF-DD07-C4E8-67E9F83C7AFD (d0, q1, r0, m651, 'vehicle/imx6ull-gateway-m6/telemetry/20260831T220718p0800-m6-lan-1000', ... (24457 bytes))
1788188322: Sending PUBACK to gatewayd-imx6ull-gateway-m6-838 (m651, rc0)
1788188322: Received PUBACK from auto-9ACF5720-ADDF-DD07-C4E8-67E9F83C7AFD (Mid: 651, RC:0)
1788188323: Received PUBLISH from gatewayd-imx6ull-gateway-m6-838 (d0, q1, r0, m652, 'vehicle/imx6ull-gateway-m6/telemetry/20260831T220718p0800-m6-lan-1000', ... (24528 bytes))
1788188323: Sending PUBLISH to auto-9ACF5720-ADDF-DD07-C4E8-67E9F83C7AFD (d0, q1, r0, m652, 'vehicle/imx6ull-gateway-m6/telemetry/20260831T220718p0800-m6-lan-1000', ... (24528 bytes))
1788188323: Sending PUBACK to gatewayd-imx6ull-gateway-m6-838 (m652, rc0)
1788188323: Received PUBACK from auto-9ACF5720-ADDF-DD07-C4E8-67E9F83C7AFD (Mid: 652, RC:0)
1788188324: Received PUBLISH from gatewayd-imx6ull-gateway-m6-838 (d0, q1, r0, m653, 'vehicle/imx6ull-gateway-m6/telemetry/20260831T220718p0800-m6-lan-1000', ... (24434 bytes))
1788188324: Sending PUBLISH to auto-9ACF5720-ADDF-DD07-C4E8-67E9F83C7AFD (d0, q1, r0, m653, 'vehicle/imx6ull-gateway-m6/telemetry/20260831T220718p0800-m6-lan-1000', ... (24434 bytes))
1788188324: Sending PUBACK to gatewayd-imx6ull-gateway-m6-838 (m653, rc0)
1788188324: Received PUBACK from auto-9ACF5720-ADDF-DD07-C4E8-67E9F83C7AFD (Mid: 653, RC:0)
1788188326: Received PUBLISH from gatewayd-imx6ull-gateway-m6-838 (d0, q1, r0, m654, 'vehicle/imx6ull-gateway-m6/telemetry/20260831T220718p0800-m6-lan-1000', ... (24936 bytes))
1788188326: Sending PUBLISH to auto-9ACF5720-ADDF-DD07-C4E8-67E9F83C7AFD (d0, q1, r0, m654, 'vehicle/imx6ull-gateway-m6/telemetry/20260831T220718p0800-m6-lan-1000', ... (24936 bytes))
1788188326: Sending PUBACK to gatewayd-imx6ull-gateway-m6-838 (m654, rc0)
1788188326: Received PUBACK from auto-9ACF5720-ADDF-DD07-C4E8-67E9F83C7AFD (Mid: 654, RC:0)
1788188327: Received PUBLISH from gatewayd-imx6ull-gateway-m6-838 (d0, q1, r0, m655, 'vehicle/imx6ull-gateway-m6/telemetry/20260831T220718p0800-m6-lan-1000', ... (24482 bytes))
1788188327: Sending PUBLISH to auto-9ACF5720-ADDF-DD07-C4E8-67E9F83C7AFD (d0, q1, r0, m655, 'vehicle/imx6ull-gateway-m6/telemetry/20260831T220718p0800-m6-lan-1000', ... (24482 bytes))
1788188327: Sending PUBACK to gatewayd-imx6ull-gateway-m6-838 (m655, rc0)
1788188327: Received PUBACK from auto-9ACF5720-ADDF-DD07-C4E8-67E9F83C7AFD (Mid: 655, RC:0)
1788188328: Received PUBLISH from gatewayd-imx6ull-gateway-m6-838 (d0, q1, r0, m656, 'vehicle/imx6ull-gateway-m6/telemetry/20260831T220718p0800-m6-lan-1000', ... (24464 bytes))
1788188328: Sending PUBLISH to auto-9ACF5720-ADDF-DD07-C4E8-67E9F83C7AFD (d0, q1, r0, m656, 'vehicle/imx6ull-gateway-m6/telemetry/20260831T220718p0800-m6-lan-1000', ... (24464 bytes))
1788188328: Sending PUBACK to gatewayd-imx6ull-gateway-m6-838 (m656, rc0)
1788188328: Received PUBACK from auto-9ACF5720-ADDF-DD07-C4E8-67E9F83C7AFD (Mid: 656, RC:0)
1788188329: Received PUBLISH from gatewayd-imx6ull-gateway-m6-838 (d0, q1, r0, m657, 'vehicle/imx6ull-gateway-m6/telemetry/20260831T220718p0800-m6-lan-1000', ... (24740 bytes))
1788188329: Sending PUBLISH to auto-9ACF5720-ADDF-DD07-C4E8-67E9F83C7AFD (d0, q1, r0, m657, 'vehicle/imx6ull-gateway-m6/telemetry/20260831T220718p0800-m6-lan-1000', ... (24740 bytes))
1788188329: Sending PUBACK to gatewayd-imx6ull-gateway-m6-838 (m657, rc0)
1788188329: Received PUBACK from auto-9ACF5720-ADDF-DD07-C4E8-67E9F83C7AFD (Mid: 657, RC:0)
1788188330: Received PUBLISH from gatewayd-imx6ull-gateway-m6-838 (d0, q1, r0, m658, 'vehicle/imx6ull-gateway-m6/telemetry/20260831T220718p0800-m6-lan-1000', ... (24426 bytes))
1788188330: Sending PUBLISH to auto-9ACF5720-ADDF-DD07-C4E8-67E9F83C7AFD (d0, q1, r0, m658, 'vehicle/imx6ull-gateway-m6/telemetry/20260831T220718p0800-m6-lan-1000', ... (24426 bytes))
1788188330: Sending PUBACK to gatewayd-imx6ull-gateway-m6-838 (m658, rc0)
1788188330: Received PUBACK from auto-9ACF5720-ADDF-DD07-C4E8-67E9F83C7AFD (Mid: 658, RC:0)
1788188331: Received PUBLISH from gatewayd-imx6ull-gateway-m6-838 (d0, q1, r0, m659, 'vehicle/imx6ull-gateway-m6/telemetry/20260831T220718p0800-m6-lan-1000', ... (24732 bytes))
1788188331: Sending PUBLISH to auto-9ACF5720-ADDF-DD07-C4E8-67E9F83C7AFD (d0, q1, r0, m659, 'vehicle/imx6ull-gateway-m6/telemetry/20260831T220718p0800-m6-lan-1000', ... (24732 bytes))
1788188331: Sending PUBACK to gatewayd-imx6ull-gateway-m6-838 (m659, rc0)
1788188331: Received PUBACK from auto-9ACF5720-ADDF-DD07-C4E8-67E9F83C7AFD (Mid: 659, RC:0)
1788188332: Received PUBLISH from gatewayd-imx6ull-gateway-m6-838 (d0, q1, r0, m660, 'vehicle/imx6ull-gateway-m6/telemetry/20260831T220718p0800-m6-lan-1000', ... (24474 bytes))
1788188332: Sending PUBLISH to auto-9ACF5720-ADDF-DD07-C4E8-67E9F83C7AFD (d0, q1, r0, m660, 'vehicle/imx6ull-gateway-m6/telemetry/20260831T220718p0800-m6-lan-1000', ... (24474 bytes))
1788188332: Sending PUBACK to gatewayd-imx6ull-gateway-m6-838 (m660, rc0)
1788188332: Received PUBACK from auto-9ACF5720-ADDF-DD07-C4E8-67E9F83C7AFD (Mid: 660, RC:0)
1788188333: Received PUBLISH from gatewayd-imx6ull-gateway-m6-838 (d0, q1, r0, m661, 'vehicle/imx6ull-gateway-m6/telemetry/20260831T220718p0800-m6-lan-1000', ... (24472 bytes))
1788188333: Sending PUBLISH to auto-9ACF5720-ADDF-DD07-C4E8-67E9F83C7AFD (d0, q1, r0, m661, 'vehicle/imx6ull-gateway-m6/telemetry/20260831T220718p0800-m6-lan-1000', ... (24472 bytes))
1788188333: Sending PUBACK to gatewayd-imx6ull-gateway-m6-838 (m661, rc0)
1788188333: Received PUBACK from auto-9ACF5720-ADDF-DD07-C4E8-67E9F83C7AFD (Mid: 661, RC:0)
1788188334: Received PUBLISH from gatewayd-imx6ull-gateway-m6-838 (d0, q1, r0, m662, 'vehicle/imx6ull-gateway-m6/telemetry/20260831T220718p0800-m6-lan-1000', ... (24730 bytes))
1788188334: Sending PUBLISH to auto-9ACF5720-ADDF-DD07-C4E8-67E9F83C7AFD (d0, q1, r0, m662, 'vehicle/imx6ull-gateway-m6/telemetry/20260831T220718p0800-m6-lan-1000', ... (24730 bytes))
1788188334: Sending PUBACK to gatewayd-imx6ull-gateway-m6-838 (m662, rc0)
1788188334: Received PUBACK from auto-9ACF5720-ADDF-DD07-C4E8-67E9F83C7AFD (Mid: 662, RC:0)
1788188335: Received PUBLISH from gatewayd-imx6ull-gateway-m6-838 (d0, q1, r0, m663, 'vehicle/imx6ull-gateway-m6/telemetry/20260831T220718p0800-m6-lan-1000', ... (24403 bytes))
1788188335: Sending PUBLISH to auto-9ACF5720-ADDF-DD07-C4E8-67E9F83C7AFD (d0, q1, r0, m663, 'vehicle/imx6ull-gateway-m6/telemetry/20260831T220718p0800-m6-lan-1000', ... (24403 bytes))
1788188335: Sending PUBACK to gatewayd-imx6ull-gateway-m6-838 (m663, rc0)
1788188335: Received PUBACK from auto-9ACF5720-ADDF-DD07-C4E8-67E9F83C7AFD (Mid: 663, RC:0)
1788188336: Received PUBLISH from gatewayd-imx6ull-gateway-m6-838 (d0, q1, r0, m664, 'vehicle/imx6ull-gateway-m6/telemetry/20260831T220718p0800-m6-lan-1000', ... (24306 bytes))
1788188336: Sending PUBLISH to auto-9ACF5720-ADDF-DD07-C4E8-67E9F83C7AFD (d0, q1, r0, m664, 'vehicle/imx6ull-gateway-m6/telemetry/20260831T220718p0800-m6-lan-1000', ... (24306 bytes))
1788188336: Sending PUBACK to gatewayd-imx6ull-gateway-m6-838 (m664, rc0)
1788188336: Received PUBACK from auto-9ACF5720-ADDF-DD07-C4E8-67E9F83C7AFD (Mid: 664, RC:0)
1788188337: Received PUBLISH from gatewayd-imx6ull-gateway-m6-838 (d0, q1, r0, m665, 'vehicle/imx6ull-gateway-m6/telemetry/20260831T220718p0800-m6-lan-1000', ... (24668 bytes))
1788188337: Sending PUBLISH to auto-9ACF5720-ADDF-DD07-C4E8-67E9F83C7AFD (d0, q1, r0, m665, 'vehicle/imx6ull-gateway-m6/telemetry/20260831T220718p0800-m6-lan-1000', ... (24668 bytes))
1788188337: Sending PUBACK to gatewayd-imx6ull-gateway-m6-838 (m665, rc0)
1788188337: Received PUBACK from auto-9ACF5720-ADDF-DD07-C4E8-67E9F83C7AFD (Mid: 665, RC:0)
1788188338: Received PUBLISH from gatewayd-imx6ull-gateway-m6-838 (d0, q1, r0, m666, 'vehicle/imx6ull-gateway-m6/telemetry/20260831T220718p0800-m6-lan-1000', ... (24469 bytes))
1788188338: Sending PUBLISH to auto-9ACF5720-ADDF-DD07-C4E8-67E9F83C7AFD (d0, q1, r0, m666, 'vehicle/imx6ull-gateway-m6/telemetry/20260831T220718p0800-m6-lan-1000', ... (24469 bytes))
1788188338: Sending PUBACK to gatewayd-imx6ull-gateway-m6-838 (m666, rc0)
1788188338: Received PUBACK from auto-9ACF5720-ADDF-DD07-C4E8-67E9F83C7AFD (Mid: 666, RC:0)
1788188339: Received PUBLISH from gatewayd-imx6ull-gateway-m6-838 (d0, q1, r0, m667, 'vehicle/imx6ull-gateway-m6/telemetry/20260831T220718p0800-m6-lan-1000', ... (24723 bytes))
1788188339: Sending PUBLISH to auto-9ACF5720-ADDF-DD07-C4E8-67E9F83C7AFD (d0, q1, r0, m667, 'vehicle/imx6ull-gateway-m6/telemetry/20260831T220718p0800-m6-lan-1000', ... (24723 bytes))
1788188339: Sending PUBACK to gatewayd-imx6ull-gateway-m6-838 (m667, rc0)
1788188339: Received PUBACK from auto-9ACF5720-ADDF-DD07-C4E8-67E9F83C7AFD (Mid: 667, RC:0)
1788188340: Received PUBLISH from gatewayd-imx6ull-gateway-m6-838 (d0, q1, r0, m668, 'vehicle/imx6ull-gateway-m6/telemetry/20260831T220718p0800-m6-lan-1000', ... (24414 bytes))
1788188340: Sending PUBLISH to auto-9ACF5720-ADDF-DD07-C4E8-67E9F83C7AFD (d0, q1, r0, m668, 'vehicle/imx6ull-gateway-m6/telemetry/20260831T220718p0800-m6-lan-1000', ... (24414 bytes))
1788188340: Sending PUBACK to gatewayd-imx6ull-gateway-m6-838 (m668, rc0)
1788188340: Received PUBACK from auto-9ACF5720-ADDF-DD07-C4E8-67E9F83C7AFD (Mid: 668, RC:0)
1788188341: Received PUBLISH from gatewayd-imx6ull-gateway-m6-838 (d0, q1, r0, m669, 'vehicle/imx6ull-gateway-m6/telemetry/20260831T220718p0800-m6-lan-1000', ... (24518 bytes))
1788188341: Sending PUBLISH to auto-9ACF5720-ADDF-DD07-C4E8-67E9F83C7AFD (d0, q1, r0, m669, 'vehicle/imx6ull-gateway-m6/telemetry/20260831T220718p0800-m6-lan-1000', ... (24518 bytes))
1788188341: Sending PUBACK to gatewayd-imx6ull-gateway-m6-838 (m669, rc0)
1788188341: Received PUBACK from auto-9ACF5720-ADDF-DD07-C4E8-67E9F83C7AFD (Mid: 669, RC:0)
1788188342: Received PUBLISH from gatewayd-imx6ull-gateway-m6-838 (d0, q1, r0, m670, 'vehicle/imx6ull-gateway-m6/telemetry/20260831T220718p0800-m6-lan-1000', ... (24660 bytes))
1788188342: Sending PUBLISH to auto-9ACF5720-ADDF-DD07-C4E8-67E9F83C7AFD (d0, q1, r0, m670, 'vehicle/imx6ull-gateway-m6/telemetry/20260831T220718p0800-m6-lan-1000', ... (24660 bytes))
1788188342: Sending PUBACK to gatewayd-imx6ull-gateway-m6-838 (m670, rc0)
1788188342: Received PUBACK from auto-9ACF5720-ADDF-DD07-C4E8-67E9F83C7AFD (Mid: 670, RC:0)
1788188343: Received PUBLISH from gatewayd-imx6ull-gateway-m6-838 (d0, q1, r0, m671, 'vehicle/imx6ull-gateway-m6/telemetry/20260831T220718p0800-m6-lan-1000', ... (24477 bytes))
1788188343: Sending PUBLISH to auto-9ACF5720-ADDF-DD07-C4E8-67E9F83C7AFD (d0, q1, r0, m671, 'vehicle/imx6ull-gateway-m6/telemetry/20260831T220718p0800-m6-lan-1000', ... (24477 bytes))
1788188343: Sending PUBACK to gatewayd-imx6ull-gateway-m6-838 (m671, rc0)
1788188343: Received PUBACK from auto-9ACF5720-ADDF-DD07-C4E8-67E9F83C7AFD (Mid: 671, RC:0)
1788188344: Received PUBLISH from gatewayd-imx6ull-gateway-m6-838 (d0, q1, r0, m672, 'vehicle/imx6ull-gateway-m6/telemetry/20260831T220718p0800-m6-lan-1000', ... (24717 bytes))
1788188344: Sending PUBLISH to auto-9ACF5720-ADDF-DD07-C4E8-67E9F83C7AFD (d0, q1, r0, m672, 'vehicle/imx6ull-gateway-m6/telemetry/20260831T220718p0800-m6-lan-1000', ... (24717 bytes))
1788188344: Sending PUBACK to gatewayd-imx6ull-gateway-m6-838 (m672, rc0)
1788188344: Received PUBACK from auto-9ACF5720-ADDF-DD07-C4E8-67E9F83C7AFD (Mid: 672, RC:0)
1788188345: Received PUBLISH from gatewayd-imx6ull-gateway-m6-838 (d0, q1, r0, m673, 'vehicle/imx6ull-gateway-m6/telemetry/20260831T220718p0800-m6-lan-1000', ... (24439 bytes))
1788188345: Sending PUBLISH to auto-9ACF5720-ADDF-DD07-C4E8-67E9F83C7AFD (d0, q1, r0, m673, 'vehicle/imx6ull-gateway-m6/telemetry/20260831T220718p0800-m6-lan-1000', ... (24439 bytes))
1788188345: Sending PUBACK to gatewayd-imx6ull-gateway-m6-838 (m673, rc0)
1788188345: Received PUBACK from auto-9ACF5720-ADDF-DD07-C4E8-67E9F83C7AFD (Mid: 673, RC:0)
1788188346: Received PUBLISH from gatewayd-imx6ull-gateway-m6-838 (d0, q1, r0, m674, 'vehicle/imx6ull-gateway-m6/telemetry/20260831T220718p0800-m6-lan-1000', ... (24528 bytes))
1788188346: Sending PUBLISH to auto-9ACF5720-ADDF-DD07-C4E8-67E9F83C7AFD (d0, q1, r0, m674, 'vehicle/imx6ull-gateway-m6/telemetry/20260831T220718p0800-m6-lan-1000', ... (24528 bytes))
1788188346: Sending PUBACK to gatewayd-imx6ull-gateway-m6-838 (m674, rc0)
1788188346: Received PUBACK from auto-9ACF5720-ADDF-DD07-C4E8-67E9F83C7AFD (Mid: 674, RC:0)
1788188347: Received PUBLISH from gatewayd-imx6ull-gateway-m6-838 (d0, q1, r0, m675, 'vehicle/imx6ull-gateway-m6/telemetry/20260831T220718p0800-m6-lan-1000', ... (24663 bytes))
1788188347: Sending PUBLISH to auto-9ACF5720-ADDF-DD07-C4E8-67E9F83C7AFD (d0, q1, r0, m675, 'vehicle/imx6ull-gateway-m6/telemetry/20260831T220718p0800-m6-lan-1000', ... (24663 bytes))
1788188347: Sending PUBACK to gatewayd-imx6ull-gateway-m6-838 (m675, rc0)
1788188347: Received PUBACK from auto-9ACF5720-ADDF-DD07-C4E8-67E9F83C7AFD (Mid: 675, RC:0)
1788188348: Received PUBLISH from gatewayd-imx6ull-gateway-m6-838 (d0, q1, r0, m676, 'vehicle/imx6ull-gateway-m6/telemetry/20260831T220718p0800-m6-lan-1000', ... (24495 bytes))
1788188348: Sending PUBLISH to auto-9ACF5720-ADDF-DD07-C4E8-67E9F83C7AFD (d0, q1, r0, m676, 'vehicle/imx6ull-gateway-m6/telemetry/20260831T220718p0800-m6-lan-1000', ... (24495 bytes))
1788188348: Sending PUBACK to gatewayd-imx6ull-gateway-m6-838 (m676, rc0)
1788188348: Received PUBACK from auto-9ACF5720-ADDF-DD07-C4E8-67E9F83C7AFD (Mid: 676, RC:0)
1788188349: Received PUBLISH from gatewayd-imx6ull-gateway-m6-838 (d0, q1, r0, m677, 'vehicle/imx6ull-gateway-m6/telemetry/20260831T220718p0800-m6-lan-1000', ... (24711 bytes))
1788188349: Sending PUBLISH to auto-9ACF5720-ADDF-DD07-C4E8-67E9F83C7AFD (d0, q1, r0, m677, 'vehicle/imx6ull-gateway-m6/telemetry/20260831T220718p0800-m6-lan-1000', ... (24711 bytes))
1788188349: Sending PUBACK to gatewayd-imx6ull-gateway-m6-838 (m677, rc0)
1788188349: Received PUBACK from auto-9ACF5720-ADDF-DD07-C4E8-67E9F83C7AFD (Mid: 677, RC:0)
1788188350: Received PUBLISH from gatewayd-imx6ull-gateway-m6-838 (d0, q1, r0, m678, 'vehicle/imx6ull-gateway-m6/telemetry/20260831T220718p0800-m6-lan-1000', ... (24447 bytes))
1788188350: Sending PUBLISH to auto-9ACF5720-ADDF-DD07-C4E8-67E9F83C7AFD (d0, q1, r0, m678, 'vehicle/imx6ull-gateway-m6/telemetry/20260831T220718p0800-m6-lan-1000', ... (24447 bytes))
1788188350: Sending PUBACK to gatewayd-imx6ull-gateway-m6-838 (m678, rc0)
1788188350: Received PUBACK from auto-9ACF5720-ADDF-DD07-C4E8-67E9F83C7AFD (Mid: 678, RC:0)
1788188352: Received PUBLISH from gatewayd-imx6ull-gateway-m6-838 (d0, q1, r0, m679, 'vehicle/imx6ull-gateway-m6/telemetry/20260831T220718p0800-m6-lan-1000', ... (24528 bytes))
1788188352: Sending PUBLISH to auto-9ACF5720-ADDF-DD07-C4E8-67E9F83C7AFD (d0, q1, r0, m679, 'vehicle/imx6ull-gateway-m6/telemetry/20260831T220718p0800-m6-lan-1000', ... (24528 bytes))
1788188352: Sending PUBACK to gatewayd-imx6ull-gateway-m6-838 (m679, rc0)
1788188352: Received PUBACK from auto-9ACF5720-ADDF-DD07-C4E8-67E9F83C7AFD (Mid: 679, RC:0)
1788188353: Received PUBLISH from gatewayd-imx6ull-gateway-m6-838 (d0, q1, r0, m680, 'vehicle/imx6ull-gateway-m6/telemetry/20260831T220718p0800-m6-lan-1000', ... (24867 bytes))
1788188353: Sending PUBLISH to auto-9ACF5720-ADDF-DD07-C4E8-67E9F83C7AFD (d0, q1, r0, m680, 'vehicle/imx6ull-gateway-m6/telemetry/20260831T220718p0800-m6-lan-1000', ... (24867 bytes))
1788188353: Sending PUBACK to gatewayd-imx6ull-gateway-m6-838 (m680, rc0)
1788188353: Received PUBACK from auto-9ACF5720-ADDF-DD07-C4E8-67E9F83C7AFD (Mid: 680, RC:0)
1788188354: Received PUBLISH from gatewayd-imx6ull-gateway-m6-838 (d0, q1, r0, m681, 'vehicle/imx6ull-gateway-m6/telemetry/20260831T220718p0800-m6-lan-1000', ... (24503 bytes))
1788188354: Sending PUBLISH to auto-9ACF5720-ADDF-DD07-C4E8-67E9F83C7AFD (d0, q1, r0, m681, 'vehicle/imx6ull-gateway-m6/telemetry/20260831T220718p0800-m6-lan-1000', ... (24503 bytes))
1788188354: Sending PUBACK to gatewayd-imx6ull-gateway-m6-838 (m681, rc0)
1788188354: Received PUBACK from auto-9ACF5720-ADDF-DD07-C4E8-67E9F83C7AFD (Mid: 681, RC:0)
1788188355: Received PUBLISH from gatewayd-imx6ull-gateway-m6-838 (d0, q1, r0, m682, 'vehicle/imx6ull-gateway-m6/telemetry/20260831T220718p0800-m6-lan-1000', ... (24703 bytes))
1788188355: Sending PUBLISH to auto-9ACF5720-ADDF-DD07-C4E8-67E9F83C7AFD (d0, q1, r0, m682, 'vehicle/imx6ull-gateway-m6/telemetry/20260831T220718p0800-m6-lan-1000', ... (24703 bytes))
1788188355: Sending PUBACK to gatewayd-imx6ull-gateway-m6-838 (m682, rc0)
1788188355: Received PUBACK from auto-9ACF5720-ADDF-DD07-C4E8-67E9F83C7AFD (Mid: 682, RC:0)
1788188356: Received PUBLISH from gatewayd-imx6ull-gateway-m6-838 (d0, q1, r0, m683, 'vehicle/imx6ull-gateway-m6/telemetry/20260831T220718p0800-m6-lan-1000', ... (24455 bytes))
1788188356: Sending PUBLISH to auto-9ACF5720-ADDF-DD07-C4E8-67E9F83C7AFD (d0, q1, r0, m683, 'vehicle/imx6ull-gateway-m6/telemetry/20260831T220718p0800-m6-lan-1000', ... (24455 bytes))
1788188356: Sending PUBACK to gatewayd-imx6ull-gateway-m6-838 (m683, rc0)
1788188356: Received PUBACK from auto-9ACF5720-ADDF-DD07-C4E8-67E9F83C7AFD (Mid: 683, RC:0)
1788188357: Received PUBLISH from gatewayd-imx6ull-gateway-m6-838 (d0, q1, r0, m684, 'vehicle/imx6ull-gateway-m6/telemetry/20260831T220718p0800-m6-lan-1000', ... (24528 bytes))
1788188357: Sending PUBLISH to auto-9ACF5720-ADDF-DD07-C4E8-67E9F83C7AFD (d0, q1, r0, m684, 'vehicle/imx6ull-gateway-m6/telemetry/20260831T220718p0800-m6-lan-1000', ... (24528 bytes))
1788188357: Sending PUBACK to gatewayd-imx6ull-gateway-m6-838 (m684, rc0)
1788188357: Received PUBACK from auto-9ACF5720-ADDF-DD07-C4E8-67E9F83C7AFD (Mid: 684, RC:0)
1788188358: Received PUBLISH from gatewayd-imx6ull-gateway-m6-838 (d0, q1, r0, m685, 'vehicle/imx6ull-gateway-m6/telemetry/20260831T220718p0800-m6-lan-1000', ... (24858 bytes))
1788188358: Sending PUBLISH to auto-9ACF5720-ADDF-DD07-C4E8-67E9F83C7AFD (d0, q1, r0, m685, 'vehicle/imx6ull-gateway-m6/telemetry/20260831T220718p0800-m6-lan-1000', ... (24858 bytes))
1788188358: Sending PUBACK to gatewayd-imx6ull-gateway-m6-838 (m685, rc0)
1788188358: Received PUBACK from auto-9ACF5720-ADDF-DD07-C4E8-67E9F83C7AFD (Mid: 685, RC:0)
1788188359: Received PUBLISH from gatewayd-imx6ull-gateway-m6-838 (d0, q1, r0, m686, 'vehicle/imx6ull-gateway-m6/telemetry/20260831T220718p0800-m6-lan-1000', ... (24512 bytes))
1788188359: Sending PUBLISH to auto-9ACF5720-ADDF-DD07-C4E8-67E9F83C7AFD (d0, q1, r0, m686, 'vehicle/imx6ull-gateway-m6/telemetry/20260831T220718p0800-m6-lan-1000', ... (24512 bytes))
1788188359: Sending PUBACK to gatewayd-imx6ull-gateway-m6-838 (m686, rc0)
1788188359: Received PUBACK from auto-9ACF5720-ADDF-DD07-C4E8-67E9F83C7AFD (Mid: 686, RC:0)
1788188360: Received PUBLISH from gatewayd-imx6ull-gateway-m6-838 (d0, q1, r0, m687, 'vehicle/imx6ull-gateway-m6/telemetry/20260831T220718p0800-m6-lan-1000', ... (24676 bytes))
1788188360: Sending PUBLISH to auto-9ACF5720-ADDF-DD07-C4E8-67E9F83C7AFD (d0, q1, r0, m687, 'vehicle/imx6ull-gateway-m6/telemetry/20260831T220718p0800-m6-lan-1000', ... (24676 bytes))
1788188360: Sending PUBACK to gatewayd-imx6ull-gateway-m6-838 (m687, rc0)
1788188360: Received PUBACK from auto-9ACF5720-ADDF-DD07-C4E8-67E9F83C7AFD (Mid: 687, RC:0)
1788188361: Received PUBLISH from gatewayd-imx6ull-gateway-m6-838 (d0, q1, r0, m688, 'vehicle/imx6ull-gateway-m6/telemetry/20260831T220718p0800-m6-lan-1000', ... (24453 bytes))
1788188361: Sending PUBLISH to auto-9ACF5720-ADDF-DD07-C4E8-67E9F83C7AFD (d0, q1, r0, m688, 'vehicle/imx6ull-gateway-m6/telemetry/20260831T220718p0800-m6-lan-1000', ... (24453 bytes))
1788188361: Sending PUBACK to gatewayd-imx6ull-gateway-m6-838 (m688, rc0)
1788188361: Received PUBACK from auto-9ACF5720-ADDF-DD07-C4E8-67E9F83C7AFD (Mid: 688, RC:0)
1788188362: Received PUBLISH from gatewayd-imx6ull-gateway-m6-838 (d0, q1, r0, m689, 'vehicle/imx6ull-gateway-m6/telemetry/20260831T220718p0800-m6-lan-1000', ... (24941 bytes))
1788188362: Sending PUBLISH to auto-9ACF5720-ADDF-DD07-C4E8-67E9F83C7AFD (d0, q1, r0, m689, 'vehicle/imx6ull-gateway-m6/telemetry/20260831T220718p0800-m6-lan-1000', ... (24941 bytes))
1788188362: Sending PUBACK to gatewayd-imx6ull-gateway-m6-838 (m689, rc0)
1788188362: Received PUBACK from auto-9ACF5720-ADDF-DD07-C4E8-67E9F83C7AFD (Mid: 689, RC:0)
1788188363: Received PUBLISH from gatewayd-imx6ull-gateway-m6-838 (d0, q1, r0, m690, 'vehicle/imx6ull-gateway-m6/telemetry/20260831T220718p0800-m6-lan-1000', ... (24415 bytes))
1788188363: Sending PUBLISH to auto-9ACF5720-ADDF-DD07-C4E8-67E9F83C7AFD (d0, q1, r0, m690, 'vehicle/imx6ull-gateway-m6/telemetry/20260831T220718p0800-m6-lan-1000', ... (24415 bytes))
1788188363: Sending PUBACK to gatewayd-imx6ull-gateway-m6-838 (m690, rc0)
1788188363: Received PUBACK from auto-9ACF5720-ADDF-DD07-C4E8-67E9F83C7AFD (Mid: 690, RC:0)
1788188364: Received PUBLISH from gatewayd-imx6ull-gateway-m6-838 (d0, q1, r0, m691, 'vehicle/imx6ull-gateway-m6/telemetry/20260831T220718p0800-m6-lan-1000', ... (24511 bytes))
1788188364: Sending PUBLISH to auto-9ACF5720-ADDF-DD07-C4E8-67E9F83C7AFD (d0, q1, r0, m691, 'vehicle/imx6ull-gateway-m6/telemetry/20260831T220718p0800-m6-lan-1000', ... (24511 bytes))
1788188364: Sending PUBACK to gatewayd-imx6ull-gateway-m6-838 (m691, rc0)
1788188364: Received PUBACK from auto-9ACF5720-ADDF-DD07-C4E8-67E9F83C7AFD (Mid: 691, RC:0)
1788188365: Received PUBLISH from gatewayd-imx6ull-gateway-m6-838 (d0, q1, r0, m692, 'vehicle/imx6ull-gateway-m6/telemetry/20260831T220718p0800-m6-lan-1000', ... (24885 bytes))
1788188365: Sending PUBLISH to auto-9ACF5720-ADDF-DD07-C4E8-67E9F83C7AFD (d0, q1, r0, m692, 'vehicle/imx6ull-gateway-m6/telemetry/20260831T220718p0800-m6-lan-1000', ... (24885 bytes))
1788188365: Sending PUBACK to gatewayd-imx6ull-gateway-m6-838 (m692, rc0)
1788188365: Received PUBACK from auto-9ACF5720-ADDF-DD07-C4E8-67E9F83C7AFD (Mid: 692, RC:0)
1788188366: Received PUBLISH from gatewayd-imx6ull-gateway-m6-838 (d0, q1, r0, m693, 'vehicle/imx6ull-gateway-m6/telemetry/20260831T220718p0800-m6-lan-1000', ... (24464 bytes))
1788188366: Sending PUBLISH to auto-9ACF5720-ADDF-DD07-C4E8-67E9F83C7AFD (d0, q1, r0, m693, 'vehicle/imx6ull-gateway-m6/telemetry/20260831T220718p0800-m6-lan-1000', ... (24464 bytes))
1788188366: Sending PUBACK to gatewayd-imx6ull-gateway-m6-838 (m693, rc0)
1788188366: Received PUBACK from auto-9ACF5720-ADDF-DD07-C4E8-67E9F83C7AFD (Mid: 693, RC:0)
1788188367: Received PUBLISH from gatewayd-imx6ull-gateway-m6-838 (d0, q1, r0, m694, 'vehicle/imx6ull-gateway-m6/telemetry/20260831T220718p0800-m6-lan-1000', ... (24517 bytes))
1788188367: Sending PUBLISH to auto-9ACF5720-ADDF-DD07-C4E8-67E9F83C7AFD (d0, q1, r0, m694, 'vehicle/imx6ull-gateway-m6/telemetry/20260831T220718p0800-m6-lan-1000', ... (24517 bytes))
1788188367: Sending PUBACK to gatewayd-imx6ull-gateway-m6-838 (m694, rc0)
1788188367: Received PUBACK from auto-9ACF5720-ADDF-DD07-C4E8-67E9F83C7AFD (Mid: 694, RC:0)
1788188368: Received PUBLISH from gatewayd-imx6ull-gateway-m6-838 (d0, q1, r0, m695, 'vehicle/imx6ull-gateway-m6/telemetry/20260831T220718p0800-m6-lan-1000', ... (24408 bytes))
1788188368: Sending PUBLISH to auto-9ACF5720-ADDF-DD07-C4E8-67E9F83C7AFD (d0, q1, r0, m695, 'vehicle/imx6ull-gateway-m6/telemetry/20260831T220718p0800-m6-lan-1000', ... (24408 bytes))
1788188368: Sending PUBACK to gatewayd-imx6ull-gateway-m6-838 (m695, rc0)
1788188368: Received PUBACK from auto-9ACF5720-ADDF-DD07-C4E8-67E9F83C7AFD (Mid: 695, RC:0)
1788188369: Received PUBLISH from gatewayd-imx6ull-gateway-m6-838 (d0, q1, r0, m696, 'vehicle/imx6ull-gateway-m6/telemetry/20260831T220718p0800-m6-lan-1000', ... (24520 bytes))
1788188369: Sending PUBLISH to auto-9ACF5720-ADDF-DD07-C4E8-67E9F83C7AFD (d0, q1, r0, m696, 'vehicle/imx6ull-gateway-m6/telemetry/20260831T220718p0800-m6-lan-1000', ... (24520 bytes))
1788188369: Sending PUBACK to gatewayd-imx6ull-gateway-m6-838 (m696, rc0)
1788188369: Received PUBACK from auto-9ACF5720-ADDF-DD07-C4E8-67E9F83C7AFD (Mid: 696, RC:0)
1788188370: Received PUBLISH from gatewayd-imx6ull-gateway-m6-838 (d0, q1, r0, m697, 'vehicle/imx6ull-gateway-m6/telemetry/20260831T220718p0800-m6-lan-1000', ... (24677 bytes))
1788188370: Sending PUBLISH to auto-9ACF5720-ADDF-DD07-C4E8-67E9F83C7AFD (d0, q1, r0, m697, 'vehicle/imx6ull-gateway-m6/telemetry/20260831T220718p0800-m6-lan-1000', ... (24677 bytes))
1788188370: Sending PUBACK to gatewayd-imx6ull-gateway-m6-838 (m697, rc0)
1788188370: Received PUBACK from auto-9ACF5720-ADDF-DD07-C4E8-67E9F83C7AFD (Mid: 697, RC:0)
1788188371: Received PUBLISH from gatewayd-imx6ull-gateway-m6-838 (d0, q1, r0, m698, 'vehicle/imx6ull-gateway-m6/telemetry/20260831T220718p0800-m6-lan-1000', ... (24481 bytes))
1788188371: Sending PUBLISH to auto-9ACF5720-ADDF-DD07-C4E8-67E9F83C7AFD (d0, q1, r0, m698, 'vehicle/imx6ull-gateway-m6/telemetry/20260831T220718p0800-m6-lan-1000', ... (24481 bytes))
1788188371: Sending PUBACK to gatewayd-imx6ull-gateway-m6-838 (m698, rc0)
1788188371: Received PUBACK from auto-9ACF5720-ADDF-DD07-C4E8-67E9F83C7AFD (Mid: 698, RC:0)
1788188372: Received PUBLISH from gatewayd-imx6ull-gateway-m6-838 (d0, q1, r0, m699, 'vehicle/imx6ull-gateway-m6/telemetry/20260831T220718p0800-m6-lan-1000', ... (24730 bytes))
1788188372: Sending PUBLISH to auto-9ACF5720-ADDF-DD07-C4E8-67E9F83C7AFD (d0, q1, r0, m699, 'vehicle/imx6ull-gateway-m6/telemetry/20260831T220718p0800-m6-lan-1000', ... (24730 bytes))
1788188372: Sending PUBACK to gatewayd-imx6ull-gateway-m6-838 (m699, rc0)
1788188372: Received PUBACK from auto-9ACF5720-ADDF-DD07-C4E8-67E9F83C7AFD (Mid: 699, RC:0)
1788188373: Received PUBLISH from gatewayd-imx6ull-gateway-m6-838 (d0, q1, r0, m700, 'vehicle/imx6ull-gateway-m6/telemetry/20260831T220718p0800-m6-lan-1000', ... (24428 bytes))
1788188373: Sending PUBLISH to auto-9ACF5720-ADDF-DD07-C4E8-67E9F83C7AFD (d0, q1, r0, m700, 'vehicle/imx6ull-gateway-m6/telemetry/20260831T220718p0800-m6-lan-1000', ... (24428 bytes))
1788188373: Sending PUBACK to gatewayd-imx6ull-gateway-m6-838 (m700, rc0)
1788188373: Received PUBACK from auto-9ACF5720-ADDF-DD07-C4E8-67E9F83C7AFD (Mid: 700, RC:0)
1788188374: Received PUBLISH from gatewayd-imx6ull-gateway-m6-838 (d0, q1, r0, m701, 'vehicle/imx6ull-gateway-m6/telemetry/20260831T220718p0800-m6-lan-1000', ... (24528 bytes))
1788188374: Sending PUBLISH to auto-9ACF5720-ADDF-DD07-C4E8-67E9F83C7AFD (d0, q1, r0, m701, 'vehicle/imx6ull-gateway-m6/telemetry/20260831T220718p0800-m6-lan-1000', ... (24528 bytes))
1788188374: Sending PUBACK to gatewayd-imx6ull-gateway-m6-838 (m701, rc0)
1788188374: Received PUBACK from auto-9ACF5720-ADDF-DD07-C4E8-67E9F83C7AFD (Mid: 701, RC:0)
1788188375: Received PUBLISH from gatewayd-imx6ull-gateway-m6-838 (d0, q1, r0, m702, 'vehicle/imx6ull-gateway-m6/telemetry/20260831T220718p0800-m6-lan-1000', ... (24669 bytes))
1788188375: Sending PUBLISH to auto-9ACF5720-ADDF-DD07-C4E8-67E9F83C7AFD (d0, q1, r0, m702, 'vehicle/imx6ull-gateway-m6/telemetry/20260831T220718p0800-m6-lan-1000', ... (24669 bytes))
1788188375: Sending PUBACK to gatewayd-imx6ull-gateway-m6-838 (m702, rc0)
1788188375: Received PUBACK from auto-9ACF5720-ADDF-DD07-C4E8-67E9F83C7AFD (Mid: 702, RC:0)
1788188376: Received PUBLISH from gatewayd-imx6ull-gateway-m6-838 (d0, q1, r0, m703, 'vehicle/imx6ull-gateway-m6/telemetry/20260831T220718p0800-m6-lan-1000', ... (24489 bytes))
1788188376: Sending PUBLISH to auto-9ACF5720-ADDF-DD07-C4E8-67E9F83C7AFD (d0, q1, r0, m703, 'vehicle/imx6ull-gateway-m6/telemetry/20260831T220718p0800-m6-lan-1000', ... (24489 bytes))
1788188376: Sending PUBACK to gatewayd-imx6ull-gateway-m6-838 (m703, rc0)
1788188376: Received PUBACK from auto-9ACF5720-ADDF-DD07-C4E8-67E9F83C7AFD (Mid: 703, RC:0)
1788188378: Received PUBLISH from gatewayd-imx6ull-gateway-m6-838 (d0, q1, r0, m704, 'vehicle/imx6ull-gateway-m6/telemetry/20260831T220718p0800-m6-lan-1000', ... (24929 bytes))
1788188378: Sending PUBLISH to auto-9ACF5720-ADDF-DD07-C4E8-67E9F83C7AFD (d0, q1, r0, m704, 'vehicle/imx6ull-gateway-m6/telemetry/20260831T220718p0800-m6-lan-1000', ... (24929 bytes))
1788188378: Sending PUBACK to gatewayd-imx6ull-gateway-m6-838 (m704, rc0)
1788188378: Received PUBACK from auto-9ACF5720-ADDF-DD07-C4E8-67E9F83C7AFD (Mid: 704, RC:0)
1788188379: Received PUBLISH from gatewayd-imx6ull-gateway-m6-838 (d0, q1, r0, m705, 'vehicle/imx6ull-gateway-m6/telemetry/20260831T220718p0800-m6-lan-1000', ... (24441 bytes))
1788188379: Sending PUBLISH to auto-9ACF5720-ADDF-DD07-C4E8-67E9F83C7AFD (d0, q1, r0, m705, 'vehicle/imx6ull-gateway-m6/telemetry/20260831T220718p0800-m6-lan-1000', ... (24441 bytes))
1788188379: Sending PUBACK to gatewayd-imx6ull-gateway-m6-838 (m705, rc0)
1788188379: Received PUBACK from auto-9ACF5720-ADDF-DD07-C4E8-67E9F83C7AFD (Mid: 705, RC:0)
1788188380: Received PUBLISH from gatewayd-imx6ull-gateway-m6-838 (d0, q1, r0, m706, 'vehicle/imx6ull-gateway-m6/telemetry/20260831T220718p0800-m6-lan-1000', ... (24528 bytes))
1788188380: Sending PUBLISH to auto-9ACF5720-ADDF-DD07-C4E8-67E9F83C7AFD (d0, q1, r0, m706, 'vehicle/imx6ull-gateway-m6/telemetry/20260831T220718p0800-m6-lan-1000', ... (24528 bytes))
1788188380: Sending PUBACK to gatewayd-imx6ull-gateway-m6-838 (m706, rc0)
1788188380: Received PUBACK from auto-9ACF5720-ADDF-DD07-C4E8-67E9F83C7AFD (Mid: 706, RC:0)
1788188381: Received PUBLISH from gatewayd-imx6ull-gateway-m6-838 (d0, q1, r0, m707, 'vehicle/imx6ull-gateway-m6/telemetry/20260831T220718p0800-m6-lan-1000', ... (24661 bytes))
1788188381: Sending PUBLISH to auto-9ACF5720-ADDF-DD07-C4E8-67E9F83C7AFD (d0, q1, r0, m707, 'vehicle/imx6ull-gateway-m6/telemetry/20260831T220718p0800-m6-lan-1000', ... (24661 bytes))
1788188381: Sending PUBACK to gatewayd-imx6ull-gateway-m6-838 (m707, rc0)
1788188381: Received PUBACK from auto-9ACF5720-ADDF-DD07-C4E8-67E9F83C7AFD (Mid: 707, RC:0)
1788188382: Received PUBLISH from gatewayd-imx6ull-gateway-m6-838 (d0, q1, r0, m708, 'vehicle/imx6ull-gateway-m6/telemetry/20260831T220718p0800-m6-lan-1000', ... (24497 bytes))
1788188382: Sending PUBLISH to auto-9ACF5720-ADDF-DD07-C4E8-67E9F83C7AFD (d0, q1, r0, m708, 'vehicle/imx6ull-gateway-m6/telemetry/20260831T220718p0800-m6-lan-1000', ... (24497 bytes))
1788188382: Sending PUBACK to gatewayd-imx6ull-gateway-m6-838 (m708, rc0)
1788188382: Received PUBACK from auto-9ACF5720-ADDF-DD07-C4E8-67E9F83C7AFD (Mid: 708, RC:0)
1788188383: Received PUBLISH from gatewayd-imx6ull-gateway-m6-838 (d0, q1, r0, m709, 'vehicle/imx6ull-gateway-m6/telemetry/20260831T220718p0800-m6-lan-1000', ... (24498 bytes))
1788188383: Sending PUBLISH to auto-9ACF5720-ADDF-DD07-C4E8-67E9F83C7AFD (d0, q1, r0, m709, 'vehicle/imx6ull-gateway-m6/telemetry/20260831T220718p0800-m6-lan-1000', ... (24498 bytes))
1788188383: Sending PUBACK to gatewayd-imx6ull-gateway-m6-838 (m709, rc0)
1788188383: Received PUBACK from auto-9ACF5720-ADDF-DD07-C4E8-67E9F83C7AFD (Mid: 709, RC:0)
1788188384: Received PUBLISH from gatewayd-imx6ull-gateway-m6-838 (d0, q1, r0, m710, 'vehicle/imx6ull-gateway-m6/telemetry/20260831T220718p0800-m6-lan-1000', ... (24448 bytes))
1788188384: Sending PUBLISH to auto-9ACF5720-ADDF-DD07-C4E8-67E9F83C7AFD (d0, q1, r0, m710, 'vehicle/imx6ull-gateway-m6/telemetry/20260831T220718p0800-m6-lan-1000', ... (24448 bytes))
1788188384: Sending PUBACK to gatewayd-imx6ull-gateway-m6-838 (m710, rc0)
1788188384: Received PUBACK from auto-9ACF5720-ADDF-DD07-C4E8-67E9F83C7AFD (Mid: 710, RC:0)
1788188385: Received PUBLISH from gatewayd-imx6ull-gateway-m6-838 (d0, q1, r0, m711, 'vehicle/imx6ull-gateway-m6/telemetry/20260831T220718p0800-m6-lan-1000', ... (24524 bytes))
1788188385: Sending PUBLISH to auto-9ACF5720-ADDF-DD07-C4E8-67E9F83C7AFD (d0, q1, r0, m711, 'vehicle/imx6ull-gateway-m6/telemetry/20260831T220718p0800-m6-lan-1000', ... (24524 bytes))
1788188385: Sending PUBACK to gatewayd-imx6ull-gateway-m6-838 (m711, rc0)
1788188385: Received PUBACK from auto-9ACF5720-ADDF-DD07-C4E8-67E9F83C7AFD (Mid: 711, RC:0)
1788188386: Received PUBLISH from gatewayd-imx6ull-gateway-m6-838 (d0, q1, r0, m712, 'vehicle/imx6ull-gateway-m6/telemetry/20260831T220718p0800-m6-lan-1000', ... (24635 bytes))
1788188386: Sending PUBLISH to auto-9ACF5720-ADDF-DD07-C4E8-67E9F83C7AFD (d0, q1, r0, m712, 'vehicle/imx6ull-gateway-m6/telemetry/20260831T220718p0800-m6-lan-1000', ... (24635 bytes))
1788188386: Sending PUBACK to gatewayd-imx6ull-gateway-m6-838 (m712, rc0)
1788188386: Received PUBACK from auto-9ACF5720-ADDF-DD07-C4E8-67E9F83C7AFD (Mid: 712, RC:0)
1788188387: Received PUBLISH from gatewayd-imx6ull-gateway-m6-838 (d0, q1, r0, m713, 'vehicle/imx6ull-gateway-m6/telemetry/20260831T220718p0800-m6-lan-1000', ... (24282 bytes))
1788188387: Sending PUBLISH to auto-9ACF5720-ADDF-DD07-C4E8-67E9F83C7AFD (d0, q1, r0, m713, 'vehicle/imx6ull-gateway-m6/telemetry/20260831T220718p0800-m6-lan-1000', ... (24282 bytes))
1788188387: Sending PUBACK to gatewayd-imx6ull-gateway-m6-838 (m713, rc0)
1788188387: Received PUBACK from auto-9ACF5720-ADDF-DD07-C4E8-67E9F83C7AFD (Mid: 713, RC:0)
1788188388: Received PUBLISH from gatewayd-imx6ull-gateway-m6-838 (d0, q1, r0, m714, 'vehicle/imx6ull-gateway-m6/telemetry/20260831T220718p0800-m6-lan-1000', ... (24481 bytes))
1788188388: Sending PUBLISH to auto-9ACF5720-ADDF-DD07-C4E8-67E9F83C7AFD (d0, q1, r0, m714, 'vehicle/imx6ull-gateway-m6/telemetry/20260831T220718p0800-m6-lan-1000', ... (24481 bytes))
1788188388: Sending PUBACK to gatewayd-imx6ull-gateway-m6-838 (m714, rc0)
1788188388: Received PUBACK from auto-9ACF5720-ADDF-DD07-C4E8-67E9F83C7AFD (Mid: 714, RC:0)
1788188389: Received PUBLISH from gatewayd-imx6ull-gateway-m6-838 (d0, q1, r0, m715, 'vehicle/imx6ull-gateway-m6/telemetry/20260831T220718p0800-m6-lan-1000', ... (24656 bytes))
1788188389: Sending PUBLISH to auto-9ACF5720-ADDF-DD07-C4E8-67E9F83C7AFD (d0, q1, r0, m715, 'vehicle/imx6ull-gateway-m6/telemetry/20260831T220718p0800-m6-lan-1000', ... (24656 bytes))
1788188389: Sending PUBACK to gatewayd-imx6ull-gateway-m6-838 (m715, rc0)
1788188389: Received PUBACK from auto-9ACF5720-ADDF-DD07-C4E8-67E9F83C7AFD (Mid: 715, RC:0)
1788188390: Received PUBLISH from gatewayd-imx6ull-gateway-m6-838 (d0, q1, r0, m716, 'vehicle/imx6ull-gateway-m6/telemetry/20260831T220718p0800-m6-lan-1000', ... (24518 bytes))
1788188390: Sending PUBLISH to auto-9ACF5720-ADDF-DD07-C4E8-67E9F83C7AFD (d0, q1, r0, m716, 'vehicle/imx6ull-gateway-m6/telemetry/20260831T220718p0800-m6-lan-1000', ... (24518 bytes))
1788188390: Sending PUBACK to gatewayd-imx6ull-gateway-m6-838 (m716, rc0)
1788188390: Received PUBACK from auto-9ACF5720-ADDF-DD07-C4E8-67E9F83C7AFD (Mid: 716, RC:0)
1788188391: Received PUBLISH from gatewayd-imx6ull-gateway-m6-838 (d0, q1, r0, m717, 'vehicle/imx6ull-gateway-m6/telemetry/20260831T220718p0800-m6-lan-1000', ... (24636 bytes))
1788188391: Sending PUBLISH to auto-9ACF5720-ADDF-DD07-C4E8-67E9F83C7AFD (d0, q1, r0, m717, 'vehicle/imx6ull-gateway-m6/telemetry/20260831T220718p0800-m6-lan-1000', ... (24636 bytes))
1788188391: Sending PUBACK to gatewayd-imx6ull-gateway-m6-838 (m717, rc0)
1788188391: Received PUBACK from auto-9ACF5720-ADDF-DD07-C4E8-67E9F83C7AFD (Mid: 717, RC:0)
1788188392: Received PUBLISH from gatewayd-imx6ull-gateway-m6-838 (d0, q1, r0, m718, 'vehicle/imx6ull-gateway-m6/telemetry/20260831T220718p0800-m6-lan-1000', ... (24501 bytes))
1788188392: Sending PUBLISH to auto-9ACF5720-ADDF-DD07-C4E8-67E9F83C7AFD (d0, q1, r0, m718, 'vehicle/imx6ull-gateway-m6/telemetry/20260831T220718p0800-m6-lan-1000', ... (24501 bytes))
1788188392: Sending PUBACK to gatewayd-imx6ull-gateway-m6-838 (m718, rc0)
1788188392: Received PUBACK from auto-9ACF5720-ADDF-DD07-C4E8-67E9F83C7AFD (Mid: 718, RC:0)
1788188393: Received PUBLISH from gatewayd-imx6ull-gateway-m6-838 (d0, q1, r0, m719, 'vehicle/imx6ull-gateway-m6/telemetry/20260831T220718p0800-m6-lan-1000', ... (24473 bytes))
1788188393: Sending PUBLISH to auto-9ACF5720-ADDF-DD07-C4E8-67E9F83C7AFD (d0, q1, r0, m719, 'vehicle/imx6ull-gateway-m6/telemetry/20260831T220718p0800-m6-lan-1000', ... (24473 bytes))
1788188393: Sending PUBACK to gatewayd-imx6ull-gateway-m6-838 (m719, rc0)
1788188393: Received PUBACK from auto-9ACF5720-ADDF-DD07-C4E8-67E9F83C7AFD (Mid: 719, RC:0)
1788188394: Received PUBLISH from gatewayd-imx6ull-gateway-m6-838 (d0, q1, r0, m720, 'vehicle/imx6ull-gateway-m6/telemetry/20260831T220718p0800-m6-lan-1000', ... (24664 bytes))
1788188394: Sending PUBLISH to auto-9ACF5720-ADDF-DD07-C4E8-67E9F83C7AFD (d0, q1, r0, m720, 'vehicle/imx6ull-gateway-m6/telemetry/20260831T220718p0800-m6-lan-1000', ... (24664 bytes))
1788188394: Sending PUBACK to gatewayd-imx6ull-gateway-m6-838 (m720, rc0)
1788188394: Received PUBACK from auto-9ACF5720-ADDF-DD07-C4E8-67E9F83C7AFD (Mid: 720, RC:0)
1788188395: Received PUBLISH from gatewayd-imx6ull-gateway-m6-838 (d0, q1, r0, m721, 'vehicle/imx6ull-gateway-m6/telemetry/20260831T220718p0800-m6-lan-1000', ... (24524 bytes))
1788188395: Sending PUBLISH to auto-9ACF5720-ADDF-DD07-C4E8-67E9F83C7AFD (d0, q1, r0, m721, 'vehicle/imx6ull-gateway-m6/telemetry/20260831T220718p0800-m6-lan-1000', ... (24524 bytes))
1788188395: Sending PUBACK to gatewayd-imx6ull-gateway-m6-838 (m721, rc0)
1788188395: Received PUBACK from auto-9ACF5720-ADDF-DD07-C4E8-67E9F83C7AFD (Mid: 721, RC:0)
1788188396: Received PUBLISH from gatewayd-imx6ull-gateway-m6-838 (d0, q1, r0, m722, 'vehicle/imx6ull-gateway-m6/telemetry/20260831T220718p0800-m6-lan-1000', ... (24639 bytes))
1788188396: Sending PUBLISH to auto-9ACF5720-ADDF-DD07-C4E8-67E9F83C7AFD (d0, q1, r0, m722, 'vehicle/imx6ull-gateway-m6/telemetry/20260831T220718p0800-m6-lan-1000', ... (24639 bytes))
1788188396: Sending PUBACK to gatewayd-imx6ull-gateway-m6-838 (m722, rc0)
1788188396: Received PUBACK from auto-9ACF5720-ADDF-DD07-C4E8-67E9F83C7AFD (Mid: 722, RC:0)
1788188397: Received PUBLISH from gatewayd-imx6ull-gateway-m6-838 (d0, q1, r0, m723, 'vehicle/imx6ull-gateway-m6/telemetry/20260831T220718p0800-m6-lan-1000', ... (24519 bytes))
1788188397: Sending PUBLISH to auto-9ACF5720-ADDF-DD07-C4E8-67E9F83C7AFD (d0, q1, r0, m723, 'vehicle/imx6ull-gateway-m6/telemetry/20260831T220718p0800-m6-lan-1000', ... (24519 bytes))
1788188397: Sending PUBACK to gatewayd-imx6ull-gateway-m6-838 (m723, rc0)
1788188397: Received PUBACK from auto-9ACF5720-ADDF-DD07-C4E8-67E9F83C7AFD (Mid: 723, RC:0)
1788188398: Received PUBLISH from gatewayd-imx6ull-gateway-m6-838 (d0, q1, r0, m724, 'vehicle/imx6ull-gateway-m6/telemetry/20260831T220718p0800-m6-lan-1000', ... (24475 bytes))
1788188398: Sending PUBLISH to auto-9ACF5720-ADDF-DD07-C4E8-67E9F83C7AFD (d0, q1, r0, m724, 'vehicle/imx6ull-gateway-m6/telemetry/20260831T220718p0800-m6-lan-1000', ... (24475 bytes))
1788188398: Sending PUBACK to gatewayd-imx6ull-gateway-m6-838 (m724, rc0)
1788188398: Received PUBACK from auto-9ACF5720-ADDF-DD07-C4E8-67E9F83C7AFD (Mid: 724, RC:0)
1788188399: Received PUBLISH from gatewayd-imx6ull-gateway-m6-838 (d0, q1, r0, m725, 'vehicle/imx6ull-gateway-m6/telemetry/20260831T220718p0800-m6-lan-1000', ... (24683 bytes))
1788188399: Sending PUBLISH to auto-9ACF5720-ADDF-DD07-C4E8-67E9F83C7AFD (d0, q1, r0, m725, 'vehicle/imx6ull-gateway-m6/telemetry/20260831T220718p0800-m6-lan-1000', ... (24683 bytes))
1788188399: Sending PUBACK to gatewayd-imx6ull-gateway-m6-838 (m725, rc0)
1788188399: Received PUBACK from auto-9ACF5720-ADDF-DD07-C4E8-67E9F83C7AFD (Mid: 725, RC:0)
1788188400: Received PUBLISH from gatewayd-imx6ull-gateway-m6-838 (d0, q1, r0, m726, 'vehicle/imx6ull-gateway-m6/telemetry/20260831T220718p0800-m6-lan-1000', ... (24528 bytes))
1788188400: Sending PUBLISH to auto-9ACF5720-ADDF-DD07-C4E8-67E9F83C7AFD (d0, q1, r0, m726, 'vehicle/imx6ull-gateway-m6/telemetry/20260831T220718p0800-m6-lan-1000', ... (24528 bytes))
1788188400: Sending PUBACK to gatewayd-imx6ull-gateway-m6-838 (m726, rc0)
1788188400: Received PUBACK from auto-9ACF5720-ADDF-DD07-C4E8-67E9F83C7AFD (Mid: 726, RC:0)
1788188401: Received PUBLISH from gatewayd-imx6ull-gateway-m6-838 (d0, q1, r0, m727, 'vehicle/imx6ull-gateway-m6/telemetry/20260831T220718p0800-m6-lan-1000', ... (24631 bytes))
1788188401: Sending PUBLISH to auto-9ACF5720-ADDF-DD07-C4E8-67E9F83C7AFD (d0, q1, r0, m727, 'vehicle/imx6ull-gateway-m6/telemetry/20260831T220718p0800-m6-lan-1000', ... (24631 bytes))
1788188401: Sending PUBACK to gatewayd-imx6ull-gateway-m6-838 (m727, rc0)
1788188401: Received PUBACK from auto-9ACF5720-ADDF-DD07-C4E8-67E9F83C7AFD (Mid: 727, RC:0)
1788188402: Received PUBLISH from gatewayd-imx6ull-gateway-m6-838 (d0, q1, r0, m728, 'vehicle/imx6ull-gateway-m6/telemetry/20260831T220718p0800-m6-lan-1000', ... (24527 bytes))
1788188402: Sending PUBLISH to auto-9ACF5720-ADDF-DD07-C4E8-67E9F83C7AFD (d0, q1, r0, m728, 'vehicle/imx6ull-gateway-m6/telemetry/20260831T220718p0800-m6-lan-1000', ... (24527 bytes))
1788188402: Sending PUBACK to gatewayd-imx6ull-gateway-m6-838 (m728, rc0)
1788188402: Received PUBACK from auto-9ACF5720-ADDF-DD07-C4E8-67E9F83C7AFD (Mid: 728, RC:0)
1788188404: Received PUBLISH from gatewayd-imx6ull-gateway-m6-838 (d0, q1, r0, m729, 'vehicle/imx6ull-gateway-m6/telemetry/20260831T220718p0800-m6-lan-1000', ... (24467 bytes))
1788188404: Sending PUBLISH to auto-9ACF5720-ADDF-DD07-C4E8-67E9F83C7AFD (d0, q1, r0, m729, 'vehicle/imx6ull-gateway-m6/telemetry/20260831T220718p0800-m6-lan-1000', ... (24467 bytes))
1788188404: Sending PUBACK to gatewayd-imx6ull-gateway-m6-838 (m729, rc0)
1788188404: Received PUBACK from auto-9ACF5720-ADDF-DD07-C4E8-67E9F83C7AFD (Mid: 729, RC:0)
1788188405: Received PUBLISH from gatewayd-imx6ull-gateway-m6-838 (d0, q1, r0, m730, 'vehicle/imx6ull-gateway-m6/telemetry/20260831T220718p0800-m6-lan-1000', ... (24903 bytes))
1788188405: Sending PUBLISH to auto-9ACF5720-ADDF-DD07-C4E8-67E9F83C7AFD (d0, q1, r0, m730, 'vehicle/imx6ull-gateway-m6/telemetry/20260831T220718p0800-m6-lan-1000', ... (24903 bytes))
1788188405: Sending PUBACK to gatewayd-imx6ull-gateway-m6-838 (m730, rc0)
1788188405: Received PUBACK from auto-9ACF5720-ADDF-DD07-C4E8-67E9F83C7AFD (Mid: 730, RC:0)
1788188406: Received PUBLISH from gatewayd-imx6ull-gateway-m6-838 (d0, q1, r0, m731, 'vehicle/imx6ull-gateway-m6/telemetry/20260831T220718p0800-m6-lan-1000', ... (24732 bytes))
1788188406: Sending PUBLISH to auto-9ACF5720-ADDF-DD07-C4E8-67E9F83C7AFD (d0, q1, r0, m731, 'vehicle/imx6ull-gateway-m6/telemetry/20260831T220718p0800-m6-lan-1000', ... (24732 bytes))
1788188406: Sending PUBACK to gatewayd-imx6ull-gateway-m6-838 (m731, rc0)
1788188406: Received PUBACK from auto-9ACF5720-ADDF-DD07-C4E8-67E9F83C7AFD (Mid: 731, RC:0)
1788188407: Received PUBLISH from gatewayd-imx6ull-gateway-m6-838 (d0, q1, r0, m732, 'vehicle/imx6ull-gateway-m6/telemetry/20260831T220718p0800-m6-lan-1000', ... (24638 bytes))
1788188407: Sending PUBLISH to auto-9ACF5720-ADDF-DD07-C4E8-67E9F83C7AFD (d0, q1, r0, m732, 'vehicle/imx6ull-gateway-m6/telemetry/20260831T220718p0800-m6-lan-1000', ... (24638 bytes))
1788188407: Sending PUBACK to gatewayd-imx6ull-gateway-m6-838 (m732, rc0)
1788188407: Received PUBACK from auto-9ACF5720-ADDF-DD07-C4E8-67E9F83C7AFD (Mid: 732, RC:0)
1788188408: Received PUBLISH from gatewayd-imx6ull-gateway-m6-838 (d0, q1, r0, m733, 'vehicle/imx6ull-gateway-m6/telemetry/20260831T220718p0800-m6-lan-1000', ... (24314 bytes))
1788188408: Sending PUBLISH to auto-9ACF5720-ADDF-DD07-C4E8-67E9F83C7AFD (d0, q1, r0, m733, 'vehicle/imx6ull-gateway-m6/telemetry/20260831T220718p0800-m6-lan-1000', ... (24314 bytes))
1788188408: Sending PUBACK to gatewayd-imx6ull-gateway-m6-838 (m733, rc0)
1788188408: Received PUBACK from auto-9ACF5720-ADDF-DD07-C4E8-67E9F83C7AFD (Mid: 733, RC:0)
1788188409: Received PUBLISH from gatewayd-imx6ull-gateway-m6-838 (d0, q1, r0, m734, 'vehicle/imx6ull-gateway-m6/telemetry/20260831T220718p0800-m6-lan-1000', ... (24457 bytes))
1788188409: Sending PUBLISH to auto-9ACF5720-ADDF-DD07-C4E8-67E9F83C7AFD (d0, q1, r0, m734, 'vehicle/imx6ull-gateway-m6/telemetry/20260831T220718p0800-m6-lan-1000', ... (24457 bytes))
1788188409: Sending PUBACK to gatewayd-imx6ull-gateway-m6-838 (m734, rc0)
1788188409: Received PUBACK from auto-9ACF5720-ADDF-DD07-C4E8-67E9F83C7AFD (Mid: 734, RC:0)
1788188410: Received PUBLISH from gatewayd-imx6ull-gateway-m6-838 (d0, q1, r0, m735, 'vehicle/imx6ull-gateway-m6/telemetry/20260831T220718p0800-m6-lan-1000', ... (24485 bytes))
1788188410: Sending PUBLISH to auto-9ACF5720-ADDF-DD07-C4E8-67E9F83C7AFD (d0, q1, r0, m735, 'vehicle/imx6ull-gateway-m6/telemetry/20260831T220718p0800-m6-lan-1000', ... (24485 bytes))
1788188410: Sending PUBACK to gatewayd-imx6ull-gateway-m6-838 (m735, rc0)
1788188410: Received PUBACK from auto-9ACF5720-ADDF-DD07-C4E8-67E9F83C7AFD (Mid: 735, RC:0)
1788188411: Received PUBLISH from gatewayd-imx6ull-gateway-m6-838 (d0, q1, r0, m736, 'vehicle/imx6ull-gateway-m6/telemetry/20260831T220718p0800-m6-lan-1000', ... (24494 bytes))
1788188411: Sending PUBLISH to auto-9ACF5720-ADDF-DD07-C4E8-67E9F83C7AFD (d0, q1, r0, m736, 'vehicle/imx6ull-gateway-m6/telemetry/20260831T220718p0800-m6-lan-1000', ... (24494 bytes))
1788188411: Sending PUBACK to gatewayd-imx6ull-gateway-m6-838 (m736, rc0)
1788188411: Received PUBACK from auto-9ACF5720-ADDF-DD07-C4E8-67E9F83C7AFD (Mid: 736, RC:0)
1788188412: Received PUBLISH from gatewayd-imx6ull-gateway-m6-838 (d0, q1, r0, m737, 'vehicle/imx6ull-gateway-m6/telemetry/20260831T220718p0800-m6-lan-1000', ... (24633 bytes))
1788188412: Sending PUBLISH to auto-9ACF5720-ADDF-DD07-C4E8-67E9F83C7AFD (d0, q1, r0, m737, 'vehicle/imx6ull-gateway-m6/telemetry/20260831T220718p0800-m6-lan-1000', ... (24633 bytes))
1788188412: Sending PUBACK to gatewayd-imx6ull-gateway-m6-838 (m737, rc0)
1788188412: Received PUBACK from auto-9ACF5720-ADDF-DD07-C4E8-67E9F83C7AFD (Mid: 737, RC:0)
1788188413: Received PUBLISH from gatewayd-imx6ull-gateway-m6-838 (d0, q1, r0, m738, 'vehicle/imx6ull-gateway-m6/telemetry/20260831T220718p0800-m6-lan-1000', ... (24516 bytes))
1788188413: Sending PUBLISH to auto-9ACF5720-ADDF-DD07-C4E8-67E9F83C7AFD (d0, q1, r0, m738, 'vehicle/imx6ull-gateway-m6/telemetry/20260831T220718p0800-m6-lan-1000', ... (24516 bytes))
1788188413: Sending PUBACK to gatewayd-imx6ull-gateway-m6-838 (m738, rc0)
1788188413: Received PUBACK from auto-9ACF5720-ADDF-DD07-C4E8-67E9F83C7AFD (Mid: 738, RC:0)
1788188414: Received PUBLISH from gatewayd-imx6ull-gateway-m6-838 (d0, q1, r0, m739, 'vehicle/imx6ull-gateway-m6/telemetry/20260831T220718p0800-m6-lan-1000', ... (24440 bytes))
1788188414: Sending PUBLISH to auto-9ACF5720-ADDF-DD07-C4E8-67E9F83C7AFD (d0, q1, r0, m739, 'vehicle/imx6ull-gateway-m6/telemetry/20260831T220718p0800-m6-lan-1000', ... (24440 bytes))
1788188414: Sending PUBACK to gatewayd-imx6ull-gateway-m6-838 (m739, rc0)
1788188414: Received PUBACK from auto-9ACF5720-ADDF-DD07-C4E8-67E9F83C7AFD (Mid: 739, RC:0)
1788188415: Received PUBLISH from gatewayd-imx6ull-gateway-m6-838 (d0, q1, r0, m740, 'vehicle/imx6ull-gateway-m6/telemetry/20260831T220718p0800-m6-lan-1000', ... (24693 bytes))
1788188415: Sending PUBLISH to auto-9ACF5720-ADDF-DD07-C4E8-67E9F83C7AFD (d0, q1, r0, m740, 'vehicle/imx6ull-gateway-m6/telemetry/20260831T220718p0800-m6-lan-1000', ... (24693 bytes))
1788188415: Sending PUBACK to gatewayd-imx6ull-gateway-m6-838 (m740, rc0)
1788188415: Received PUBACK from auto-9ACF5720-ADDF-DD07-C4E8-67E9F83C7AFD (Mid: 740, RC:0)
1788188416: Received PUBLISH from gatewayd-imx6ull-gateway-m6-838 (d0, q1, r0, m741, 'vehicle/imx6ull-gateway-m6/telemetry/20260831T220718p0800-m6-lan-1000', ... (24277 bytes))
1788188416: Sending PUBLISH to auto-9ACF5720-ADDF-DD07-C4E8-67E9F83C7AFD (d0, q1, r0, m741, 'vehicle/imx6ull-gateway-m6/telemetry/20260831T220718p0800-m6-lan-1000', ... (24277 bytes))
1788188416: Sending PUBACK to gatewayd-imx6ull-gateway-m6-838 (m741, rc0)
1788188416: Received PUBACK from auto-9ACF5720-ADDF-DD07-C4E8-67E9F83C7AFD (Mid: 741, RC:0)
1788188417: Received PUBLISH from gatewayd-imx6ull-gateway-m6-838 (d0, q1, r0, m742, 'vehicle/imx6ull-gateway-m6/telemetry/20260831T220718p0800-m6-lan-1000', ... (24433 bytes))
1788188417: Sending PUBLISH to auto-9ACF5720-ADDF-DD07-C4E8-67E9F83C7AFD (d0, q1, r0, m742, 'vehicle/imx6ull-gateway-m6/telemetry/20260831T220718p0800-m6-lan-1000', ... (24433 bytes))
1788188417: Sending PUBACK to gatewayd-imx6ull-gateway-m6-838 (m742, rc0)
1788188417: Received PUBACK from auto-9ACF5720-ADDF-DD07-C4E8-67E9F83C7AFD (Mid: 742, RC:0)
1788188418: Received PUBLISH from gatewayd-imx6ull-gateway-m6-838 (d0, q1, r0, m743, 'vehicle/imx6ull-gateway-m6/telemetry/20260831T220718p0800-m6-lan-1000', ... (24728 bytes))
1788188418: Sending PUBLISH to auto-9ACF5720-ADDF-DD07-C4E8-67E9F83C7AFD (d0, q1, r0, m743, 'vehicle/imx6ull-gateway-m6/telemetry/20260831T220718p0800-m6-lan-1000', ... (24728 bytes))
1788188418: Sending PUBACK to gatewayd-imx6ull-gateway-m6-838 (m743, rc0)
1788188418: Received PUBACK from auto-9ACF5720-ADDF-DD07-C4E8-67E9F83C7AFD (Mid: 743, RC:0)
1788188419: Received PUBLISH from gatewayd-imx6ull-gateway-m6-838 (d0, q1, r0, m744, 'vehicle/imx6ull-gateway-m6/telemetry/20260831T220718p0800-m6-lan-1000', ... (24434 bytes))
1788188419: Sending PUBLISH to auto-9ACF5720-ADDF-DD07-C4E8-67E9F83C7AFD (d0, q1, r0, m744, 'vehicle/imx6ull-gateway-m6/telemetry/20260831T220718p0800-m6-lan-1000', ... (24434 bytes))
1788188419: Sending PUBACK to gatewayd-imx6ull-gateway-m6-838 (m744, rc0)
1788188419: Received PUBACK from auto-9ACF5720-ADDF-DD07-C4E8-67E9F83C7AFD (Mid: 744, RC:0)
1788188420: Received PUBLISH from gatewayd-imx6ull-gateway-m6-838 (d0, q1, r0, m745, 'vehicle/imx6ull-gateway-m6/telemetry/20260831T220718p0800-m6-lan-1000', ... (24489 bytes))
1788188420: Sending PUBLISH to auto-9ACF5720-ADDF-DD07-C4E8-67E9F83C7AFD (d0, q1, r0, m745, 'vehicle/imx6ull-gateway-m6/telemetry/20260831T220718p0800-m6-lan-1000', ... (24489 bytes))
1788188420: Sending PUBACK to gatewayd-imx6ull-gateway-m6-838 (m745, rc0)
1788188420: Received PUBACK from auto-9ACF5720-ADDF-DD07-C4E8-67E9F83C7AFD (Mid: 745, RC:0)
1788188421: Received PUBLISH from gatewayd-imx6ull-gateway-m6-838 (d0, q1, r0, m746, 'vehicle/imx6ull-gateway-m6/telemetry/20260831T220718p0800-m6-lan-1000', ... (24493 bytes))
1788188421: Sending PUBLISH to auto-9ACF5720-ADDF-DD07-C4E8-67E9F83C7AFD (d0, q1, r0, m746, 'vehicle/imx6ull-gateway-m6/telemetry/20260831T220718p0800-m6-lan-1000', ... (24493 bytes))
1788188421: Sending PUBACK to gatewayd-imx6ull-gateway-m6-838 (m746, rc0)
1788188421: Received PUBACK from auto-9ACF5720-ADDF-DD07-C4E8-67E9F83C7AFD (Mid: 746, RC:0)
1788188422: Received PUBLISH from gatewayd-imx6ull-gateway-m6-838 (d0, q1, r0, m747, 'vehicle/imx6ull-gateway-m6/telemetry/20260831T220718p0800-m6-lan-1000', ... (24451 bytes))
1788188422: Sending PUBLISH to auto-9ACF5720-ADDF-DD07-C4E8-67E9F83C7AFD (d0, q1, r0, m747, 'vehicle/imx6ull-gateway-m6/telemetry/20260831T220718p0800-m6-lan-1000', ... (24451 bytes))
1788188422: Sending PUBACK to gatewayd-imx6ull-gateway-m6-838 (m747, rc0)
1788188422: Received PUBACK from auto-9ACF5720-ADDF-DD07-C4E8-67E9F83C7AFD (Mid: 747, RC:0)
1788188423: Received PUBLISH from gatewayd-imx6ull-gateway-m6-838 (d0, q1, r0, m748, 'vehicle/imx6ull-gateway-m6/telemetry/20260831T220718p0800-m6-lan-1000', ... (24739 bytes))
1788188423: Sending PUBLISH to auto-9ACF5720-ADDF-DD07-C4E8-67E9F83C7AFD (d0, q1, r0, m748, 'vehicle/imx6ull-gateway-m6/telemetry/20260831T220718p0800-m6-lan-1000', ... (24739 bytes))
1788188423: Sending PUBACK to gatewayd-imx6ull-gateway-m6-838 (m748, rc0)
1788188423: Received PUBACK from auto-9ACF5720-ADDF-DD07-C4E8-67E9F83C7AFD (Mid: 748, RC:0)
1788188424: Received PUBLISH from gatewayd-imx6ull-gateway-m6-838 (d0, q1, r0, m749, 'vehicle/imx6ull-gateway-m6/telemetry/20260831T220718p0800-m6-lan-1000', ... (24226 bytes))
1788188424: Sending PUBLISH to auto-9ACF5720-ADDF-DD07-C4E8-67E9F83C7AFD (d0, q1, r0, m749, 'vehicle/imx6ull-gateway-m6/telemetry/20260831T220718p0800-m6-lan-1000', ... (24226 bytes))
1788188424: Sending PUBACK to gatewayd-imx6ull-gateway-m6-838 (m749, rc0)
1788188424: Received PUBACK from auto-9ACF5720-ADDF-DD07-C4E8-67E9F83C7AFD (Mid: 749, RC:0)
1788188425: Received PUBLISH from gatewayd-imx6ull-gateway-m6-838 (d0, q1, r0, m750, 'vehicle/imx6ull-gateway-m6/telemetry/20260831T220718p0800-m6-lan-1000', ... (24506 bytes))
1788188425: Sending PUBLISH to auto-9ACF5720-ADDF-DD07-C4E8-67E9F83C7AFD (d0, q1, r0, m750, 'vehicle/imx6ull-gateway-m6/telemetry/20260831T220718p0800-m6-lan-1000', ... (24506 bytes))
1788188425: Sending PUBACK to gatewayd-imx6ull-gateway-m6-838 (m750, rc0)
1788188425: Received PUBACK from auto-9ACF5720-ADDF-DD07-C4E8-67E9F83C7AFD (Mid: 750, RC:0)
1788188426: Received PUBLISH from gatewayd-imx6ull-gateway-m6-838 (d0, q1, r0, m751, 'vehicle/imx6ull-gateway-m6/telemetry/20260831T220718p0800-m6-lan-1000', ... (24698 bytes))
1788188426: Sending PUBLISH to auto-9ACF5720-ADDF-DD07-C4E8-67E9F83C7AFD (d0, q1, r0, m751, 'vehicle/imx6ull-gateway-m6/telemetry/20260831T220718p0800-m6-lan-1000', ... (24698 bytes))
1788188426: Sending PUBACK to gatewayd-imx6ull-gateway-m6-838 (m751, rc0)
1788188426: Received PUBACK from auto-9ACF5720-ADDF-DD07-C4E8-67E9F83C7AFD (Mid: 751, RC:0)
1788188427: Received PUBLISH from gatewayd-imx6ull-gateway-m6-838 (d0, q1, r0, m752, 'vehicle/imx6ull-gateway-m6/telemetry/20260831T220718p0800-m6-lan-1000', ... (24458 bytes))
1788188427: Sending PUBLISH to auto-9ACF5720-ADDF-DD07-C4E8-67E9F83C7AFD (d0, q1, r0, m752, 'vehicle/imx6ull-gateway-m6/telemetry/20260831T220718p0800-m6-lan-1000', ... (24458 bytes))
1788188427: Sending PUBACK to gatewayd-imx6ull-gateway-m6-838 (m752, rc0)
1788188427: Received PUBACK from auto-9ACF5720-ADDF-DD07-C4E8-67E9F83C7AFD (Mid: 752, RC:0)
1788188428: Received PUBLISH from gatewayd-imx6ull-gateway-m6-838 (d0, q1, r0, m753, 'vehicle/imx6ull-gateway-m6/telemetry/20260831T220718p0800-m6-lan-1000', ... (25587 bytes))
1788188428: Sending PUBLISH to auto-9ACF5720-ADDF-DD07-C4E8-67E9F83C7AFD (d0, q1, r0, m753, 'vehicle/imx6ull-gateway-m6/telemetry/20260831T220718p0800-m6-lan-1000', ... (25587 bytes))
1788188428: Sending PUBACK to gatewayd-imx6ull-gateway-m6-838 (m753, rc0)
1788188428: Received PUBACK from auto-9ACF5720-ADDF-DD07-C4E8-67E9F83C7AFD (Mid: 753, RC:0)
1788188430: Received PUBLISH from gatewayd-imx6ull-gateway-m6-838 (d0, q1, r0, m754, 'vehicle/imx6ull-gateway-m6/telemetry/20260831T220718p0800-m6-lan-1000', ... (24426 bytes))
1788188430: Sending PUBLISH to auto-9ACF5720-ADDF-DD07-C4E8-67E9F83C7AFD (d0, q1, r0, m754, 'vehicle/imx6ull-gateway-m6/telemetry/20260831T220718p0800-m6-lan-1000', ... (24426 bytes))
1788188430: Sending PUBACK to gatewayd-imx6ull-gateway-m6-838 (m754, rc0)
1788188430: Received PUBACK from auto-9ACF5720-ADDF-DD07-C4E8-67E9F83C7AFD (Mid: 754, RC:0)
1788188431: Received PUBLISH from gatewayd-imx6ull-gateway-m6-838 (d0, q1, r0, m755, 'vehicle/imx6ull-gateway-m6/telemetry/20260831T220718p0800-m6-lan-1000', ... (24941 bytes))
1788188431: Sending PUBLISH to auto-9ACF5720-ADDF-DD07-C4E8-67E9F83C7AFD (d0, q1, r0, m755, 'vehicle/imx6ull-gateway-m6/telemetry/20260831T220718p0800-m6-lan-1000', ... (24941 bytes))
1788188431: Sending PUBACK to gatewayd-imx6ull-gateway-m6-838 (m755, rc0)
1788188431: Received PUBACK from auto-9ACF5720-ADDF-DD07-C4E8-67E9F83C7AFD (Mid: 755, RC:0)
1788188432: Received PUBLISH from gatewayd-imx6ull-gateway-m6-838 (d0, q1, r0, m756, 'vehicle/imx6ull-gateway-m6/telemetry/20260831T220718p0800-m6-lan-1000', ... (24474 bytes))
1788188432: Sending PUBLISH to auto-9ACF5720-ADDF-DD07-C4E8-67E9F83C7AFD (d0, q1, r0, m756, 'vehicle/imx6ull-gateway-m6/telemetry/20260831T220718p0800-m6-lan-1000', ... (24474 bytes))
1788188432: Sending PUBACK to gatewayd-imx6ull-gateway-m6-838 (m756, rc0)
1788188432: Received PUBACK from auto-9ACF5720-ADDF-DD07-C4E8-67E9F83C7AFD (Mid: 756, RC:0)
1788188433: Received PUBLISH from gatewayd-imx6ull-gateway-m6-838 (d0, q1, r0, m757, 'vehicle/imx6ull-gateway-m6/telemetry/20260831T220718p0800-m6-lan-1000', ... (24682 bytes))
1788188433: Sending PUBLISH to auto-9ACF5720-ADDF-DD07-C4E8-67E9F83C7AFD (d0, q1, r0, m757, 'vehicle/imx6ull-gateway-m6/telemetry/20260831T220718p0800-m6-lan-1000', ... (24682 bytes))
1788188433: Sending PUBACK to gatewayd-imx6ull-gateway-m6-838 (m757, rc0)
1788188433: Received PUBACK from auto-9ACF5720-ADDF-DD07-C4E8-67E9F83C7AFD (Mid: 757, RC:0)
1788188434: Received PUBLISH from gatewayd-imx6ull-gateway-m6-838 (d0, q1, r0, m758, 'vehicle/imx6ull-gateway-m6/telemetry/20260831T220718p0800-m6-lan-1000', ... (24527 bytes))
1788188434: Sending PUBLISH to auto-9ACF5720-ADDF-DD07-C4E8-67E9F83C7AFD (d0, q1, r0, m758, 'vehicle/imx6ull-gateway-m6/telemetry/20260831T220718p0800-m6-lan-1000', ... (24527 bytes))
1788188434: Sending PUBACK to gatewayd-imx6ull-gateway-m6-838 (m758, rc0)
1788188434: Received PUBACK from auto-9ACF5720-ADDF-DD07-C4E8-67E9F83C7AFD (Mid: 758, RC:0)
1788188435: Received PUBLISH from gatewayd-imx6ull-gateway-m6-838 (d0, q1, r0, m759, 'vehicle/imx6ull-gateway-m6/telemetry/20260831T220718p0800-m6-lan-1000', ... (24418 bytes))
1788188435: Sending PUBLISH to auto-9ACF5720-ADDF-DD07-C4E8-67E9F83C7AFD (d0, q1, r0, m759, 'vehicle/imx6ull-gateway-m6/telemetry/20260831T220718p0800-m6-lan-1000', ... (24418 bytes))
1788188435: Sending PUBACK to gatewayd-imx6ull-gateway-m6-838 (m759, rc0)
1788188435: Received PUBACK from auto-9ACF5720-ADDF-DD07-C4E8-67E9F83C7AFD (Mid: 759, RC:0)
1788188436: Received PUBLISH from gatewayd-imx6ull-gateway-m6-838 (d0, q1, r0, m760, 'vehicle/imx6ull-gateway-m6/telemetry/20260831T220718p0800-m6-lan-1000', ... (24738 bytes))
1788188436: Sending PUBLISH to auto-9ACF5720-ADDF-DD07-C4E8-67E9F83C7AFD (d0, q1, r0, m760, 'vehicle/imx6ull-gateway-m6/telemetry/20260831T220718p0800-m6-lan-1000', ... (24738 bytes))
1788188436: Sending PUBACK to gatewayd-imx6ull-gateway-m6-838 (m760, rc0)
1788188436: Received PUBACK from auto-9ACF5720-ADDF-DD07-C4E8-67E9F83C7AFD (Mid: 760, RC:0)
1788188437: Received PUBLISH from gatewayd-imx6ull-gateway-m6-838 (d0, q1, r0, m761, 'vehicle/imx6ull-gateway-m6/telemetry/20260831T220718p0800-m6-lan-1000', ... (24446 bytes))
1788188437: Sending PUBLISH to auto-9ACF5720-ADDF-DD07-C4E8-67E9F83C7AFD (d0, q1, r0, m761, 'vehicle/imx6ull-gateway-m6/telemetry/20260831T220718p0800-m6-lan-1000', ... (24446 bytes))
1788188437: Sending PUBACK to gatewayd-imx6ull-gateway-m6-838 (m761, rc0)
1788188437: Received PUBACK from auto-9ACF5720-ADDF-DD07-C4E8-67E9F83C7AFD (Mid: 761, RC:0)
1788188438: Received PUBLISH from gatewayd-imx6ull-gateway-m6-838 (d0, q1, r0, m762, 'vehicle/imx6ull-gateway-m6/telemetry/20260831T220718p0800-m6-lan-1000', ... (24679 bytes))
1788188438: Sending PUBLISH to auto-9ACF5720-ADDF-DD07-C4E8-67E9F83C7AFD (d0, q1, r0, m762, 'vehicle/imx6ull-gateway-m6/telemetry/20260831T220718p0800-m6-lan-1000', ... (24679 bytes))
1788188438: Sending PUBACK to gatewayd-imx6ull-gateway-m6-838 (m762, rc0)
1788188438: Received PUBACK from auto-9ACF5720-ADDF-DD07-C4E8-67E9F83C7AFD (Mid: 762, RC:0)
1788188439: Received PUBLISH from gatewayd-imx6ull-gateway-m6-838 (d0, q1, r0, m763, 'vehicle/imx6ull-gateway-m6/telemetry/20260831T220718p0800-m6-lan-1000', ... (24511 bytes))
1788188439: Sending PUBLISH to auto-9ACF5720-ADDF-DD07-C4E8-67E9F83C7AFD (d0, q1, r0, m763, 'vehicle/imx6ull-gateway-m6/telemetry/20260831T220718p0800-m6-lan-1000', ... (24511 bytes))
1788188439: Sending PUBACK to gatewayd-imx6ull-gateway-m6-838 (m763, rc0)
1788188439: Received PUBACK from auto-9ACF5720-ADDF-DD07-C4E8-67E9F83C7AFD (Mid: 763, RC:0)
1788188440: Received PUBLISH from gatewayd-imx6ull-gateway-m6-838 (d0, q1, r0, m764, 'vehicle/imx6ull-gateway-m6/telemetry/20260831T220718p0800-m6-lan-1000', ... (24413 bytes))
1788188440: Sending PUBLISH to auto-9ACF5720-ADDF-DD07-C4E8-67E9F83C7AFD (d0, q1, r0, m764, 'vehicle/imx6ull-gateway-m6/telemetry/20260831T220718p0800-m6-lan-1000', ... (24413 bytes))
1788188440: Sending PUBACK to gatewayd-imx6ull-gateway-m6-838 (m764, rc0)
1788188440: Received PUBACK from auto-9ACF5720-ADDF-DD07-C4E8-67E9F83C7AFD (Mid: 764, RC:0)
1788188441: Received PUBLISH from gatewayd-imx6ull-gateway-m6-838 (d0, q1, r0, m765, 'vehicle/imx6ull-gateway-m6/telemetry/20260831T220718p0800-m6-lan-1000', ... (24728 bytes))
1788188441: Sending PUBLISH to auto-9ACF5720-ADDF-DD07-C4E8-67E9F83C7AFD (d0, q1, r0, m765, 'vehicle/imx6ull-gateway-m6/telemetry/20260831T220718p0800-m6-lan-1000', ... (24728 bytes))
1788188441: Sending PUBACK to gatewayd-imx6ull-gateway-m6-838 (m765, rc0)
1788188441: Received PUBACK from auto-9ACF5720-ADDF-DD07-C4E8-67E9F83C7AFD (Mid: 765, RC:0)
1788188442: Received PUBLISH from gatewayd-imx6ull-gateway-m6-838 (d0, q1, r0, m766, 'vehicle/imx6ull-gateway-m6/telemetry/20260831T220718p0800-m6-lan-1000', ... (24448 bytes))
1788188442: Sending PUBLISH to auto-9ACF5720-ADDF-DD07-C4E8-67E9F83C7AFD (d0, q1, r0, m766, 'vehicle/imx6ull-gateway-m6/telemetry/20260831T220718p0800-m6-lan-1000', ... (24448 bytes))
1788188442: Sending PUBACK to gatewayd-imx6ull-gateway-m6-838 (m766, rc0)
1788188442: Received PUBACK from auto-9ACF5720-ADDF-DD07-C4E8-67E9F83C7AFD (Mid: 766, RC:0)
1788188443: Received PUBLISH from gatewayd-imx6ull-gateway-m6-838 (d0, q1, r0, m767, 'vehicle/imx6ull-gateway-m6/telemetry/20260831T220718p0800-m6-lan-1000', ... (24687 bytes))
1788188443: Sending PUBLISH to auto-9ACF5720-ADDF-DD07-C4E8-67E9F83C7AFD (d0, q1, r0, m767, 'vehicle/imx6ull-gateway-m6/telemetry/20260831T220718p0800-m6-lan-1000', ... (24687 bytes))
1788188443: Sending PUBACK to gatewayd-imx6ull-gateway-m6-838 (m767, rc0)
1788188443: Received PUBACK from auto-9ACF5720-ADDF-DD07-C4E8-67E9F83C7AFD (Mid: 767, RC:0)
1788188444: Received PUBLISH from gatewayd-imx6ull-gateway-m6-838 (d0, q1, r0, m768, 'vehicle/imx6ull-gateway-m6/telemetry/20260831T220718p0800-m6-lan-1000', ... (24496 bytes))
1788188444: Sending PUBLISH to auto-9ACF5720-ADDF-DD07-C4E8-67E9F83C7AFD (d0, q1, r0, m768, 'vehicle/imx6ull-gateway-m6/telemetry/20260831T220718p0800-m6-lan-1000', ... (24496 bytes))
1788188444: Sending PUBACK to gatewayd-imx6ull-gateway-m6-838 (m768, rc0)
1788188444: Received PUBACK from auto-9ACF5720-ADDF-DD07-C4E8-67E9F83C7AFD (Mid: 768, RC:0)
1788188445: Received PUBLISH from gatewayd-imx6ull-gateway-m6-838 (d0, q1, r0, m769, 'vehicle/imx6ull-gateway-m6/telemetry/20260831T220718p0800-m6-lan-1000', ... (24428 bytes))
1788188445: Sending PUBLISH to auto-9ACF5720-ADDF-DD07-C4E8-67E9F83C7AFD (d0, q1, r0, m769, 'vehicle/imx6ull-gateway-m6/telemetry/20260831T220718p0800-m6-lan-1000', ... (24428 bytes))
1788188445: Sending PUBACK to gatewayd-imx6ull-gateway-m6-838 (m769, rc0)
1788188445: Received PUBACK from auto-9ACF5720-ADDF-DD07-C4E8-67E9F83C7AFD (Mid: 769, RC:0)
1788188446: Received PUBLISH from gatewayd-imx6ull-gateway-m6-838 (d0, q1, r0, m770, 'vehicle/imx6ull-gateway-m6/telemetry/20260831T220718p0800-m6-lan-1000', ... (24732 bytes))
1788188446: Sending PUBLISH to auto-9ACF5720-ADDF-DD07-C4E8-67E9F83C7AFD (d0, q1, r0, m770, 'vehicle/imx6ull-gateway-m6/telemetry/20260831T220718p0800-m6-lan-1000', ... (24732 bytes))
1788188446: Sending PUBACK to gatewayd-imx6ull-gateway-m6-838 (m770, rc0)
1788188446: Received PUBACK from auto-9ACF5720-ADDF-DD07-C4E8-67E9F83C7AFD (Mid: 770, RC:0)
1788188447: Received PUBLISH from gatewayd-imx6ull-gateway-m6-838 (d0, q1, r0, m771, 'vehicle/imx6ull-gateway-m6/telemetry/20260831T220718p0800-m6-lan-1000', ... (24450 bytes))
1788188447: Sending PUBLISH to auto-9ACF5720-ADDF-DD07-C4E8-67E9F83C7AFD (d0, q1, r0, m771, 'vehicle/imx6ull-gateway-m6/telemetry/20260831T220718p0800-m6-lan-1000', ... (24450 bytes))
1788188447: Sending PUBACK to gatewayd-imx6ull-gateway-m6-838 (m771, rc0)
1788188447: Received PUBACK from auto-9ACF5720-ADDF-DD07-C4E8-67E9F83C7AFD (Mid: 771, RC:0)
1788188448: Received PUBLISH from gatewayd-imx6ull-gateway-m6-838 (d0, q1, r0, m772, 'vehicle/imx6ull-gateway-m6/telemetry/20260831T220718p0800-m6-lan-1000', ... (24706 bytes))
1788188448: Sending PUBLISH to auto-9ACF5720-ADDF-DD07-C4E8-67E9F83C7AFD (d0, q1, r0, m772, 'vehicle/imx6ull-gateway-m6/telemetry/20260831T220718p0800-m6-lan-1000', ... (24706 bytes))
1788188448: Sending PUBACK to gatewayd-imx6ull-gateway-m6-838 (m772, rc0)
1788188448: Received PUBACK from auto-9ACF5720-ADDF-DD07-C4E8-67E9F83C7AFD (Mid: 772, RC:0)
1788188449: Received PUBLISH from gatewayd-imx6ull-gateway-m6-838 (d0, q1, r0, m773, 'vehicle/imx6ull-gateway-m6/telemetry/20260831T220718p0800-m6-lan-1000', ... (24498 bytes))
1788188449: Sending PUBLISH to auto-9ACF5720-ADDF-DD07-C4E8-67E9F83C7AFD (d0, q1, r0, m773, 'vehicle/imx6ull-gateway-m6/telemetry/20260831T220718p0800-m6-lan-1000', ... (24498 bytes))
1788188449: Sending PUBACK to gatewayd-imx6ull-gateway-m6-838 (m773, rc0)
1788188449: Received PUBACK from auto-9ACF5720-ADDF-DD07-C4E8-67E9F83C7AFD (Mid: 773, RC:0)
1788188450: Received PUBLISH from gatewayd-imx6ull-gateway-m6-838 (d0, q1, r0, m774, 'vehicle/imx6ull-gateway-m6/telemetry/20260831T220718p0800-m6-lan-1000', ... (24446 bytes))
1788188450: Sending PUBLISH to auto-9ACF5720-ADDF-DD07-C4E8-67E9F83C7AFD (d0, q1, r0, m774, 'vehicle/imx6ull-gateway-m6/telemetry/20260831T220718p0800-m6-lan-1000', ... (24446 bytes))
1788188450: Sending PUBACK to gatewayd-imx6ull-gateway-m6-838 (m774, rc0)
1788188450: Received PUBACK from auto-9ACF5720-ADDF-DD07-C4E8-67E9F83C7AFD (Mid: 774, RC:0)
1788188451: Received PUBLISH from gatewayd-imx6ull-gateway-m6-838 (d0, q1, r0, m775, 'vehicle/imx6ull-gateway-m6/telemetry/20260831T220718p0800-m6-lan-1000', ... (24739 bytes))
1788188451: Sending PUBLISH to auto-9ACF5720-ADDF-DD07-C4E8-67E9F83C7AFD (d0, q1, r0, m775, 'vehicle/imx6ull-gateway-m6/telemetry/20260831T220718p0800-m6-lan-1000', ... (24739 bytes))
1788188451: Sending PUBACK to gatewayd-imx6ull-gateway-m6-838 (m775, rc0)
1788188451: Received PUBACK from auto-9ACF5720-ADDF-DD07-C4E8-67E9F83C7AFD (Mid: 775, RC:0)
1788188452: Received PUBLISH from gatewayd-imx6ull-gateway-m6-838 (d0, q1, r0, m776, 'vehicle/imx6ull-gateway-m6/telemetry/20260831T220718p0800-m6-lan-1000', ... (24442 bytes))
1788188452: Sending PUBLISH to auto-9ACF5720-ADDF-DD07-C4E8-67E9F83C7AFD (d0, q1, r0, m776, 'vehicle/imx6ull-gateway-m6/telemetry/20260831T220718p0800-m6-lan-1000', ... (24442 bytes))
1788188452: Sending PUBACK to gatewayd-imx6ull-gateway-m6-838 (m776, rc0)
1788188452: Received PUBACK from auto-9ACF5720-ADDF-DD07-C4E8-67E9F83C7AFD (Mid: 776, RC:0)
1788188453: Received PUBLISH from gatewayd-imx6ull-gateway-m6-838 (d0, q1, r0, m777, 'vehicle/imx6ull-gateway-m6/telemetry/20260831T220718p0800-m6-lan-1000', ... (24714 bytes))
1788188453: Sending PUBLISH to auto-9ACF5720-ADDF-DD07-C4E8-67E9F83C7AFD (d0, q1, r0, m777, 'vehicle/imx6ull-gateway-m6/telemetry/20260831T220718p0800-m6-lan-1000', ... (24714 bytes))
1788188453: Sending PUBACK to gatewayd-imx6ull-gateway-m6-838 (m777, rc0)
1788188453: Received PUBACK from auto-9ACF5720-ADDF-DD07-C4E8-67E9F83C7AFD (Mid: 777, RC:0)
1788188454: Received PUBLISH from gatewayd-imx6ull-gateway-m6-838 (d0, q1, r0, m778, 'vehicle/imx6ull-gateway-m6/telemetry/20260831T220718p0800-m6-lan-1000', ... (24490 bytes))
1788188454: Sending PUBLISH to auto-9ACF5720-ADDF-DD07-C4E8-67E9F83C7AFD (d0, q1, r0, m778, 'vehicle/imx6ull-gateway-m6/telemetry/20260831T220718p0800-m6-lan-1000', ... (24490 bytes))
1788188454: Sending PUBACK to gatewayd-imx6ull-gateway-m6-838 (m778, rc0)
1788188454: Received PUBACK from auto-9ACF5720-ADDF-DD07-C4E8-67E9F83C7AFD (Mid: 778, RC:0)
1788188456: Received PUBLISH from gatewayd-imx6ull-gateway-m6-838 (d0, q1, r0, m779, 'vehicle/imx6ull-gateway-m6/telemetry/20260831T220718p0800-m6-lan-1000', ... (24454 bytes))
1788188456: Sending PUBLISH to auto-9ACF5720-ADDF-DD07-C4E8-67E9F83C7AFD (d0, q1, r0, m779, 'vehicle/imx6ull-gateway-m6/telemetry/20260831T220718p0800-m6-lan-1000', ... (24454 bytes))
1788188456: Sending PUBACK to gatewayd-imx6ull-gateway-m6-838 (m779, rc0)
1788188456: Received PUBACK from auto-9ACF5720-ADDF-DD07-C4E8-67E9F83C7AFD (Mid: 779, RC:0)
1788188457: Received PUBLISH from gatewayd-imx6ull-gateway-m6-838 (d0, q1, r0, m780, 'vehicle/imx6ull-gateway-m6/telemetry/20260831T220718p0800-m6-lan-1000', ... (24950 bytes))
1788188457: Sending PUBLISH to auto-9ACF5720-ADDF-DD07-C4E8-67E9F83C7AFD (d0, q1, r0, m780, 'vehicle/imx6ull-gateway-m6/telemetry/20260831T220718p0800-m6-lan-1000', ... (24950 bytes))
1788188457: Sending PUBACK to gatewayd-imx6ull-gateway-m6-838 (m780, rc0)
1788188457: Received PUBACK from auto-9ACF5720-ADDF-DD07-C4E8-67E9F83C7AFD (Mid: 780, RC:0)
1788188458: Received PUBLISH from gatewayd-imx6ull-gateway-m6-838 (d0, q1, r0, m781, 'vehicle/imx6ull-gateway-m6/telemetry/20260831T220718p0800-m6-lan-1000', ... (24434 bytes))
1788188458: Sending PUBLISH to auto-9ACF5720-ADDF-DD07-C4E8-67E9F83C7AFD (d0, q1, r0, m781, 'vehicle/imx6ull-gateway-m6/telemetry/20260831T220718p0800-m6-lan-1000', ... (24434 bytes))
1788188458: Sending PUBACK to gatewayd-imx6ull-gateway-m6-838 (m781, rc0)
1788188458: Received PUBACK from auto-9ACF5720-ADDF-DD07-C4E8-67E9F83C7AFD (Mid: 781, RC:0)
1788188459: Received PUBLISH from gatewayd-imx6ull-gateway-m6-838 (d0, q1, r0, m782, 'vehicle/imx6ull-gateway-m6/telemetry/20260831T220718p0800-m6-lan-1000', ... (24722 bytes))
1788188459: Sending PUBLISH to auto-9ACF5720-ADDF-DD07-C4E8-67E9F83C7AFD (d0, q1, r0, m782, 'vehicle/imx6ull-gateway-m6/telemetry/20260831T220718p0800-m6-lan-1000', ... (24722 bytes))
1788188459: Sending PUBACK to gatewayd-imx6ull-gateway-m6-838 (m782, rc0)
1788188459: Received PUBACK from auto-9ACF5720-ADDF-DD07-C4E8-67E9F83C7AFD (Mid: 782, RC:0)
1788188460: Received PUBLISH from gatewayd-imx6ull-gateway-m6-838 (d0, q1, r0, m783, 'vehicle/imx6ull-gateway-m6/telemetry/20260831T220718p0800-m6-lan-1000', ... (24482 bytes))
1788188460: Sending PUBLISH to auto-9ACF5720-ADDF-DD07-C4E8-67E9F83C7AFD (d0, q1, r0, m783, 'vehicle/imx6ull-gateway-m6/telemetry/20260831T220718p0800-m6-lan-1000', ... (24482 bytes))
1788188460: Sending PUBACK to gatewayd-imx6ull-gateway-m6-838 (m783, rc0)
1788188460: Received PUBACK from auto-9ACF5720-ADDF-DD07-C4E8-67E9F83C7AFD (Mid: 783, RC:0)
1788188461: Received PUBLISH from gatewayd-imx6ull-gateway-m6-838 (d0, q1, r0, m784, 'vehicle/imx6ull-gateway-m6/telemetry/20260831T220718p0800-m6-lan-1000', ... (24462 bytes))
1788188461: Sending PUBLISH to auto-9ACF5720-ADDF-DD07-C4E8-67E9F83C7AFD (d0, q1, r0, m784, 'vehicle/imx6ull-gateway-m6/telemetry/20260831T220718p0800-m6-lan-1000', ... (24462 bytes))
1788188461: Sending PUBACK to gatewayd-imx6ull-gateway-m6-838 (m784, rc0)
1788188461: Received PUBACK from auto-9ACF5720-ADDF-DD07-C4E8-67E9F83C7AFD (Mid: 784, RC:0)
1788188462: Received PUBLISH from gatewayd-imx6ull-gateway-m6-838 (d0, q1, r0, m785, 'vehicle/imx6ull-gateway-m6/telemetry/20260831T220718p0800-m6-lan-1000', ... (24731 bytes))
1788188462: Sending PUBLISH to auto-9ACF5720-ADDF-DD07-C4E8-67E9F83C7AFD (d0, q1, r0, m785, 'vehicle/imx6ull-gateway-m6/telemetry/20260831T220718p0800-m6-lan-1000', ... (24731 bytes))
1788188462: Sending PUBACK to gatewayd-imx6ull-gateway-m6-838 (m785, rc0)
1788188462: Received PUBACK from auto-9ACF5720-ADDF-DD07-C4E8-67E9F83C7AFD (Mid: 785, RC:0)
1788188463: Received PUBLISH from gatewayd-imx6ull-gateway-m6-838 (d0, q1, r0, m786, 'vehicle/imx6ull-gateway-m6/telemetry/20260831T220718p0800-m6-lan-1000', ... (24410 bytes))
1788188463: Sending PUBLISH to auto-9ACF5720-ADDF-DD07-C4E8-67E9F83C7AFD (d0, q1, r0, m786, 'vehicle/imx6ull-gateway-m6/telemetry/20260831T220718p0800-m6-lan-1000', ... (24410 bytes))
1788188463: Sending PUBACK to gatewayd-imx6ull-gateway-m6-838 (m786, rc0)
1788188463: Received PUBACK from auto-9ACF5720-ADDF-DD07-C4E8-67E9F83C7AFD (Mid: 786, RC:0)
1788188464: Received PUBLISH from gatewayd-imx6ull-gateway-m6-838 (d0, q1, r0, m787, 'vehicle/imx6ull-gateway-m6/telemetry/20260831T220718p0800-m6-lan-1000', ... (24719 bytes))
1788188464: Sending PUBLISH to auto-9ACF5720-ADDF-DD07-C4E8-67E9F83C7AFD (d0, q1, r0, m787, 'vehicle/imx6ull-gateway-m6/telemetry/20260831T220718p0800-m6-lan-1000', ... (24719 bytes))
1788188464: Sending PUBACK to gatewayd-imx6ull-gateway-m6-838 (m787, rc0)
1788188464: Received PUBACK from auto-9ACF5720-ADDF-DD07-C4E8-67E9F83C7AFD (Mid: 787, RC:0)
1788188465: Received PUBLISH from gatewayd-imx6ull-gateway-m6-838 (d0, q1, r0, m788, 'vehicle/imx6ull-gateway-m6/telemetry/20260831T220718p0800-m6-lan-1000', ... (24464 bytes))
1788188465: Sending PUBLISH to auto-9ACF5720-ADDF-DD07-C4E8-67E9F83C7AFD (d0, q1, r0, m788, 'vehicle/imx6ull-gateway-m6/telemetry/20260831T220718p0800-m6-lan-1000', ... (24464 bytes))
1788188465: Sending PUBACK to gatewayd-imx6ull-gateway-m6-838 (m788, rc0)
1788188465: Received PUBACK from auto-9ACF5720-ADDF-DD07-C4E8-67E9F83C7AFD (Mid: 788, RC:0)
1788188466: Received PUBLISH from gatewayd-imx6ull-gateway-m6-838 (d0, q1, r0, m789, 'vehicle/imx6ull-gateway-m6/telemetry/20260831T220718p0800-m6-lan-1000', ... (24460 bytes))
1788188466: Sending PUBLISH to auto-9ACF5720-ADDF-DD07-C4E8-67E9F83C7AFD (d0, q1, r0, m789, 'vehicle/imx6ull-gateway-m6/telemetry/20260831T220718p0800-m6-lan-1000', ... (24460 bytes))
1788188466: Sending PUBACK to gatewayd-imx6ull-gateway-m6-838 (m789, rc0)
1788188466: Received PUBACK from auto-9ACF5720-ADDF-DD07-C4E8-67E9F83C7AFD (Mid: 789, RC:0)
1788188467: Received PUBLISH from gatewayd-imx6ull-gateway-m6-838 (d0, q1, r0, m790, 'vehicle/imx6ull-gateway-m6/telemetry/20260831T220718p0800-m6-lan-1000', ... (24728 bytes))
1788188467: Sending PUBLISH to auto-9ACF5720-ADDF-DD07-C4E8-67E9F83C7AFD (d0, q1, r0, m790, 'vehicle/imx6ull-gateway-m6/telemetry/20260831T220718p0800-m6-lan-1000', ... (24728 bytes))
1788188467: Sending PUBACK to gatewayd-imx6ull-gateway-m6-838 (m790, rc0)
1788188467: Received PUBACK from auto-9ACF5720-ADDF-DD07-C4E8-67E9F83C7AFD (Mid: 790, RC:0)
1788188468: Received PUBLISH from gatewayd-imx6ull-gateway-m6-838 (d0, q1, r0, m791, 'vehicle/imx6ull-gateway-m6/telemetry/20260831T220718p0800-m6-lan-1000', ... (24408 bytes))
1788188468: Sending PUBLISH to auto-9ACF5720-ADDF-DD07-C4E8-67E9F83C7AFD (d0, q1, r0, m791, 'vehicle/imx6ull-gateway-m6/telemetry/20260831T220718p0800-m6-lan-1000', ... (24408 bytes))
1788188468: Sending PUBACK to gatewayd-imx6ull-gateway-m6-838 (m791, rc0)
1788188468: Received PUBACK from auto-9ACF5720-ADDF-DD07-C4E8-67E9F83C7AFD (Mid: 791, RC:0)
1788188469: Received PUBLISH from gatewayd-imx6ull-gateway-m6-838 (d0, q1, r0, m792, 'vehicle/imx6ull-gateway-m6/telemetry/20260831T220718p0800-m6-lan-1000', ... (24727 bytes))
1788188469: Sending PUBLISH to auto-9ACF5720-ADDF-DD07-C4E8-67E9F83C7AFD (d0, q1, r0, m792, 'vehicle/imx6ull-gateway-m6/telemetry/20260831T220718p0800-m6-lan-1000', ... (24727 bytes))
1788188469: Sending PUBACK to gatewayd-imx6ull-gateway-m6-838 (m792, rc0)
1788188469: Received PUBACK from auto-9ACF5720-ADDF-DD07-C4E8-67E9F83C7AFD (Mid: 792, RC:0)
1788188470: Received PUBLISH from gatewayd-imx6ull-gateway-m6-838 (d0, q1, r0, m793, 'vehicle/imx6ull-gateway-m6/telemetry/20260831T220718p0800-m6-lan-1000', ... (24456 bytes))
1788188470: Sending PUBLISH to auto-9ACF5720-ADDF-DD07-C4E8-67E9F83C7AFD (d0, q1, r0, m793, 'vehicle/imx6ull-gateway-m6/telemetry/20260831T220718p0800-m6-lan-1000', ... (24456 bytes))
1788188470: Sending PUBACK to gatewayd-imx6ull-gateway-m6-838 (m793, rc0)
1788188470: Received PUBACK from auto-9ACF5720-ADDF-DD07-C4E8-67E9F83C7AFD (Mid: 793, RC:0)
1788188471: Received PUBLISH from gatewayd-imx6ull-gateway-m6-838 (d0, q1, r0, m794, 'vehicle/imx6ull-gateway-m6/telemetry/20260831T220718p0800-m6-lan-1000', ... (24468 bytes))
1788188471: Sending PUBLISH to auto-9ACF5720-ADDF-DD07-C4E8-67E9F83C7AFD (d0, q1, r0, m794, 'vehicle/imx6ull-gateway-m6/telemetry/20260831T220718p0800-m6-lan-1000', ... (24468 bytes))
1788188471: Sending PUBACK to gatewayd-imx6ull-gateway-m6-838 (m794, rc0)
1788188471: Received PUBACK from auto-9ACF5720-ADDF-DD07-C4E8-67E9F83C7AFD (Mid: 794, RC:0)
1788188472: Received PUBLISH from gatewayd-imx6ull-gateway-m6-838 (d0, q1, r0, m795, 'vehicle/imx6ull-gateway-m6/telemetry/20260831T220718p0800-m6-lan-1000', ... (24730 bytes))
1788188472: Sending PUBLISH to auto-9ACF5720-ADDF-DD07-C4E8-67E9F83C7AFD (d0, q1, r0, m795, 'vehicle/imx6ull-gateway-m6/telemetry/20260831T220718p0800-m6-lan-1000', ... (24730 bytes))
1788188472: Sending PUBACK to gatewayd-imx6ull-gateway-m6-838 (m795, rc0)
1788188472: Received PUBACK from auto-9ACF5720-ADDF-DD07-C4E8-67E9F83C7AFD (Mid: 795, RC:0)
1788188473: Received PUBLISH from gatewayd-imx6ull-gateway-m6-838 (d0, q1, r0, m796, 'vehicle/imx6ull-gateway-m6/telemetry/20260831T220718p0800-m6-lan-1000', ... (24211 bytes))
1788188473: Sending PUBLISH to auto-9ACF5720-ADDF-DD07-C4E8-67E9F83C7AFD (d0, q1, r0, m796, 'vehicle/imx6ull-gateway-m6/telemetry/20260831T220718p0800-m6-lan-1000', ... (24211 bytes))
1788188473: Sending PUBACK to gatewayd-imx6ull-gateway-m6-838 (m796, rc0)
1788188473: Received PUBACK from auto-9ACF5720-ADDF-DD07-C4E8-67E9F83C7AFD (Mid: 796, RC:0)
1788188474: Received PUBLISH from gatewayd-imx6ull-gateway-m6-838 (d0, q1, r0, m797, 'vehicle/imx6ull-gateway-m6/telemetry/20260831T220718p0800-m6-lan-1000', ... (24739 bytes))
1788188474: Sending PUBLISH to auto-9ACF5720-ADDF-DD07-C4E8-67E9F83C7AFD (d0, q1, r0, m797, 'vehicle/imx6ull-gateway-m6/telemetry/20260831T220718p0800-m6-lan-1000', ... (24739 bytes))
1788188474: Sending PUBACK to gatewayd-imx6ull-gateway-m6-838 (m797, rc0)
1788188474: Received PUBACK from auto-9ACF5720-ADDF-DD07-C4E8-67E9F83C7AFD (Mid: 797, RC:0)
1788188475: Received PUBLISH from gatewayd-imx6ull-gateway-m6-838 (d0, q1, r0, m798, 'vehicle/imx6ull-gateway-m6/telemetry/20260831T220718p0800-m6-lan-1000', ... (24459 bytes))
1788188475: Sending PUBLISH to auto-9ACF5720-ADDF-DD07-C4E8-67E9F83C7AFD (d0, q1, r0, m798, 'vehicle/imx6ull-gateway-m6/telemetry/20260831T220718p0800-m6-lan-1000', ... (24459 bytes))
1788188475: Sending PUBACK to gatewayd-imx6ull-gateway-m6-838 (m798, rc0)
1788188475: Received PUBACK from auto-9ACF5720-ADDF-DD07-C4E8-67E9F83C7AFD (Mid: 798, RC:0)
1788188476: Received PUBLISH from gatewayd-imx6ull-gateway-m6-838 (d0, q1, r0, m799, 'vehicle/imx6ull-gateway-m6/telemetry/20260831T220718p0800-m6-lan-1000', ... (24485 bytes))
1788188476: Sending PUBLISH to auto-9ACF5720-ADDF-DD07-C4E8-67E9F83C7AFD (d0, q1, r0, m799, 'vehicle/imx6ull-gateway-m6/telemetry/20260831T220718p0800-m6-lan-1000', ... (24485 bytes))
1788188476: Sending PUBACK to gatewayd-imx6ull-gateway-m6-838 (m799, rc0)
1788188476: Received PUBACK from auto-9ACF5720-ADDF-DD07-C4E8-67E9F83C7AFD (Mid: 799, RC:0)
1788188477: Received PUBLISH from gatewayd-imx6ull-gateway-m6-838 (d0, q1, r0, m800, 'vehicle/imx6ull-gateway-m6/telemetry/20260831T220718p0800-m6-lan-1000', ... (24719 bytes))
1788188477: Sending PUBLISH to auto-9ACF5720-ADDF-DD07-C4E8-67E9F83C7AFD (d0, q1, r0, m800, 'vehicle/imx6ull-gateway-m6/telemetry/20260831T220718p0800-m6-lan-1000', ... (24719 bytes))
1788188477: Sending PUBACK to gatewayd-imx6ull-gateway-m6-838 (m800, rc0)
1788188477: Received PUBACK from auto-9ACF5720-ADDF-DD07-C4E8-67E9F83C7AFD (Mid: 800, RC:0)
1788188478: Received PUBLISH from gatewayd-imx6ull-gateway-m6-838 (d0, q1, r0, m801, 'vehicle/imx6ull-gateway-m6/telemetry/20260831T220718p0800-m6-lan-1000', ... (24437 bytes))
1788188478: Sending PUBLISH to auto-9ACF5720-ADDF-DD07-C4E8-67E9F83C7AFD (d0, q1, r0, m801, 'vehicle/imx6ull-gateway-m6/telemetry/20260831T220718p0800-m6-lan-1000', ... (24437 bytes))
1788188478: Sending PUBACK to gatewayd-imx6ull-gateway-m6-838 (m801, rc0)
1788188478: Received PUBACK from auto-9ACF5720-ADDF-DD07-C4E8-67E9F83C7AFD (Mid: 801, RC:0)
1788188479: Received PUBLISH from gatewayd-imx6ull-gateway-m6-838 (d0, q1, r0, m802, 'vehicle/imx6ull-gateway-m6/telemetry/20260831T220718p0800-m6-lan-1000', ... (24739 bytes))
1788188479: Sending PUBLISH to auto-9ACF5720-ADDF-DD07-C4E8-67E9F83C7AFD (d0, q1, r0, m802, 'vehicle/imx6ull-gateway-m6/telemetry/20260831T220718p0800-m6-lan-1000', ... (24739 bytes))
1788188479: Sending PUBACK to gatewayd-imx6ull-gateway-m6-838 (m802, rc0)
1788188479: Received PUBACK from auto-9ACF5720-ADDF-DD07-C4E8-67E9F83C7AFD (Mid: 802, RC:0)
1788188480: Received PUBLISH from gatewayd-imx6ull-gateway-m6-838 (d0, q1, r0, m803, 'vehicle/imx6ull-gateway-m6/telemetry/20260831T220718p0800-m6-lan-1000', ... (24240 bytes))
1788188480: Sending PUBLISH to auto-9ACF5720-ADDF-DD07-C4E8-67E9F83C7AFD (d0, q1, r0, m803, 'vehicle/imx6ull-gateway-m6/telemetry/20260831T220718p0800-m6-lan-1000', ... (24240 bytes))
1788188480: Sending PUBACK to gatewayd-imx6ull-gateway-m6-838 (m803, rc0)
1788188480: Received PUBACK from auto-9ACF5720-ADDF-DD07-C4E8-67E9F83C7AFD (Mid: 803, RC:0)
1788188481: Received PUBLISH from gatewayd-imx6ull-gateway-m6-838 (d0, q1, r0, m804, 'vehicle/imx6ull-gateway-m6/telemetry/20260831T220718p0800-m6-lan-1000', ... (24492 bytes))
1788188481: Sending PUBLISH to auto-9ACF5720-ADDF-DD07-C4E8-67E9F83C7AFD (d0, q1, r0, m804, 'vehicle/imx6ull-gateway-m6/telemetry/20260831T220718p0800-m6-lan-1000', ... (24492 bytes))
1788188481: Sending PUBACK to gatewayd-imx6ull-gateway-m6-838 (m804, rc0)
1788188481: Received PUBACK from auto-9ACF5720-ADDF-DD07-C4E8-67E9F83C7AFD (Mid: 804, RC:0)
1788188483: Received PUBLISH from gatewayd-imx6ull-gateway-m6-838 (d0, q1, r0, m805, 'vehicle/imx6ull-gateway-m6/telemetry/20260831T220718p0800-m6-lan-1000', ... (24923 bytes))
1788188483: Sending PUBLISH to auto-9ACF5720-ADDF-DD07-C4E8-67E9F83C7AFD (d0, q1, r0, m805, 'vehicle/imx6ull-gateway-m6/telemetry/20260831T220718p0800-m6-lan-1000', ... (24923 bytes))
1788188483: Sending PUBACK to gatewayd-imx6ull-gateway-m6-838 (m805, rc0)
1788188483: Received PUBACK from auto-9ACF5720-ADDF-DD07-C4E8-67E9F83C7AFD (Mid: 805, RC:0)
1788188484: Received PUBLISH from gatewayd-imx6ull-gateway-m6-838 (d0, q1, r0, m806, 'vehicle/imx6ull-gateway-m6/telemetry/20260831T220718p0800-m6-lan-1000', ... (24444 bytes))
1788188484: Sending PUBLISH to auto-9ACF5720-ADDF-DD07-C4E8-67E9F83C7AFD (d0, q1, r0, m806, 'vehicle/imx6ull-gateway-m6/telemetry/20260831T220718p0800-m6-lan-1000', ... (24444 bytes))
1788188484: Sending PUBACK to gatewayd-imx6ull-gateway-m6-838 (m806, rc0)
1788188484: Received PUBACK from auto-9ACF5720-ADDF-DD07-C4E8-67E9F83C7AFD (Mid: 806, RC:0)
1788188485: Received PUBLISH from gatewayd-imx6ull-gateway-m6-838 (d0, q1, r0, m807, 'vehicle/imx6ull-gateway-m6/telemetry/20260831T220718p0800-m6-lan-1000', ... (24527 bytes))
1788188485: Sending PUBLISH to auto-9ACF5720-ADDF-DD07-C4E8-67E9F83C7AFD (d0, q1, r0, m807, 'vehicle/imx6ull-gateway-m6/telemetry/20260831T220718p0800-m6-lan-1000', ... (24527 bytes))
1788188485: Sending PUBACK to gatewayd-imx6ull-gateway-m6-838 (m807, rc0)
1788188485: Received PUBACK from auto-9ACF5720-ADDF-DD07-C4E8-67E9F83C7AFD (Mid: 807, RC:0)
1788188486: Received PUBLISH from gatewayd-imx6ull-gateway-m6-838 (d0, q1, r0, m808, 'vehicle/imx6ull-gateway-m6/telemetry/20260831T220718p0800-m6-lan-1000', ... (24656 bytes))
1788188486: Sending PUBLISH to auto-9ACF5720-ADDF-DD07-C4E8-67E9F83C7AFD (d0, q1, r0, m808, 'vehicle/imx6ull-gateway-m6/telemetry/20260831T220718p0800-m6-lan-1000', ... (24656 bytes))
1788188486: Sending PUBACK to gatewayd-imx6ull-gateway-m6-838 (m808, rc0)
1788188486: Received PUBACK from auto-9ACF5720-ADDF-DD07-C4E8-67E9F83C7AFD (Mid: 808, RC:0)
1788188487: Received PUBLISH from gatewayd-imx6ull-gateway-m6-838 (d0, q1, r0, m809, 'vehicle/imx6ull-gateway-m6/telemetry/20260831T220718p0800-m6-lan-1000', ... (24500 bytes))
1788188487: Sending PUBLISH to auto-9ACF5720-ADDF-DD07-C4E8-67E9F83C7AFD (d0, q1, r0, m809, 'vehicle/imx6ull-gateway-m6/telemetry/20260831T220718p0800-m6-lan-1000', ... (24500 bytes))
1788188487: Sending PUBACK to gatewayd-imx6ull-gateway-m6-838 (m809, rc0)
1788188487: Received PUBACK from auto-9ACF5720-ADDF-DD07-C4E8-67E9F83C7AFD (Mid: 809, RC:0)
1788188488: Received PUBLISH from gatewayd-imx6ull-gateway-m6-838 (d0, q1, r0, m810, 'vehicle/imx6ull-gateway-m6/telemetry/20260831T220718p0800-m6-lan-1000', ... (24477 bytes))
1788188488: Sending PUBLISH to auto-9ACF5720-ADDF-DD07-C4E8-67E9F83C7AFD (d0, q1, r0, m810, 'vehicle/imx6ull-gateway-m6/telemetry/20260831T220718p0800-m6-lan-1000', ... (24477 bytes))
1788188488: Sending PUBACK to gatewayd-imx6ull-gateway-m6-838 (m810, rc0)
1788188488: Received PUBACK from auto-9ACF5720-ADDF-DD07-C4E8-67E9F83C7AFD (Mid: 810, RC:0)
1788188489: Received PUBLISH from gatewayd-imx6ull-gateway-m6-838 (d0, q1, r0, m811, 'vehicle/imx6ull-gateway-m6/telemetry/20260831T220718p0800-m6-lan-1000', ... (24439 bytes))
1788188489: Sending PUBLISH to auto-9ACF5720-ADDF-DD07-C4E8-67E9F83C7AFD (d0, q1, r0, m811, 'vehicle/imx6ull-gateway-m6/telemetry/20260831T220718p0800-m6-lan-1000', ... (24439 bytes))
1788188489: Sending PUBACK to gatewayd-imx6ull-gateway-m6-838 (m811, rc0)
1788188489: Received PUBACK from auto-9ACF5720-ADDF-DD07-C4E8-67E9F83C7AFD (Mid: 811, RC:0)
1788188490: Received PUBLISH from gatewayd-imx6ull-gateway-m6-838 (d0, q1, r0, m812, 'vehicle/imx6ull-gateway-m6/telemetry/20260831T220718p0800-m6-lan-1000', ... (24517 bytes))
1788188490: Sending PUBLISH to auto-9ACF5720-ADDF-DD07-C4E8-67E9F83C7AFD (d0, q1, r0, m812, 'vehicle/imx6ull-gateway-m6/telemetry/20260831T220718p0800-m6-lan-1000', ... (24517 bytes))
1788188490: Sending PUBACK to gatewayd-imx6ull-gateway-m6-838 (m812, rc0)
1788188490: Received PUBACK from auto-9ACF5720-ADDF-DD07-C4E8-67E9F83C7AFD (Mid: 812, RC:0)
1788188491: Received PUBLISH from gatewayd-imx6ull-gateway-m6-838 (d0, q1, r0, m813, 'vehicle/imx6ull-gateway-m6/telemetry/20260831T220718p0800-m6-lan-1000', ... (24638 bytes))
1788188491: Sending PUBLISH to auto-9ACF5720-ADDF-DD07-C4E8-67E9F83C7AFD (d0, q1, r0, m813, 'vehicle/imx6ull-gateway-m6/telemetry/20260831T220718p0800-m6-lan-1000', ... (24638 bytes))
1788188491: Sending PUBACK to gatewayd-imx6ull-gateway-m6-838 (m813, rc0)
1788188491: Received PUBACK from auto-9ACF5720-ADDF-DD07-C4E8-67E9F83C7AFD (Mid: 813, RC:0)
1788188492: Received PUBLISH from gatewayd-imx6ull-gateway-m6-838 (d0, q1, r0, m814, 'vehicle/imx6ull-gateway-m6/telemetry/20260831T220718p0800-m6-lan-1000', ... (24497 bytes))
1788188492: Sending PUBLISH to auto-9ACF5720-ADDF-DD07-C4E8-67E9F83C7AFD (d0, q1, r0, m814, 'vehicle/imx6ull-gateway-m6/telemetry/20260831T220718p0800-m6-lan-1000', ... (24497 bytes))
1788188492: Sending PUBACK to gatewayd-imx6ull-gateway-m6-838 (m814, rc0)
1788188492: Received PUBACK from auto-9ACF5720-ADDF-DD07-C4E8-67E9F83C7AFD (Mid: 814, RC:0)
1788188493: Received PUBLISH from gatewayd-imx6ull-gateway-m6-838 (d0, q1, r0, m815, 'vehicle/imx6ull-gateway-m6/telemetry/20260831T220718p0800-m6-lan-1000', ... (24686 bytes))
1788188493: Sending PUBLISH to auto-9ACF5720-ADDF-DD07-C4E8-67E9F83C7AFD (d0, q1, r0, m815, 'vehicle/imx6ull-gateway-m6/telemetry/20260831T220718p0800-m6-lan-1000', ... (24686 bytes))
1788188493: Sending PUBACK to gatewayd-imx6ull-gateway-m6-838 (m815, rc0)
1788188493: Received PUBACK from auto-9ACF5720-ADDF-DD07-C4E8-67E9F83C7AFD (Mid: 815, RC:0)
1788188494: Received PUBLISH from gatewayd-imx6ull-gateway-m6-838 (d0, q1, r0, m816, 'vehicle/imx6ull-gateway-m6/telemetry/20260831T220718p0800-m6-lan-1000', ... (24449 bytes))
1788188494: Sending PUBLISH to auto-9ACF5720-ADDF-DD07-C4E8-67E9F83C7AFD (d0, q1, r0, m816, 'vehicle/imx6ull-gateway-m6/telemetry/20260831T220718p0800-m6-lan-1000', ... (24449 bytes))
1788188494: Sending PUBACK to gatewayd-imx6ull-gateway-m6-838 (m816, rc0)
1788188494: Received PUBACK from auto-9ACF5720-ADDF-DD07-C4E8-67E9F83C7AFD (Mid: 816, RC:0)
1788188495: Received PUBLISH from gatewayd-imx6ull-gateway-m6-838 (d0, q1, r0, m817, 'vehicle/imx6ull-gateway-m6/telemetry/20260831T220718p0800-m6-lan-1000', ... (24517 bytes))
1788188495: Sending PUBLISH to auto-9ACF5720-ADDF-DD07-C4E8-67E9F83C7AFD (d0, q1, r0, m817, 'vehicle/imx6ull-gateway-m6/telemetry/20260831T220718p0800-m6-lan-1000', ... (24517 bytes))
1788188495: Sending PUBACK to gatewayd-imx6ull-gateway-m6-838 (m817, rc0)
1788188495: Received PUBACK from auto-9ACF5720-ADDF-DD07-C4E8-67E9F83C7AFD (Mid: 817, RC:0)
1788188496: Received PUBLISH from gatewayd-imx6ull-gateway-m6-838 (d0, q1, r0, m818, 'vehicle/imx6ull-gateway-m6/telemetry/20260831T220718p0800-m6-lan-1000', ... (24630 bytes))
1788188496: Sending PUBLISH to auto-9ACF5720-ADDF-DD07-C4E8-67E9F83C7AFD (d0, q1, r0, m818, 'vehicle/imx6ull-gateway-m6/telemetry/20260831T220718p0800-m6-lan-1000', ... (24630 bytes))
1788188496: Sending PUBACK to gatewayd-imx6ull-gateway-m6-838 (m818, rc0)
1788188496: Received PUBACK from auto-9ACF5720-ADDF-DD07-C4E8-67E9F83C7AFD (Mid: 818, RC:0)
1788188497: Received PUBLISH from gatewayd-imx6ull-gateway-m6-838 (d0, q1, r0, m819, 'vehicle/imx6ull-gateway-m6/telemetry/20260831T220718p0800-m6-lan-1000', ... (24506 bytes))
1788188497: Sending PUBLISH to auto-9ACF5720-ADDF-DD07-C4E8-67E9F83C7AFD (d0, q1, r0, m819, 'vehicle/imx6ull-gateway-m6/telemetry/20260831T220718p0800-m6-lan-1000', ... (24506 bytes))
1788188497: Sending PUBACK to gatewayd-imx6ull-gateway-m6-838 (m819, rc0)
1788188497: Received PUBACK from auto-9ACF5720-ADDF-DD07-C4E8-67E9F83C7AFD (Mid: 819, RC:0)
1788188498: Received PUBLISH from gatewayd-imx6ull-gateway-m6-838 (d0, q1, r0, m820, 'vehicle/imx6ull-gateway-m6/telemetry/20260831T220718p0800-m6-lan-1000', ... (24689 bytes))
1788188498: Sending PUBLISH to auto-9ACF5720-ADDF-DD07-C4E8-67E9F83C7AFD (d0, q1, r0, m820, 'vehicle/imx6ull-gateway-m6/telemetry/20260831T220718p0800-m6-lan-1000', ... (24689 bytes))
1788188498: Sending PUBACK to gatewayd-imx6ull-gateway-m6-838 (m820, rc0)
1788188498: Received PUBACK from auto-9ACF5720-ADDF-DD07-C4E8-67E9F83C7AFD (Mid: 820, RC:0)
1788188499: Received PUBLISH from gatewayd-imx6ull-gateway-m6-838 (d0, q1, r0, m821, 'vehicle/imx6ull-gateway-m6/telemetry/20260831T220718p0800-m6-lan-1000', ... (24255 bytes))
1788188499: Sending PUBLISH to auto-9ACF5720-ADDF-DD07-C4E8-67E9F83C7AFD (d0, q1, r0, m821, 'vehicle/imx6ull-gateway-m6/telemetry/20260831T220718p0800-m6-lan-1000', ... (24255 bytes))
1788188499: Sending PUBACK to gatewayd-imx6ull-gateway-m6-838 (m821, rc0)
1788188499: Received PUBACK from auto-9ACF5720-ADDF-DD07-C4E8-67E9F83C7AFD (Mid: 821, RC:0)
1788188500: Received PUBLISH from gatewayd-imx6ull-gateway-m6-838 (d0, q1, r0, m822, 'vehicle/imx6ull-gateway-m6/telemetry/20260831T220718p0800-m6-lan-1000', ... (24527 bytes))
1788188500: Sending PUBLISH to auto-9ACF5720-ADDF-DD07-C4E8-67E9F83C7AFD (d0, q1, r0, m822, 'vehicle/imx6ull-gateway-m6/telemetry/20260831T220718p0800-m6-lan-1000', ... (24527 bytes))
1788188500: Sending PUBACK to gatewayd-imx6ull-gateway-m6-838 (m822, rc0)
1788188500: Received PUBACK from auto-9ACF5720-ADDF-DD07-C4E8-67E9F83C7AFD (Mid: 822, RC:0)
1788188501: Received PUBLISH from gatewayd-imx6ull-gateway-m6-838 (d0, q1, r0, m823, 'vehicle/imx6ull-gateway-m6/telemetry/20260831T220718p0800-m6-lan-1000', ... (24634 bytes))
1788188501: Sending PUBLISH to auto-9ACF5720-ADDF-DD07-C4E8-67E9F83C7AFD (d0, q1, r0, m823, 'vehicle/imx6ull-gateway-m6/telemetry/20260831T220718p0800-m6-lan-1000', ... (24634 bytes))
1788188501: Sending PUBACK to gatewayd-imx6ull-gateway-m6-838 (m823, rc0)
1788188501: Received PUBACK from auto-9ACF5720-ADDF-DD07-C4E8-67E9F83C7AFD (Mid: 823, RC:0)
1788188502: Received PUBLISH from gatewayd-imx6ull-gateway-m6-838 (d0, q1, r0, m824, 'vehicle/imx6ull-gateway-m6/telemetry/20260831T220718p0800-m6-lan-1000', ... (24522 bytes))
1788188502: Sending PUBLISH to auto-9ACF5720-ADDF-DD07-C4E8-67E9F83C7AFD (d0, q1, r0, m824, 'vehicle/imx6ull-gateway-m6/telemetry/20260831T220718p0800-m6-lan-1000', ... (24522 bytes))
1788188502: Sending PUBACK to gatewayd-imx6ull-gateway-m6-838 (m824, rc0)
1788188502: Received PUBACK from auto-9ACF5720-ADDF-DD07-C4E8-67E9F83C7AFD (Mid: 824, RC:0)
1788188503: Received PUBLISH from gatewayd-imx6ull-gateway-m6-838 (d0, q1, r0, m825, 'vehicle/imx6ull-gateway-m6/telemetry/20260831T220718p0800-m6-lan-1000', ... (24470 bytes))
1788188503: Sending PUBLISH to auto-9ACF5720-ADDF-DD07-C4E8-67E9F83C7AFD (d0, q1, r0, m825, 'vehicle/imx6ull-gateway-m6/telemetry/20260831T220718p0800-m6-lan-1000', ... (24470 bytes))
1788188503: Sending PUBACK to gatewayd-imx6ull-gateway-m6-838 (m825, rc0)
1788188503: Received PUBACK from auto-9ACF5720-ADDF-DD07-C4E8-67E9F83C7AFD (Mid: 825, RC:0)
1788188504: Received PUBLISH from gatewayd-imx6ull-gateway-m6-838 (d0, q1, r0, m826, 'vehicle/imx6ull-gateway-m6/telemetry/20260831T220718p0800-m6-lan-1000', ... (24686 bytes))
1788188504: Sending PUBLISH to auto-9ACF5720-ADDF-DD07-C4E8-67E9F83C7AFD (d0, q1, r0, m826, 'vehicle/imx6ull-gateway-m6/telemetry/20260831T220718p0800-m6-lan-1000', ... (24686 bytes))
1788188504: Sending PUBACK to gatewayd-imx6ull-gateway-m6-838 (m826, rc0)
1788188504: Received PUBACK from auto-9ACF5720-ADDF-DD07-C4E8-67E9F83C7AFD (Mid: 826, RC:0)
1788188505: Received PUBLISH from gatewayd-imx6ull-gateway-m6-838 (d0, q1, r0, m827, 'vehicle/imx6ull-gateway-m6/telemetry/20260831T220718p0800-m6-lan-1000', ... (24527 bytes))
1788188505: Sending PUBLISH to auto-9ACF5720-ADDF-DD07-C4E8-67E9F83C7AFD (d0, q1, r0, m827, 'vehicle/imx6ull-gateway-m6/telemetry/20260831T220718p0800-m6-lan-1000', ... (24527 bytes))
1788188505: Sending PUBACK to gatewayd-imx6ull-gateway-m6-838 (m827, rc0)
1788188505: Received PUBACK from auto-9ACF5720-ADDF-DD07-C4E8-67E9F83C7AFD (Mid: 827, RC:0)
1788188506: Received PUBLISH from gatewayd-imx6ull-gateway-m6-838 (d0, q1, r0, m828, 'vehicle/imx6ull-gateway-m6/telemetry/20260831T220718p0800-m6-lan-1000', ... (24629 bytes))
1788188506: Sending PUBLISH to auto-9ACF5720-ADDF-DD07-C4E8-67E9F83C7AFD (d0, q1, r0, m828, 'vehicle/imx6ull-gateway-m6/telemetry/20260831T220718p0800-m6-lan-1000', ... (24629 bytes))
1788188506: Sending PUBACK to gatewayd-imx6ull-gateway-m6-838 (m828, rc0)
1788188506: Received PUBACK from auto-9ACF5720-ADDF-DD07-C4E8-67E9F83C7AFD (Mid: 828, RC:0)
1788188507: Received PUBLISH from gatewayd-imx6ull-gateway-m6-838 (d0, q1, r0, m829, 'vehicle/imx6ull-gateway-m6/telemetry/20260831T220718p0800-m6-lan-1000', ... (24527 bytes))
1788188507: Sending PUBLISH to auto-9ACF5720-ADDF-DD07-C4E8-67E9F83C7AFD (d0, q1, r0, m829, 'vehicle/imx6ull-gateway-m6/telemetry/20260831T220718p0800-m6-lan-1000', ... (24527 bytes))
1788188507: Sending PUBACK to gatewayd-imx6ull-gateway-m6-838 (m829, rc0)
1788188507: Received PUBACK from auto-9ACF5720-ADDF-DD07-C4E8-67E9F83C7AFD (Mid: 829, RC:0)
1788188509: Received PUBLISH from gatewayd-imx6ull-gateway-m6-838 (d0, q1, r0, m830, 'vehicle/imx6ull-gateway-m6/telemetry/20260831T220718p0800-m6-lan-1000', ... (24463 bytes))
1788188509: Sending PUBLISH to auto-9ACF5720-ADDF-DD07-C4E8-67E9F83C7AFD (d0, q1, r0, m830, 'vehicle/imx6ull-gateway-m6/telemetry/20260831T220718p0800-m6-lan-1000', ... (24463 bytes))
1788188509: Sending PUBACK to gatewayd-imx6ull-gateway-m6-838 (m830, rc0)
1788188509: Received PUBACK from auto-9ACF5720-ADDF-DD07-C4E8-67E9F83C7AFD (Mid: 830, RC:0)
1788188510: Received PUBLISH from gatewayd-imx6ull-gateway-m6-838 (d0, q1, r0, m831, 'vehicle/imx6ull-gateway-m6/telemetry/20260831T220718p0800-m6-lan-1000', ... (24907 bytes))
1788188510: Sending PUBLISH to auto-9ACF5720-ADDF-DD07-C4E8-67E9F83C7AFD (d0, q1, r0, m831, 'vehicle/imx6ull-gateway-m6/telemetry/20260831T220718p0800-m6-lan-1000', ... (24907 bytes))
1788188510: Sending PUBACK to gatewayd-imx6ull-gateway-m6-838 (m831, rc0)
1788188510: Received PUBACK from auto-9ACF5720-ADDF-DD07-C4E8-67E9F83C7AFD (Mid: 831, RC:0)
1788188511: Received PUBLISH from gatewayd-imx6ull-gateway-m6-838 (d0, q1, r0, m832, 'vehicle/imx6ull-gateway-m6/telemetry/20260831T220718p0800-m6-lan-1000', ... (24514 bytes))
1788188511: Sending PUBLISH to auto-9ACF5720-ADDF-DD07-C4E8-67E9F83C7AFD (d0, q1, r0, m832, 'vehicle/imx6ull-gateway-m6/telemetry/20260831T220718p0800-m6-lan-1000', ... (24514 bytes))
1788188511: Sending PUBACK to gatewayd-imx6ull-gateway-m6-838 (m832, rc0)
1788188511: Received PUBACK from auto-9ACF5720-ADDF-DD07-C4E8-67E9F83C7AFD (Mid: 832, RC:0)
1788188512: Received PUBLISH from gatewayd-imx6ull-gateway-m6-838 (d0, q1, r0, m833, 'vehicle/imx6ull-gateway-m6/telemetry/20260831T220718p0800-m6-lan-1000', ... (24432 bytes))
1788188512: Sending PUBLISH to auto-9ACF5720-ADDF-DD07-C4E8-67E9F83C7AFD (d0, q1, r0, m833, 'vehicle/imx6ull-gateway-m6/telemetry/20260831T220718p0800-m6-lan-1000', ... (24432 bytes))
1788188512: Sending PUBACK to gatewayd-imx6ull-gateway-m6-838 (m833, rc0)
1788188512: Received PUBACK from auto-9ACF5720-ADDF-DD07-C4E8-67E9F83C7AFD (Mid: 833, RC:0)
1788188513: Received PUBLISH from gatewayd-imx6ull-gateway-m6-838 (d0, q1, r0, m834, 'vehicle/imx6ull-gateway-m6/telemetry/20260831T220718p0800-m6-lan-1000', ... (24526 bytes))
1788188513: Sending PUBLISH to auto-9ACF5720-ADDF-DD07-C4E8-67E9F83C7AFD (d0, q1, r0, m834, 'vehicle/imx6ull-gateway-m6/telemetry/20260831T220718p0800-m6-lan-1000', ... (24526 bytes))
1788188513: Sending PUBACK to gatewayd-imx6ull-gateway-m6-838 (m834, rc0)
1788188513: Received PUBACK from auto-9ACF5720-ADDF-DD07-C4E8-67E9F83C7AFD (Mid: 834, RC:0)
1788188514: Received PUBLISH from gatewayd-imx6ull-gateway-m6-838 (d0, q1, r0, m835, 'vehicle/imx6ull-gateway-m6/telemetry/20260831T220718p0800-m6-lan-1000', ... (24437 bytes))
1788188514: Sending PUBLISH to auto-9ACF5720-ADDF-DD07-C4E8-67E9F83C7AFD (d0, q1, r0, m835, 'vehicle/imx6ull-gateway-m6/telemetry/20260831T220718p0800-m6-lan-1000', ... (24437 bytes))
1788188514: Sending PUBACK to gatewayd-imx6ull-gateway-m6-838 (m835, rc0)
1788188514: Received PUBACK from auto-9ACF5720-ADDF-DD07-C4E8-67E9F83C7AFD (Mid: 835, RC:0)
1788188515: Received PUBLISH from gatewayd-imx6ull-gateway-m6-838 (d0, q1, r0, m836, 'vehicle/imx6ull-gateway-m6/telemetry/20260831T220718p0800-m6-lan-1000', ... (24691 bytes))
1788188515: Sending PUBLISH to auto-9ACF5720-ADDF-DD07-C4E8-67E9F83C7AFD (d0, q1, r0, m836, 'vehicle/imx6ull-gateway-m6/telemetry/20260831T220718p0800-m6-lan-1000', ... (24691 bytes))
1788188515: Sending PUBACK to gatewayd-imx6ull-gateway-m6-838 (m836, rc0)
1788188515: Received PUBACK from auto-9ACF5720-ADDF-DD07-C4E8-67E9F83C7AFD (Mid: 836, RC:0)
1788188516: Received PUBLISH from gatewayd-imx6ull-gateway-m6-838 (d0, q1, r0, m837, 'vehicle/imx6ull-gateway-m6/telemetry/20260831T220718p0800-m6-lan-1000', ... (24494 bytes))
1788188516: Sending PUBLISH to auto-9ACF5720-ADDF-DD07-C4E8-67E9F83C7AFD (d0, q1, r0, m837, 'vehicle/imx6ull-gateway-m6/telemetry/20260831T220718p0800-m6-lan-1000', ... (24494 bytes))
1788188516: Sending PUBACK to gatewayd-imx6ull-gateway-m6-838 (m837, rc0)
1788188516: Received PUBACK from auto-9ACF5720-ADDF-DD07-C4E8-67E9F83C7AFD (Mid: 837, RC:0)
1788188517: Received PUBLISH from gatewayd-imx6ull-gateway-m6-838 (d0, q1, r0, m838, 'vehicle/imx6ull-gateway-m6/telemetry/20260831T220718p0800-m6-lan-1000', ... (24220 bytes))
1788188517: Sending PUBLISH to auto-9ACF5720-ADDF-DD07-C4E8-67E9F83C7AFD (d0, q1, r0, m838, 'vehicle/imx6ull-gateway-m6/telemetry/20260831T220718p0800-m6-lan-1000', ... (24220 bytes))
1788188517: Sending PUBACK to gatewayd-imx6ull-gateway-m6-838 (m838, rc0)
1788188517: Received PUBACK from auto-9ACF5720-ADDF-DD07-C4E8-67E9F83C7AFD (Mid: 838, RC:0)
1788188518: Received PUBLISH from gatewayd-imx6ull-gateway-m6-838 (d0, q1, r0, m839, 'vehicle/imx6ull-gateway-m6/telemetry/20260831T220718p0800-m6-lan-1000', ... (24729 bytes))
1788188518: Sending PUBLISH to auto-9ACF5720-ADDF-DD07-C4E8-67E9F83C7AFD (d0, q1, r0, m839, 'vehicle/imx6ull-gateway-m6/telemetry/20260831T220718p0800-m6-lan-1000', ... (24729 bytes))
1788188518: Sending PUBACK to gatewayd-imx6ull-gateway-m6-838 (m839, rc0)
1788188518: Received PUBACK from auto-9ACF5720-ADDF-DD07-C4E8-67E9F83C7AFD (Mid: 839, RC:0)
1788188519: Received PUBLISH from gatewayd-imx6ull-gateway-m6-838 (d0, q1, r0, m840, 'vehicle/imx6ull-gateway-m6/telemetry/20260831T220718p0800-m6-lan-1000', ... (24439 bytes))
1788188519: Sending PUBLISH to auto-9ACF5720-ADDF-DD07-C4E8-67E9F83C7AFD (d0, q1, r0, m840, 'vehicle/imx6ull-gateway-m6/telemetry/20260831T220718p0800-m6-lan-1000', ... (24439 bytes))
1788188519: Sending PUBACK to gatewayd-imx6ull-gateway-m6-838 (m840, rc0)
1788188519: Received PUBACK from auto-9ACF5720-ADDF-DD07-C4E8-67E9F83C7AFD (Mid: 840, RC:0)
1788188520: Received PUBLISH from gatewayd-imx6ull-gateway-m6-838 (d0, q1, r0, m841, 'vehicle/imx6ull-gateway-m6/telemetry/20260831T220718p0800-m6-lan-1000', ... (24698 bytes))
1788188520: Sending PUBLISH to auto-9ACF5720-ADDF-DD07-C4E8-67E9F83C7AFD (d0, q1, r0, m841, 'vehicle/imx6ull-gateway-m6/telemetry/20260831T220718p0800-m6-lan-1000', ... (24698 bytes))
1788188520: Sending PUBACK to gatewayd-imx6ull-gateway-m6-838 (m841, rc0)
1788188520: Received PUBACK from auto-9ACF5720-ADDF-DD07-C4E8-67E9F83C7AFD (Mid: 841, RC:0)
1788188521: Received PUBLISH from gatewayd-imx6ull-gateway-m6-838 (d0, q1, r0, m842, 'vehicle/imx6ull-gateway-m6/telemetry/20260831T220718p0800-m6-lan-1000', ... (24487 bytes))
1788188521: Sending PUBLISH to auto-9ACF5720-ADDF-DD07-C4E8-67E9F83C7AFD (d0, q1, r0, m842, 'vehicle/imx6ull-gateway-m6/telemetry/20260831T220718p0800-m6-lan-1000', ... (24487 bytes))
1788188521: Sending PUBACK to gatewayd-imx6ull-gateway-m6-838 (m842, rc0)
1788188521: Received PUBACK from auto-9ACF5720-ADDF-DD07-C4E8-67E9F83C7AFD (Mid: 842, RC:0)
1788188522: Received PUBLISH from gatewayd-imx6ull-gateway-m6-838 (d0, q1, r0, m843, 'vehicle/imx6ull-gateway-m6/telemetry/20260831T220718p0800-m6-lan-1000', ... (24227 bytes))
1788188522: Sending PUBLISH to auto-9ACF5720-ADDF-DD07-C4E8-67E9F83C7AFD (d0, q1, r0, m843, 'vehicle/imx6ull-gateway-m6/telemetry/20260831T220718p0800-m6-lan-1000', ... (24227 bytes))
1788188522: Sending PUBACK to gatewayd-imx6ull-gateway-m6-838 (m843, rc0)
1788188522: Received PUBACK from auto-9ACF5720-ADDF-DD07-C4E8-67E9F83C7AFD (Mid: 843, RC:0)
1788188523: Received PUBLISH from gatewayd-imx6ull-gateway-m6-838 (d0, q1, r0, m844, 'vehicle/imx6ull-gateway-m6/telemetry/20260831T220718p0800-m6-lan-1000', ... (24734 bytes))
1788188523: Sending PUBLISH to auto-9ACF5720-ADDF-DD07-C4E8-67E9F83C7AFD (d0, q1, r0, m844, 'vehicle/imx6ull-gateway-m6/telemetry/20260831T220718p0800-m6-lan-1000', ... (24734 bytes))
1788188523: Sending PUBACK to gatewayd-imx6ull-gateway-m6-838 (m844, rc0)
1788188523: Received PUBACK from auto-9ACF5720-ADDF-DD07-C4E8-67E9F83C7AFD (Mid: 844, RC:0)
1788188524: Received PUBLISH from gatewayd-imx6ull-gateway-m6-838 (d0, q1, r0, m845, 'vehicle/imx6ull-gateway-m6/telemetry/20260831T220718p0800-m6-lan-1000', ... (24442 bytes))
1788188524: Sending PUBLISH to auto-9ACF5720-ADDF-DD07-C4E8-67E9F83C7AFD (d0, q1, r0, m845, 'vehicle/imx6ull-gateway-m6/telemetry/20260831T220718p0800-m6-lan-1000', ... (24442 bytes))
1788188524: Sending PUBACK to gatewayd-imx6ull-gateway-m6-838 (m845, rc0)
1788188524: Received PUBACK from auto-9ACF5720-ADDF-DD07-C4E8-67E9F83C7AFD (Mid: 845, RC:0)
1788188525: Received PUBLISH from gatewayd-imx6ull-gateway-m6-838 (d0, q1, r0, m846, 'vehicle/imx6ull-gateway-m6/telemetry/20260831T220718p0800-m6-lan-1000', ... (24716 bytes))
1788188525: Sending PUBLISH to auto-9ACF5720-ADDF-DD07-C4E8-67E9F83C7AFD (d0, q1, r0, m846, 'vehicle/imx6ull-gateway-m6/telemetry/20260831T220718p0800-m6-lan-1000', ... (24716 bytes))
1788188525: Sending PUBACK to gatewayd-imx6ull-gateway-m6-838 (m846, rc0)
1788188525: Received PUBACK from auto-9ACF5720-ADDF-DD07-C4E8-67E9F83C7AFD (Mid: 846, RC:0)
1788188526: Received PUBLISH from gatewayd-imx6ull-gateway-m6-838 (d0, q1, r0, m847, 'vehicle/imx6ull-gateway-m6/telemetry/20260831T220718p0800-m6-lan-1000', ... (24279 bytes))
1788188526: Sending PUBLISH to auto-9ACF5720-ADDF-DD07-C4E8-67E9F83C7AFD (d0, q1, r0, m847, 'vehicle/imx6ull-gateway-m6/telemetry/20260831T220718p0800-m6-lan-1000', ... (24279 bytes))
1788188526: Sending PUBACK to gatewayd-imx6ull-gateway-m6-838 (m847, rc0)
1788188526: Received PUBACK from auto-9ACF5720-ADDF-DD07-C4E8-67E9F83C7AFD (Mid: 847, RC:0)
1788188527: Received PUBLISH from gatewayd-imx6ull-gateway-m6-838 (d0, q1, r0, m848, 'vehicle/imx6ull-gateway-m6/telemetry/20260831T220718p0800-m6-lan-1000', ... (24455 bytes))
1788188527: Sending PUBLISH to auto-9ACF5720-ADDF-DD07-C4E8-67E9F83C7AFD (d0, q1, r0, m848, 'vehicle/imx6ull-gateway-m6/telemetry/20260831T220718p0800-m6-lan-1000', ... (24455 bytes))
1788188527: Sending PUBACK to gatewayd-imx6ull-gateway-m6-838 (m848, rc0)
1788188527: Received PUBACK from auto-9ACF5720-ADDF-DD07-C4E8-67E9F83C7AFD (Mid: 848, RC:0)
1788188528: Received PUBLISH from gatewayd-imx6ull-gateway-m6-838 (d0, q1, r0, m849, 'vehicle/imx6ull-gateway-m6/telemetry/20260831T220718p0800-m6-lan-1000', ... (24740 bytes))
1788188528: Sending PUBLISH to auto-9ACF5720-ADDF-DD07-C4E8-67E9F83C7AFD (d0, q1, r0, m849, 'vehicle/imx6ull-gateway-m6/telemetry/20260831T220718p0800-m6-lan-1000', ... (24740 bytes))
1788188528: Sending PUBACK to gatewayd-imx6ull-gateway-m6-838 (m849, rc0)
1788188528: Received PUBACK from auto-9ACF5720-ADDF-DD07-C4E8-67E9F83C7AFD (Mid: 849, RC:0)
1788188529: Received PUBLISH from gatewayd-imx6ull-gateway-m6-838 (d0, q1, r0, m850, 'vehicle/imx6ull-gateway-m6/telemetry/20260831T220718p0800-m6-lan-1000', ... (24435 bytes))
1788188529: Sending PUBLISH to auto-9ACF5720-ADDF-DD07-C4E8-67E9F83C7AFD (d0, q1, r0, m850, 'vehicle/imx6ull-gateway-m6/telemetry/20260831T220718p0800-m6-lan-1000', ... (24435 bytes))
1788188529: Sending PUBACK to gatewayd-imx6ull-gateway-m6-838 (m850, rc0)
1788188529: Received PUBACK from auto-9ACF5720-ADDF-DD07-C4E8-67E9F83C7AFD (Mid: 850, RC:0)
1788188530: Received PUBLISH from gatewayd-imx6ull-gateway-m6-838 (d0, q1, r0, m851, 'vehicle/imx6ull-gateway-m6/telemetry/20260831T220718p0800-m6-lan-1000', ... (24511 bytes))
1788188530: Sending PUBLISH to auto-9ACF5720-ADDF-DD07-C4E8-67E9F83C7AFD (d0, q1, r0, m851, 'vehicle/imx6ull-gateway-m6/telemetry/20260831T220718p0800-m6-lan-1000', ... (24511 bytes))
1788188530: Sending PUBACK to gatewayd-imx6ull-gateway-m6-838 (m851, rc0)
1788188530: Received PUBACK from auto-9ACF5720-ADDF-DD07-C4E8-67E9F83C7AFD (Mid: 851, RC:0)
1788188531: Received PUBLISH from gatewayd-imx6ull-gateway-m6-838 (d0, q1, r0, m852, 'vehicle/imx6ull-gateway-m6/telemetry/20260831T220718p0800-m6-lan-1000', ... (24695 bytes))
1788188531: Sending PUBLISH to auto-9ACF5720-ADDF-DD07-C4E8-67E9F83C7AFD (d0, q1, r0, m852, 'vehicle/imx6ull-gateway-m6/telemetry/20260831T220718p0800-m6-lan-1000', ... (24695 bytes))
1788188531: Sending PUBACK to gatewayd-imx6ull-gateway-m6-838 (m852, rc0)
1788188531: Received PUBACK from auto-9ACF5720-ADDF-DD07-C4E8-67E9F83C7AFD (Mid: 852, RC:0)
1788188532: Received PUBLISH from gatewayd-imx6ull-gateway-m6-838 (d0, q1, r0, m853, 'vehicle/imx6ull-gateway-m6/telemetry/20260831T220718p0800-m6-lan-1000', ... (24463 bytes))
1788188532: Sending PUBLISH to auto-9ACF5720-ADDF-DD07-C4E8-67E9F83C7AFD (d0, q1, r0, m853, 'vehicle/imx6ull-gateway-m6/telemetry/20260831T220718p0800-m6-lan-1000', ... (24463 bytes))
1788188532: Sending PUBACK to gatewayd-imx6ull-gateway-m6-838 (m853, rc0)
1788188532: Received PUBACK from auto-9ACF5720-ADDF-DD07-C4E8-67E9F83C7AFD (Mid: 853, RC:0)
1788188533: Received PUBLISH from gatewayd-imx6ull-gateway-m6-838 (d0, q1, r0, m854, 'vehicle/imx6ull-gateway-m6/telemetry/20260831T220718p0800-m6-lan-1000', ... (24528 bytes))
1788188533: Sending PUBLISH to auto-9ACF5720-ADDF-DD07-C4E8-67E9F83C7AFD (d0, q1, r0, m854, 'vehicle/imx6ull-gateway-m6/telemetry/20260831T220718p0800-m6-lan-1000', ... (24528 bytes))
1788188533: Sending PUBACK to gatewayd-imx6ull-gateway-m6-838 (m854, rc0)
1788188533: Received PUBACK from auto-9ACF5720-ADDF-DD07-C4E8-67E9F83C7AFD (Mid: 854, RC:0)
1788188534: Received PUBLISH from gatewayd-imx6ull-gateway-m6-838 (d0, q1, r0, m855, 'vehicle/imx6ull-gateway-m6/telemetry/20260831T220718p0800-m6-lan-1000', ... (24428 bytes))
1788188534: Sending PUBLISH to auto-9ACF5720-ADDF-DD07-C4E8-67E9F83C7AFD (d0, q1, r0, m855, 'vehicle/imx6ull-gateway-m6/telemetry/20260831T220718p0800-m6-lan-1000', ... (24428 bytes))
1788188534: Sending PUBACK to gatewayd-imx6ull-gateway-m6-838 (m855, rc0)
1788188534: Received PUBACK from auto-9ACF5720-ADDF-DD07-C4E8-67E9F83C7AFD (Mid: 855, RC:0)
1788188535: Received PUBLISH from gatewayd-imx6ull-gateway-m6-838 (d0, q1, r0, m856, 'vehicle/imx6ull-gateway-m6/telemetry/20260831T220718p0800-m6-lan-1000', ... (24306 bytes))
1788188535: Sending PUBLISH to auto-9ACF5720-ADDF-DD07-C4E8-67E9F83C7AFD (d0, q1, r0, m856, 'vehicle/imx6ull-gateway-m6/telemetry/20260831T220718p0800-m6-lan-1000', ... (24306 bytes))
1788188535: Sending PUBACK to gatewayd-imx6ull-gateway-m6-838 (m856, rc0)
1788188535: Received PUBACK from auto-9ACF5720-ADDF-DD07-C4E8-67E9F83C7AFD (Mid: 856, RC:0)
1788188537: Received PUBLISH from gatewayd-imx6ull-gateway-m6-838 (d0, q1, r0, m857, 'vehicle/imx6ull-gateway-m6/telemetry/20260831T220718p0800-m6-lan-1000', ... (24901 bytes))
1788188537: Sending PUBLISH to auto-9ACF5720-ADDF-DD07-C4E8-67E9F83C7AFD (d0, q1, r0, m857, 'vehicle/imx6ull-gateway-m6/telemetry/20260831T220718p0800-m6-lan-1000', ... (24901 bytes))
1788188537: Sending PUBACK to gatewayd-imx6ull-gateway-m6-838 (m857, rc0)
1788188537: Received PUBACK from auto-9ACF5720-ADDF-DD07-C4E8-67E9F83C7AFD (Mid: 857, RC:0)
1788188538: Received PUBLISH from gatewayd-imx6ull-gateway-m6-838 (d0, q1, r0, m858, 'vehicle/imx6ull-gateway-m6/telemetry/20260831T220718p0800-m6-lan-1000', ... (24469 bytes))
1788188538: Sending PUBLISH to auto-9ACF5720-ADDF-DD07-C4E8-67E9F83C7AFD (d0, q1, r0, m858, 'vehicle/imx6ull-gateway-m6/telemetry/20260831T220718p0800-m6-lan-1000', ... (24469 bytes))
1788188538: Sending PUBACK to gatewayd-imx6ull-gateway-m6-838 (m858, rc0)
1788188538: Received PUBACK from auto-9ACF5720-ADDF-DD07-C4E8-67E9F83C7AFD (Mid: 858, RC:0)
1788188539: Received PUBLISH from gatewayd-imx6ull-gateway-m6-838 (d0, q1, r0, m859, 'vehicle/imx6ull-gateway-m6/telemetry/20260831T220718p0800-m6-lan-1000', ... (24520 bytes))
1788188539: Sending PUBLISH to auto-9ACF5720-ADDF-DD07-C4E8-67E9F83C7AFD (d0, q1, r0, m859, 'vehicle/imx6ull-gateway-m6/telemetry/20260831T220718p0800-m6-lan-1000', ... (24520 bytes))
1788188539: Sending PUBACK to gatewayd-imx6ull-gateway-m6-838 (m859, rc0)
1788188539: Received PUBACK from auto-9ACF5720-ADDF-DD07-C4E8-67E9F83C7AFD (Mid: 859, RC:0)
1788188540: Received PUBLISH from gatewayd-imx6ull-gateway-m6-838 (d0, q1, r0, m860, 'vehicle/imx6ull-gateway-m6/telemetry/20260831T220718p0800-m6-lan-1000', ... (24616 bytes))
1788188540: Sending PUBLISH to auto-9ACF5720-ADDF-DD07-C4E8-67E9F83C7AFD (d0, q1, r0, m860, 'vehicle/imx6ull-gateway-m6/telemetry/20260831T220718p0800-m6-lan-1000', ... (24616 bytes))
1788188540: Sending PUBACK to gatewayd-imx6ull-gateway-m6-838 (m860, rc0)
1788188540: Received PUBACK from auto-9ACF5720-ADDF-DD07-C4E8-67E9F83C7AFD (Mid: 860, RC:0)
1788188541: Received PUBLISH from gatewayd-imx6ull-gateway-m6-838 (d0, q1, r0, m861, 'vehicle/imx6ull-gateway-m6/telemetry/20260831T220718p0800-m6-lan-1000', ... (24515 bytes))
1788188541: Sending PUBLISH to auto-9ACF5720-ADDF-DD07-C4E8-67E9F83C7AFD (d0, q1, r0, m861, 'vehicle/imx6ull-gateway-m6/telemetry/20260831T220718p0800-m6-lan-1000', ... (24515 bytes))
1788188541: Sending PUBACK to gatewayd-imx6ull-gateway-m6-838 (m861, rc0)
1788188541: Received PUBACK from auto-9ACF5720-ADDF-DD07-C4E8-67E9F83C7AFD (Mid: 861, RC:0)
1788188542: Received PUBLISH from gatewayd-imx6ull-gateway-m6-838 (d0, q1, r0, m862, 'vehicle/imx6ull-gateway-m6/telemetry/20260831T220718p0800-m6-lan-1000', ... (24670 bytes))
1788188542: Sending PUBLISH to auto-9ACF5720-ADDF-DD07-C4E8-67E9F83C7AFD (d0, q1, r0, m862, 'vehicle/imx6ull-gateway-m6/telemetry/20260831T220718p0800-m6-lan-1000', ... (24670 bytes))
1788188542: Sending PUBACK to gatewayd-imx6ull-gateway-m6-838 (m862, rc0)
1788188542: Received PUBACK from auto-9ACF5720-ADDF-DD07-C4E8-67E9F83C7AFD (Mid: 862, RC:0)
1788188543: Received PUBLISH from gatewayd-imx6ull-gateway-m6-838 (d0, q1, r0, m863, 'vehicle/imx6ull-gateway-m6/telemetry/20260831T220718p0800-m6-lan-1000', ... (24467 bytes))
1788188543: Sending PUBLISH to auto-9ACF5720-ADDF-DD07-C4E8-67E9F83C7AFD (d0, q1, r0, m863, 'vehicle/imx6ull-gateway-m6/telemetry/20260831T220718p0800-m6-lan-1000', ... (24467 bytes))
1788188543: Sending PUBACK to gatewayd-imx6ull-gateway-m6-838 (m863, rc0)
1788188543: Received PUBACK from auto-9ACF5720-ADDF-DD07-C4E8-67E9F83C7AFD (Mid: 863, RC:0)
1788188544: Received PUBLISH from gatewayd-imx6ull-gateway-m6-838 (d0, q1, r0, m864, 'vehicle/imx6ull-gateway-m6/telemetry/20260831T220718p0800-m6-lan-1000', ... (24306 bytes))
1788188544: Sending PUBLISH to auto-9ACF5720-ADDF-DD07-C4E8-67E9F83C7AFD (d0, q1, r0, m864, 'vehicle/imx6ull-gateway-m6/telemetry/20260831T220718p0800-m6-lan-1000', ... (24306 bytes))
1788188544: Sending PUBACK to gatewayd-imx6ull-gateway-m6-838 (m864, rc0)
1788188544: Received PUBACK from auto-9ACF5720-ADDF-DD07-C4E8-67E9F83C7AFD (Mid: 864, RC:0)
1788188545: Received PUBLISH from gatewayd-imx6ull-gateway-m6-838 (d0, q1, r0, m865, 'vehicle/imx6ull-gateway-m6/telemetry/20260831T220718p0800-m6-lan-1000', ... (24619 bytes))
1788188545: Sending PUBLISH to auto-9ACF5720-ADDF-DD07-C4E8-67E9F83C7AFD (d0, q1, r0, m865, 'vehicle/imx6ull-gateway-m6/telemetry/20260831T220718p0800-m6-lan-1000', ... (24619 bytes))
1788188545: Sending PUBACK to gatewayd-imx6ull-gateway-m6-838 (m865, rc0)
1788188545: Received PUBACK from auto-9ACF5720-ADDF-DD07-C4E8-67E9F83C7AFD (Mid: 865, RC:0)
1788188546: Received PUBLISH from gatewayd-imx6ull-gateway-m6-838 (d0, q1, r0, m866, 'vehicle/imx6ull-gateway-m6/telemetry/20260831T220718p0800-m6-lan-1000', ... (24518 bytes))
1788188546: Sending PUBLISH to auto-9ACF5720-ADDF-DD07-C4E8-67E9F83C7AFD (d0, q1, r0, m866, 'vehicle/imx6ull-gateway-m6/telemetry/20260831T220718p0800-m6-lan-1000', ... (24518 bytes))
1788188546: Sending PUBACK to gatewayd-imx6ull-gateway-m6-838 (m866, rc0)
1788188546: Received PUBACK from auto-9ACF5720-ADDF-DD07-C4E8-67E9F83C7AFD (Mid: 866, RC:0)
1788188547: Received PUBLISH from gatewayd-imx6ull-gateway-m6-838 (d0, q1, r0, m867, 'vehicle/imx6ull-gateway-m6/telemetry/20260831T220718p0800-m6-lan-1000', ... (24671 bytes))
1788188547: Sending PUBLISH to auto-9ACF5720-ADDF-DD07-C4E8-67E9F83C7AFD (d0, q1, r0, m867, 'vehicle/imx6ull-gateway-m6/telemetry/20260831T220718p0800-m6-lan-1000', ... (24671 bytes))
1788188547: Sending PUBACK to gatewayd-imx6ull-gateway-m6-838 (m867, rc0)
1788188547: Received PUBACK from auto-9ACF5720-ADDF-DD07-C4E8-67E9F83C7AFD (Mid: 867, RC:0)
1788188548: Received PUBLISH from gatewayd-imx6ull-gateway-m6-838 (d0, q1, r0, m868, 'vehicle/imx6ull-gateway-m6/telemetry/20260831T220718p0800-m6-lan-1000', ... (24591 bytes))
1788188548: Sending PUBLISH to auto-9ACF5720-ADDF-DD07-C4E8-67E9F83C7AFD (d0, q1, r0, m868, 'vehicle/imx6ull-gateway-m6/telemetry/20260831T220718p0800-m6-lan-1000', ... (24591 bytes))
1788188548: Sending PUBACK to gatewayd-imx6ull-gateway-m6-838 (m868, rc0)
1788188548: Received PUBACK from auto-9ACF5720-ADDF-DD07-C4E8-67E9F83C7AFD (Mid: 868, RC:0)
1788188549: Received PUBLISH from gatewayd-imx6ull-gateway-m6-838 (d0, q1, r0, m869, 'vehicle/imx6ull-gateway-m6/telemetry/20260831T220718p0800-m6-lan-1000', ... (24416 bytes))
1788188549: Sending PUBLISH to auto-9ACF5720-ADDF-DD07-C4E8-67E9F83C7AFD (d0, q1, r0, m869, 'vehicle/imx6ull-gateway-m6/telemetry/20260831T220718p0800-m6-lan-1000', ... (24416 bytes))
1788188549: Sending PUBACK to gatewayd-imx6ull-gateway-m6-838 (m869, rc0)
1788188549: Received PUBACK from auto-9ACF5720-ADDF-DD07-C4E8-67E9F83C7AFD (Mid: 869, RC:0)
1788188550: Received PUBLISH from gatewayd-imx6ull-gateway-m6-838 (d0, q1, r0, m870, 'vehicle/imx6ull-gateway-m6/telemetry/20260831T220718p0800-m6-lan-1000', ... (24762 bytes))
1788188550: Sending PUBLISH to auto-9ACF5720-ADDF-DD07-C4E8-67E9F83C7AFD (d0, q1, r0, m870, 'vehicle/imx6ull-gateway-m6/telemetry/20260831T220718p0800-m6-lan-1000', ... (24762 bytes))
1788188550: Sending PUBACK to gatewayd-imx6ull-gateway-m6-838 (m870, rc0)
1788188550: Received PUBACK from auto-9ACF5720-ADDF-DD07-C4E8-67E9F83C7AFD (Mid: 870, RC:0)
1788188551: Received PUBLISH from gatewayd-imx6ull-gateway-m6-838 (d0, q1, r0, m871, 'vehicle/imx6ull-gateway-m6/telemetry/20260831T220718p0800-m6-lan-1000', ... (24645 bytes))
1788188551: Sending PUBLISH to auto-9ACF5720-ADDF-DD07-C4E8-67E9F83C7AFD (d0, q1, r0, m871, 'vehicle/imx6ull-gateway-m6/telemetry/20260831T220718p0800-m6-lan-1000', ... (24645 bytes))
1788188551: Sending PUBACK to gatewayd-imx6ull-gateway-m6-838 (m871, rc0)
1788188551: Received PUBACK from auto-9ACF5720-ADDF-DD07-C4E8-67E9F83C7AFD (Mid: 871, RC:0)
1788188552: Received PUBLISH from gatewayd-imx6ull-gateway-m6-838 (d0, q1, r0, m872, 'vehicle/imx6ull-gateway-m6/telemetry/20260831T220718p0800-m6-lan-1000', ... (24572 bytes))
1788188552: Sending PUBLISH to auto-9ACF5720-ADDF-DD07-C4E8-67E9F83C7AFD (d0, q1, r0, m872, 'vehicle/imx6ull-gateway-m6/telemetry/20260831T220718p0800-m6-lan-1000', ... (24572 bytes))
1788188552: Sending PUBACK to gatewayd-imx6ull-gateway-m6-838 (m872, rc0)
1788188552: Received PUBACK from auto-9ACF5720-ADDF-DD07-C4E8-67E9F83C7AFD (Mid: 872, RC:0)
1788188553: Received PUBLISH from gatewayd-imx6ull-gateway-m6-838 (d0, q1, r0, m873, 'vehicle/imx6ull-gateway-m6/telemetry/20260831T220718p0800-m6-lan-1000', ... (24608 bytes))
1788188553: Sending PUBLISH to auto-9ACF5720-ADDF-DD07-C4E8-67E9F83C7AFD (d0, q1, r0, m873, 'vehicle/imx6ull-gateway-m6/telemetry/20260831T220718p0800-m6-lan-1000', ... (24608 bytes))
1788188553: Sending PUBACK to gatewayd-imx6ull-gateway-m6-838 (m873, rc0)
1788188553: Received PUBACK from auto-9ACF5720-ADDF-DD07-C4E8-67E9F83C7AFD (Mid: 873, RC:0)
1788188554: Received PUBLISH from gatewayd-imx6ull-gateway-m6-838 (d0, q1, r0, m874, 'vehicle/imx6ull-gateway-m6/telemetry/20260831T220718p0800-m6-lan-1000', ... (24621 bytes))
1788188554: Sending PUBLISH to auto-9ACF5720-ADDF-DD07-C4E8-67E9F83C7AFD (d0, q1, r0, m874, 'vehicle/imx6ull-gateway-m6/telemetry/20260831T220718p0800-m6-lan-1000', ... (24621 bytes))
1788188554: Sending PUBACK to gatewayd-imx6ull-gateway-m6-838 (m874, rc0)
1788188554: Received PUBACK from auto-9ACF5720-ADDF-DD07-C4E8-67E9F83C7AFD (Mid: 874, RC:0)
1788188555: Received PUBLISH from gatewayd-imx6ull-gateway-m6-838 (d0, q1, r0, m875, 'vehicle/imx6ull-gateway-m6/telemetry/20260831T220718p0800-m6-lan-1000', ... (24772 bytes))
1788188555: Sending PUBLISH to auto-9ACF5720-ADDF-DD07-C4E8-67E9F83C7AFD (d0, q1, r0, m875, 'vehicle/imx6ull-gateway-m6/telemetry/20260831T220718p0800-m6-lan-1000', ... (24772 bytes))
1788188555: Sending PUBACK to gatewayd-imx6ull-gateway-m6-838 (m875, rc0)
1788188555: Received PUBACK from auto-9ACF5720-ADDF-DD07-C4E8-67E9F83C7AFD (Mid: 875, RC:0)
1788188556: Received PUBLISH from gatewayd-imx6ull-gateway-m6-838 (d0, q1, r0, m876, 'vehicle/imx6ull-gateway-m6/telemetry/20260831T220718p0800-m6-lan-1000', ... (24645 bytes))
1788188556: Sending PUBLISH to auto-9ACF5720-ADDF-DD07-C4E8-67E9F83C7AFD (d0, q1, r0, m876, 'vehicle/imx6ull-gateway-m6/telemetry/20260831T220718p0800-m6-lan-1000', ... (24645 bytes))
1788188556: Sending PUBACK to gatewayd-imx6ull-gateway-m6-838 (m876, rc0)
1788188556: Received PUBACK from auto-9ACF5720-ADDF-DD07-C4E8-67E9F83C7AFD (Mid: 876, RC:0)
1788188557: Received PUBLISH from gatewayd-imx6ull-gateway-m6-838 (d0, q1, r0, m877, 'vehicle/imx6ull-gateway-m6/telemetry/20260831T220718p0800-m6-lan-1000', ... (24353 bytes))
1788188557: Sending PUBLISH to auto-9ACF5720-ADDF-DD07-C4E8-67E9F83C7AFD (d0, q1, r0, m877, 'vehicle/imx6ull-gateway-m6/telemetry/20260831T220718p0800-m6-lan-1000', ... (24353 bytes))
1788188557: Sending PUBACK to gatewayd-imx6ull-gateway-m6-838 (m877, rc0)
1788188557: Received PUBACK from auto-9ACF5720-ADDF-DD07-C4E8-67E9F83C7AFD (Mid: 877, RC:0)
1788188558: Received PUBLISH from gatewayd-imx6ull-gateway-m6-838 (d0, q1, r0, m878, 'vehicle/imx6ull-gateway-m6/telemetry/20260831T220718p0800-m6-lan-1000', ... (24827 bytes))
1788188558: Sending PUBLISH to auto-9ACF5720-ADDF-DD07-C4E8-67E9F83C7AFD (d0, q1, r0, m878, 'vehicle/imx6ull-gateway-m6/telemetry/20260831T220718p0800-m6-lan-1000', ... (24827 bytes))
1788188558: Sending PUBACK to gatewayd-imx6ull-gateway-m6-838 (m878, rc0)
1788188558: Received PUBACK from auto-9ACF5720-ADDF-DD07-C4E8-67E9F83C7AFD (Mid: 878, RC:0)
1788188559: Received PUBLISH from gatewayd-imx6ull-gateway-m6-838 (d0, q1, r0, m879, 'vehicle/imx6ull-gateway-m6/telemetry/20260831T220718p0800-m6-lan-1000', ... (24402 bytes))
1788188559: Sending PUBLISH to auto-9ACF5720-ADDF-DD07-C4E8-67E9F83C7AFD (d0, q1, r0, m879, 'vehicle/imx6ull-gateway-m6/telemetry/20260831T220718p0800-m6-lan-1000', ... (24402 bytes))
1788188559: Sending PUBACK to gatewayd-imx6ull-gateway-m6-838 (m879, rc0)
1788188559: Received PUBACK from auto-9ACF5720-ADDF-DD07-C4E8-67E9F83C7AFD (Mid: 879, RC:0)
1788188560: Received PUBLISH from gatewayd-imx6ull-gateway-m6-838 (d0, q1, r0, m880, 'vehicle/imx6ull-gateway-m6/telemetry/20260831T220718p0800-m6-lan-1000', ... (24565 bytes))
1788188560: Sending PUBLISH to auto-9ACF5720-ADDF-DD07-C4E8-67E9F83C7AFD (d0, q1, r0, m880, 'vehicle/imx6ull-gateway-m6/telemetry/20260831T220718p0800-m6-lan-1000', ... (24565 bytes))
1788188560: Sending PUBACK to gatewayd-imx6ull-gateway-m6-838 (m880, rc0)
1788188560: Received PUBACK from auto-9ACF5720-ADDF-DD07-C4E8-67E9F83C7AFD (Mid: 880, RC:0)
1788188561: Received PUBLISH from gatewayd-imx6ull-gateway-m6-838 (d0, q1, r0, m881, 'vehicle/imx6ull-gateway-m6/telemetry/20260831T220718p0800-m6-lan-1000', ... (24645 bytes))
1788188561: Sending PUBLISH to auto-9ACF5720-ADDF-DD07-C4E8-67E9F83C7AFD (d0, q1, r0, m881, 'vehicle/imx6ull-gateway-m6/telemetry/20260831T220718p0800-m6-lan-1000', ... (24645 bytes))
1788188561: Sending PUBACK to gatewayd-imx6ull-gateway-m6-838 (m881, rc0)
1788188561: Received PUBACK from auto-9ACF5720-ADDF-DD07-C4E8-67E9F83C7AFD (Mid: 881, RC:0)
1788188562: Received PUBLISH from gatewayd-imx6ull-gateway-m6-838 (d0, q1, r0, m882, 'vehicle/imx6ull-gateway-m6/telemetry/20260831T220718p0800-m6-lan-1000', ... (24560 bytes))
1788188562: Sending PUBLISH to auto-9ACF5720-ADDF-DD07-C4E8-67E9F83C7AFD (d0, q1, r0, m882, 'vehicle/imx6ull-gateway-m6/telemetry/20260831T220718p0800-m6-lan-1000', ... (24560 bytes))
1788188562: Sending PUBACK to gatewayd-imx6ull-gateway-m6-838 (m882, rc0)
1788188562: Received PUBACK from auto-9ACF5720-ADDF-DD07-C4E8-67E9F83C7AFD (Mid: 882, RC:0)
1788188564: Received PUBLISH from gatewayd-imx6ull-gateway-m6-838 (d0, q1, r0, m883, 'vehicle/imx6ull-gateway-m6/telemetry/20260831T220718p0800-m6-lan-1000', ... (24620 bytes))
1788188564: Sending PUBLISH to auto-9ACF5720-ADDF-DD07-C4E8-67E9F83C7AFD (d0, q1, r0, m883, 'vehicle/imx6ull-gateway-m6/telemetry/20260831T220718p0800-m6-lan-1000', ... (24620 bytes))
1788188564: Sending PUBACK to gatewayd-imx6ull-gateway-m6-838 (m883, rc0)
1788188564: Received PUBACK from auto-9ACF5720-ADDF-DD07-C4E8-67E9F83C7AFD (Mid: 883, RC:0)
1788188565: Received PUBLISH from gatewayd-imx6ull-gateway-m6-838 (d0, q1, r0, m884, 'vehicle/imx6ull-gateway-m6/telemetry/20260831T220718p0800-m6-lan-1000', ... (25018 bytes))
1788188565: Sending PUBLISH to auto-9ACF5720-ADDF-DD07-C4E8-67E9F83C7AFD (d0, q1, r0, m884, 'vehicle/imx6ull-gateway-m6/telemetry/20260831T220718p0800-m6-lan-1000', ... (25018 bytes))
1788188565: Sending PUBACK to gatewayd-imx6ull-gateway-m6-838 (m884, rc0)
1788188565: Received PUBACK from auto-9ACF5720-ADDF-DD07-C4E8-67E9F83C7AFD (Mid: 884, RC:0)
1788188566: Received PUBLISH from gatewayd-imx6ull-gateway-m6-838 (d0, q1, r0, m885, 'vehicle/imx6ull-gateway-m6/telemetry/20260831T220718p0800-m6-lan-1000', ... (24347 bytes))
1788188566: Sending PUBLISH to auto-9ACF5720-ADDF-DD07-C4E8-67E9F83C7AFD (d0, q1, r0, m885, 'vehicle/imx6ull-gateway-m6/telemetry/20260831T220718p0800-m6-lan-1000', ... (24347 bytes))
1788188566: Sending PUBACK to gatewayd-imx6ull-gateway-m6-838 (m885, rc0)
1788188566: Received PUBACK from auto-9ACF5720-ADDF-DD07-C4E8-67E9F83C7AFD (Mid: 885, RC:0)
1788188567: Received PUBLISH from gatewayd-imx6ull-gateway-m6-838 (d0, q1, r0, m886, 'vehicle/imx6ull-gateway-m6/telemetry/20260831T220718p0800-m6-lan-1000', ... (24847 bytes))
1788188567: Sending PUBLISH to auto-9ACF5720-ADDF-DD07-C4E8-67E9F83C7AFD (d0, q1, r0, m886, 'vehicle/imx6ull-gateway-m6/telemetry/20260831T220718p0800-m6-lan-1000', ... (24847 bytes))
1788188567: Sending PUBACK to gatewayd-imx6ull-gateway-m6-838 (m886, rc0)
1788188567: Received PUBACK from auto-9ACF5720-ADDF-DD07-C4E8-67E9F83C7AFD (Mid: 886, RC:0)
1788188568: Received PUBLISH from gatewayd-imx6ull-gateway-m6-838 (d0, q1, r0, m887, 'vehicle/imx6ull-gateway-m6/telemetry/20260831T220718p0800-m6-lan-1000', ... (24331 bytes))
1788188568: Sending PUBLISH to auto-9ACF5720-ADDF-DD07-C4E8-67E9F83C7AFD (d0, q1, r0, m887, 'vehicle/imx6ull-gateway-m6/telemetry/20260831T220718p0800-m6-lan-1000', ... (24331 bytes))
1788188568: Sending PUBACK to gatewayd-imx6ull-gateway-m6-838 (m887, rc0)
1788188568: Received PUBACK from auto-9ACF5720-ADDF-DD07-C4E8-67E9F83C7AFD (Mid: 887, RC:0)
1788188569: Received PUBLISH from gatewayd-imx6ull-gateway-m6-838 (d0, q1, r0, m888, 'vehicle/imx6ull-gateway-m6/telemetry/20260831T220718p0800-m6-lan-1000', ... (24616 bytes))
1788188569: Sending PUBLISH to auto-9ACF5720-ADDF-DD07-C4E8-67E9F83C7AFD (d0, q1, r0, m888, 'vehicle/imx6ull-gateway-m6/telemetry/20260831T220718p0800-m6-lan-1000', ... (24616 bytes))
1788188569: Sending PUBACK to gatewayd-imx6ull-gateway-m6-838 (m888, rc0)
1788188569: Received PUBACK from auto-9ACF5720-ADDF-DD07-C4E8-67E9F83C7AFD (Mid: 888, RC:0)
1788188570: Received PUBLISH from gatewayd-imx6ull-gateway-m6-838 (d0, q1, r0, m889, 'vehicle/imx6ull-gateway-m6/telemetry/20260831T220718p0800-m6-lan-1000', ... (24804 bytes))
1788188570: Sending PUBLISH to auto-9ACF5720-ADDF-DD07-C4E8-67E9F83C7AFD (d0, q1, r0, m889, 'vehicle/imx6ull-gateway-m6/telemetry/20260831T220718p0800-m6-lan-1000', ... (24804 bytes))
1788188570: Sending PUBACK to gatewayd-imx6ull-gateway-m6-838 (m889, rc0)
1788188570: Received PUBACK from auto-9ACF5720-ADDF-DD07-C4E8-67E9F83C7AFD (Mid: 889, RC:0)
1788188571: Received PUBLISH from gatewayd-imx6ull-gateway-m6-838 (d0, q1, r0, m890, 'vehicle/imx6ull-gateway-m6/telemetry/20260831T220718p0800-m6-lan-1000', ... (24568 bytes))
1788188571: Sending PUBLISH to auto-9ACF5720-ADDF-DD07-C4E8-67E9F83C7AFD (d0, q1, r0, m890, 'vehicle/imx6ull-gateway-m6/telemetry/20260831T220718p0800-m6-lan-1000', ... (24568 bytes))
1788188571: Sending PUBACK to gatewayd-imx6ull-gateway-m6-838 (m890, rc0)
1788188571: Received PUBACK from auto-9ACF5720-ADDF-DD07-C4E8-67E9F83C7AFD (Mid: 890, RC:0)
1788188572: Received PUBLISH from gatewayd-imx6ull-gateway-m6-838 (d0, q1, r0, m891, 'vehicle/imx6ull-gateway-m6/telemetry/20260831T220718p0800-m6-lan-1000', ... (24422 bytes))
1788188572: Sending PUBLISH to auto-9ACF5720-ADDF-DD07-C4E8-67E9F83C7AFD (d0, q1, r0, m891, 'vehicle/imx6ull-gateway-m6/telemetry/20260831T220718p0800-m6-lan-1000', ... (24422 bytes))
1788188572: Sending PUBACK to gatewayd-imx6ull-gateway-m6-838 (m891, rc0)
1788188572: Received PUBACK from auto-9ACF5720-ADDF-DD07-C4E8-67E9F83C7AFD (Mid: 891, RC:0)
1788188573: Received PUBLISH from gatewayd-imx6ull-gateway-m6-838 (d0, q1, r0, m892, 'vehicle/imx6ull-gateway-m6/telemetry/20260831T220718p0800-m6-lan-1000', ... (24749 bytes))
1788188573: Sending PUBLISH to auto-9ACF5720-ADDF-DD07-C4E8-67E9F83C7AFD (d0, q1, r0, m892, 'vehicle/imx6ull-gateway-m6/telemetry/20260831T220718p0800-m6-lan-1000', ... (24749 bytes))
1788188573: Sending PUBACK to gatewayd-imx6ull-gateway-m6-838 (m892, rc0)
1788188573: Received PUBACK from auto-9ACF5720-ADDF-DD07-C4E8-67E9F83C7AFD (Mid: 892, RC:0)
1788188574: Received PUBLISH from gatewayd-imx6ull-gateway-m6-838 (d0, q1, r0, m893, 'vehicle/imx6ull-gateway-m6/telemetry/20260831T220718p0800-m6-lan-1000', ... (24624 bytes))
1788188574: Sending PUBLISH to auto-9ACF5720-ADDF-DD07-C4E8-67E9F83C7AFD (d0, q1, r0, m893, 'vehicle/imx6ull-gateway-m6/telemetry/20260831T220718p0800-m6-lan-1000', ... (24624 bytes))
1788188574: Sending PUBACK to gatewayd-imx6ull-gateway-m6-838 (m893, rc0)
1788188574: Received PUBACK from auto-9ACF5720-ADDF-DD07-C4E8-67E9F83C7AFD (Mid: 893, RC:0)
1788188575: Received PUBLISH from gatewayd-imx6ull-gateway-m6-838 (d0, q1, r0, m894, 'vehicle/imx6ull-gateway-m6/telemetry/20260831T220718p0800-m6-lan-1000', ... (24808 bytes))
1788188575: Sending PUBLISH to auto-9ACF5720-ADDF-DD07-C4E8-67E9F83C7AFD (d0, q1, r0, m894, 'vehicle/imx6ull-gateway-m6/telemetry/20260831T220718p0800-m6-lan-1000', ... (24808 bytes))
1788188575: Sending PUBACK to gatewayd-imx6ull-gateway-m6-838 (m894, rc0)
1788188575: Received PUBACK from auto-9ACF5720-ADDF-DD07-C4E8-67E9F83C7AFD (Mid: 894, RC:0)
1788188576: Received PUBLISH from gatewayd-imx6ull-gateway-m6-838 (d0, q1, r0, m895, 'vehicle/imx6ull-gateway-m6/telemetry/20260831T220718p0800-m6-lan-1000', ... (24372 bytes))
1788188576: Sending PUBLISH to auto-9ACF5720-ADDF-DD07-C4E8-67E9F83C7AFD (d0, q1, r0, m895, 'vehicle/imx6ull-gateway-m6/telemetry/20260831T220718p0800-m6-lan-1000', ... (24372 bytes))
1788188576: Sending PUBACK to gatewayd-imx6ull-gateway-m6-838 (m895, rc0)
1788188576: Received PUBACK from auto-9ACF5720-ADDF-DD07-C4E8-67E9F83C7AFD (Mid: 895, RC:0)
1788188577: Received PUBLISH from gatewayd-imx6ull-gateway-m6-838 (d0, q1, r0, m896, 'vehicle/imx6ull-gateway-m6/telemetry/20260831T220718p0800-m6-lan-1000', ... (24645 bytes))
1788188577: Sending PUBLISH to auto-9ACF5720-ADDF-DD07-C4E8-67E9F83C7AFD (d0, q1, r0, m896, 'vehicle/imx6ull-gateway-m6/telemetry/20260831T220718p0800-m6-lan-1000', ... (24645 bytes))
1788188577: Sending PUBACK to gatewayd-imx6ull-gateway-m6-838 (m896, rc0)
1788188577: Received PUBACK from auto-9ACF5720-ADDF-DD07-C4E8-67E9F83C7AFD (Mid: 896, RC:0)
1788188578: Received PUBLISH from gatewayd-imx6ull-gateway-m6-838 (d0, q1, r0, m897, 'vehicle/imx6ull-gateway-m6/telemetry/20260831T220718p0800-m6-lan-1000', ... (24541 bytes))
1788188578: Sending PUBLISH to auto-9ACF5720-ADDF-DD07-C4E8-67E9F83C7AFD (d0, q1, r0, m897, 'vehicle/imx6ull-gateway-m6/telemetry/20260831T220718p0800-m6-lan-1000', ... (24541 bytes))
1788188578: Sending PUBACK to gatewayd-imx6ull-gateway-m6-838 (m897, rc0)
1788188578: Received PUBACK from auto-9ACF5720-ADDF-DD07-C4E8-67E9F83C7AFD (Mid: 897, RC:0)
1788188579: Received PUBLISH from gatewayd-imx6ull-gateway-m6-838 (d0, q1, r0, m898, 'vehicle/imx6ull-gateway-m6/telemetry/20260831T220718p0800-m6-lan-1000', ... (24639 bytes))
1788188579: Sending PUBLISH to auto-9ACF5720-ADDF-DD07-C4E8-67E9F83C7AFD (d0, q1, r0, m898, 'vehicle/imx6ull-gateway-m6/telemetry/20260831T220718p0800-m6-lan-1000', ... (24639 bytes))
1788188579: Sending PUBACK to gatewayd-imx6ull-gateway-m6-838 (m898, rc0)
1788188579: Received PUBACK from auto-9ACF5720-ADDF-DD07-C4E8-67E9F83C7AFD (Mid: 898, RC:0)
1788188580: Received PUBLISH from gatewayd-imx6ull-gateway-m6-838 (d0, q1, r0, m899, 'vehicle/imx6ull-gateway-m6/telemetry/20260831T220718p0800-m6-lan-1000', ... (24377 bytes))
1788188580: Sending PUBLISH to auto-9ACF5720-ADDF-DD07-C4E8-67E9F83C7AFD (d0, q1, r0, m899, 'vehicle/imx6ull-gateway-m6/telemetry/20260831T220718p0800-m6-lan-1000', ... (24377 bytes))
1788188580: Sending PUBACK to gatewayd-imx6ull-gateway-m6-838 (m899, rc0)
1788188580: Received PUBACK from auto-9ACF5720-ADDF-DD07-C4E8-67E9F83C7AFD (Mid: 899, RC:0)
1788188581: Received PUBLISH from gatewayd-imx6ull-gateway-m6-838 (d0, q1, r0, m900, 'vehicle/imx6ull-gateway-m6/telemetry/20260831T220718p0800-m6-lan-1000', ... (24803 bytes))
1788188581: Sending PUBLISH to auto-9ACF5720-ADDF-DD07-C4E8-67E9F83C7AFD (d0, q1, r0, m900, 'vehicle/imx6ull-gateway-m6/telemetry/20260831T220718p0800-m6-lan-1000', ... (24803 bytes))
1788188581: Sending PUBACK to gatewayd-imx6ull-gateway-m6-838 (m900, rc0)
1788188581: Received PUBACK from auto-9ACF5720-ADDF-DD07-C4E8-67E9F83C7AFD (Mid: 900, RC:0)
1788188582: Received PUBLISH from gatewayd-imx6ull-gateway-m6-838 (d0, q1, r0, m901, 'vehicle/imx6ull-gateway-m6/telemetry/20260831T220718p0800-m6-lan-1000', ... (24645 bytes))
1788188582: Sending PUBLISH to auto-9ACF5720-ADDF-DD07-C4E8-67E9F83C7AFD (d0, q1, r0, m901, 'vehicle/imx6ull-gateway-m6/telemetry/20260831T220718p0800-m6-lan-1000', ... (24645 bytes))
1788188582: Sending PUBACK to gatewayd-imx6ull-gateway-m6-838 (m901, rc0)
1788188582: Received PUBACK from auto-9ACF5720-ADDF-DD07-C4E8-67E9F83C7AFD (Mid: 901, RC:0)
1788188583: Received PUBLISH from gatewayd-imx6ull-gateway-m6-838 (d0, q1, r0, m902, 'vehicle/imx6ull-gateway-m6/telemetry/20260831T220718p0800-m6-lan-1000', ... (24535 bytes))
1788188583: Sending PUBLISH to auto-9ACF5720-ADDF-DD07-C4E8-67E9F83C7AFD (d0, q1, r0, m902, 'vehicle/imx6ull-gateway-m6/telemetry/20260831T220718p0800-m6-lan-1000', ... (24535 bytes))
1788188583: Sending PUBACK to gatewayd-imx6ull-gateway-m6-838 (m902, rc0)
1788188583: Received PUBACK from auto-9ACF5720-ADDF-DD07-C4E8-67E9F83C7AFD (Mid: 902, RC:0)
1788188584: Received PUBLISH from gatewayd-imx6ull-gateway-m6-838 (d0, q1, r0, m903, 'vehicle/imx6ull-gateway-m6/telemetry/20260831T220718p0800-m6-lan-1000', ... (24645 bytes))
1788188584: Sending PUBLISH to auto-9ACF5720-ADDF-DD07-C4E8-67E9F83C7AFD (d0, q1, r0, m903, 'vehicle/imx6ull-gateway-m6/telemetry/20260831T220718p0800-m6-lan-1000', ... (24645 bytes))
1788188584: Sending PUBACK to gatewayd-imx6ull-gateway-m6-838 (m903, rc0)
1788188584: Received PUBACK from auto-9ACF5720-ADDF-DD07-C4E8-67E9F83C7AFD (Mid: 903, RC:0)
1788188585: Received PUBLISH from gatewayd-imx6ull-gateway-m6-838 (d0, q1, r0, m904, 'vehicle/imx6ull-gateway-m6/telemetry/20260831T220718p0800-m6-lan-1000', ... (24583 bytes))
1788188585: Sending PUBLISH to auto-9ACF5720-ADDF-DD07-C4E8-67E9F83C7AFD (d0, q1, r0, m904, 'vehicle/imx6ull-gateway-m6/telemetry/20260831T220718p0800-m6-lan-1000', ... (24583 bytes))
1788188585: Sending PUBACK to gatewayd-imx6ull-gateway-m6-838 (m904, rc0)
1788188585: Received PUBACK from auto-9ACF5720-ADDF-DD07-C4E8-67E9F83C7AFD (Mid: 904, RC:0)
1788188586: Received PUBLISH from gatewayd-imx6ull-gateway-m6-838 (d0, q1, r0, m905, 'vehicle/imx6ull-gateway-m6/telemetry/20260831T220718p0800-m6-lan-1000', ... (24384 bytes))
1788188586: Sending PUBLISH to auto-9ACF5720-ADDF-DD07-C4E8-67E9F83C7AFD (d0, q1, r0, m905, 'vehicle/imx6ull-gateway-m6/telemetry/20260831T220718p0800-m6-lan-1000', ... (24384 bytes))
1788188586: Sending PUBACK to gatewayd-imx6ull-gateway-m6-838 (m905, rc0)
1788188586: Received PUBACK from auto-9ACF5720-ADDF-DD07-C4E8-67E9F83C7AFD (Mid: 905, RC:0)
1788188587: Received PUBLISH from gatewayd-imx6ull-gateway-m6-838 (d0, q1, r0, m906, 'vehicle/imx6ull-gateway-m6/telemetry/20260831T220718p0800-m6-lan-1000', ... (24852 bytes))
1788188587: Sending PUBLISH to auto-9ACF5720-ADDF-DD07-C4E8-67E9F83C7AFD (d0, q1, r0, m906, 'vehicle/imx6ull-gateway-m6/telemetry/20260831T220718p0800-m6-lan-1000', ... (24852 bytes))
1788188587: Sending PUBACK to gatewayd-imx6ull-gateway-m6-838 (m906, rc0)
1788188587: Received PUBACK from auto-9ACF5720-ADDF-DD07-C4E8-67E9F83C7AFD (Mid: 906, RC:0)
1788188588: Received PUBLISH from gatewayd-imx6ull-gateway-m6-838 (d0, q1, r0, m907, 'vehicle/imx6ull-gateway-m6/telemetry/20260831T220718p0800-m6-lan-1000', ... (24541 bytes))
1788188588: Sending PUBLISH to auto-9ACF5720-ADDF-DD07-C4E8-67E9F83C7AFD (d0, q1, r0, m907, 'vehicle/imx6ull-gateway-m6/telemetry/20260831T220718p0800-m6-lan-1000', ... (24541 bytes))
1788188588: Sending PUBACK to gatewayd-imx6ull-gateway-m6-838 (m907, rc0)
1788188588: Received PUBACK from auto-9ACF5720-ADDF-DD07-C4E8-67E9F83C7AFD (Mid: 907, RC:0)
1788188589: Received PUBLISH from gatewayd-imx6ull-gateway-m6-838 (d0, q1, r0, m908, 'vehicle/imx6ull-gateway-m6/telemetry/20260831T220718p0800-m6-lan-1000', ... (24856 bytes))
1788188589: Sending PUBLISH to auto-9ACF5720-ADDF-DD07-C4E8-67E9F83C7AFD (d0, q1, r0, m908, 'vehicle/imx6ull-gateway-m6/telemetry/20260831T220718p0800-m6-lan-1000', ... (24856 bytes))
1788188589: Sending PUBACK to gatewayd-imx6ull-gateway-m6-838 (m908, rc0)
1788188589: Received PUBACK from auto-9ACF5720-ADDF-DD07-C4E8-67E9F83C7AFD (Mid: 908, RC:0)
1788188590: Received PUBLISH from gatewayd-imx6ull-gateway-m6-838 (d0, q1, r0, m909, 'vehicle/imx6ull-gateway-m6/telemetry/20260831T220718p0800-m6-lan-1000', ... (24345 bytes))
1788188590: Sending PUBLISH to auto-9ACF5720-ADDF-DD07-C4E8-67E9F83C7AFD (d0, q1, r0, m909, 'vehicle/imx6ull-gateway-m6/telemetry/20260831T220718p0800-m6-lan-1000', ... (24345 bytes))
1788188590: Sending PUBACK to gatewayd-imx6ull-gateway-m6-838 (m909, rc0)
1788188590: Received PUBACK from auto-9ACF5720-ADDF-DD07-C4E8-67E9F83C7AFD (Mid: 909, RC:0)
1788188591: Received PUBLISH from gatewayd-imx6ull-gateway-m6-838 (d0, q1, r0, m910, 'vehicle/imx6ull-gateway-m6/telemetry/20260831T220718p0800-m6-lan-1000', ... (24593 bytes))
1788188591: Sending PUBLISH to auto-9ACF5720-ADDF-DD07-C4E8-67E9F83C7AFD (d0, q1, r0, m910, 'vehicle/imx6ull-gateway-m6/telemetry/20260831T220718p0800-m6-lan-1000', ... (24593 bytes))
1788188591: Sending PUBACK to gatewayd-imx6ull-gateway-m6-838 (m910, rc0)
1788188591: Received PUBACK from auto-9ACF5720-ADDF-DD07-C4E8-67E9F83C7AFD (Mid: 910, RC:0)
1788188593: Received PUBLISH from gatewayd-imx6ull-gateway-m6-838 (d0, q1, r0, m911, 'vehicle/imx6ull-gateway-m6/telemetry/20260831T220718p0800-m6-lan-1000', ... (25040 bytes))
1788188593: Sending PUBLISH to auto-9ACF5720-ADDF-DD07-C4E8-67E9F83C7AFD (d0, q1, r0, m911, 'vehicle/imx6ull-gateway-m6/telemetry/20260831T220718p0800-m6-lan-1000', ... (25040 bytes))
1788188593: Sending PUBACK to gatewayd-imx6ull-gateway-m6-838 (m911, rc0)
1788188593: Received PUBACK from auto-9ACF5720-ADDF-DD07-C4E8-67E9F83C7AFD (Mid: 911, RC:0)
1788188594: Received PUBLISH from gatewayd-imx6ull-gateway-m6-838 (d0, q1, r0, m912, 'vehicle/imx6ull-gateway-m6/telemetry/20260831T220718p0800-m6-lan-1000', ... (24545 bytes))
1788188594: Sending PUBLISH to auto-9ACF5720-ADDF-DD07-C4E8-67E9F83C7AFD (d0, q1, r0, m912, 'vehicle/imx6ull-gateway-m6/telemetry/20260831T220718p0800-m6-lan-1000', ... (24545 bytes))
1788188594: Sending PUBACK to gatewayd-imx6ull-gateway-m6-838 (m912, rc0)
1788188594: Received PUBACK from auto-9ACF5720-ADDF-DD07-C4E8-67E9F83C7AFD (Mid: 912, RC:0)
1788188595: Received PUBLISH from gatewayd-imx6ull-gateway-m6-838 (d0, q1, r0, m913, 'vehicle/imx6ull-gateway-m6/telemetry/20260831T220718p0800-m6-lan-1000', ... (24847 bytes))
1788188595: Sending PUBLISH to auto-9ACF5720-ADDF-DD07-C4E8-67E9F83C7AFD (d0, q1, r0, m913, 'vehicle/imx6ull-gateway-m6/telemetry/20260831T220718p0800-m6-lan-1000', ... (24847 bytes))
1788188595: Sending PUBACK to gatewayd-imx6ull-gateway-m6-838 (m913, rc0)
1788188595: Received PUBACK from auto-9ACF5720-ADDF-DD07-C4E8-67E9F83C7AFD (Mid: 913, RC:0)
1788188596: Received PUBLISH from gatewayd-imx6ull-gateway-m6-838 (d0, q1, r0, m914, 'vehicle/imx6ull-gateway-m6/telemetry/20260831T220718p0800-m6-lan-1000', ... (24559 bytes))
1788188596: Sending PUBLISH to auto-9ACF5720-ADDF-DD07-C4E8-67E9F83C7AFD (d0, q1, r0, m914, 'vehicle/imx6ull-gateway-m6/telemetry/20260831T220718p0800-m6-lan-1000', ... (24559 bytes))
1788188596: Sending PUBACK to gatewayd-imx6ull-gateway-m6-838 (m914, rc0)
1788188596: Received PUBACK from auto-9ACF5720-ADDF-DD07-C4E8-67E9F83C7AFD (Mid: 914, RC:0)
1788188597: Received PUBLISH from gatewayd-imx6ull-gateway-m6-838 (d0, q1, r0, m915, 'vehicle/imx6ull-gateway-m6/telemetry/20260831T220718p0800-m6-lan-1000', ... (24388 bytes))
1788188597: Sending PUBLISH to auto-9ACF5720-ADDF-DD07-C4E8-67E9F83C7AFD (d0, q1, r0, m915, 'vehicle/imx6ull-gateway-m6/telemetry/20260831T220718p0800-m6-lan-1000', ... (24388 bytes))
1788188597: Sending PUBACK to gatewayd-imx6ull-gateway-m6-838 (m915, rc0)
1788188597: Received PUBACK from auto-9ACF5720-ADDF-DD07-C4E8-67E9F83C7AFD (Mid: 915, RC:0)
1788188598: Received PUBLISH from gatewayd-imx6ull-gateway-m6-838 (d0, q1, r0, m916, 'vehicle/imx6ull-gateway-m6/telemetry/20260831T220718p0800-m6-lan-1000', ... (24820 bytes))
1788188598: Sending PUBLISH to auto-9ACF5720-ADDF-DD07-C4E8-67E9F83C7AFD (d0, q1, r0, m916, 'vehicle/imx6ull-gateway-m6/telemetry/20260831T220718p0800-m6-lan-1000', ... (24820 bytes))
1788188598: Sending PUBACK to gatewayd-imx6ull-gateway-m6-838 (m916, rc0)
1788188598: Received PUBACK from auto-9ACF5720-ADDF-DD07-C4E8-67E9F83C7AFD (Mid: 916, RC:0)
1788188599: Received PUBLISH from gatewayd-imx6ull-gateway-m6-838 (d0, q1, r0, m917, 'vehicle/imx6ull-gateway-m6/telemetry/20260831T220718p0800-m6-lan-1000', ... (24552 bytes))
1788188599: Sending PUBLISH to auto-9ACF5720-ADDF-DD07-C4E8-67E9F83C7AFD (d0, q1, r0, m917, 'vehicle/imx6ull-gateway-m6/telemetry/20260831T220718p0800-m6-lan-1000', ... (24552 bytes))
1788188599: Sending PUBACK to gatewayd-imx6ull-gateway-m6-838 (m917, rc0)
1788188599: Received PUBACK from auto-9ACF5720-ADDF-DD07-C4E8-67E9F83C7AFD (Mid: 917, RC:0)
1788188600: Received PUBLISH from gatewayd-imx6ull-gateway-m6-838 (d0, q1, r0, m918, 'vehicle/imx6ull-gateway-m6/telemetry/20260831T220718p0800-m6-lan-1000', ... (24639 bytes))
1788188600: Sending PUBLISH to auto-9ACF5720-ADDF-DD07-C4E8-67E9F83C7AFD (d0, q1, r0, m918, 'vehicle/imx6ull-gateway-m6/telemetry/20260831T220718p0800-m6-lan-1000', ... (24639 bytes))
1788188600: Sending PUBACK to gatewayd-imx6ull-gateway-m6-838 (m918, rc0)
1788188600: Received PUBACK from auto-9ACF5720-ADDF-DD07-C4E8-67E9F83C7AFD (Mid: 918, RC:0)
1788188601: Received PUBLISH from gatewayd-imx6ull-gateway-m6-838 (d0, q1, r0, m919, 'vehicle/imx6ull-gateway-m6/telemetry/20260831T220718p0800-m6-lan-1000', ... (24775 bytes))
1788188601: Sending PUBLISH to auto-9ACF5720-ADDF-DD07-C4E8-67E9F83C7AFD (d0, q1, r0, m919, 'vehicle/imx6ull-gateway-m6/telemetry/20260831T220718p0800-m6-lan-1000', ... (24775 bytes))
1788188601: Sending PUBACK to gatewayd-imx6ull-gateway-m6-838 (m919, rc0)
1788188601: Received PUBACK from auto-9ACF5720-ADDF-DD07-C4E8-67E9F83C7AFD (Mid: 919, RC:0)
1788188602: Received PUBLISH from gatewayd-imx6ull-gateway-m6-838 (d0, q1, r0, m920, 'vehicle/imx6ull-gateway-m6/telemetry/20260831T220718p0800-m6-lan-1000', ... (24618 bytes))
1788188602: Sending PUBLISH to auto-9ACF5720-ADDF-DD07-C4E8-67E9F83C7AFD (d0, q1, r0, m920, 'vehicle/imx6ull-gateway-m6/telemetry/20260831T220718p0800-m6-lan-1000', ... (24618 bytes))
1788188602: Sending PUBACK to gatewayd-imx6ull-gateway-m6-838 (m920, rc0)
1788188602: Received PUBACK from auto-9ACF5720-ADDF-DD07-C4E8-67E9F83C7AFD (Mid: 920, RC:0)
1788188603: Received PUBLISH from gatewayd-imx6ull-gateway-m6-838 (d0, q1, r0, m921, 'vehicle/imx6ull-gateway-m6/telemetry/20260831T220718p0800-m6-lan-1000', ... (24823 bytes))
1788188603: Sending PUBLISH to auto-9ACF5720-ADDF-DD07-C4E8-67E9F83C7AFD (d0, q1, r0, m921, 'vehicle/imx6ull-gateway-m6/telemetry/20260831T220718p0800-m6-lan-1000', ... (24823 bytes))
1788188603: Sending PUBACK to gatewayd-imx6ull-gateway-m6-838 (m921, rc0)
1788188603: Received PUBACK from auto-9ACF5720-ADDF-DD07-C4E8-67E9F83C7AFD (Mid: 921, RC:0)
1788188604: Received PUBLISH from gatewayd-imx6ull-gateway-m6-838 (d0, q1, r0, m922, 'vehicle/imx6ull-gateway-m6/telemetry/20260831T220718p0800-m6-lan-1000', ... (24570 bytes))
1788188604: Sending PUBLISH to auto-9ACF5720-ADDF-DD07-C4E8-67E9F83C7AFD (d0, q1, r0, m922, 'vehicle/imx6ull-gateway-m6/telemetry/20260831T220718p0800-m6-lan-1000', ... (24570 bytes))
1788188604: Sending PUBACK to gatewayd-imx6ull-gateway-m6-838 (m922, rc0)
1788188604: Received PUBACK from auto-9ACF5720-ADDF-DD07-C4E8-67E9F83C7AFD (Mid: 922, RC:0)
1788188605: Received PUBLISH from gatewayd-imx6ull-gateway-m6-838 (d0, q1, r0, m923, 'vehicle/imx6ull-gateway-m6/telemetry/20260831T220718p0800-m6-lan-1000', ... (24645 bytes))
1788188605: Sending PUBLISH to auto-9ACF5720-ADDF-DD07-C4E8-67E9F83C7AFD (d0, q1, r0, m923, 'vehicle/imx6ull-gateway-m6/telemetry/20260831T220718p0800-m6-lan-1000', ... (24645 bytes))
1788188605: Sending PUBACK to gatewayd-imx6ull-gateway-m6-838 (m923, rc0)
1788188605: Received PUBACK from auto-9ACF5720-ADDF-DD07-C4E8-67E9F83C7AFD (Mid: 923, RC:0)
1788188606: Received PUBLISH from gatewayd-imx6ull-gateway-m6-838 (d0, q1, r0, m924, 'vehicle/imx6ull-gateway-m6/telemetry/20260831T220718p0800-m6-lan-1000', ... (24767 bytes))
1788188606: Sending PUBLISH to auto-9ACF5720-ADDF-DD07-C4E8-67E9F83C7AFD (d0, q1, r0, m924, 'vehicle/imx6ull-gateway-m6/telemetry/20260831T220718p0800-m6-lan-1000', ... (24767 bytes))
1788188606: Sending PUBACK to gatewayd-imx6ull-gateway-m6-838 (m924, rc0)
1788188606: Received PUBACK from auto-9ACF5720-ADDF-DD07-C4E8-67E9F83C7AFD (Mid: 924, RC:0)
1788188607: Received PUBLISH from gatewayd-imx6ull-gateway-m6-838 (d0, q1, r0, m925, 'vehicle/imx6ull-gateway-m6/telemetry/20260831T220718p0800-m6-lan-1000', ... (24626 bytes))
1788188607: Sending PUBLISH to auto-9ACF5720-ADDF-DD07-C4E8-67E9F83C7AFD (d0, q1, r0, m925, 'vehicle/imx6ull-gateway-m6/telemetry/20260831T220718p0800-m6-lan-1000', ... (24626 bytes))
1788188607: Sending PUBACK to gatewayd-imx6ull-gateway-m6-838 (m925, rc0)
1788188607: Received PUBACK from auto-9ACF5720-ADDF-DD07-C4E8-67E9F83C7AFD (Mid: 925, RC:0)
1788188608: Received PUBLISH from gatewayd-imx6ull-gateway-m6-838 (d0, q1, r0, m926, 'vehicle/imx6ull-gateway-m6/telemetry/20260831T220718p0800-m6-lan-1000', ... (24815 bytes))
1788188608: Sending PUBLISH to auto-9ACF5720-ADDF-DD07-C4E8-67E9F83C7AFD (d0, q1, r0, m926, 'vehicle/imx6ull-gateway-m6/telemetry/20260831T220718p0800-m6-lan-1000', ... (24815 bytes))
1788188608: Sending PUBACK to gatewayd-imx6ull-gateway-m6-838 (m926, rc0)
1788188608: Received PUBACK from auto-9ACF5720-ADDF-DD07-C4E8-67E9F83C7AFD (Mid: 926, RC:0)
1788188609: Received PUBLISH from gatewayd-imx6ull-gateway-m6-838 (d0, q1, r0, m927, 'vehicle/imx6ull-gateway-m6/telemetry/20260831T220718p0800-m6-lan-1000', ... (24365 bytes))
1788188609: Sending PUBLISH to auto-9ACF5720-ADDF-DD07-C4E8-67E9F83C7AFD (d0, q1, r0, m927, 'vehicle/imx6ull-gateway-m6/telemetry/20260831T220718p0800-m6-lan-1000', ... (24365 bytes))
1788188609: Sending PUBACK to gatewayd-imx6ull-gateway-m6-838 (m927, rc0)
1788188609: Received PUBACK from auto-9ACF5720-ADDF-DD07-C4E8-67E9F83C7AFD (Mid: 927, RC:0)
1788188610: Received PUBLISH from gatewayd-imx6ull-gateway-m6-838 (d0, q1, r0, m928, 'vehicle/imx6ull-gateway-m6/telemetry/20260831T220718p0800-m6-lan-1000', ... (24645 bytes))
1788188610: Sending PUBLISH to auto-9ACF5720-ADDF-DD07-C4E8-67E9F83C7AFD (d0, q1, r0, m928, 'vehicle/imx6ull-gateway-m6/telemetry/20260831T220718p0800-m6-lan-1000', ... (24645 bytes))
1788188610: Sending PUBACK to gatewayd-imx6ull-gateway-m6-838 (m928, rc0)
1788188610: Received PUBACK from auto-9ACF5720-ADDF-DD07-C4E8-67E9F83C7AFD (Mid: 928, RC:0)
1788188611: Received PUBLISH from gatewayd-imx6ull-gateway-m6-838 (d0, q1, r0, m929, 'vehicle/imx6ull-gateway-m6/telemetry/20260831T220718p0800-m6-lan-1000', ... (24760 bytes))
1788188611: Sending PUBLISH to auto-9ACF5720-ADDF-DD07-C4E8-67E9F83C7AFD (d0, q1, r0, m929, 'vehicle/imx6ull-gateway-m6/telemetry/20260831T220718p0800-m6-lan-1000', ... (24760 bytes))
1788188611: Sending PUBACK to gatewayd-imx6ull-gateway-m6-838 (m929, rc0)
1788188611: Received PUBACK from auto-9ACF5720-ADDF-DD07-C4E8-67E9F83C7AFD (Mid: 929, RC:0)
1788188612: Received PUBLISH from gatewayd-imx6ull-gateway-m6-838 (d0, q1, r0, m930, 'vehicle/imx6ull-gateway-m6/telemetry/20260831T220718p0800-m6-lan-1000', ... (24633 bytes))
1788188612: Sending PUBLISH to auto-9ACF5720-ADDF-DD07-C4E8-67E9F83C7AFD (d0, q1, r0, m930, 'vehicle/imx6ull-gateway-m6/telemetry/20260831T220718p0800-m6-lan-1000', ... (24633 bytes))
1788188612: Sending PUBACK to gatewayd-imx6ull-gateway-m6-838 (m930, rc0)
1788188612: Received PUBACK from auto-9ACF5720-ADDF-DD07-C4E8-67E9F83C7AFD (Mid: 930, RC:0)
1788188613: Received PUBLISH from gatewayd-imx6ull-gateway-m6-838 (d0, q1, r0, m931, 'vehicle/imx6ull-gateway-m6/telemetry/20260831T220718p0800-m6-lan-1000', ... (24383 bytes))
1788188613: Sending PUBLISH to auto-9ACF5720-ADDF-DD07-C4E8-67E9F83C7AFD (d0, q1, r0, m931, 'vehicle/imx6ull-gateway-m6/telemetry/20260831T220718p0800-m6-lan-1000', ... (24383 bytes))
1788188613: Sending PUBACK to gatewayd-imx6ull-gateway-m6-838 (m931, rc0)
1788188613: Received PUBACK from auto-9ACF5720-ADDF-DD07-C4E8-67E9F83C7AFD (Mid: 931, RC:0)
1788188614: Received PUBLISH from gatewayd-imx6ull-gateway-m6-838 (d0, q1, r0, m932, 'vehicle/imx6ull-gateway-m6/telemetry/20260831T220718p0800-m6-lan-1000', ... (24797 bytes))
1788188614: Sending PUBLISH to auto-9ACF5720-ADDF-DD07-C4E8-67E9F83C7AFD (d0, q1, r0, m932, 'vehicle/imx6ull-gateway-m6/telemetry/20260831T220718p0800-m6-lan-1000', ... (24797 bytes))
1788188614: Sending PUBACK to gatewayd-imx6ull-gateway-m6-838 (m932, rc0)
1788188614: Received PUBACK from auto-9ACF5720-ADDF-DD07-C4E8-67E9F83C7AFD (Mid: 932, RC:0)
1788188615: Received PUBLISH from gatewayd-imx6ull-gateway-m6-838 (d0, q1, r0, m933, 'vehicle/imx6ull-gateway-m6/telemetry/20260831T220718p0800-m6-lan-1000', ... (24637 bytes))
1788188615: Sending PUBLISH to auto-9ACF5720-ADDF-DD07-C4E8-67E9F83C7AFD (d0, q1, r0, m933, 'vehicle/imx6ull-gateway-m6/telemetry/20260831T220718p0800-m6-lan-1000', ... (24637 bytes))
1788188615: Sending PUBACK to gatewayd-imx6ull-gateway-m6-838 (m933, rc0)
1788188615: Received PUBACK from auto-9ACF5720-ADDF-DD07-C4E8-67E9F83C7AFD (Mid: 933, RC:0)
1788188616: Received PUBLISH from gatewayd-imx6ull-gateway-m6-838 (d0, q1, r0, m934, 'vehicle/imx6ull-gateway-m6/telemetry/20260831T220718p0800-m6-lan-1000', ... (24736 bytes))
1788188616: Sending PUBLISH to auto-9ACF5720-ADDF-DD07-C4E8-67E9F83C7AFD (d0, q1, r0, m934, 'vehicle/imx6ull-gateway-m6/telemetry/20260831T220718p0800-m6-lan-1000', ... (24736 bytes))
1788188616: Sending PUBACK to gatewayd-imx6ull-gateway-m6-838 (m934, rc0)
1788188616: Received PUBACK from auto-9ACF5720-ADDF-DD07-C4E8-67E9F83C7AFD (Mid: 934, RC:0)
1788188617: Received PUBLISH from gatewayd-imx6ull-gateway-m6-838 (d0, q1, r0, m935, 'vehicle/imx6ull-gateway-m6/telemetry/20260831T220718p0800-m6-lan-1000', ... (24417 bytes))
1788188617: Sending PUBLISH to auto-9ACF5720-ADDF-DD07-C4E8-67E9F83C7AFD (d0, q1, r0, m935, 'vehicle/imx6ull-gateway-m6/telemetry/20260831T220718p0800-m6-lan-1000', ... (24417 bytes))
1788188617: Sending PUBACK to gatewayd-imx6ull-gateway-m6-838 (m935, rc0)
1788188617: Received PUBACK from auto-9ACF5720-ADDF-DD07-C4E8-67E9F83C7AFD (Mid: 935, RC:0)
1788188618: Received PUBLISH from gatewayd-imx6ull-gateway-m6-838 (d0, q1, r0, m936, 'vehicle/imx6ull-gateway-m6/telemetry/20260831T220718p0800-m6-lan-1000', ... (24579 bytes))
1788188618: Sending PUBLISH to auto-9ACF5720-ADDF-DD07-C4E8-67E9F83C7AFD (d0, q1, r0, m936, 'vehicle/imx6ull-gateway-m6/telemetry/20260831T220718p0800-m6-lan-1000', ... (24579 bytes))
1788188618: Sending PUBACK to gatewayd-imx6ull-gateway-m6-838 (m936, rc0)
1788188618: Received PUBACK from auto-9ACF5720-ADDF-DD07-C4E8-67E9F83C7AFD (Mid: 936, RC:0)
1788188620: Received PUBLISH from gatewayd-imx6ull-gateway-m6-838 (d0, q1, r0, m937, 'vehicle/imx6ull-gateway-m6/telemetry/20260831T220718p0800-m6-lan-1000', ... (25006 bytes))
1788188620: Sending PUBLISH to auto-9ACF5720-ADDF-DD07-C4E8-67E9F83C7AFD (d0, q1, r0, m937, 'vehicle/imx6ull-gateway-m6/telemetry/20260831T220718p0800-m6-lan-1000', ... (25006 bytes))
1788188620: Sending PUBACK to gatewayd-imx6ull-gateway-m6-838 (m937, rc0)
1788188620: Received PUBACK from auto-9ACF5720-ADDF-DD07-C4E8-67E9F83C7AFD (Mid: 937, RC:0)
1788188621: Received PUBLISH from gatewayd-imx6ull-gateway-m6-838 (d0, q1, r0, m938, 'vehicle/imx6ull-gateway-m6/telemetry/20260831T220718p0800-m6-lan-1000', ... (24635 bytes))
1788188621: Sending PUBLISH to auto-9ACF5720-ADDF-DD07-C4E8-67E9F83C7AFD (d0, q1, r0, m938, 'vehicle/imx6ull-gateway-m6/telemetry/20260831T220718p0800-m6-lan-1000', ... (24635 bytes))
1788188621: Sending PUBACK to gatewayd-imx6ull-gateway-m6-838 (m938, rc0)
1788188621: Received PUBACK from auto-9ACF5720-ADDF-DD07-C4E8-67E9F83C7AFD (Mid: 938, RC:0)
1788188622: Received PUBLISH from gatewayd-imx6ull-gateway-m6-838 (d0, q1, r0, m939, 'vehicle/imx6ull-gateway-m6/telemetry/20260831T220718p0800-m6-lan-1000', ... (24737 bytes))
1788188622: Sending PUBLISH to auto-9ACF5720-ADDF-DD07-C4E8-67E9F83C7AFD (d0, q1, r0, m939, 'vehicle/imx6ull-gateway-m6/telemetry/20260831T220718p0800-m6-lan-1000', ... (24737 bytes))
1788188622: Sending PUBACK to gatewayd-imx6ull-gateway-m6-838 (m939, rc0)
1788188622: Received PUBACK from auto-9ACF5720-ADDF-DD07-C4E8-67E9F83C7AFD (Mid: 939, RC:0)
1788188623: Received PUBLISH from gatewayd-imx6ull-gateway-m6-838 (d0, q1, r0, m940, 'vehicle/imx6ull-gateway-m6/telemetry/20260831T220718p0800-m6-lan-1000', ... (24635 bytes))
1788188623: Sending PUBLISH to auto-9ACF5720-ADDF-DD07-C4E8-67E9F83C7AFD (d0, q1, r0, m940, 'vehicle/imx6ull-gateway-m6/telemetry/20260831T220718p0800-m6-lan-1000', ... (24635 bytes))
1788188623: Sending PUBACK to gatewayd-imx6ull-gateway-m6-838 (m940, rc0)
1788188623: Received PUBACK from auto-9ACF5720-ADDF-DD07-C4E8-67E9F83C7AFD (Mid: 940, RC:0)
1788188624: Received PUBLISH from gatewayd-imx6ull-gateway-m6-838 (d0, q1, r0, m941, 'vehicle/imx6ull-gateway-m6/telemetry/20260831T220718p0800-m6-lan-1000', ... (24571 bytes))
1788188624: Sending PUBLISH to auto-9ACF5720-ADDF-DD07-C4E8-67E9F83C7AFD (d0, q1, r0, m941, 'vehicle/imx6ull-gateway-m6/telemetry/20260831T220718p0800-m6-lan-1000', ... (24571 bytes))
1788188624: Sending PUBACK to gatewayd-imx6ull-gateway-m6-838 (m941, rc0)
1788188624: Received PUBACK from auto-9ACF5720-ADDF-DD07-C4E8-67E9F83C7AFD (Mid: 941, RC:0)
1788188625: Received PUBLISH from gatewayd-imx6ull-gateway-m6-838 (d0, q1, r0, m942, 'vehicle/imx6ull-gateway-m6/telemetry/20260831T220718p0800-m6-lan-1000', ... (24801 bytes))
1788188625: Sending PUBLISH to auto-9ACF5720-ADDF-DD07-C4E8-67E9F83C7AFD (d0, q1, r0, m942, 'vehicle/imx6ull-gateway-m6/telemetry/20260831T220718p0800-m6-lan-1000', ... (24801 bytes))
1788188625: Sending PUBACK to gatewayd-imx6ull-gateway-m6-838 (m942, rc0)
1788188625: Received PUBACK from auto-9ACF5720-ADDF-DD07-C4E8-67E9F83C7AFD (Mid: 942, RC:0)
1788188626: Received PUBLISH from gatewayd-imx6ull-gateway-m6-838 (d0, q1, r0, m943, 'vehicle/imx6ull-gateway-m6/telemetry/20260831T220718p0800-m6-lan-1000', ... (24631 bytes))
1788188626: Sending PUBLISH to auto-9ACF5720-ADDF-DD07-C4E8-67E9F83C7AFD (d0, q1, r0, m943, 'vehicle/imx6ull-gateway-m6/telemetry/20260831T220718p0800-m6-lan-1000', ... (24631 bytes))
1788188626: Sending PUBACK to gatewayd-imx6ull-gateway-m6-838 (m943, rc0)
1788188626: Received PUBACK from auto-9ACF5720-ADDF-DD07-C4E8-67E9F83C7AFD (Mid: 943, RC:0)
1788188627: Received PUBLISH from gatewayd-imx6ull-gateway-m6-838 (d0, q1, r0, m944, 'vehicle/imx6ull-gateway-m6/telemetry/20260831T220718p0800-m6-lan-1000', ... (24760 bytes))
1788188627: Sending PUBLISH to auto-9ACF5720-ADDF-DD07-C4E8-67E9F83C7AFD (d0, q1, r0, m944, 'vehicle/imx6ull-gateway-m6/telemetry/20260831T220718p0800-m6-lan-1000', ... (24760 bytes))
1788188627: Sending PUBACK to gatewayd-imx6ull-gateway-m6-838 (m944, rc0)
1788188627: Received PUBACK from auto-9ACF5720-ADDF-DD07-C4E8-67E9F83C7AFD (Mid: 944, RC:0)
1788188628: Received PUBLISH from gatewayd-imx6ull-gateway-m6-838 (d0, q1, r0, m945, 'vehicle/imx6ull-gateway-m6/telemetry/20260831T220718p0800-m6-lan-1000', ... (24645 bytes))
1788188628: Sending PUBLISH to auto-9ACF5720-ADDF-DD07-C4E8-67E9F83C7AFD (d0, q1, r0, m945, 'vehicle/imx6ull-gateway-m6/telemetry/20260831T220718p0800-m6-lan-1000', ... (24645 bytes))
1788188628: Sending PUBACK to gatewayd-imx6ull-gateway-m6-838 (m945, rc0)
1788188628: Received PUBACK from auto-9ACF5720-ADDF-DD07-C4E8-67E9F83C7AFD (Mid: 945, RC:0)
1788188629: Received PUBLISH from gatewayd-imx6ull-gateway-m6-838 (d0, q1, r0, m946, 'vehicle/imx6ull-gateway-m6/telemetry/20260831T220718p0800-m6-lan-1000', ... (24573 bytes))
1788188629: Sending PUBLISH to auto-9ACF5720-ADDF-DD07-C4E8-67E9F83C7AFD (d0, q1, r0, m946, 'vehicle/imx6ull-gateway-m6/telemetry/20260831T220718p0800-m6-lan-1000', ... (24573 bytes))
1788188629: Sending PUBACK to gatewayd-imx6ull-gateway-m6-838 (m946, rc0)
1788188629: Received PUBACK from auto-9ACF5720-ADDF-DD07-C4E8-67E9F83C7AFD (Mid: 946, RC:0)
1788188630: Received PUBLISH from gatewayd-imx6ull-gateway-m6-838 (d0, q1, r0, m947, 'vehicle/imx6ull-gateway-m6/telemetry/20260831T220718p0800-m6-lan-1000', ... (24820 bytes))
1788188630: Sending PUBLISH to auto-9ACF5720-ADDF-DD07-C4E8-67E9F83C7AFD (d0, q1, r0, m947, 'vehicle/imx6ull-gateway-m6/telemetry/20260831T220718p0800-m6-lan-1000', ... (24820 bytes))
1788188630: Sending PUBACK to gatewayd-imx6ull-gateway-m6-838 (m947, rc0)
1788188630: Received PUBACK from auto-9ACF5720-ADDF-DD07-C4E8-67E9F83C7AFD (Mid: 947, RC:0)
1788188631: Received PUBLISH from gatewayd-imx6ull-gateway-m6-838 (d0, q1, r0, m948, 'vehicle/imx6ull-gateway-m6/telemetry/20260831T220718p0800-m6-lan-1000', ... (24621 bytes))
1788188631: Sending PUBLISH to auto-9ACF5720-ADDF-DD07-C4E8-67E9F83C7AFD (d0, q1, r0, m948, 'vehicle/imx6ull-gateway-m6/telemetry/20260831T220718p0800-m6-lan-1000', ... (24621 bytes))
1788188631: Sending PUBACK to gatewayd-imx6ull-gateway-m6-838 (m948, rc0)
1788188631: Received PUBACK from auto-9ACF5720-ADDF-DD07-C4E8-67E9F83C7AFD (Mid: 948, RC:0)
1788188632: Received PUBLISH from gatewayd-imx6ull-gateway-m6-838 (d0, q1, r0, m949, 'vehicle/imx6ull-gateway-m6/telemetry/20260831T220718p0800-m6-lan-1000', ... (24772 bytes))
1788188632: Sending PUBLISH to auto-9ACF5720-ADDF-DD07-C4E8-67E9F83C7AFD (d0, q1, r0, m949, 'vehicle/imx6ull-gateway-m6/telemetry/20260831T220718p0800-m6-lan-1000', ... (24772 bytes))
1788188632: Sending PUBACK to gatewayd-imx6ull-gateway-m6-838 (m949, rc0)
1788188632: Received PUBACK from auto-9ACF5720-ADDF-DD07-C4E8-67E9F83C7AFD (Mid: 949, RC:0)
1788188633: Received PUBLISH from gatewayd-imx6ull-gateway-m6-838 (d0, q1, r0, m950, 'vehicle/imx6ull-gateway-m6/telemetry/20260831T220718p0800-m6-lan-1000', ... (24858 bytes))
1788188633: Sending PUBLISH to auto-9ACF5720-ADDF-DD07-C4E8-67E9F83C7AFD (d0, q1, r0, m950, 'vehicle/imx6ull-gateway-m6/telemetry/20260831T220718p0800-m6-lan-1000', ... (24858 bytes))
1788188633: Sending PUBACK to gatewayd-imx6ull-gateway-m6-838 (m950, rc0)
1788188633: Received PUBACK from auto-9ACF5720-ADDF-DD07-C4E8-67E9F83C7AFD (Mid: 950, RC:0)
1788188634: Received PUBLISH from gatewayd-imx6ull-gateway-m6-838 (d0, q1, r0, m951, 'vehicle/imx6ull-gateway-m6/telemetry/20260831T220718p0800-m6-lan-1000', ... (24564 bytes))
1788188634: Sending PUBLISH to auto-9ACF5720-ADDF-DD07-C4E8-67E9F83C7AFD (d0, q1, r0, m951, 'vehicle/imx6ull-gateway-m6/telemetry/20260831T220718p0800-m6-lan-1000', ... (24564 bytes))
1788188634: Sending PUBACK to gatewayd-imx6ull-gateway-m6-838 (m951, rc0)
1788188634: Received PUBACK from auto-9ACF5720-ADDF-DD07-C4E8-67E9F83C7AFD (Mid: 951, RC:0)
1788188635: Received PUBLISH from gatewayd-imx6ull-gateway-m6-838 (d0, q1, r0, m952, 'vehicle/imx6ull-gateway-m6/telemetry/20260831T220718p0800-m6-lan-1000', ... (24829 bytes))
1788188635: Sending PUBLISH to auto-9ACF5720-ADDF-DD07-C4E8-67E9F83C7AFD (d0, q1, r0, m952, 'vehicle/imx6ull-gateway-m6/telemetry/20260831T220718p0800-m6-lan-1000', ... (24829 bytes))
1788188635: Sending PUBACK to gatewayd-imx6ull-gateway-m6-838 (m952, rc0)
1788188635: Received PUBACK from auto-9ACF5720-ADDF-DD07-C4E8-67E9F83C7AFD (Mid: 952, RC:0)
1788188636: Received PUBLISH from gatewayd-imx6ull-gateway-m6-838 (d0, q1, r0, m953, 'vehicle/imx6ull-gateway-m6/telemetry/20260831T220718p0800-m6-lan-1000', ... (24612 bytes))
1788188636: Sending PUBLISH to auto-9ACF5720-ADDF-DD07-C4E8-67E9F83C7AFD (d0, q1, r0, m953, 'vehicle/imx6ull-gateway-m6/telemetry/20260831T220718p0800-m6-lan-1000', ... (24612 bytes))
1788188636: Sending PUBACK to gatewayd-imx6ull-gateway-m6-838 (m953, rc0)
1788188636: Received PUBACK from auto-9ACF5720-ADDF-DD07-C4E8-67E9F83C7AFD (Mid: 953, RC:0)
1788188637: Received PUBLISH from gatewayd-imx6ull-gateway-m6-838 (d0, q1, r0, m954, 'vehicle/imx6ull-gateway-m6/telemetry/20260831T220718p0800-m6-lan-1000', ... (24781 bytes))
1788188637: Sending PUBLISH to auto-9ACF5720-ADDF-DD07-C4E8-67E9F83C7AFD (d0, q1, r0, m954, 'vehicle/imx6ull-gateway-m6/telemetry/20260831T220718p0800-m6-lan-1000', ... (24781 bytes))
1788188637: Sending PUBACK to gatewayd-imx6ull-gateway-m6-838 (m954, rc0)
1788188637: Received PUBACK from auto-9ACF5720-ADDF-DD07-C4E8-67E9F83C7AFD (Mid: 954, RC:0)
1788188638: Received PUBLISH from gatewayd-imx6ull-gateway-m6-838 (d0, q1, r0, m955, 'vehicle/imx6ull-gateway-m6/telemetry/20260831T220718p0800-m6-lan-1000', ... (24645 bytes))
1788188638: Sending PUBLISH to auto-9ACF5720-ADDF-DD07-C4E8-67E9F83C7AFD (d0, q1, r0, m955, 'vehicle/imx6ull-gateway-m6/telemetry/20260831T220718p0800-m6-lan-1000', ... (24645 bytes))
1788188638: Sending PUBACK to gatewayd-imx6ull-gateway-m6-838 (m955, rc0)
1788188638: Received PUBACK from auto-9ACF5720-ADDF-DD07-C4E8-67E9F83C7AFD (Mid: 955, RC:0)
1788188639: Received PUBLISH from gatewayd-imx6ull-gateway-m6-838 (d0, q1, r0, m956, 'vehicle/imx6ull-gateway-m6/telemetry/20260831T220718p0800-m6-lan-1000', ... (24556 bytes))
1788188639: Sending PUBLISH to auto-9ACF5720-ADDF-DD07-C4E8-67E9F83C7AFD (d0, q1, r0, m956, 'vehicle/imx6ull-gateway-m6/telemetry/20260831T220718p0800-m6-lan-1000', ... (24556 bytes))
1788188639: Sending PUBACK to gatewayd-imx6ull-gateway-m6-838 (m956, rc0)
1788188639: Received PUBACK from auto-9ACF5720-ADDF-DD07-C4E8-67E9F83C7AFD (Mid: 956, RC:0)
1788188640: Received PUBLISH from gatewayd-imx6ull-gateway-m6-838 (d0, q1, r0, m957, 'vehicle/imx6ull-gateway-m6/telemetry/20260831T220718p0800-m6-lan-1000', ... (24837 bytes))
1788188640: Sending PUBLISH to auto-9ACF5720-ADDF-DD07-C4E8-67E9F83C7AFD (d0, q1, r0, m957, 'vehicle/imx6ull-gateway-m6/telemetry/20260831T220718p0800-m6-lan-1000', ... (24837 bytes))
1788188640: Sending PUBACK to gatewayd-imx6ull-gateway-m6-838 (m957, rc0)
1788188640: Received PUBACK from auto-9ACF5720-ADDF-DD07-C4E8-67E9F83C7AFD (Mid: 957, RC:0)
1788188641: Received PUBLISH from gatewayd-imx6ull-gateway-m6-838 (d0, q1, r0, m958, 'vehicle/imx6ull-gateway-m6/telemetry/20260831T220718p0800-m6-lan-1000', ... (24588 bytes))
1788188641: Sending PUBLISH to auto-9ACF5720-ADDF-DD07-C4E8-67E9F83C7AFD (d0, q1, r0, m958, 'vehicle/imx6ull-gateway-m6/telemetry/20260831T220718p0800-m6-lan-1000', ... (24588 bytes))
1788188641: Sending PUBACK to gatewayd-imx6ull-gateway-m6-838 (m958, rc0)
1788188641: Received PUBACK from auto-9ACF5720-ADDF-DD07-C4E8-67E9F83C7AFD (Mid: 958, RC:0)
1788188642: Received PUBLISH from gatewayd-imx6ull-gateway-m6-838 (d0, q1, r0, m959, 'vehicle/imx6ull-gateway-m6/telemetry/20260831T220718p0800-m6-lan-1000', ... (24776 bytes))
1788188642: Sending PUBLISH to auto-9ACF5720-ADDF-DD07-C4E8-67E9F83C7AFD (d0, q1, r0, m959, 'vehicle/imx6ull-gateway-m6/telemetry/20260831T220718p0800-m6-lan-1000', ... (24776 bytes))
1788188642: Sending PUBACK to gatewayd-imx6ull-gateway-m6-838 (m959, rc0)
1788188642: Received PUBACK from auto-9ACF5720-ADDF-DD07-C4E8-67E9F83C7AFD (Mid: 959, RC:0)
1788188643: Received PUBLISH from gatewayd-imx6ull-gateway-m6-838 (d0, q1, r0, m960, 'vehicle/imx6ull-gateway-m6/telemetry/20260831T220718p0800-m6-lan-1000', ... (24422 bytes))
1788188643: Sending PUBLISH to auto-9ACF5720-ADDF-DD07-C4E8-67E9F83C7AFD (d0, q1, r0, m960, 'vehicle/imx6ull-gateway-m6/telemetry/20260831T220718p0800-m6-lan-1000', ... (24422 bytes))
1788188643: Sending PUBACK to gatewayd-imx6ull-gateway-m6-838 (m960, rc0)
1788188643: Received PUBACK from auto-9ACF5720-ADDF-DD07-C4E8-67E9F83C7AFD (Mid: 960, RC:0)
1788188644: Received PUBLISH from gatewayd-imx6ull-gateway-m6-838 (d0, q1, r0, m961, 'vehicle/imx6ull-gateway-m6/telemetry/20260831T220718p0800-m6-lan-1000', ... (24539 bytes))
1788188644: Sending PUBLISH to auto-9ACF5720-ADDF-DD07-C4E8-67E9F83C7AFD (d0, q1, r0, m961, 'vehicle/imx6ull-gateway-m6/telemetry/20260831T220718p0800-m6-lan-1000', ... (24539 bytes))
1788188644: Sending PUBACK to gatewayd-imx6ull-gateway-m6-838 (m961, rc0)
1788188644: Received PUBACK from auto-9ACF5720-ADDF-DD07-C4E8-67E9F83C7AFD (Mid: 961, RC:0)
1788188646: Received PUBLISH from gatewayd-imx6ull-gateway-m6-838 (d0, q1, r0, m962, 'vehicle/imx6ull-gateway-m6/telemetry/20260831T220718p0800-m6-lan-1000', ... (25046 bytes))
1788188646: Sending PUBLISH to auto-9ACF5720-ADDF-DD07-C4E8-67E9F83C7AFD (d0, q1, r0, m962, 'vehicle/imx6ull-gateway-m6/telemetry/20260831T220718p0800-m6-lan-1000', ... (25046 bytes))
1788188646: Sending PUBACK to gatewayd-imx6ull-gateway-m6-838 (m962, rc0)
1788188646: Received PUBACK from auto-9ACF5720-ADDF-DD07-C4E8-67E9F83C7AFD (Mid: 962, RC:0)
1788188647: Received PUBLISH from gatewayd-imx6ull-gateway-m6-838 (d0, q1, r0, m963, 'vehicle/imx6ull-gateway-m6/telemetry/20260831T220718p0800-m6-lan-1000', ... (24587 bytes))
1788188647: Sending PUBLISH to auto-9ACF5720-ADDF-DD07-C4E8-67E9F83C7AFD (d0, q1, r0, m963, 'vehicle/imx6ull-gateway-m6/telemetry/20260831T220718p0800-m6-lan-1000', ... (24587 bytes))
1788188647: Sending PUBACK to gatewayd-imx6ull-gateway-m6-838 (m963, rc0)
1788188647: Received PUBACK from auto-9ACF5720-ADDF-DD07-C4E8-67E9F83C7AFD (Mid: 963, RC:0)
1788188648: Received PUBLISH from gatewayd-imx6ull-gateway-m6-838 (d0, q1, r0, m964, 'vehicle/imx6ull-gateway-m6/telemetry/20260831T220718p0800-m6-lan-1000', ... (24785 bytes))
1788188648: Sending PUBLISH to auto-9ACF5720-ADDF-DD07-C4E8-67E9F83C7AFD (d0, q1, r0, m964, 'vehicle/imx6ull-gateway-m6/telemetry/20260831T220718p0800-m6-lan-1000', ... (24785 bytes))
1788188648: Sending PUBACK to gatewayd-imx6ull-gateway-m6-838 (m964, rc0)
1788188648: Received PUBACK from auto-9ACF5720-ADDF-DD07-C4E8-67E9F83C7AFD (Mid: 964, RC:0)
1788188649: Received PUBLISH from gatewayd-imx6ull-gateway-m6-838 (d0, q1, r0, m965, 'vehicle/imx6ull-gateway-m6/telemetry/20260831T220718p0800-m6-lan-1000', ... (24635 bytes))
1788188649: Sending PUBLISH to auto-9ACF5720-ADDF-DD07-C4E8-67E9F83C7AFD (d0, q1, r0, m965, 'vehicle/imx6ull-gateway-m6/telemetry/20260831T220718p0800-m6-lan-1000', ... (24635 bytes))
1788188649: Sending PUBACK to gatewayd-imx6ull-gateway-m6-838 (m965, rc0)
1788188649: Received PUBACK from auto-9ACF5720-ADDF-DD07-C4E8-67E9F83C7AFD (Mid: 965, RC:0)
1788188650: Received PUBLISH from gatewayd-imx6ull-gateway-m6-838 (d0, q1, r0, m966, 'vehicle/imx6ull-gateway-m6/telemetry/20260831T220718p0800-m6-lan-1000', ... (24531 bytes))
1788188650: Sending PUBLISH to auto-9ACF5720-ADDF-DD07-C4E8-67E9F83C7AFD (d0, q1, r0, m966, 'vehicle/imx6ull-gateway-m6/telemetry/20260831T220718p0800-m6-lan-1000', ... (24531 bytes))
1788188650: Sending PUBACK to gatewayd-imx6ull-gateway-m6-838 (m966, rc0)
1788188650: Received PUBACK from auto-9ACF5720-ADDF-DD07-C4E8-67E9F83C7AFD (Mid: 966, RC:0)
1788188651: Received PUBLISH from gatewayd-imx6ull-gateway-m6-838 (d0, q1, r0, m967, 'vehicle/imx6ull-gateway-m6/telemetry/20260831T220718p0800-m6-lan-1000', ... (24843 bytes))
1788188651: Sending PUBLISH to auto-9ACF5720-ADDF-DD07-C4E8-67E9F83C7AFD (d0, q1, r0, m967, 'vehicle/imx6ull-gateway-m6/telemetry/20260831T220718p0800-m6-lan-1000', ... (24843 bytes))
1788188651: Sending PUBACK to gatewayd-imx6ull-gateway-m6-838 (m967, rc0)
1788188651: Received PUBACK from auto-9ACF5720-ADDF-DD07-C4E8-67E9F83C7AFD (Mid: 967, RC:0)
1788188652: Received PUBLISH from gatewayd-imx6ull-gateway-m6-838 (d0, q1, r0, m968, 'vehicle/imx6ull-gateway-m6/telemetry/20260831T220718p0800-m6-lan-1000', ... (24589 bytes))
1788188652: Sending PUBLISH to auto-9ACF5720-ADDF-DD07-C4E8-67E9F83C7AFD (d0, q1, r0, m968, 'vehicle/imx6ull-gateway-m6/telemetry/20260831T220718p0800-m6-lan-1000', ... (24589 bytes))
1788188652: Sending PUBACK to gatewayd-imx6ull-gateway-m6-838 (m968, rc0)
1788188652: Received PUBACK from auto-9ACF5720-ADDF-DD07-C4E8-67E9F83C7AFD (Mid: 968, RC:0)
1788188653: Received PUBLISH from gatewayd-imx6ull-gateway-m6-838 (d0, q1, r0, m969, 'vehicle/imx6ull-gateway-m6/telemetry/20260831T220718p0800-m6-lan-1000', ... (24804 bytes))
1788188653: Sending PUBLISH to auto-9ACF5720-ADDF-DD07-C4E8-67E9F83C7AFD (d0, q1, r0, m969, 'vehicle/imx6ull-gateway-m6/telemetry/20260831T220718p0800-m6-lan-1000', ... (24804 bytes))
1788188653: Sending PUBACK to gatewayd-imx6ull-gateway-m6-838 (m969, rc0)
1788188653: Received PUBACK from auto-9ACF5720-ADDF-DD07-C4E8-67E9F83C7AFD (Mid: 969, RC:0)
1788188654: Received PUBLISH from gatewayd-imx6ull-gateway-m6-838 (d0, q1, r0, m970, 'vehicle/imx6ull-gateway-m6/telemetry/20260831T220718p0800-m6-lan-1000', ... (24645 bytes))
1788188654: Sending PUBLISH to auto-9ACF5720-ADDF-DD07-C4E8-67E9F83C7AFD (d0, q1, r0, m970, 'vehicle/imx6ull-gateway-m6/telemetry/20260831T220718p0800-m6-lan-1000', ... (24645 bytes))
1788188654: Sending PUBACK to gatewayd-imx6ull-gateway-m6-838 (m970, rc0)
1788188654: Received PUBACK from auto-9ACF5720-ADDF-DD07-C4E8-67E9F83C7AFD (Mid: 970, RC:0)
1788188655: Received PUBLISH from gatewayd-imx6ull-gateway-m6-838 (d0, q1, r0, m971, 'vehicle/imx6ull-gateway-m6/telemetry/20260831T220718p0800-m6-lan-1000', ... (24535 bytes))
1788188655: Sending PUBLISH to auto-9ACF5720-ADDF-DD07-C4E8-67E9F83C7AFD (d0, q1, r0, m971, 'vehicle/imx6ull-gateway-m6/telemetry/20260831T220718p0800-m6-lan-1000', ... (24535 bytes))
1788188655: Sending PUBACK to gatewayd-imx6ull-gateway-m6-838 (m971, rc0)
1788188655: Received PUBACK from auto-9ACF5720-ADDF-DD07-C4E8-67E9F83C7AFD (Mid: 971, RC:0)
1788188656: Received PUBLISH from gatewayd-imx6ull-gateway-m6-838 (d0, q1, r0, m972, 'vehicle/imx6ull-gateway-m6/telemetry/20260831T220718p0800-m6-lan-1000', ... (25071 bytes))
1788188656: Sending PUBLISH to auto-9ACF5720-ADDF-DD07-C4E8-67E9F83C7AFD (d0, q1, r0, m972, 'vehicle/imx6ull-gateway-m6/telemetry/20260831T220718p0800-m6-lan-1000', ... (25071 bytes))
1788188656: Sending PUBACK to gatewayd-imx6ull-gateway-m6-838 (m972, rc0)
1788188656: Received PUBACK from auto-9ACF5720-ADDF-DD07-C4E8-67E9F83C7AFD (Mid: 972, RC:0)
1788188657: Received PUBLISH from gatewayd-imx6ull-gateway-m6-838 (d0, q1, r0, m973, 'vehicle/imx6ull-gateway-m6/telemetry/20260831T220718p0800-m6-lan-1000', ... (24580 bytes))
1788188657: Sending PUBLISH to auto-9ACF5720-ADDF-DD07-C4E8-67E9F83C7AFD (d0, q1, r0, m973, 'vehicle/imx6ull-gateway-m6/telemetry/20260831T220718p0800-m6-lan-1000', ... (24580 bytes))
1788188657: Sending PUBACK to gatewayd-imx6ull-gateway-m6-838 (m973, rc0)
1788188657: Received PUBACK from auto-9ACF5720-ADDF-DD07-C4E8-67E9F83C7AFD (Mid: 973, RC:0)
1788188658: Received PUBLISH from gatewayd-imx6ull-gateway-m6-838 (d0, q1, r0, m974, 'vehicle/imx6ull-gateway-m6/telemetry/20260831T220718p0800-m6-lan-1000', ... (24813 bytes))
1788188658: Sending PUBLISH to auto-9ACF5720-ADDF-DD07-C4E8-67E9F83C7AFD (d0, q1, r0, m974, 'vehicle/imx6ull-gateway-m6/telemetry/20260831T220718p0800-m6-lan-1000', ... (24813 bytes))
1788188658: Sending PUBACK to gatewayd-imx6ull-gateway-m6-838 (m974, rc0)
1788188658: Received PUBACK from auto-9ACF5720-ADDF-DD07-C4E8-67E9F83C7AFD (Mid: 974, RC:0)
1788188659: Received PUBLISH from gatewayd-imx6ull-gateway-m6-838 (d0, q1, r0, m975, 'vehicle/imx6ull-gateway-m6/telemetry/20260831T220718p0800-m6-lan-1000', ... (24631 bytes))
1788188659: Sending PUBLISH to auto-9ACF5720-ADDF-DD07-C4E8-67E9F83C7AFD (d0, q1, r0, m975, 'vehicle/imx6ull-gateway-m6/telemetry/20260831T220718p0800-m6-lan-1000', ... (24631 bytes))
1788188659: Sending PUBACK to gatewayd-imx6ull-gateway-m6-838 (m975, rc0)
1788188659: Received PUBACK from auto-9ACF5720-ADDF-DD07-C4E8-67E9F83C7AFD (Mid: 975, RC:0)
1788188660: Received PUBLISH from gatewayd-imx6ull-gateway-m6-838 (d0, q1, r0, m976, 'vehicle/imx6ull-gateway-m6/telemetry/20260831T220718p0800-m6-lan-1000', ... (24336 bytes))
1788188660: Sending PUBLISH to auto-9ACF5720-ADDF-DD07-C4E8-67E9F83C7AFD (d0, q1, r0, m976, 'vehicle/imx6ull-gateway-m6/telemetry/20260831T220718p0800-m6-lan-1000', ... (24336 bytes))
1788188660: Sending PUBACK to gatewayd-imx6ull-gateway-m6-838 (m976, rc0)
1788188660: Received PUBACK from auto-9ACF5720-ADDF-DD07-C4E8-67E9F83C7AFD (Mid: 976, RC:0)
1788188661: Received PUBLISH from gatewayd-imx6ull-gateway-m6-838 (d0, q1, r0, m977, 'vehicle/imx6ull-gateway-m6/telemetry/20260831T220718p0800-m6-lan-1000', ... (24858 bytes))
1788188661: Sending PUBLISH to auto-9ACF5720-ADDF-DD07-C4E8-67E9F83C7AFD (d0, q1, r0, m977, 'vehicle/imx6ull-gateway-m6/telemetry/20260831T220718p0800-m6-lan-1000', ... (24858 bytes))
1788188661: Sending PUBACK to gatewayd-imx6ull-gateway-m6-838 (m977, rc0)
1788188661: Received PUBACK from auto-9ACF5720-ADDF-DD07-C4E8-67E9F83C7AFD (Mid: 977, RC:0)
1788188662: Received PUBLISH from gatewayd-imx6ull-gateway-m6-838 (d0, q1, r0, m978, 'vehicle/imx6ull-gateway-m6/telemetry/20260831T220718p0800-m6-lan-1000', ... (24361 bytes))
1788188662: Sending PUBLISH to auto-9ACF5720-ADDF-DD07-C4E8-67E9F83C7AFD (d0, q1, r0, m978, 'vehicle/imx6ull-gateway-m6/telemetry/20260831T220718p0800-m6-lan-1000', ... (24361 bytes))
1788188662: Sending PUBACK to gatewayd-imx6ull-gateway-m6-838 (m978, rc0)
1788188662: Received PUBACK from auto-9ACF5720-ADDF-DD07-C4E8-67E9F83C7AFD (Mid: 978, RC:0)
1788188663: Received PUBLISH from gatewayd-imx6ull-gateway-m6-838 (d0, q1, r0, m979, 'vehicle/imx6ull-gateway-m6/telemetry/20260831T220718p0800-m6-lan-1000', ... (24606 bytes))
1788188663: Sending PUBLISH to auto-9ACF5720-ADDF-DD07-C4E8-67E9F83C7AFD (d0, q1, r0, m979, 'vehicle/imx6ull-gateway-m6/telemetry/20260831T220718p0800-m6-lan-1000', ... (24606 bytes))
1788188663: Sending PUBACK to gatewayd-imx6ull-gateway-m6-838 (m979, rc0)
1788188663: Received PUBACK from auto-9ACF5720-ADDF-DD07-C4E8-67E9F83C7AFD (Mid: 979, RC:0)
1788188664: Received PUBLISH from gatewayd-imx6ull-gateway-m6-838 (d0, q1, r0, m980, 'vehicle/imx6ull-gateway-m6/telemetry/20260831T220718p0800-m6-lan-1000', ... (24833 bytes))
1788188664: Sending PUBLISH to auto-9ACF5720-ADDF-DD07-C4E8-67E9F83C7AFD (d0, q1, r0, m980, 'vehicle/imx6ull-gateway-m6/telemetry/20260831T220718p0800-m6-lan-1000', ... (24833 bytes))
1788188664: Sending PUBACK to gatewayd-imx6ull-gateway-m6-838 (m980, rc0)
1788188664: Received PUBACK from auto-9ACF5720-ADDF-DD07-C4E8-67E9F83C7AFD (Mid: 980, RC:0)
1788188665: Received PUBLISH from gatewayd-imx6ull-gateway-m6-838 (d0, q1, r0, m981, 'vehicle/imx6ull-gateway-m6/telemetry/20260831T220718p0800-m6-lan-1000', ... (24556 bytes))
1788188665: Sending PUBLISH to auto-9ACF5720-ADDF-DD07-C4E8-67E9F83C7AFD (d0, q1, r0, m981, 'vehicle/imx6ull-gateway-m6/telemetry/20260831T220718p0800-m6-lan-1000', ... (24556 bytes))
1788188665: Sending PUBACK to gatewayd-imx6ull-gateway-m6-838 (m981, rc0)
1788188665: Received PUBACK from auto-9ACF5720-ADDF-DD07-C4E8-67E9F83C7AFD (Mid: 981, RC:0)
1788188666: Received PUBLISH from gatewayd-imx6ull-gateway-m6-838 (d0, q1, r0, m982, 'vehicle/imx6ull-gateway-m6/telemetry/20260831T220718p0800-m6-lan-1000', ... (24639 bytes))
1788188666: Sending PUBLISH to auto-9ACF5720-ADDF-DD07-C4E8-67E9F83C7AFD (d0, q1, r0, m982, 'vehicle/imx6ull-gateway-m6/telemetry/20260831T220718p0800-m6-lan-1000', ... (24639 bytes))
1788188666: Sending PUBACK to gatewayd-imx6ull-gateway-m6-838 (m982, rc0)
1788188666: Received PUBACK from auto-9ACF5720-ADDF-DD07-C4E8-67E9F83C7AFD (Mid: 982, RC:0)
1788188667: Received PUBLISH from gatewayd-imx6ull-gateway-m6-838 (d0, q1, r0, m983, 'vehicle/imx6ull-gateway-m6/telemetry/20260831T220718p0800-m6-lan-1000', ... (24547 bytes))
1788188667: Sending PUBLISH to auto-9ACF5720-ADDF-DD07-C4E8-67E9F83C7AFD (d0, q1, r0, m983, 'vehicle/imx6ull-gateway-m6/telemetry/20260831T220718p0800-m6-lan-1000', ... (24547 bytes))
1788188667: Sending PUBACK to gatewayd-imx6ull-gateway-m6-838 (m983, rc0)
1788188667: Received PUBACK from auto-9ACF5720-ADDF-DD07-C4E8-67E9F83C7AFD (Mid: 983, RC:0)
1788188668: Received PUBLISH from gatewayd-imx6ull-gateway-m6-838 (d0, q1, r0, m984, 'vehicle/imx6ull-gateway-m6/telemetry/20260831T220718p0800-m6-lan-1000', ... (24601 bytes))
1788188668: Sending PUBLISH to auto-9ACF5720-ADDF-DD07-C4E8-67E9F83C7AFD (d0, q1, r0, m984, 'vehicle/imx6ull-gateway-m6/telemetry/20260831T220718p0800-m6-lan-1000', ... (24601 bytes))
1788188668: Sending PUBACK to gatewayd-imx6ull-gateway-m6-838 (m984, rc0)
1788188668: Received PUBACK from auto-9ACF5720-ADDF-DD07-C4E8-67E9F83C7AFD (Mid: 984, RC:0)
1788188669: Received PUBLISH from gatewayd-imx6ull-gateway-m6-838 (d0, q1, r0, m985, 'vehicle/imx6ull-gateway-m6/telemetry/20260831T220718p0800-m6-lan-1000', ... (24815 bytes))
1788188669: Sending PUBLISH to auto-9ACF5720-ADDF-DD07-C4E8-67E9F83C7AFD (d0, q1, r0, m985, 'vehicle/imx6ull-gateway-m6/telemetry/20260831T220718p0800-m6-lan-1000', ... (24815 bytes))
1788188669: Sending PUBACK to gatewayd-imx6ull-gateway-m6-838 (m985, rc0)
1788188669: Received PUBACK from auto-9ACF5720-ADDF-DD07-C4E8-67E9F83C7AFD (Mid: 985, RC:0)
1788188670: Received PUBLISH from gatewayd-imx6ull-gateway-m6-838 (d0, q1, r0, m986, 'vehicle/imx6ull-gateway-m6/telemetry/20260831T220718p0800-m6-lan-1000', ... (24340 bytes))
1788188670: Sending PUBLISH to auto-9ACF5720-ADDF-DD07-C4E8-67E9F83C7AFD (d0, q1, r0, m986, 'vehicle/imx6ull-gateway-m6/telemetry/20260831T220718p0800-m6-lan-1000', ... (24340 bytes))
1788188670: Sending PUBACK to gatewayd-imx6ull-gateway-m6-838 (m986, rc0)
1788188670: Received PUBACK from auto-9ACF5720-ADDF-DD07-C4E8-67E9F83C7AFD (Mid: 986, RC:0)
1788188671: Received PUBLISH from gatewayd-imx6ull-gateway-m6-838 (d0, q1, r0, m987, 'vehicle/imx6ull-gateway-m6/telemetry/20260831T220718p0800-m6-lan-1000', ... (24633 bytes))
1788188671: Sending PUBLISH to auto-9ACF5720-ADDF-DD07-C4E8-67E9F83C7AFD (d0, q1, r0, m987, 'vehicle/imx6ull-gateway-m6/telemetry/20260831T220718p0800-m6-lan-1000', ... (24633 bytes))
1788188671: Sending PUBACK to gatewayd-imx6ull-gateway-m6-838 (m987, rc0)
1788188671: Received PUBACK from auto-9ACF5720-ADDF-DD07-C4E8-67E9F83C7AFD (Mid: 987, RC:0)
1788188673: Received PUBLISH from gatewayd-imx6ull-gateway-m6-838 (d0, q1, r0, m988, 'vehicle/imx6ull-gateway-m6/telemetry/20260831T220718p0800-m6-lan-1000', ... (24759 bytes))
1788188673: Sending PUBLISH to auto-9ACF5720-ADDF-DD07-C4E8-67E9F83C7AFD (d0, q1, r0, m988, 'vehicle/imx6ull-gateway-m6/telemetry/20260831T220718p0800-m6-lan-1000', ... (24759 bytes))
1788188673: Sending PUBACK to gatewayd-imx6ull-gateway-m6-838 (m988, rc0)
1788188673: Received PUBACK from auto-9ACF5720-ADDF-DD07-C4E8-67E9F83C7AFD (Mid: 988, RC:0)
1788188674: Received PUBLISH from gatewayd-imx6ull-gateway-m6-838 (d0, q1, r0, m989, 'vehicle/imx6ull-gateway-m6/telemetry/20260831T220718p0800-m6-lan-1000', ... (24608 bytes))
1788188674: Sending PUBLISH to auto-9ACF5720-ADDF-DD07-C4E8-67E9F83C7AFD (d0, q1, r0, m989, 'vehicle/imx6ull-gateway-m6/telemetry/20260831T220718p0800-m6-lan-1000', ... (24608 bytes))
1788188674: Sending PUBACK to gatewayd-imx6ull-gateway-m6-838 (m989, rc0)
1788188674: Received PUBACK from auto-9ACF5720-ADDF-DD07-C4E8-67E9F83C7AFD (Mid: 989, RC:0)
1788188675: Received PUBLISH from gatewayd-imx6ull-gateway-m6-838 (d0, q1, r0, m990, 'vehicle/imx6ull-gateway-m6/telemetry/20260831T220718p0800-m6-lan-1000', ... (24810 bytes))
1788188675: Sending PUBLISH to auto-9ACF5720-ADDF-DD07-C4E8-67E9F83C7AFD (d0, q1, r0, m990, 'vehicle/imx6ull-gateway-m6/telemetry/20260831T220718p0800-m6-lan-1000', ... (24810 bytes))
1788188675: Sending PUBACK to gatewayd-imx6ull-gateway-m6-838 (m990, rc0)
1788188675: Received PUBACK from auto-9ACF5720-ADDF-DD07-C4E8-67E9F83C7AFD (Mid: 990, RC:0)
1788188676: Received PUBLISH from gatewayd-imx6ull-gateway-m6-838 (d0, q1, r0, m991, 'vehicle/imx6ull-gateway-m6/telemetry/20260831T220718p0800-m6-lan-1000', ... (24560 bytes))
1788188676: Sending PUBLISH to auto-9ACF5720-ADDF-DD07-C4E8-67E9F83C7AFD (d0, q1, r0, m991, 'vehicle/imx6ull-gateway-m6/telemetry/20260831T220718p0800-m6-lan-1000', ... (24560 bytes))
1788188676: Sending PUBACK to gatewayd-imx6ull-gateway-m6-838 (m991, rc0)
1788188676: Received PUBACK from auto-9ACF5720-ADDF-DD07-C4E8-67E9F83C7AFD (Mid: 991, RC:0)
1788188677: Received PUBLISH from gatewayd-imx6ull-gateway-m6-838 (d0, q1, r0, m992, 'vehicle/imx6ull-gateway-m6/telemetry/20260831T220718p0800-m6-lan-1000', ... (24639 bytes))
1788188677: Sending PUBLISH to auto-9ACF5720-ADDF-DD07-C4E8-67E9F83C7AFD (d0, q1, r0, m992, 'vehicle/imx6ull-gateway-m6/telemetry/20260831T220718p0800-m6-lan-1000', ... (24639 bytes))
1788188677: Sending PUBACK to gatewayd-imx6ull-gateway-m6-838 (m992, rc0)
1788188677: Received PUBACK from auto-9ACF5720-ADDF-DD07-C4E8-67E9F83C7AFD (Mid: 992, RC:0)
1788188678: Received PUBLISH from gatewayd-imx6ull-gateway-m6-838 (d0, q1, r0, m993, 'vehicle/imx6ull-gateway-m6/telemetry/20260831T220718p0800-m6-lan-1000', ... (24765 bytes))
1788188678: Sending PUBLISH to auto-9ACF5720-ADDF-DD07-C4E8-67E9F83C7AFD (d0, q1, r0, m993, 'vehicle/imx6ull-gateway-m6/telemetry/20260831T220718p0800-m6-lan-1000', ... (24765 bytes))
1788188678: Sending PUBACK to gatewayd-imx6ull-gateway-m6-838 (m993, rc0)
1788188678: Received PUBACK from auto-9ACF5720-ADDF-DD07-C4E8-67E9F83C7AFD (Mid: 993, RC:0)
1788188679: Received PUBLISH from gatewayd-imx6ull-gateway-m6-838 (d0, q1, r0, m994, 'vehicle/imx6ull-gateway-m6/telemetry/20260831T220718p0800-m6-lan-1000', ... (24626 bytes))
1788188679: Sending PUBLISH to auto-9ACF5720-ADDF-DD07-C4E8-67E9F83C7AFD (d0, q1, r0, m994, 'vehicle/imx6ull-gateway-m6/telemetry/20260831T220718p0800-m6-lan-1000', ... (24626 bytes))
1788188679: Sending PUBACK to gatewayd-imx6ull-gateway-m6-838 (m994, rc0)
1788188679: Received PUBACK from auto-9ACF5720-ADDF-DD07-C4E8-67E9F83C7AFD (Mid: 994, RC:0)
1788188680: Received PUBLISH from gatewayd-imx6ull-gateway-m6-838 (d0, q1, r0, m995, 'vehicle/imx6ull-gateway-m6/telemetry/20260831T220718p0800-m6-lan-1000', ... (24813 bytes))
1788188680: Sending PUBLISH to auto-9ACF5720-ADDF-DD07-C4E8-67E9F83C7AFD (d0, q1, r0, m995, 'vehicle/imx6ull-gateway-m6/telemetry/20260831T220718p0800-m6-lan-1000', ... (24813 bytes))
1788188680: Sending PUBACK to gatewayd-imx6ull-gateway-m6-838 (m995, rc0)
1788188680: Received PUBACK from auto-9ACF5720-ADDF-DD07-C4E8-67E9F83C7AFD (Mid: 995, RC:0)
1788188681: Received PUBLISH from gatewayd-imx6ull-gateway-m6-838 (d0, q1, r0, m996, 'vehicle/imx6ull-gateway-m6/telemetry/20260831T220718p0800-m6-lan-1000', ... (24578 bytes))
1788188681: Sending PUBLISH to auto-9ACF5720-ADDF-DD07-C4E8-67E9F83C7AFD (d0, q1, r0, m996, 'vehicle/imx6ull-gateway-m6/telemetry/20260831T220718p0800-m6-lan-1000', ... (24578 bytes))
1788188681: Sending PUBACK to gatewayd-imx6ull-gateway-m6-838 (m996, rc0)
1788188681: Received PUBACK from auto-9ACF5720-ADDF-DD07-C4E8-67E9F83C7AFD (Mid: 996, RC:0)
1788188682: Received PUBLISH from gatewayd-imx6ull-gateway-m6-838 (d0, q1, r0, m997, 'vehicle/imx6ull-gateway-m6/telemetry/20260831T220718p0800-m6-lan-1000', ... (24644 bytes))
1788188682: Sending PUBLISH to auto-9ACF5720-ADDF-DD07-C4E8-67E9F83C7AFD (d0, q1, r0, m997, 'vehicle/imx6ull-gateway-m6/telemetry/20260831T220718p0800-m6-lan-1000', ... (24644 bytes))
1788188682: Sending PUBACK to gatewayd-imx6ull-gateway-m6-838 (m997, rc0)
1788188682: Received PUBACK from auto-9ACF5720-ADDF-DD07-C4E8-67E9F83C7AFD (Mid: 997, RC:0)
1788188683: Received PUBLISH from gatewayd-imx6ull-gateway-m6-838 (d0, q1, r0, m998, 'vehicle/imx6ull-gateway-m6/telemetry/20260831T220718p0800-m6-lan-1000', ... (24757 bytes))
1788188683: Sending PUBLISH to auto-9ACF5720-ADDF-DD07-C4E8-67E9F83C7AFD (d0, q1, r0, m998, 'vehicle/imx6ull-gateway-m6/telemetry/20260831T220718p0800-m6-lan-1000', ... (24757 bytes))
1788188683: Sending PUBACK to gatewayd-imx6ull-gateway-m6-838 (m998, rc0)
1788188683: Received PUBACK from auto-9ACF5720-ADDF-DD07-C4E8-67E9F83C7AFD (Mid: 998, RC:0)
1788188684: Received PUBLISH from gatewayd-imx6ull-gateway-m6-838 (d0, q1, r0, m999, 'vehicle/imx6ull-gateway-m6/telemetry/20260831T220718p0800-m6-lan-1000', ... (24634 bytes))
1788188684: Sending PUBLISH to auto-9ACF5720-ADDF-DD07-C4E8-67E9F83C7AFD (d0, q1, r0, m999, 'vehicle/imx6ull-gateway-m6/telemetry/20260831T220718p0800-m6-lan-1000', ... (24634 bytes))
1788188684: Sending PUBACK to gatewayd-imx6ull-gateway-m6-838 (m999, rc0)
1788188684: Received PUBACK from auto-9ACF5720-ADDF-DD07-C4E8-67E9F83C7AFD (Mid: 999, RC:0)
1788188685: Received PUBLISH from gatewayd-imx6ull-gateway-m6-838 (d0, q1, r0, m1000, 'vehicle/imx6ull-gateway-m6/telemetry/20260831T220718p0800-m6-lan-1000', ... (24806 bytes))
1788188685: Sending PUBLISH to auto-9ACF5720-ADDF-DD07-C4E8-67E9F83C7AFD (d0, q1, r0, m1000, 'vehicle/imx6ull-gateway-m6/telemetry/20260831T220718p0800-m6-lan-1000', ... (24806 bytes))
1788188685: Sending PUBACK to gatewayd-imx6ull-gateway-m6-838 (m1000, rc0)
1788188685: Received PUBACK from auto-9ACF5720-ADDF-DD07-C4E8-67E9F83C7AFD (Mid: 1000, RC:0)
1788188685: Received DISCONNECT from auto-9ACF5720-ADDF-DD07-C4E8-67E9F83C7AFD
1788188685: Client auto-9ACF5720-ADDF-DD07-C4E8-67E9F83C7AFD [192.168.50.1:60202] disconnected.
1788188686: Received PUBLISH from gatewayd-imx6ull-gateway-m6-838 (d0, q1, r0, m1001, 'vehicle/imx6ull-gateway-m6/telemetry/20260831T220718p0800-m6-lan-1000', ... (24587 bytes))
1788188686: Sending PUBACK to gatewayd-imx6ull-gateway-m6-838 (m1001, rc0)
1788188687: Received PUBLISH from gatewayd-imx6ull-gateway-m6-838 (d0, q1, r0, m1002, 'vehicle/imx6ull-gateway-m6/telemetry/20260831T220718p0800-m6-lan-1000', ... (24645 bytes))
1788188687: Sending PUBACK to gatewayd-imx6ull-gateway-m6-838 (m1002, rc0)
1788188688: Received PUBLISH from gatewayd-imx6ull-gateway-m6-838 (d0, q1, r0, m1003, 'vehicle/imx6ull-gateway-m6/telemetry/20260831T220718p0800-m6-lan-1000', ... (24750 bytes))
1788188688: Sending PUBACK to gatewayd-imx6ull-gateway-m6-838 (m1003, rc0)
1788188689: Received PUBLISH from gatewayd-imx6ull-gateway-m6-838 (d0, q1, r0, m1004, 'vehicle/imx6ull-gateway-m6/telemetry/20260831T220718p0800-m6-lan-1000', ... (24643 bytes))
1788188689: Sending PUBACK to gatewayd-imx6ull-gateway-m6-838 (m1004, rc0)
1788188690: Received PUBLISH from gatewayd-imx6ull-gateway-m6-838 (d0, q1, r0, m1005, 'vehicle/imx6ull-gateway-m6/telemetry/20260831T220718p0800-m6-lan-1000', ... (24798 bytes))
1788188690: Sending PUBACK to gatewayd-imx6ull-gateway-m6-838 (m1005, rc0)
1788188691: Received PUBLISH from gatewayd-imx6ull-gateway-m6-838 (d0, q1, r0, m1006, 'vehicle/imx6ull-gateway-m6/telemetry/20260831T220718p0800-m6-lan-1000', ... (24595 bytes))
1788188691: Sending PUBACK to gatewayd-imx6ull-gateway-m6-838 (m1006, rc0)
1788188692: Received PUBLISH from gatewayd-imx6ull-gateway-m6-838 (d0, q1, r0, m1007, 'vehicle/imx6ull-gateway-m6/telemetry/20260831T220718p0800-m6-lan-1000', ... (24631 bytes))
1788188692: Sending PUBACK to gatewayd-imx6ull-gateway-m6-838 (m1007, rc0)
1788188693: Received PUBLISH from gatewayd-imx6ull-gateway-m6-838 (d0, q1, r0, m1008, 'vehicle/imx6ull-gateway-m6/telemetry/20260831T220718p0800-m6-lan-1000', ... (24736 bytes))
1788188693: Sending PUBACK to gatewayd-imx6ull-gateway-m6-838 (m1008, rc0)
1788188694: Received PUBLISH from gatewayd-imx6ull-gateway-m6-838 (d0, q1, r0, m1009, 'vehicle/imx6ull-gateway-m6/telemetry/20260831T220718p0800-m6-lan-1000', ... (24635 bytes))
1788188694: Sending PUBACK to gatewayd-imx6ull-gateway-m6-838 (m1009, rc0)
1788188695: Received PUBLISH from gatewayd-imx6ull-gateway-m6-838 (d0, q1, r0, m1010, 'vehicle/imx6ull-gateway-m6/telemetry/20260831T220718p0800-m6-lan-1000', ... (24779 bytes))
1788188695: Sending PUBACK to gatewayd-imx6ull-gateway-m6-838 (m1010, rc0)
1788188696: Received PUBLISH from gatewayd-imx6ull-gateway-m6-838 (d0, q1, r0, m1011, 'vehicle/imx6ull-gateway-m6/telemetry/20260831T220718p0800-m6-lan-1000', ... (24593 bytes))
1788188696: Sending PUBACK to gatewayd-imx6ull-gateway-m6-838 (m1011, rc0)
1788188697: Received PUBLISH from gatewayd-imx6ull-gateway-m6-838 (d0, q1, r0, m1012, 'vehicle/imx6ull-gateway-m6/telemetry/20260831T220718p0800-m6-lan-1000', ... (24615 bytes))
1788188697: Sending PUBACK to gatewayd-imx6ull-gateway-m6-838 (m1012, rc0)
1788188699: Received PUBLISH from gatewayd-imx6ull-gateway-m6-838 (d0, q1, r0, m1013, 'vehicle/imx6ull-gateway-m6/telemetry/20260831T220718p0800-m6-lan-1000', ... (24969 bytes))
1788188699: Sending PUBACK to gatewayd-imx6ull-gateway-m6-838 (m1013, rc0)
1788188700: Received PUBLISH from gatewayd-imx6ull-gateway-m6-838 (d0, q1, r0, m1014, 'vehicle/imx6ull-gateway-m6/telemetry/20260831T220718p0800-m6-lan-1000', ... (24635 bytes))
1788188700: Sending PUBACK to gatewayd-imx6ull-gateway-m6-838 (m1014, rc0)
1788188701: Received PUBLISH from gatewayd-imx6ull-gateway-m6-838 (d0, q1, r0, m1015, 'vehicle/imx6ull-gateway-m6/telemetry/20260831T220718p0800-m6-lan-1000', ... (24771 bytes))
1788188701: Sending PUBACK to gatewayd-imx6ull-gateway-m6-838 (m1015, rc0)
1788188702: Received PUBLISH from gatewayd-imx6ull-gateway-m6-838 (d0, q1, r0, m1016, 'vehicle/imx6ull-gateway-m6/telemetry/20260831T220718p0800-m6-lan-1000', ... (24601 bytes))
1788188702: Sending PUBACK to gatewayd-imx6ull-gateway-m6-838 (m1016, rc0)
1788188703: Received PUBLISH from gatewayd-imx6ull-gateway-m6-838 (d0, q1, r0, m1017, 'vehicle/imx6ull-gateway-m6/telemetry/20260831T220718p0800-m6-lan-1000', ... (24616 bytes))
1788188703: Sending PUBACK to gatewayd-imx6ull-gateway-m6-838 (m1017, rc0)
1788188704: Received PUBLISH from gatewayd-imx6ull-gateway-m6-838 (d0, q1, r0, m1018, 'vehicle/imx6ull-gateway-m6/telemetry/20260831T220718p0800-m6-lan-1000', ... (24776 bytes))
1788188704: Sending PUBACK to gatewayd-imx6ull-gateway-m6-838 (m1018, rc0)
1788188705: Received PUBLISH from gatewayd-imx6ull-gateway-m6-838 (d0, q1, r0, m1019, 'vehicle/imx6ull-gateway-m6/telemetry/20260831T220718p0800-m6-lan-1000', ... (24645 bytes))
1788188705: Sending PUBACK to gatewayd-imx6ull-gateway-m6-838 (m1019, rc0)
1788188706: Received PUBLISH from gatewayd-imx6ull-gateway-m6-838 (d0, q1, r0, m1020, 'vehicle/imx6ull-gateway-m6/telemetry/20260831T220718p0800-m6-lan-1000', ... (24774 bytes))
1788188706: Sending PUBACK to gatewayd-imx6ull-gateway-m6-838 (m1020, rc0)
1788188707: Received PUBLISH from gatewayd-imx6ull-gateway-m6-838 (d0, q1, r0, m1021, 'vehicle/imx6ull-gateway-m6/telemetry/20260831T220718p0800-m6-lan-1000', ... (24619 bytes))
1788188707: Sending PUBACK to gatewayd-imx6ull-gateway-m6-838 (m1021, rc0)
1788188708: Received PUBLISH from gatewayd-imx6ull-gateway-m6-838 (d0, q1, r0, m1022, 'vehicle/imx6ull-gateway-m6/telemetry/20260831T220718p0800-m6-lan-1000', ... (24609 bytes))
1788188708: Sending PUBACK to gatewayd-imx6ull-gateway-m6-838 (m1022, rc0)
1788188709: Received PUBLISH from gatewayd-imx6ull-gateway-m6-838 (d0, q1, r0, m1023, 'vehicle/imx6ull-gateway-m6/telemetry/20260831T220718p0800-m6-lan-1000', ... (24784 bytes))
1788188709: Sending PUBACK to gatewayd-imx6ull-gateway-m6-838 (m1023, rc0)
1788188710: Received PUBLISH from gatewayd-imx6ull-gateway-m6-838 (d0, q1, r0, m1024, 'vehicle/imx6ull-gateway-m6/telemetry/20260831T220718p0800-m6-lan-1000', ... (24858 bytes))
1788188710: Sending PUBACK to gatewayd-imx6ull-gateway-m6-838 (m1024, rc0)
1788188711: Received PUBLISH from gatewayd-imx6ull-gateway-m6-838 (d0, q1, r0, m1025, 'vehicle/imx6ull-gateway-m6/telemetry/20260831T220718p0800-m6-lan-1000', ... (24765 bytes))
1788188711: Sending PUBACK to gatewayd-imx6ull-gateway-m6-838 (m1025, rc0)
1788188712: Received PUBLISH from gatewayd-imx6ull-gateway-m6-838 (d0, q1, r0, m1026, 'vehicle/imx6ull-gateway-m6/telemetry/20260831T220718p0800-m6-lan-1000', ... (24628 bytes))
1788188712: Sending PUBACK to gatewayd-imx6ull-gateway-m6-838 (m1026, rc0)
1788188713: Received PUBLISH from gatewayd-imx6ull-gateway-m6-838 (d0, q1, r0, m1027, 'vehicle/imx6ull-gateway-m6/telemetry/20260831T220718p0800-m6-lan-1000', ... (24600 bytes))
1788188713: Sending PUBACK to gatewayd-imx6ull-gateway-m6-838 (m1027, rc0)
1788188714: Received PUBLISH from gatewayd-imx6ull-gateway-m6-838 (d0, q1, r0, m1028, 'vehicle/imx6ull-gateway-m6/telemetry/20260831T220718p0800-m6-lan-1000', ... (24793 bytes))
1788188714: Sending PUBACK to gatewayd-imx6ull-gateway-m6-838 (m1028, rc0)
1788188715: Received PUBLISH from gatewayd-imx6ull-gateway-m6-838 (d0, q1, r0, m1029, 'vehicle/imx6ull-gateway-m6/telemetry/20260831T220718p0800-m6-lan-1000', ... (24645 bytes))
1788188715: Sending PUBACK to gatewayd-imx6ull-gateway-m6-838 (m1029, rc0)
1788188716: Received PUBLISH from gatewayd-imx6ull-gateway-m6-838 (d0, q1, r0, m1030, 'vehicle/imx6ull-gateway-m6/telemetry/20260831T220718p0800-m6-lan-1000', ... (24757 bytes))
1788188716: Sending PUBACK to gatewayd-imx6ull-gateway-m6-838 (m1030, rc0)
1788188717: Received PUBLISH from gatewayd-imx6ull-gateway-m6-838 (d0, q1, r0, m1031, 'vehicle/imx6ull-gateway-m6/telemetry/20260831T220718p0800-m6-lan-1000', ... (24636 bytes))
1788188717: Sending PUBACK to gatewayd-imx6ull-gateway-m6-838 (m1031, rc0)
1788188718: Received PUBLISH from gatewayd-imx6ull-gateway-m6-838 (d0, q1, r0, m1032, 'vehicle/imx6ull-gateway-m6/telemetry/20260831T220718p0800-m6-lan-1000', ... (24574 bytes))
1788188718: Sending PUBACK to gatewayd-imx6ull-gateway-m6-838 (m1032, rc0)
1788188719: Received PUBLISH from gatewayd-imx6ull-gateway-m6-838 (d0, q1, r0, m1033, 'vehicle/imx6ull-gateway-m6/telemetry/20260831T220718p0800-m6-lan-1000', ... (11385 bytes))
1788188719: Sending PUBACK to gatewayd-imx6ull-gateway-m6-838 (m1033, rc0)
1788188719: Received DISCONNECT from gatewayd-imx6ull-gateway-m6-838
1788188719: Client gatewayd-imx6ull-gateway-m6-838 [192.168.50.2:51964] disconnected.
1788188836: mosquitto version 2.1.2 terminating
